event_id,source_camera,source_pixel_x,source_pixel_y,renderer_median_event_depth,world_x,world_y,world_z,event_normal_x,event_normal_y,event_normal_z,chart_u,chart_v,chart_n,fixed_projected_u,fixed_projected_v,fixed_projected_n,fixed_is_u_min_owner,fixed_is_u_max_owner,fixed_is_v_min_owner,fixed_is_v_max_owner,fixed_leave_one_out_delta_u_span,fixed_extent_reduction_u_span,fixed_leave_one_out_delta_v_span,fixed_extent_reduction_v_span,fixed_leave_one_out_delta_rectangular_chart_area,fixed_extent_reduction_rectangular_chart_area,fixed_relative_area_change,pca_pca_origin_shift_world,pca_axis_u_angle_degrees,pca_axis_v_angle_degrees,pca_axis_n_angle_degrees,pca_right_handed_sign_alignment,pca_joint_axis_rotation_angle_degrees,pca_leave_one_out_delta_u_span,pca_extent_reduction_u_span,pca_leave_one_out_delta_v_span,pca_extent_reduction_v_span,pca_leave_one_out_delta_rectangular_chart_area,pca_extent_reduction_rectangular_chart_area,review_extrema_owner,fixed_area_rank,pca_area_rank,fixed_area_leverage_is_not_a_decision,pca_orientation_is_not_a_decision
0,DSC08043.JPG,218.0,214.0,3.4345197677612305,1.3212159155606298,1.5802769214543608,0.9090472412525594,0.22837470872587032,0.4826986107233752,0.8454862764232767,0.9695635211662481,0.9947882014009447,1.7718906692056526,0.9695635211662481,0.9947882014009447,1.7718906692056526,False,False,False,False,0.0,-0.0,0.0,-0.0,0.0,-0.0,0.0,5.3032023959288976e-05,0.008792970399011436,0.008793252251476482,0.00013927505628121803,"[1, 1, 1]",0.008793662828034041,2.7485561371776157e-05,-2.7485561371776157e-05,-3.971467992580635e-05,3.971467992580635e-05,-1.7445117709069535e-05,1.7445117709069535e-05,False,5,1139,True,True
1,DSC08043.JPG,219.0,214.0,3.4357566833496094,1.3149608666487853,1.5792539310728257,0.9119982471017161,0.2470456440538367,0.46662858889755754,0.8492503810876385,0.9674335578119766,0.9881789756141277,1.772704286032156,0.9674335578119766,0.9881789756141277,1.772704286032156,False,False,False,False,0.0,-0.0,0.0,-0.0,0.0,-0.0,0.0,5.2203188709846e-05,0.007681253035836331,0.0076815505802585666,0.00026031837090249204,"[1, 1, 1]",0.007683607074767559,2.4349981726512482e-05,-2.4349981726512482e-05,-3.5236003164351715e-05,3.5236003164351715e-05,-1.554471529008339e-05,1.554471529008339e-05,False,6,1173,True,True
2,DSC08043.JPG,220.0,214.0,3.4352974891662598,1.309272890355408,1.5768418709942917,0.9158229305395316,0.2610089442388446,0.4338176066975813,0.8623668680709542,0.9667177221475736,0.9809480388470023,1.7727253646322172,0.9667177221475736,0.9809480388470023,1.7727253646322172,False,False,False,False,0.0,-0.0,0.0,-0.0,0.0,-0.0,0.0,5.075230857720804e-05,0.006238251142856771,0.0062375253554470015,0.00023890258715004667,"[1, 1, 1]",0.00624017522183986,1.9898907838156177e-05,-1.9898907838156177e-05,-2.8612603767630418e-05,2.8612603767630418e-05,-1.2387929575030654e-05,1.2387929575030654e-05,False,7,1235,True,True
3,DSC08043.JPG,221.0,214.0,3.4329349994659424,1.3042307757009732,1.5728743792774718,0.9206221672137825,0.06947459953674164,0.8019867971199081,0.5932878367744957,0.9675905452046718,0.9730309559331314,1.771856709687564,0.9675905452046718,0.9730309559331314,1.771856709687564,False,False,False,False,0.0,-0.0,0.0,-0.0,0.0,-0.0,0.0,4.859104415747337e-05,0.004520895760159239,0.0045204324258565475,9.883882001487387e-05,"[1, 1, 1]",0.00452120443521975,1.4266880661528702e-05,-1.4266880661528702e-05,-2.0388262573556304e-05,2.0388262573556304e-05,-8.663838149569614e-06,8.663838149569614e-06,False,8,1314,True,True
4,DSC08043.JPG,222.0,214.0,3.421309471130371,1.302348153984185,1.5613424890545056,0.9301544580571632,-0.01573296469336399,0.819446172756647,0.572940174692298,0.9761981636947247,0.9617940780908866,1.766657209167896,0.9761981636947247,0.9617940780908866,1.766657209167896,False,False,False,False,0.0,-0.0,0.0,-0.0,0.0,-0.0,0.0,4.180211502412115e-05,0.001981714570247228,0.0019393018743761343,0.0004601055808661692,"[1, 1, 1]",0.001987433211893362,4.547269789156871e-06,-4.547269789156871e-06,-7.698669597822061e-06,7.698669597822061e-06,-4.835191917074155e-06,4.835191917074155e-06,False,9,1408,True,True
5,DSC08043.JPG,223.0,214.0,3.434568166732788,1.2919966794775781,1.5701381518091753,0.9269603209058522,-0.48311314200615246,-0.2210330868011755,-0.847198953351624,0.9640305677482425,0.9594982359002493,1.7730913320618917,0.9640305677482425,0.9594982359002493,1.7730913320618917,False,False,False,False,0.0,-0.0,0.0,-0.0,0.0,-0.0,0.0,4.9143017676794694e-05,0.0018095584900205996,0.0017955484978041257,0.0002367956253149778,"[1, 1, 1]",0.0018103271120090115,6.320112456048577e-06,-6.320112456048577e-06,-8.281257669162656e-06,8.281257669162656e-06,-2.541155081914326e-06,2.541155081914326e-06,False,10,1472,True,True
6,DSC08043.JPG,224.0,214.0,3.4343249797821045,1.2862396234824918,1.5679040902821206,0.9306718090851892,-0.44910920840321183,-0.30992208127854476,-0.8380031160224977,0.9631352270388914,0.9523502726842202,1.7732132173319488,0.9631352270388914,0.9523502726842202,1.7732132173319488,False,False,False,False,0.0,-0.0,0.0,-0.0,0.0,-0.0,0.0,4.943809201582628e-05,0.0003469705006081967,0.00024295973926245456,0.00024793416167049345,"[1, 1, 1]",0.00034705242368919943,1.5718117292173872e-06,-1.5718117292173872e-06,-1.1224783242891334e-06,1.1224783242891334e-06,9.870096371322745e-07,-9.870096371322745e-07,False,11,1540,True,True
7,DSC08043.JPG,225.0,214.0,3.427396297454834,1.2827920312332202,1.5602206626544586,0.9377814305405948,0.3297010701457759,0.44530814709568434,0.832464929276266,0.9678278688855084,0.942841509450785,1.7702081875590892,0.9678278688855084,0.942841509450785,1.7702081875590892,False,False,False,False,0.0,-0.0,0.0,-0.0,0.0,-0.0,0.0,4.675966834557262e-05,0.0017412099704903162,0.0017385806392039257,0.0001015488295058739,"[1, 1, 1]",0.0017413767880897824,-5.709899921990669e-06,5.709899921990669e-06,7.576145429011305e-06,-7.576145429011305e-06,2.4588968305927494e-06,-2.4588968305927494e-06,False,12,1477,True,True
8,DSC08043.JPG,226.0,214.0,3.4287335872650146,1.2764995401594446,1.559278522654113,0.9406831182871366,-0.12359716101208752,-0.8099156136425328,-0.5733763515944754,0.9656134883629871,0.9362643808498121,1.7710688627242759,0.9656134883629871,0.9362643808498121,1.7710688627242759,False,False,False,False,0.0,-0.0,0.0,-0.0,0.0,-0.0,0.0,4.8776342397645164e-05,0.0031919863257401353,0.0031919842704784904,3.91248236030638e-06,"[1, 1, 1]",0.003191986439921299,-9.898676611719281e-06,9.898676611719281e-06,1.4161397525969122e-05,-1.4161397525969122e-05,6.037722349638841e-06,-6.037722349638841e-06,False,13,1373,True,True
9,DSC08043.JPG,227.0,214.0,3.4300715923309326,1.2702022514317133,1.5583353796079167,0.9435872376752165,0.3016889333433652,0.3916517897369503,0.869248332235378,0.9633976541175583,0.9296820029897875,1.7719300559957698,0.9633976541175583,0.9296820029897875,1.7719300559957698,False,False,False,False,0.0,-0.0,0.0,-0.0,0.0,-0.0,0.0,5.109705738667066e-05,0.004729618113903693,0.0047289740019487905,0.00011258163742779184,"[1, 1, 1]",0.00472996610439402,-1.4326884710813559e-05,1.4326884710813559e-05,2.1328780251295143e-05,-2.1328780251295143e-05,1.0176468829836693e-05,-1.0176468829836693e-05,False,14,1284,True,True
10,DSC08043.JPG,228.0,214.0,3.431411027908325,1.263899910759842,1.5573918140100635,0.9464934295798774,0.1959170266427515,0.175892865265906,0.9647166519864852,0.9611797669562363,0.9230946197272226,1.7727921022011526,0.9611797669562363,0.9230946197272226,1.7727921022011526,False,False,False,False,0.0,-0.0,0.0,-0.0,0.0,-0.0,0.0,5.3683556446608654e-05,0.006351749044696481,0.006350334350113764,0.0002544173839517724,"[1, 1, 1]",0.006353589133769093,-1.8995036468405502e-05,1.8995036468405502e-05,2.9079404488152605e-05,-2.9079404488152605e-05,1.4876088953563738e-05,-1.4876088953563738e-05,False,15,1184,True,True
11,DSC08043.JPG,229.0,214.0,3.4387872219085693,1.2554673369010312,1.5613531876598283,0.9463587935891075,0.31658912946397166,-0.012289556915683404,0.9484831521413867,0.9539076958050164,0.9185847010287725,1.776479448731156,0.9539076958050164,0.9185847010287725,1.776479448731156,False,False,False,False,0.0,-0.0,0.0,-0.0,0.0,-0.0,0.0,5.9053201140672706e-05,0.008064023527663559,0.008052901931494865,0.0009036713104634595,"[1, 1, 1]",0.008083759282378537,-2.2555910055732653e-05,2.2555910055732653e-05,3.897792955798174e-05,-3.897792955798174e-05,2.5348053554807848e-05,-2.5348053554807848e-05,False,16,1000,True,True
12,DSC08043.JPG,230.0,214.0,3.4458324909210205,1.2471267648603315,1.5650370460460368,0.9464060681486542,0.2455964322394326,0.1004921089615777,0.9641492252279811,0.9469080269863362,0.9139309464089207,1.780012916408484,0.9469080269863362,0.9139309464089207,1.780012916408484,False,False,False,False,0.0,-0.0,0.0,-0.0,0.0,-0.0,0.0,6.437688927866244e-05,0.009991988681841549,0.00996932503277352,0.001654450757889889,"[1, 1, 1]",0.010048992139071277,-2.653910739525145e-05,2.653910739525145e-05,5.028204320867147e-05,-5.028204320867147e-05,3.746207354193842e-05,-3.746207354193842e-05,False,17,838,True,True
13,DSC08043.JPG,231.0,214.0,3.447350025177002,1.2407274706069842,1.5642263002754548,0.9492434984769629,0.24737807856401145,0.35794653433482393,0.9003767904625632,0.944534614535421,0.9073636169115569,1.78095969152663,0.944534614535421,0.9073636169115569,1.78095969152663,False,False,False,False,0.0,-0.0,0.0,-0.0,0.0,-0.0,0.0,6.741376888487263e-05,0.012034354179725782,0.012029478824407462,0.0019961509031328783,"[1, 1, 1]",0.012114426518971365,-3.2298307891087674e-05,3.2298307891087674e-05,6.120979226209577e-05,-6.120979226209577e-05,4.5619177869493654e-05,-4.5619177869493654e-05,False,18,744,True,True
14,DSC08043.JPG,232.0,214.0,3.448869228363037,1.2343224189170339,1.5634151091029138,0.9520832628970862,0.20463510323452017,0.6260568777715467,0.7524475133317537,0.9421588326889715,0.9007906128099245,1.7819074562279917,0.9421588326889715,0.9007906128099245,1.7819074562279917,False,False,False,False,0.0,-0.0,0.0,-0.0,0.0,-0.0,0.0,7.060316175045164e-05,0.01416682457384276,0.014183936009928837,0.002378754495319025,"[1, 1, 1]",0.01427482803378467,-3.831440540547071e-05,3.831440540547071e-05,7.276935176858679e-05,-7.276935176858679e-05,5.438941859248203e-05,-5.438941859248203e-05,False,19,657,True,True
15,DSC08043.JPG,233.0,214.0,3.4503896236419678,1.227911772424787,1.562603083129981,0.954925605059382,0.2401151684460277,0.6831178215560234,0.6897062764356205,0.9397810796126222,0.8942117631997142,1.7828559875722225,0.9397810796126222,0.8942117631997142,1.7828559875722225,False,False,False,False,0.0,-0.0,0.0,-0.0,0.0,-0.0,0.0,7.392585965338096e-05,0.016389458223039388,0.016433201971317403,0.002802521585219604,"[1, 1, 1]",0.016530556471095328,-4.458841001508951e-05,4.458841001508951e-05,8.49618205827074e-05,-8.49618205827074e-05,6.377279325020524e-05,-6.377279325020524e-05,False,20,551,True,True
16,DSC08043.JPG,234.0,214.0,3.451911211013794,1.2214955250486381,1.5617902202369813,0.9577705286994803,0.2632312144111772,0.6705840783208498,0.6935606113831678,0.9374013541625235,0.8876270607280151,1.7838052858046536,0.9374013541625235,0.8876270607280151,1.7838052858046536,False,False,False,False,0.0,-0.0,0.0,-0.0,0.0,-0.0,0.0,7.736536894466311e-05,0.01870237280897461,0.01877775554470275,0.0032676573250551367,"[1, 1, 1]",0.01888200778302424,-5.1121213836546886e-05,5.1121213836546886e-05,9.778840499397035e-05,-9.778840499397035e-05,7.37697035622098e-05,-7.37697035622098e-05,False,21,481,True,True
17,DSC08043.JPG,235.0,214.0,3.453434467315674,1.2150734979366713,1.560976904169873,0.9606178001287136,0.2999184037026878,0.6488273646248315,0.6993368301715759,0.9350192551227864,0.8810366566913694,1.7847555745198482,0.9350192551227864,0.8810366566913694,1.7847555745198482,False,False,False,False,0.0,-0.0,0.0,-0.0,0.0,-0.0,0.0,8.090761505030564e-05,0.02110575142745288,0.021218088898128925,0.003774372999610958,"[1, 1, 1]",0.02132962647280336,-5.791367131280367e-05,5.791367131280367e-05,0.0001112506911531419,-0.0001112506911531419,8.438127659893269e-05,-8.438127659893269e-05,False,22,410,True,True
18,DSC08043.JPG,200.0,215.0,3.440504550933838,1.4263875695983488,1.6261420083787776,0.8467061733352775,-0.09200843903292803,-0.7859833677348214,-0.6113628977873556,0.987708432365071,1.1240096147633805,1.776756908706796,0.987708432365071,1.1240096147633805,1.776756908706796,False,False,False,False,0.0,-0.0,0.0,-0.0,0.0,-0.0,0.0,0.00011420798973903536,0.026047377308515987,0.0262325547734686,0.003177440987622271,"[1, 1, 1]",0.02623651010942461,8.196571379359696e-05,-8.196571379359696e-05,-0.0001343651038647753,0.0001343651038647753,-7.955471120268953e-05,7.955471120268953e-05,False,23,442,True,True
19,DSC08043.JPG,201.0,215.0,3.4388856887817383,1.4210289375293654,1.6227581656097387,0.8511609744364776,0.08941724210615613,0.7827245337282979,0.615911406871108,0.9879470867850647,1.1162842205560404,1.7762354580412683,0.9879470867850647,1.1162842205560404,1.7762354580412683,False,False,False,False,0.0,-0.0,0.0,-0.0,0.0,-0.0,0.0,0.0001095091690007804,0.02477491548754642,0.02492109955095436,0.002757494194535885,"[1, 1, 1]",0.024924500142565476,7.789982457784284e-05,-7.789982457784284e-05,-0.00012623549651835653,0.00012623549651835653,-7.307762808661522e-05,7.307762808661522e-05,False,24,486,True,True
20,DSC08043.JPG,202.0,215.0,3.4372684955596924,1.4156753011994365,1.619377627092285,0.855611507667073,0.08951065965214387,0.7811033911690827,0.6179525338671226,0.9881853957443547,1.1085661515443626,1.775714566278368,0.9881853957443547,1.1085661515443626,1.775714566278368,False,False,False,False,0.0,-0.0,0.0,-0.0,0.0,-0.0,0.0,0.00010483205726646525,0.023513608260260648,0.023626392649604706,0.00236387860419366,"[1, 1, 1]",0.02362926282256517,7.386874791315279e-05,-7.386874791315279e-05,-0.00011831237399939631,0.00011831237399939631,-6.689256353231698e-05,6.689256353231698e-05,False,25,532,True,True
21,DSC08043.JPG,203.0,215.0,3.435652732849121,1.4103267253768896,1.6160001921091354,0.8600579045619076,-0.10500895106260724,0.8539269941070873,0.5096879525081653,0.988423555006877,1.100855302444578,1.775194122172476,0.988423555006877,1.100855302444578,1.775194122172476,False,False,False,False,0.0,-0.0,0.0,-0.0,0.0,-0.0,0.0,0.00010017891115425764,0.02226335017460117,0.022347949931834667,0.001996421108796487,"[1, 1, 1]",0.022350316842882863,6.987213810960569e-05,-6.987213810960569e-05,-0.00011059431498483541,0.00011059431498483541,-6.0997702036491575e-05,6.0997702036491575e-05,False,26,578,True,True
22,DSC08043.JPG,204.0,215.0,3.4340386390686035,1.404983129075786,1.6126260557250995,0.8645000435478227,-0.10450644501296312,0.8539247870741873,0.5097949205033888,0.9886613657584359,1.093151758932691,1.774674237623428,0.9886613657584359,1.093151758932691,1.774674237623428,False,False,False,False,0.0,-0.0,0.0,-0.0,0.0,-0.0,0.0,9.55526288154305e-05,0.021024239032681694,0.021085494144691977,0.0016550632806792201,"[1, 1, 1]",0.02108738871319336,6.59103403326533e-05,-6.59103403326533e-05,-0.0001030814896092469,0.0001030814896092469,-5.539269171883632e-05,5.539269171883632e-05,False,27,641,True,True
23,DSC08043.JPG,205.0,215.0,3.4324257373809814,1.3996446519687893,1.6092548200384078,0.8689381814684553,-0.10853155299382505,0.8531986516103354,0.51016954328444,0.9888992214333187,1.0854553226960155,1.7741546897310994,0.9888992214333187,1.0854553226960155,1.7741546897310994,False,False,False,False,0.0,-0.0,0.0,-0.0,0.0,-0.0,0.0,9.095635565281414e-05,0.019796090071614387,0.019838447959765214,0.0013395811898371704,"[1, 1, 1]",0.01983990519945497,6.198272855995057e-05,-6.198272855995057e-05,-9.577188060982955e-05,9.577188060982955e-05,-5.00752094287904e-05,5.00752094287904e-05,False,28,700,True,True
24,DSC08043.JPG,206.0,215.0,3.430814504623413,1.3943111389765053,1.6058868775809811,0.8733720709437712,-0.01831559089810805,0.7659146356291769,0.6426813441038088,0.9891367256994933,1.07776617341986,1.7736357020171203,0.9891367256994933,1.07776617341986,1.7736357020171203,False,False,False,False,0.0,-0.0,0.0,-0.0,0.0,-0.0,0.0,8.639432587414588e-05,0.018579090179783285,0.018606613317716285,0.0010499583199352195,"[1, 1, 1]",0.018607674012156745,5.8089948404838054e-05,-5.8089948404838054e-05,-8.866635280391222e-05,8.866635280391222e-05,-4.504554430839747e-05,4.504554430839747e-05,False,29,749,True,True
25,DSC08043.JPG,207.0,215.0,3.4292049407958984,1.3889825815846872,1.602522225385271,0.8778017172036567,-0.26625600773440306,0.8377258012155483,0.47678424923974255,0.989373876955574,1.070084300810146,1.773117274824954,0.989373876955574,1.070084300810146,1.773117274824954,False,False,False,False,0.0,-0.0,0.0,-0.0,0.0,-0.0,0.0,8.187143569519278e-05,0.017373232370947247,0.01738958299349572,0.0007860561864784431,"[1, 1, 1]",0.017390294467194117,5.4231978656948954e-05,-5.4231978656948954e-05,-8.176426585082552e-05,8.176426585082552e-05,-4.0302626362453964e-05,4.0302626362453964e-05,False,30,805,True,True
26,DSC08043.JPG,208.0,215.0,3.4275968074798584,1.3836590465888656,1.5991606634405564,0.882227250537744,-0.24593365177047324,0.8681732529882105,0.4310357777757067,0.9896108713467789,1.062409602034077,1.7725992968272049,0.9896108713467789,1.062409602034077,1.7725992968272049,False,False,False,False,0.0,-0.0,0.0,-0.0,0.0,-0.0,0.0,7.739356708145692e-05,0.016178436043588797,0.01618686753749327,0.0005476849803868122,"[1, 1, 1]",0.01618728563309139,5.0408533849743975e-05,-5.0408533849743975e-05,-7.506441332627567e-05,7.506441332627567e-05,-3.584489955255066e-05,3.584489955255066e-05,False,31,862,True,True
27,DSC08043.JPG,209.0,215.0,3.425990104675293,1.3783405266911157,1.5958021892032226,0.8866486754287939,0.08518855424868874,0.807647660902657,0.5834793621572961,0.989847707500494,1.054742068268157,1.772081768318269,0.989847707500494,1.054742068268157,1.772081768318269,False,False,False,False,0.0,-0.0,0.0,-0.0,0.0,-0.0,0.0,7.296809894085869e-05,0.014994710894754178,0.014998062955304805,0.00033469560388745017,"[1, 1, 1]",0.014998254395677937,4.661963095431432e-05,-4.661963095431432e-05,-6.856627699369788e-05,6.856627699369788e-05,-3.167143388482785e-05,3.167143388482785e-05,False,32,915,True,True
28,DSC08043.JPG,210.0,215.0,3.4140703678131104,1.3763201464384265,1.5839345451327909,0.8964547830818567,-0.3102819271125415,0.8198087517440912,0.4812886205502085,0.9986458957139814,1.0431206940726603,1.7667321696959741,0.9986458957139814,1.0431206940726603,1.7667321696959741,False,False,False,False,0.0,-0.0,0.0,-0.0,0.0,-0.0,0.0,6.400868989515789e-05,0.011046012391228252,0.0111176307962501,0.0013208151490470663,"[1, 1, 1]",0.011121165803695782,3.3231956083179526e-05,-3.3231956083179526e-05,-4.146383383885066e-05,4.146383383885066e-05,-9.769060160369492e-06,9.769060160369492e-06,False,33,1294,True,True
29,DSC08043.JPG,211.0,215.0,3.403562307357788,1.3738871951397778,1.5732452133500714,0.9054999339730427,-0.3067131211219253,0.9370115590015474,0.16714185480943056,1.0062794966152935,1.032087548841577,1.762042429381597,1.0062794966152935,1.032087548841577,1.762042429381597,False,False,False,False,0.0,-0.0,0.0,-0.0,0.0,-0.0,0.0,5.5916649535959616e-05,0.007998674179563584,0.008324243101420138,0.002402184516569666,"[1, 1, 1]",0.008337934465823833,2.3126016225560875e-05,-2.3126016225560875e-05,-2.1603832845773496e-05,2.1603832845773496e-05,5.72933020981381e-06,-5.72933020981381e-06,False,34,1385,True,True
30,DSC08043.JPG,212.0,215.0,3.4044108390808105,1.367825502682399,1.571927171079231,0.9086136117892727,-0.23937003156764516,0.9697731902298197,0.047349208005866644,1.0044860260057211,1.0254121124997737,1.762673581691246,1.0044860260057211,1.0254121124997737,1.762673581691246,False,False,False,False,0.0,-0.0,0.0,-0.0,0.0,-0.0,0.0,5.255383966509031e-05,0.007713127498042518,0.007956841789747947,0.0020628098904415942,"[1, 1, 1]",0.007970534831369948,2.2278460401592426e-05,-2.2278460401592426e-05,-2.2367108067467e-05,2.2367108067467e-05,2.832674725450346e-06,-2.832674725450346e-06,False,35,1458,True,True
31,DSC08043.JPG,213.0,215.0,3.4410696029663086,1.350144987630043,1.600097686414073,0.8931322425189581,-0.09030671250654122,0.8587881025022706,0.5043091241260768,0.9729334019512134,1.032264277052783,1.7800899848056773,0.9729334019512134,1.032264277052783,1.7800899848056773,False,False,False,False,0.0,-0.0,0.0,-0.0,0.0,-0.0,0.0,6.718674413801076e-05,0.0156167459652377,0.015764226909975223,0.002516395534167061,"[1, 1, 1]",0.01579122938809228,5.125910043268789e-05,-5.125910043268789e-05,-8.30861895295687e-05,8.30861895295687e-05,-4.812111586183221e-05,4.812111586183221e-05,False,36,717,True,True
32,DSC08043.JPG,214.0,215.0,3.4143316745758057,1.35301189078231,1.5760554336106416,0.9105841408258599,-0.4764535378496149,0.2287385576215951,-0.8489232583265568,0.9940608008507221,1.015141260735513,1.7677914834334547,0.9940608008507221,1.015141260735513,1.7677914834334547,False,False,False,False,0.0,-0.0,0.0,-0.0,0.0,-0.0,0.0,5.0236147389728485e-05,0.008507278579368841,0.008531162400931304,0.0007194075277720871,"[1, 1, 1]",0.008534403028852016,2.553452657494404e-05,-2.553452657494404e-05,-3.377643467894487e-05,3.377643467894487e-05,-1.0817681018515657e-05,1.0817681018515657e-05,False,37,1272,True,True
33,DSC08043.JPG,215.0,215.0,3.4134631156921387,1.3474903765747899,1.5733175186427208,0.9145998519980193,-0.222395686688739,0.9457480529972467,0.23685602967659733,0.9936910869940233,1.0077966972959076,1.7676184710657035,0.9936910869940233,1.0077966972959076,1.7676184710657035,False,False,False,False,0.0,-0.0,0.0,-0.0,0.0,-0.0,0.0,4.675488451901607e-05,0.007589656357698912,0.0076119361974845865,0.0006804934814655043,"[1, 1, 1]",0.00761602023405716,2.2647441691558967e-05,-2.2647441691558967e-05,-2.9969188678258263e-05,2.9969188678258263e-05,-9.614728702089792e-06,9.614728702089792e-06,False,38,1297,True,True
34,DSC08043.JPG,216.0,215.0,3.4118919372558594,1.3422033129751034,1.5700032786013665,0.9189764283101992,-0.1886893547149228,0.8976453204087944,0.3982828218307425,0.9939064858112684,1.0001945506153525,1.7671158599117953,0.9939064858112684,1.0001945506153525,1.7671158599117953,False,False,False,False,0.0,-0.0,0.0,-0.0,0.0,-0.0,0.0,4.312884194617717e-05,0.006542629060337112,0.0065664694169026115,0.000688419561762533,"[1, 1, 1]",0.006572611271300829,1.928816290575064e-05,-1.928816290575064e-05,-2.5342348368706524e-05,2.5342348368706524e-05,-7.874859286882696e-06,7.874859286882696e-06,False,39,1334,True,True
35,DSC08043.JPG,217.0,215.0,3.41465163230896,1.335487307592817,1.570247087972963,0.9211187265705036,0.019847770351934253,0.8770624920448932,0.4799660936566859,0.9905183558083829,0.9941996911822043,1.7686442082363023,0.9905183558083829,0.9941996911822043,1.7686442082363023,False,False,False,False,0.0,-0.0,0.0,-0.0,0.0,-0.0,0.0,4.206788494347569e-05,0.006147736922099711,0.0061542324805231525,0.00038772041242692164,"[1, 1, 1]",0.006157092347379409,1.839597832331563e-05,-1.839597832331563e-05,-2.529754348157276e-05,2.529754348157276e-05,-9.458453951172174e-06,9.458453951172174e-06,False,40,1299,True,True
36,DSC08043.JPG,218.0,215.0,3.408494710922241,1.3317300571915318,1.5631712574558103,0.9278507604179544,-0.07102763234908274,-0.9372922454197905,-0.3412305996226171,0.9945525049293733,0.9849159558126291,1.7659904399220063,0.9945525049293733,0.9849159558126291,1.7659904399220063,False,False,False,False,0.0,-0.0,0.0,-0.0,0.0,-0.0,0.0,3.657086817296238e-05,0.0044498817596216825,0.004469700823943188,0.0006595516081725849,"[1, 1, 1]",0.004484120953679309,1.253944710599697e-05,-1.253944710599697e-05,-1.6441960572155523e-05,1.6441960572155523e-05,-5.0617516729190015e-06,5.0617516729190015e-06,False,41,1403,True,True
37,DSC08043.JPG,219.0,215.0,3.41847825050354,1.3225935032964033,1.5693369225170757,0.926289093091876,0.13052291448076048,0.865603681674758,0.48341910912432134,0.9851467563214688,0.9815571875718211,1.7709079003024344,0.9851467563214688,0.9815571875718211,1.7709079003024344,False,False,False,False,0.0,-0.0,0.0,-0.0,0.0,-0.0,0.0,4.034784519120302e-05,0.004793874326412158,0.0047938833736373854,2.50084277532787e-05,"[1, 1, 1]",0.004793911579582915,1.4783142833874052e-05,-1.4783142833874052e-05,-2.118170521492324e-05,2.118170521492324e-05,-9.07354462098553e-06,9.07354462098553e-06,False,42,1309,True,True
38,DSC08043.JPG,220.0,215.0,3.42193865776062,1.3156165842131986,1.5701460472060946,0.928088151748882,0.1591400668152912,0.8104145855047376,0.5638285543808588,0.9811700050410586,0.975786447669662,1.7727660458679642,0.9811700050410586,0.975786447669662,1.7727660458679642,False,False,False,False,0.0,-0.0,0.0,-0.0,0.0,-0.0,0.0,4.1080573795980896e-05,0.00415812931215799,0.0041574821335243735,0.0001995548650970269,"[1, 1, 1]",0.004160199554665591,1.3359429377413079e-05,-1.3359429377413079e-05,-1.9229741169857206e-05,1.9229741169857206e-05,-8.351668205897056e-06,8.351668205897056e-06,False,43,1325,True,True
39,DSC08043.JPG,221.0,215.0,3.4299583435058594,1.3070869551147117,1.5746839965690451,0.9275648336612643,-0.3386019529924169,0.938843034387825,0.06262965919740067,0.9733905745669116,0.9716492346115783,1.7767642139996491,0.9733905745669116,0.9716492346115783,1.7767642139996491,False,False,False,False,0.0,-0.0,0.0,-0.0,0.0,-0.0,0.0,4.497478656824148e-05,0.0039434038547180306,0.003918497184914759,0.000686643175504612,"[1, 1, 1]",0.003960841732402497,1.3985343307876263e-05,-1.3985343307876263e-05,-1.9513141960247893e-05,1.9513141960247893e-05,-7.676020495228641e-06,7.676020495228641e-06,False,44,1339,True,True
40,DSC08043.JPG,222.0,215.0,3.4293646812438965,1.301455829478782,1.5721653329202507,0.9314503431281884,-0.40864511630854405,-0.38193643562357593,-0.828935297873323,0.9727885744807409,0.9643838272502764,1.7767208770462528,0.9727885744807409,0.9643838272502764,1.7767208770462528,False,False,False,False,0.0,-0.0,0.0,-0.0,0.0,-0.0,0.0,4.425273566043455e-05,0.0025991684233895337,0.00254510353575834,0.0006250346190373218,"[1, 1, 1]",0.0026099708157505713,9.757599768400738e-06,-9.757599768400738e-06,-1.2651570436617021e-05,1.2651570436617021e-05,-3.6920960049258156e-06,3.6920960049258156e-06,False,45,1432,True,True
41,DSC08043.JPG,223.0,215.0,3.421736478805542,1.2982281756085743,1.5638961551810893,0.9389142804133976,-0.2938850485752762,0.9535488761929627,-0.06615224058976038,0.9780552169568612,0.9546074537474327,1.7733753714122908,0.9780552169568612,0.9546074537474327,1.7733753714122908,False,False,False,False,0.0,-0.0,0.0,-0.0,0.0,-0.0,0.0,4.00838268608153e-05,0.0006363317661401861,0.0005990486225123721,0.00021739900406424691,"[1, 1, 1]",0.0006368052616343412,2.5678612367574516e-06,-2.5678612367574516e-06,-2.8025498999273424e-06,2.8025498999273424e-06,-6.127008722600635e-08,6.127008722600635e-08,False,46,1582,True,True
42,DSC08043.JPG,224.0,215.0,3.4461171627044678,1.2840448337268846,1.5817865024588473,0.9301073474268537,-0.6190564642646637,0.2828862643526083,-0.7326284566495896,0.9566144635536151,0.9562332576033642,1.7850563232829384,0.9566144635536151,0.9562332576033642,1.7850563232829384,False,False,False,False,0.0,-0.0,0.0,-0.0,0.0,-0.0,0.0,5.43395999622524e-05,0.002135784017285683,0.0012094368949462596,0.001788537601600868,"[1, 1, 1]",0.0021474608571600273,9.549886984983047e-06,-9.549886984983047e-06,-6.595870543746329e-06,6.595870543746329e-06,6.38373539452175e-06,-6.38373539452175e-06,False,47,1368,True,True
43,DSC08043.JPG,225.0,215.0,3.428257465362549,1.284342263537606,1.565163619482939,0.9427579757830404,-0.02961793574267776,0.7158278567005832,0.6976483766581788,0.9704223573446522,0.9428402166876163,1.7769067450844092,0.9704223573446522,0.9428402166876163,1.7769067450844092,False,False,False,False,0.0,-0.0,0.0,-0.0,0.0,-0.0,0.0,4.527875212481317e-05,0.0017876022194951305,0.0016846959619096994,0.0006375745849237581,"[1, 1, 1]",0.0017944668848558576,-3.150028948795125e-06,3.150028948795125e-06,8.371367402837393e-06,-8.371367402837393e-06,8.598674063886591e-06,-8.598674063886591e-06,False,48,1318,True,True
44,DSC08043.JPG,226.0,215.0,3.4260454177856445,1.2792788095725356,1.5613271083838036,0.9474577047292824,0.02221375158979715,-0.8812007918451854,-0.47221998442645907,0.971173282065574,0.9350149297438373,1.7761031083820678,0.971173282065574,0.9350149297438373,1.7761031083820678,False,False,False,False,0.0,-0.0,0.0,-0.0,0.0,-0.0,0.0,4.5620290702265415e-05,0.003247556651079345,0.00321514548599543,0.0005878558608258856,"[1, 1, 1]",0.003258017685836398,-8.182296786118926e-06,8.182296786118926e-06,1.5763542843716394e-05,-1.5763542843716394e-05,1.2001249100723754e-05,-1.2001249100723754e-05,False,49,1248,True,True
45,DSC08043.JPG,227.0,215.0,3.4190709590911865,1.2758810664553328,1.553610913396909,0.9545563632011251,-0.005813170477300378,0.9855829653511339,0.16909294916899234,0.9759045514842498,0.9255363188104322,1.7730623354659854,0.9759045514842498,0.9255363188104322,1.7730623354659854,False,False,False,False,0.0,-0.0,0.0,-0.0,0.0,-0.0,0.0,4.444329051531135e-05,0.004737865982656248,0.0047367198785389026,0.0002516359324700764,"[1, 1, 1]",0.0047406333538362565,-1.4026725422056074e-05,1.4026725422056074e-05,2.1968563068464064e-05,-2.1968563068464064e-05,1.184064676618135e-05,-1.184064676618135e-05,False,50,1251,True,True
46,DSC08043.JPG,228.0,215.0,3.44795298576355,1.259961473283315,1.5751118541789768,0.9435814243967602,0.06666186987983055,-0.16212696886543138,0.984515637798929,0.9506712083288424,0.9285291277804625,1.7868643161465418,0.9506712083288424,0.9285291277804625,1.7868643161465418,False,False,False,False,0.0,-0.0,0.0,-0.0,0.0,-0.0,0.0,5.987657062300338e-05,0.0061783566346053165,0.005907297805033678,0.0024341564297854267,"[1, 1, 1]",0.0062846390058567325,-1.0854630243972707e-05,1.0854630243972707e-05,3.249926374926382e-05,-3.249926374926382e-05,3.594023725161932e-05,-3.594023725161932e-05,False,51,859,True,True
47,DSC08043.JPG,229.0,215.0,3.4484124183654785,1.2539365631616903,1.573442220134177,0.9469521010103438,0.2698419625518213,0.05989004936384408,0.9610403202953443,0.9491842618582133,0.9215985416954035,1.7873166958119118,0.9491842618582133,0.9215985416954035,1.7873166958119118,False,False,False,False,0.0,-0.0,0.0,-0.0,0.0,-0.0,0.0,6.199819037851589e-05,0.00800606688704803,0.007839353391824056,0.0027233869782938365,"[1, 1, 1]",0.00815381519686499,-1.6394976328548694e-05,1.6394976328548694e-05,4.321362433112874e-05,-4.321362433112874e-05,4.413640841738342e-05,-4.413640841738342e-05,False,52,759,True,True
48,DSC08043.JPG,230.0,215.0,3.4488718509674072,1.2479100904732279,1.5717720414736953,0.9503237374324291,0.24949959654153248,0.08104378870312795,0.9649776451494902,0.9476970214951759,0.9146660664021181,1.7877691385110321,0.9476970214951759,0.9146660664021181,1.7877691385110321,False,False,False,False,0.0,-0.0,0.0,-0.0,0.0,-0.0,0.0,6.43629384830289e-05,0.009916017289353997,0.009832672685827075,0.0030540518008833127,"[1, 1, 1]",0.010107820838484893,-2.2111554706993886e-05,2.2111554706993886e-05,5.4304309814456886e-05,-5.4304309814456886e-05,5.2654521459416515e-05,-5.2654521459416515e-05,False,53,675,True,True
49,DSC08043.JPG,231.0,215.0,3.4611499309539795,1.2376866184687574,1.5797078312030828,0.9477809380523229,-0.4026532609121092,0.29331481983042207,-0.8670852137735322,0.936320047739067,0.9117600523510068,1.7937759278056773,0.936320047739067,0.9117600523510068,1.7937759278056773,False,False,False,False,0.0,-0.0,0.0,-0.0,0.0,-0.0,0.0,7.228685288874017e-05,0.01219903149864257,0.012013774642722127,0.004588288004471703,"[1, 1, 1]",0.012533944648529777,-2.4333714905067083e-05,2.4333714905067083e-05,6.870935526892552e-05,-6.870935526892552e-05,7.340464733207597e-05,-7.340464733207597e-05,False,54,484,True,True
50,DSC08043.JPG,232.0,215.0,3.4410274028778076,1.2389782002330232,1.5613121887040646,0.9614468947726975,0.2491189170519462,0.6642918324828014,0.7047383390049865,0.9520573025119643,0.8978265167612121,1.784555211040183,0.9520573025119643,0.8978265167612121,1.784555211040183,False,False,False,False,0.0,-0.0,0.0,-0.0,0.0,-0.0,0.0,6.62527757175428e-05,0.013535733289043936,0.013612613179609505,0.0029303195657200097,"[1, 1, 1]",0.013731461755756376,-3.562298901704786e-05,3.562298901704786e-05,7.312747304122347e-05,-7.312747304122347e-05,6.001908481767515e-05,-6.001908481767515e-05,False,55,593,True,True
51,DSC08043.JPG,233.0,215.0,3.4408867359161377,1.2331770092427852,1.5591585046254268,0.9651113612356673,-0.04759152201555063,0.8510158944765457,0.5229789616997307,0.9510745099987086,0.8907043169232958,1.784725136961393,0.9510745099987086,0.8907043169232958,1.784725136961393,False,False,False,False,0.0,-0.0,0.0,-0.0,0.0,-0.0,0.0,6.917137485473092e-05,0.01548077946833345,0.01559738186818353,0.0032304900581852404,"[1, 1, 1]",0.01570619176475646,-4.1550419639158065e-05,4.1550419639158065e-05,8.380342227476412e-05,-8.380342227476412e-05,6.742771503009948e-05,-6.742771503009948e-05,False,56,526,True,True
52,DSC08043.JPG,234.0,215.0,3.4407460689544678,1.2273762966720758,1.5570049872947156,0.9687755338288825,-0.026974670906474773,0.8946246657115071,0.44600344688136856,0.9500918074680774,0.8835826955144676,1.7848950435832198,0.9500918074680774,0.8835826955144676,1.7848950435832198,False,False,False,False,0.0,-0.0,0.0,-0.0,0.0,-0.0,0.0,7.225693763030174e-05,0.017466982101025555,0.01762185987576795,0.0035454951914823214,"[1, 1, 1]",0.017722809413344948,-4.759921789165844e-05,4.759921789165844e-05,9.469567789222033e-05,-9.469567789222033e-05,7.498395455840523e-05,-7.498395455840523e-05,False,57,471,True,True
53,DSC08043.JPG,235.0,215.0,3.4406051635742188,1.2215761487775603,1.5548514434841723,0.9724395308879545,-0.014573933266544355,0.8981579288170575,0.43943137731868437,0.9491093947256036,0.8764615732312477,1.785064818793206,0.9491093947256036,0.8764615732312477,1.785064818793206,False,False,False,False,0.0,-0.0,0.0,-0.0,0.0,-0.0,0.0,7.548885234140448e-05,0.019493650569747955,0.01968598054702079,0.0038738166011810515,"[1, 1, 1]",0.019780630642785086,-5.376937234502499e-05,5.376937234502499e-05,0.00010580370751944734,-0.00010580370751944734,8.268689703250232e-05,-8.268689703250232e-05,False,58,417,True,True
54,DSC08043.JPG,201.0,216.0,3.3957290649414062,1.4359772640774948,1.5911126719458646,0.8794768030554472,-0.23424832557703282,0.5013484456314024,0.8329330453447823,1.0269277894199196,1.098609863701482,1.7622784591493355,1.0269277894199196,1.098609863701482,1.7622784591493355,False,False,False,False,0.0,-0.0,0.0,-0.0,0.0,-0.0,0.0,9.359031491366763e-05,0.006010057824896522,0.007319962784294443,0.00418746965158359,"[1, 1, 1]",0.007322484239630918,1.7955242225919932e-05,-1.7955242225919932e-05,-2.044644417109609e-06,2.044644417109609e-06,2.9895651708411464e-05,-2.9895651708411464e-05,False,59,941,True,True
55,DSC08043.JPG,202.0,216.0,3.410048484802246,1.4258334082617643,1.6010030578310224,0.8754456225356116,0.12314879587130026,0.7007799004313946,0.7026677061220429,1.014006351897418,1.097361411644679,1.7692387594277081,1.014006351897418,1.097361411644679,1.7692387594277081,False,False,False,False,0.0,-0.0,0.0,-0.0,0.0,-0.0,0.0,9.38063331569172e-05,0.011253391723841091,0.011287166224878577,0.0008792330800556728,"[1, 1, 1]",0.01128742654537407,3.4556928649065455e-05,-3.4556928649065455e-05,-4.48444308263074e-05,4.48444308263074e-05,-1.3143143830607329e-05,1.3143143830607329e-05,False,60,1216,True,True
56,DSC08043.JPG,203.0,216.0,3.3813037872314453,1.4288542339199677,1.5751048481568648,0.8941900517724904,0.07489807640592501,-0.9214504716267492,-0.3812076946882551,1.0366830364307706,1.078900497070036,1.7559662731857568,1.0366830364307706,1.078900497070036,1.7559662731857568,False,False,False,False,0.0,-0.0,0.0,-0.0,0.0,-0.0,0.0,8.115888263721571e-05,0.0017139598981507557,0.006444949457680144,0.006214755194553684,"[1, 1, 1]",0.006445859629275759,4.93759057351717e-06,-4.93759057351717e-06,2.9000631417641642e-05,-2.9000631417641642e-05,5.9297342229314154e-05,-5.9297342229314154e-05,False,61,602,True,True
57,DSC08043.JPG,204.0,216.0,3.381161689758301,1.4231480337777616,1.5729827832637897,0.897796926451299,0.13811987664604608,0.9826613016392635,0.12369181838710963,1.0357190886139946,1.0718921488193378,1.7561314513484652,1.0357190886139946,1.0718921488193378,1.7561314513484652,False,False,False,False,0.0,-0.0,0.0,-0.0,0.0,-0.0,0.0,7.678631671559871e-05,0.0019473822646942167,0.006124438003515503,0.005809440967476526,"[1, 1, 1]",0.006125791466247998,5.5899201214515415e-06,-5.5899201214515415e-06,2.55782962177431e-05,-2.55782962177431e-05,5.4599023104451305e-05,-5.4599023104451305e-05,False,62,651,True,True
58,DSC08043.JPG,205.0,216.0,3.3958420753479004,1.4128439151798002,1.5831557534838598,0.8936055003452307,0.1890620268301232,0.738557904920167,0.6471381391100508,1.0224898774309665,1.0707276223617888,1.7632633575162742,1.0224898774309665,1.0707276223617888,1.7632633575162742,False,False,False,False,0.0,-0.0,0.0,-0.0,0.0,-0.0,0.0,7.648650613573025e-05,0.006364204978230617,0.007037349787190272,0.0030200154693118776,"[1, 1, 1]",0.007040876789992097,1.8946394637398e-05,-1.8946394637398e-05,-1.0512770034276642e-05,1.0512770034276642e-05,1.7110322701796576e-05,-1.7110322701796576e-05,False,63,1148,True,True
59,DSC08043.JPG,206.0,216.0,3.4162018299102783,1.400718290049294,1.5980188450508963,0.8864627997071279,-0.08573723547556074,0.7336733909843066,0.674071570246511,1.0045498770569252,1.0717299420586703,1.7730670399849113,1.0045498770569252,1.0717299420586703,1.7730670399849113,False,False,False,False,0.0,-0.0,0.0,-0.0,0.0,-0.0,0.0,7.951117017114643e-05,0.012480526117498437,0.012503253430175013,0.0007690529324430616,"[1, 1, 1]",0.012503725848669883,3.8960903158802296e-05,-3.8960903158802296e-05,-5.994624670213611e-05,5.994624670213611e-05,-3.103634193646343e-05,3.103634193646343e-05,False,64,924,True,True
60,DSC08043.JPG,207.0,216.0,3.3587236404418945,1.4129359380271684,1.548385508652695,0.9201500144486211,0.11409156059742037,-0.9462155834657715,-0.30275268026389973,1.0510562280305789,1.0422837699619452,1.7462780551379053,1.0510562280305789,1.0422837699619452,1.7462780551379053,False,False,False,False,0.0,-0.0,0.0,-0.0,0.0,-0.0,0.0,5.9840972894699505e-05,0.002478583124750413,0.007667387427337176,0.007273267380706609,"[1, 1, 1]",0.007675696123023816,-6.415447230123661e-06,6.415447230123661e-06,5.3672238630175784e-05,-5.3672238630175784e-05,8.078562807778411e-05,-8.078562807778411e-05,False,65,430,True,True
61,DSC08043.JPG,208.0,216.0,3.3796989917755127,1.4006100710521916,1.563755992859043,0.9126891432990211,0.5924107248335633,0.6416595870224321,0.4871575797258772,1.0326050892705234,1.043517565884929,1.7563714493049316,1.0326050892705234,1.043517565884929,1.7563714493049316,False,False,False,False,0.0,-0.0,0.0,-0.0,0.0,-0.0,0.0,5.921638288765385e-05,0.0023014477036294055,0.00493453670386229,0.004373714982641679,"[1, 1, 1]",0.004938405375775393,6.4526650249696615e-06,-6.4526650249696615e-06,1.5552117957229328e-05,-1.5552117957229328e-05,3.8882890828428884e-05,-3.8882890828428884e-05,False,66,820,True,True
62,DSC08043.JPG,209.0,216.0,3.4060943126678467,1.3864945522422687,1.5835844876143133,0.9024433302111021,-0.12022312871467014,0.7693894186299786,0.6273645844501261,1.0096486655050183,1.0467571663457051,1.7690166601817312,1.0096486655050183,1.0467571663457051,1.7690166601817312,False,False,False,False,0.0,-0.0,0.0,-0.0,0.0,-0.0,0.0,6.352685614435435e-05,0.00852925437004811,0.008552680268528907,0.0006480175720990192,"[1, 1, 1]",0.008553258053512957,2.605984329506761e-05,-2.605984329506761e-05,-3.4118986697029285e-05,3.4118986697029285e-05,-1.043152724466978e-05,1.043152724466978e-05,False,67,1280,True,True
63,DSC08043.JPG,210.0,216.0,3.410775899887085,1.3792101712125826,1.5854350612930623,0.9035626960381015,-0.38363111900137553,0.8530375974449851,0.35377114336678195,1.0046778296345698,1.0415515794551065,1.771452325522921,1.0046778296345698,1.0415515794551065,1.771452325522921,False,False,False,False,0.0,-0.0,0.0,-0.0,0.0,-0.0,0.0,6.151964507948858e-05,0.009324577252961291,0.009325111432317063,0.00010348638228427276,"[1, 1, 1]",0.00932513144341702,2.8913025727828057e-05,-2.8913025727828057e-05,-4.2028498628221556e-05,4.2028498628221556e-05,-1.8785257405617983e-05,1.8785257405617983e-05,False,68,1110,True,True
64,DSC08043.JPG,211.0,216.0,3.401405096054077,1.376412742543207,1.575673963633269,0.9119966349225166,-0.4226338089862632,0.8929994969412987,-0.15470152541054882,1.0113590824940877,1.0309604378579873,1.7672780543665076,1.0113590824940877,1.0309604378579873,1.7672780543665076,False,False,False,False,0.0,-0.0,0.0,-0.0,0.0,-0.0,0.0,5.381262992244795e-05,0.006738439377383003,0.006807120312873104,0.0009949020306873873,"[1, 1, 1]",0.00680930553387796,2.0275275181447228e-05,-2.0275275181447228e-05,-2.4152132075849764e-05,2.4152132075849764e-05,-3.980754162746791e-06,3.980754162746791e-06,False,69,1424,True,True
65,DSC08043.JPG,212.0,216.0,3.407702684402466,1.3685998422245695,1.5788554935329286,0.9122825322160524,-0.36433339348047766,0.31746178386388707,-0.8754879748922644,1.0050459200006447,1.0263590344980749,1.7704743565431824,1.0050459200006447,1.0263590344980749,1.7704743565431824,False,False,False,False,0.0,-0.0,0.0,-0.0,0.0,-0.0,0.0,5.2665897802648846e-05,0.0076792260962496835,0.007680645147738138,0.0001553868036178377,"[1, 1, 1]",0.007680721593105898,2.3648496223049875e-05,-2.3648496223049875e-05,-3.322238765579577e-05,3.322238765579577e-05,-1.3371696555353196e-05,1.3371696555353196e-05,False,70,1213,True,True
66,DSC08043.JPG,213.0,216.0,3.4095826148986816,1.362196119327051,1.5783861721129762,0.9148687685680414,-0.35184430838774644,0.6692320482405436,-0.654472343390395,1.0023955699018183,1.0200628929185414,1.771592745373553,1.0023955699018183,1.0200628929185414,1.771592745373553,False,False,False,False,0.0,-0.0,0.0,-0.0,0.0,-0.0,0.0,4.992540445699033e-05,0.007548014986130506,0.007548740402661521,0.00011225094335078566,"[1, 1, 1]",0.007548795057153279,2.3451115733319483e-05,-2.3451115733319483e-05,-3.417154768903252e-05,3.417154768903252e-05,-1.5379057447528766e-05,1.5379057447528766e-05,False,71,1175,True,True
67,DSC08043.JPG,214.0,216.0,3.4109420776367188,1.355955433835404,1.5774856840029894,0.917727853804853,-0.23961479091813476,0.8486155575282681,0.4716316226614213,1.0001761937243228,1.013563475894038,1.7724664446110463,1.0001761937243228,1.013563475894038,1.7724664446110463,False,False,False,False,0.0,-0.0,0.0,-0.0,0.0,-0.0,0.0,4.7168986405281525e-05,0.00722428415001724,0.007228957481475361,0.00028599633089182284,"[1, 1, 1]",0.007229450243644715,2.26328307553203e-05,-2.26328307553203e-05,-3.370131207325322e-05,3.370131207325322e-05,-1.6090034026472466e-05,1.6090034026472466e-05,False,72,1162,True,True
68,DSC08043.JPG,215.0,216.0,3.39874529838562,1.3541462278141354,1.565419380430179,0.9275800196516572,-0.2886751103141447,0.8754523260535385,0.3876208269592405,1.0092168677527678,1.0019931212702298,1.7669594320631876,1.0092168677527678,1.0019931212702298,1.7669594320631876,False,False,False,False,0.0,-0.0,0.0,-0.0,0.0,-0.0,0.0,3.802220642943852e-05,0.004598792288138856,0.004643841722045934,0.0007046317576063804,"[1, 1, 1]",0.004648153563090934,1.35582663245426e-05,-1.35582663245426e-05,-1.6426997202723115e-05,1.6426997202723115e-05,-3.1391255399526585e-06,3.1391255399526585e-06,False,73,1441,True,True
69,DSC08043.JPG,216.0,216.0,3.4014835357666016,1.3474658173167695,1.5656583727978255,0.9297211034456612,-0.3162324079916158,0.8829484357945314,0.3469857689643979,1.005854324563231,0.9960227460580701,1.7684816556678475,1.005854324563231,0.9960227460580701,1.7684816556678475,False,False,False,False,0.0,-0.0,0.0,-0.0,0.0,-0.0,0.0,3.613013845255024e-05,0.004479045949135374,0.004492714228954404,0.0004021545767096519,"[1, 1, 1]",0.004494889515833924,1.3394112722719953e-05,-1.3394112722719953e-05,-1.766335415198661e-05,1.766335415198661e-05,-5.580816716310721e-06,5.580816716310721e-06,False,74,1390,True,True
70,DSC08043.JPG,217.0,216.0,3.404226541519165,1.3407745172512622,1.5658980405595697,0.9318654589016032,0.09385162336280482,-0.9458005646521291,-0.31089092089651,1.0024860657142871,0.9900428732009919,1.7700065000742702,1.0024860657142871,0.9900428732009919,1.7700065000742702,False,False,False,False,0.0,-0.0,0.0,-0.0,0.0,-0.0,0.0,3.470145342635792e-05,0.004246579915815831,0.004248294448428106,0.00015083549201409558,"[1, 1, 1]",0.004248776222429045,1.2930963110502347e-05,-1.2930963110502347e-05,-1.8054790027699497e-05,1.8054790027699497e-05,-7.119370937225256e-06,7.119370937225256e-06,False,75,1351,True,True
71,DSC08043.JPG,218.0,216.0,3.4069738388061523,1.334072461762568,1.566137983386711,0.9340133453475868,-0.06350209220722829,-0.9440443427406351,-0.32364759109980556,0.9991124831879054,0.984053298056281,1.7715337417192705,0.9991124831879054,0.984053298056281,1.7715337417192705,False,False,False,False,0.0,-0.0,0.0,-0.0,0.0,-0.0,0.0,3.379752371913145e-05,0.0039016067533788807,0.003901775735657795,5.310581888665072e-05,"[1, 1, 1]",0.0039018718533238976,1.2167044261657267e-05,-1.2167044261657267e-05,-1.759671504619753e-05,1.759671504619753e-05,-7.750160443187326e-06,7.750160443187326e-06,False,76,1338,True,True
72,DSC08043.JPG,219.0,216.0,3.4500489234924316,1.3138900048283333,1.5994908925289713,0.9155405526359304,0.4875761317912328,-0.8618917244727246,0.13932756723969425,0.962186000914905,0.9927894155539022,1.7920546419122807,0.962186000914905,0.9927894155539022,1.7920546419122807,False,False,False,False,0.0,-0.0,0.0,-0.0,0.0,-0.0,0.0,5.7992470320453884e-05,0.00957930847674647,0.009663993159013826,0.003744865331721918,"[1, 1, 1]",0.009979477236187773,3.685317107970931e-05,-3.685317107970931e-05,-5.758396828858814e-05,5.758396828858814e-05,-3.0878879076823296e-05,3.0878879076823296e-05,False,77,927,True,True
73,DSC08043.JPG,220.0,216.0,3.403290271759033,1.3237217921000717,1.559076650222423,0.9430110957852097,-0.025923398271303025,0.8960656608213535,0.44316397520427875,0.9999988530964494,0.9687051502012897,1.7702660638171603,0.9999988530964494,0.9687051502012897,1.7702660638171603,False,False,False,False,0.0,-0.0,0.0,-0.0,0.0,-0.0,0.0,2.8386926715467326e-05,0.002033522508445564,0.0020333993748966337,6.99834044675473e-05,"[1, 1, 1]",0.002034062989079573,6.121492986510546e-06,-6.121492986510546e-06,-8.751568995934988e-06,8.751568995934988e-06,-3.7234974556987765e-06,3.7234974556987765e-06,False,78,1431,True,True
74,DSC08043.JPG,221.0,216.0,3.4354217052459717,1.3070919250157473,1.5834069868010507,0.9301989215241391,0.12911653120521852,-0.9409412281820471,0.3129832686850736,0.9721576848834161,0.9733175750802389,1.7856369602073283,0.9721576848834161,0.9733175750802389,1.7856369602073283,False,False,False,False,0.0,-0.0,0.0,-0.0,0.0,-0.0,0.0,4.6794063304551176e-05,0.004553779966342902,0.004418235642839621,0.0018280811036477656,"[1, 1, 1]",0.0046690254077004535,1.8291724601660064e-05,-1.8291724601660064e-05,-2.5156795169900548e-05,2.5156795169900548e-05,-9.409371501511998e-06,9.409371501511998e-06,False,79,1301,True,True
75,DSC08043.JPG,222.0,216.0,3.3992760181427,1.3135083279266682,1.5517530861545987,0.9521615551265075,0.24237684336488585,0.6181901577766127,0.7477261494883005,1.0011653712536048,0.9532684931974361,1.7688415627929157,1.0011653712536048,0.9532684931974361,1.7688415627929157,False,False,False,False,0.0,-0.0,0.0,-0.0,0.0,-0.0,0.0,2.5493372062284696e-05,0.00026643346903200594,0.00022928392894536382,0.000137285103254743,"[1, 1, 1]",0.000266836705880103,2.5686461713192443e-07,-2.5686461713192443e-07,-9.295092813221828e-07,9.295092813221828e-07,-1.1277022053945984e-06,1.1277022053945984e-06,False,80,1536,True,True
76,DSC08043.JPG,223.0,216.0,3.3959081172943115,1.308875643369531,1.5469806637864887,0.9574208034029829,0.25263008697526934,0.6166516671007652,0.7455995980529463,1.0028844079588854,0.9450764680556146,1.7674876385775895,1.0028844079588854,0.9450764680556146,1.7674876385775895,False,False,False,False,0.0,-0.0,0.0,-0.0,0.0,-0.0,0.0,2.475153388233233e-05,0.0007003270566468515,0.0006722609570302491,0.00022088825439851474,"[1, 1, 1]",0.0007039828380797969,-2.7610975925629333e-06,2.7610975925629333e-06,2.5457916728033325e-06,-2.5457916728033325e-06,-7.42105854989461e-07,7.42105854989461e-07,False,81,1551,True,True
77,DSC08043.JPG,224.0,216.0,3.441149950027466,1.2876035478922474,1.581985338539801,0.9380645158608419,0.11608003727829364,0.6023851797767437,0.7897198997941044,0.964086463950494,0.9541620407110051,1.7890437764097535,0.964086463950494,0.9541620407110051,1.7890437764097535,False,False,False,False,0.0,-0.0,0.0,-0.0,0.0,-0.0,0.0,5.0144106386775555e-05,0.0021749204547962322,0.0006555886502631336,0.002087343169718423,"[1, 1, 1]",0.0021814075387510136,8.844238801763993e-06,-8.844238801763993e-06,-3.80432582436363e-06,3.80432582436363e-06,9.89299574882807e-06,-9.89299574882807e-06,False,82,1290,True,True
78,DSC08043.JPG,225.0,216.0,3.408651351928711,1.2929391287961716,1.5533742470383747,0.9580773482164755,0.010554711639734192,0.7798373367043397,0.6258932227976947,0.9900857665698762,0.9356118958498285,1.7739605132245155,0.9900857665698762,0.9356118958498285,1.7739605132245155,False,False,False,False,0.0,-0.0,0.0,-0.0,0.0,-0.0,0.0,3.392748717907607e-05,0.002266572059541009,0.0022604295390134324,0.0002627778808979676,"[1, 1, 1]",0.0022711168558192905,-6.258219292121225e-06,6.258219292121225e-06,1.0861594910149819e-05,-1.0861594910149819e-05,7.114333803848183e-06,-7.114333803848183e-06,False,83,1352,True,True
79,DSC08043.JPG,226.0,216.0,3.4080898761749268,1.2873368200932385,1.5508951824668677,0.9619209561776009,0.4798495640825507,0.810688489540962,0.3354527817377281,0.9894639169845859,0.9284065300855824,1.7739296359157852,0.9894639169845859,0.9284065300855824,1.7739296359157852,False,False,False,False,0.0,-0.0,0.0,-0.0,0.0,-0.0,0.0,3.587395695009233e-05,0.0033426249029696615,0.0033418055099219846,0.00030267208995725994,"[1, 1, 1]",0.0033490607416250917,-9.601445728701918e-06,9.601445728701918e-06,1.6029861418909164e-05,-1.6029861418909164e-05,9.819239243036293e-06,-9.819239243036293e-06,False,84,1292,True,True
80,DSC08043.JPG,227.0,216.0,3.4075286388397217,1.2817363381293725,1.5484169781271344,0.9657632711987243,0.43801048779999313,0.7413787222231083,0.5084332825573513,0.9888422276022478,0.9212035563395335,1.773898793992527,0.9888422276022478,0.9212035563395335,1.773898793992527,False,False,False,False,0.0,-0.0,0.0,-0.0,0.0,-0.0,0.0,3.826726641456991e-05,0.0044450778510533705,0.004447807048035208,0.0003486209864003999,"[1, 1, 1]",0.0044532707363143815,-1.3022184877531373e-05,1.3022184877531373e-05,2.1298824086857238e-05,-2.1298824086857238e-05,1.2553771156387228e-05,-1.2553771156387228e-05,False,85,1227,True,True
81,DSC08043.JPG,228.0,216.0,3.448817253112793,1.2615177723170516,1.5800823036999259,0.9485929378614507,0.1024759348375654,-0.08480954249207841,0.9911135274434768,0.9532829886260354,0.9285216898334837,1.7936038451126957,0.9532829886260354,0.9285216898334837,1.7936038451126957,False,False,False,False,0.0,-0.0,0.0,-0.0,0.0,-0.0,0.0,5.917714172725128e-05,0.006366324855017393,0.0058640832433177765,0.0033977630780974784,"[1, 1, 1]",0.006575042172023285,-7.601848567517777e-06,7.601848567517777e-06,3.466873622071098e-05,-3.466873622071098e-05,4.574441934979134e-05,-4.574441934979134e-05,False,86,742,True,True
82,DSC08043.JPG,229.0,216.0,3.4507393836975098,1.2549781680052887,1.579605189177303,0.9512323967088754,0.2820103752442772,0.14697998583688898,0.9480859834519072,0.9505746240160537,0.9220937263928992,1.7947470218161339,0.9505746240160537,0.9220937263928992,1.7947470218161339,False,False,False,False,0.0,-0.0,0.0,-0.0,0.0,-0.0,0.0,6.203797133083644e-05,0.008110179990365089,0.007765905428022438,0.0039093763871446705,"[1, 1, 1]",0.008407363791132801,-1.2408269624231139e-05,1.2408269624231139e-05,4.608724181420776e-05,-4.608724181420776e-05,5.652358242969058e-05,-5.652358242969058e-05,False,87,635,True,True
83,DSC08043.JPG,230.0,216.0,3.403503894805908,1.265772132537629,1.5390792198258565,0.978453648153014,0.17082671037350208,0.3520367980754465,0.920265357287644,0.9889351970475332,0.8988059437844861,1.772701477815936,0.9889351970475332,0.8988059437844861,1.772701477815936,False,False,False,False,0.0,-0.0,0.0,-0.0,0.0,-0.0,0.0,4.683775752555152e-05,0.007736043532799983,0.007739714425371887,0.0002975067346042287,"[1, 1, 1]",0.007740738287016312,-2.3549601274153176e-05,2.3549601274153176e-05,3.5917786612493785e-05,-3.5917786612493785e-05,1.8211045330396303e-05,-1.8211045330396303e-05,False,88,1117,True,True
84,DSC08043.JPG,231.0,216.0,3.4035253524780273,1.2599767331768812,1.537079415144466,0.9819981012636563,0.18139052771411196,0.24676144616714793,0.9519486672825872,0.9878286765762664,0.8918155725046621,1.7729450803296558,0.9878286765762664,0.8918155725046621,1.7729450803296558,False,False,False,False,0.0,-0.0,0.0,-0.0,0.0,-0.0,0.0,5.05188287941474e-05,0.008951714904346802,0.008957409704848367,0.0003819308478660181,"[1, 1, 1]",0.008958634389550978,-2.7244934592385306e-05,2.7244934592385306e-05,4.179513983681993e-05,-4.179513983681993e-05,2.148530236345536e-05,-2.148530236345536e-05,False,89,1054,True,True
85,DSC08043.JPG,232.0,216.0,3.4035468101501465,1.2541812608368834,1.535079585026951,0.9855425992018882,0.24260590293029616,0.30362243604440636,0.9213879705063639,0.9867221423788367,0.8848251129898927,1.7731886857873496,0.9867221423788367,0.8848251129898927,1.7731886857873496,False,False,False,False,0.0,-0.0,0.0,-0.0,0.0,-0.0,0.0,5.431811716323689e-05,0.010210724702155744,0.010219004280177997,0.00047722662967833305,"[1, 1, 1]",0.010220437714125756,-3.1072779096863457e-05,3.1072779096863457e-05,4.792836783851229e-05,-4.792836783851229e-05,2.495487540477015e-05,-2.495487540477015e-05,False,90,1006,True,True
86,DSC08043.JPG,233.0,216.0,3.4035682678222656,1.2483857155176348,1.5330797294733125,0.9890871419677095,0.44941267682410946,0.21308547138563827,0.8675383725197111,0.9856155944552428,0.8778345652401776,1.7734322941890175,0.9856155944552428,0.8778345652401776,1.7734322941890175,False,False,False,False,0.0,-0.0,0.0,-0.0,0.0,-0.0,0.0,5.8212493585845086e-05,0.011513052198077585,0.011524526070171287,0.0005834323291133265,"[1, 1, 1]",0.011526175961994779,-3.503315748254465e-05,3.503315748254465e-05,5.431730576366256e-05,-5.431730576366256e-05,2.8619432010490442e-05,-2.8619432010490442e-05,False,91,963,True,True
87,DSC08043.JPG,234.0,216.0,3.4035894870758057,1.242590182941867,1.5310796548195413,0.9926318477692326,-0.25946332530079175,-0.7839180658592538,-0.5640489773444698,0.984509232304269,0.8708438494830905,1.773675793000717,0.984509232304269,0.8708438494830905,1.773675793000717,False,False,False,False,0.0,-0.0,0.0,-0.0,0.0,-0.0,0.0,6.218407413891839e-05,0.01285864234063768,0.012873963548790437,0.000700542477698112,"[1, 1, 1]",0.012875837463950322,-3.912602572486712e-05,3.912602572486712e-05,6.096147154388554e-05,-6.096147154388554e-05,3.247821571372711e-05,-3.247821571372711e-05,False,92,903,True,True
88,DSC08043.JPG,235.0,216.0,3.403610944747925,1.2367944920695584,1.5290797485349652,0.9961764799411915,0.20918923719111532,0.8013111542482474,0.5604822005387332,0.9834026570046058,0.8638531257536778,1.7739194072739763,0.9834026570046058,0.8638531257536778,1.7739194072739763,False,False,False,False,0.0,-0.0,0.0,-0.0,0.0,-0.0,0.0,6.621904493168816e-05,0.014247533342771922,0.014267398692282366,0.0008286351573904725,"[1, 1, 1]",0.014269504336680335,-4.335152595902336e-05,4.335152595902336e-05,6.786127733415803e-05,-6.786127733415803e-05,3.6531668174522025e-05,-3.6531668174522025e-05,False,93,851,True,True
89,DSC08043.JPG,201.0,217.0,3.3861029148101807,1.4407230132319633,1.587294038673596,0.8899290263840521,0.3978138072410518,-0.7403776054895145,-0.5418350081509982,1.038154461889906,1.0944341668000153,1.7639750581753213,1.038154461889906,1.0944341668000153,1.7639750581753213,False,False,False,False,0.0,-0.0,0.0,-0.0,0.0,-0.0,0.0,9.047505852771034e-05,0.0013276833553618613,0.003540907599578401,0.00328295229106916,"[1, 1, 1]",0.003541083605069728,3.992428782240154e-06,-3.992428782240154e-06,1.3443037719662598e-05,-1.3443037719662598e-05,3.065861572837392e-05,-3.065861572837392e-05,False,94,931,True,True
90,DSC08043.JPG,202.0,217.0,3.372023582458496,1.4392532482063178,1.573566185645684,0.9008949309310571,-0.5701866105252233,0.8215149991008632,0.0005791632464199715,1.0486947302081528,1.0818363961777144,1.7575669274301005,1.0486947302081528,1.0818363961777144,1.7575669274301005,False,False,False,False,0.0,-0.0,0.0,-0.0,0.0,-0.0,0.0,8.295817466084193e-05,0.0026556508153945217,0.00627273941865535,0.005686639664265878,"[1, 1, 1]",0.006274456590873403,-7.726934095231286e-06,7.726934095231286e-06,4.52539025805887e-05,-4.52539025805887e-05,6.379953106305791e-05,-6.379953106305791e-05,False,95,550,True,True
91,DSC08043.JPG,203.0,217.0,3.420384407043457,1.4187064772775373,1.6117987787505046,0.8789502638140978,0.13333952980009245,0.7420815795020338,0.6569136162057057,1.0076761361430335,1.094162526830784,1.7806105996642982,1.0076761361430335,1.094162526830784,1.7806105996642982,False,False,False,False,0.0,-0.0,0.0,-0.0,0.0,-0.0,0.0,9.284664593612621e-05,0.013554211002347416,0.014233587741229306,0.004397941865402431,"[1, 1, 1]",0.014241726497469201,4.348477856597199e-05,-4.348477856597199e-05,-8.59601793929965e-05,8.59601793929965e-05,-6.755988181916806e-05,6.755988181916806e-05,False,96,525,True,True
92,DSC08043.JPG,204.0,217.0,3.4177651405334473,1.4136966908093054,1.607594094455144,0.8838996325468398,0.09909924421730906,0.7488692867239118,0.6552664581658194,1.0087461797129886,1.0860924323151178,1.7796095189481755,1.0087461797129886,1.0860924323151178,1.7796095189481755,False,False,False,False,0.0,-0.0,0.0,-0.0,0.0,-0.0,0.0,8.770824113201668e-05,0.012384293540865713,0.012915588404377405,0.0037134357456100435,"[1, 1, 1]",0.012922320883337945,3.966256042531313e-05,-3.966256042531313e-05,-7.674644120991836e-05,7.674644120991836e-05,-5.875656732534651e-05,5.875656732534651e-05,False,97,609,True,True
93,DSC08043.JPG,205.0,217.0,3.3904507160186768,1.4163437204553075,1.5828779701208182,0.9017964763404319,0.02227194134686331,0.9985998529690239,0.047982228781975465,1.0302288507226616,1.068300120209123,1.7669557028422762,1.0302288507226616,1.068300120209123,1.7669557028422762,False,False,False,False,0.0,-0.0,0.0,-0.0,0.0,-0.0,0.0,7.423602124216814e-05,0.00368958575167991,0.004005488320583795,0.001562252505803675,"[1, 1, 1]",0.004006096096574558,1.1187921571842452e-05,-1.1187921571842452e-05,-7.190255178146643e-06,7.190255178146643e-06,8.406411661443514e-06,-8.406411661443514e-06,False,98,1322,True,True
94,DSC08043.JPG,206.0,217.0,3.3905980587005615,1.4105322426204512,1.5809907460932964,0.9052608712759439,-0.04571051120035469,0.9497636056890469,0.30961208386357086,1.0290226112551046,1.0613870432457524,1.7672578198224405,1.0290226112551046,1.0613870432457524,1.7672578198224405,False,False,False,False,0.0,-0.0,0.0,-0.0,0.0,-0.0,0.0,6.997286444440061e-05,0.0038448803944806354,0.004078159994404533,0.0013632861783219612,"[1, 1, 1]",0.004078789199277913,1.1662251317545724e-05,-1.1662251317545724e-05,-9.05405739870524e-06,9.05405739870524e-06,6.069365678040839e-06,-6.069365678040839e-06,False,99,1372,True,True
95,DSC08043.JPG,207.0,217.0,3.39199161529541,1.4043300819572988,1.5801371140162692,0.9080745213287523,0.12432661688569244,0.8613284586011247,0.49260144004820866,1.0267854641710028,1.0549594004248404,1.7681481523024878,1.0267854641710028,1.0549594004248404,1.7681481523024878,False,False,False,False,0.0,-0.0,0.0,-0.0,0.0,-0.0,0.0,6.611186852388166e-05,0.0042718658889277375,0.004383469546089989,0.0009871203739486908,"[1, 1, 1]",0.004383950847583155,1.300607315979363e-05,-1.300607315979363e-05,-1.31691897979902e-05,1.31691897979902e-05,1.4614181038652418e-06,-1.4614181038652418e-06,False,100,1519,True,True
96,DSC08043.JPG,208.0,217.0,3.3908932209014893,1.3989076334725996,1.5772161693202027,0.9121903359819771,0.16837932165638067,0.8250332256353169,0.539415035604609,1.0266094549897786,1.0475592566715837,1.7678623395217135,1.0266094549897786,1.0475592566715837,1.7678623395217135,False,False,False,False,0.0,-0.0,0.0,-0.0,0.0,-0.0,0.0,6.151703887450069e-05,0.004015120637147923,0.004137903269079949,0.0010057069419972852,"[1, 1, 1]",0.0041385314048616615,1.2187562024923437e-05,-1.2187562024923437e-05,-1.1920997827763458e-05,1.1920997827763458e-05,2.094089256221565e-06,-2.094089256221565e-06,False,101,1496,True,True
97,DSC08043.JPG,209.0,217.0,3.404729127883911,1.3887622925428291,1.5866672119326706,0.908533010314552,0.02480974780600269,0.9345875632732132,0.3548669651980025,1.0140715976120218,1.045926795448597,1.774627203364544,1.0140715976120218,1.045926795448597,1.774627203364544,False,False,False,False,0.0,-0.0,0.0,-0.0,0.0,-0.0,0.0,6.222373495963073e-05,0.007280378447266608,0.007357596795460555,0.001082674531727171,"[1, 1, 1]",0.00735901912909596,2.300261895982203e-05,-2.300261895982203e-05,-3.865811335890257e-05,3.865811335890257e-05,-2.396561106854378e-05,2.396561106854378e-05,False,102,1022,True,True
98,DSC08043.JPG,210.0,217.0,3.403451681137085,1.3833788927555495,1.5835918095270662,0.9127528156175047,-0.0759472695177093,0.869693507328841,0.4877142765624804,1.0140404930970734,1.038436251327353,1.774257566654036,1.0140404930970734,1.038436251327353,1.774257566654036,False,False,False,False,0.0,-0.0,0.0,-0.0,0.0,-0.0,0.0,5.769937968130897e-05,0.006712388555005169,0.0067691595282278,0.0008938557491464777,"[1, 1, 1]",0.006770400901988121,2.1196936037748415e-05,-2.1196936037748415e-05,-3.502357034346204e-05,3.502357034346204e-05,-2.1047771974647134e-05,2.1047771974647134e-05,False,103,1058,True,True
99,DSC08043.JPG,211.0,217.0,3.4119510650634766,1.3748722701822964,1.5886048757594058,0.9119031460520323,-0.43049787602122447,-0.13153605495259613,-0.8929556791849875,1.005910733021113,1.0346836487264934,1.7785049627800682,1.005910733021113,1.0346836487264934,1.7785049627800682,False,False,False,False,0.0,-0.0,0.0,-0.0,0.0,-0.0,0.0,5.741044479235571e-05,0.008336373202436144,0.008560481737409153,0.0020242992958624403,"[1, 1, 1]",0.008569561077716479,2.706941467067736e-05,-2.706941467067736e-05,-4.869377374516759e-05,4.869377374516759e-05,-3.373335880585415e-05,3.373335880585415e-05,False,104,888,True,True
100,DSC08043.JPG,212.0,217.0,3.4009902477264404,1.3725950708505203,1.5775227981880453,0.9211360823000304,-0.5736911861704329,0.10331844089559437,-0.8125292134325174,1.013903280025242,1.0235064117426638,1.773561911328992,1.013903280025242,1.0235064117426638,1.773561911328992,False,False,False,False,0.0,-0.0,0.0,-0.0,0.0,-0.0,0.0,4.881676860994598e-05,0.005591374627523147,0.005619567067895786,0.0005802558758592603,"[1, 1, 1]",0.005620484969989286,1.763771873131148e-05,-1.763771873131148e-05,-2.8198600851014888e-05,2.8198600851014888e-05,-1.5882358398666696e-05,1.5882358398666696e-05,False,105,1166,True,True
101,DSC08043.JPG,213.0,217.0,3.4209916591644287,1.3603451568709815,1.5920275729895401,0.9143647439363719,-0.38277358641372805,0.7802979592386208,-0.4945902105299053,0.9962328257316135,1.024067973334938,1.7832438326991646,0.9962328257316135,1.024067973334938,1.7832438326991646,False,False,False,False,0.0,-0.0,0.0,-0.0,0.0,-0.0,0.0,5.4623291005875276e-05,0.00928382350064816,0.009674146909010028,0.002958745765606665,"[1, 1, 1]",0.009709085312477505,3.133203179106481e-05,-3.133203179106481e-05,-5.783180871987703e-05,5.783180871987703e-05,-4.1585765754081905e-05,4.1585765754081905e-05,False,106,787,True,True
102,DSC08043.JPG,214.0,217.0,3.406780958175659,1.359146066198932,1.578270751233984,0.9252582812170558,0.10410545961620603,0.794929502910507,0.5977032195668286,1.0069249296939955,1.0116964950202998,1.7767644380586416,1.0069249296939955,1.0116964950202998,1.7767644380586416,False,False,False,False,0.0,-0.0,0.0,-0.0,0.0,-0.0,0.0,4.406848636186049e-05,0.005869050133061011,0.005964063354040284,0.0011384398490029682,"[1, 1, 1]",0.005971258093879956,1.911020831646404e-05,-1.911020831646404e-05,-3.251962003258946e-05,3.251962003258946e-05,-2.060652898272508e-05,2.060652898272508e-05,False,107,1068,True,True
103,DSC08043.JPG,215.0,217.0,3.4062259197235107,1.3535340295915392,1.5757937493735539,0.9291021909165214,0.23139739727072053,-0.863523371017321,-0.4480877506060822,1.0062958189865963,1.0044847311388723,1.7767358668614526,1.0062958189865963,1.0044847311388723,1.7767358668614526,False,False,False,False,0.0,-0.0,0.0,-0.0,0.0,-0.0,0.0,4.041033629036526e-05,0.005265062244228047,0.0053443299950496626,0.0010085871318766162,"[1, 1, 1]",0.0053525690810862754,1.72512701013261e-05,-1.72512701013261e-05,-2.9028742202008573e-05,2.9028742202008573e-05,-1.8036075778216087e-05,1.8036075778216087e-05,False,108,1125,True,True
104,DSC08043.JPG,216.0,217.0,3.5283241271972656,1.307644733665384,1.674407164909763,0.8700209450508797,-0.26825233278062244,0.9604918610010794,-0.07413549020838583,0.9038606224980955,1.0428420476066287,1.8346735369138998,0.9038606224980955,1.0428420476066287,1.8346735369138998,False,False,False,False,0.0,-0.0,0.0,-0.0,0.0,-0.0,0.0,0.00011173465846772589,0.0377567785857688,0.040053950376738486,0.02286227382057525,"[1, 1, 1]",0.042146037001141855,0.00015262841629870572,-0.00015262841629870572,-0.000268017432768497,0.000268017432768497,-0.000178940257808069,0.000178940257808069,False,109,105,True,True
105,DSC08043.JPG,217.0,217.0,3.393864870071411,1.346029555332031,1.5615754321962148,0.942546792675885,-0.060665558018201504,0.9502978486938642,0.3053746696079326,1.0143809581958494,0.9859113438180712,1.7713604783979613,1.0143809581958494,0.9859113438180712,1.7713604783979613,False,False,False,False,0.0,-0.0,0.0,-0.0,0.0,-0.0,0.0,2.7752388184202052e-05,0.0026359212930761643,0.002636057483969198,3.0617041963544e-05,"[1, 1, 1]",0.0026360780848215543,8.19451781985947e-06,-8.19451781985947e-06,-1.1876004876842927e-05,1.1876004876842927e-05,-5.262192522614839e-06,5.262192522614839e-06,False,110,1400,True,True
106,DSC08043.JPG,218.0,217.0,3.3965954780578613,1.339352138398577,1.561811179625608,0.9446967217589199,0.024312255264515397,0.9806391691931107,0.19430834796322793,1.011027209095205,0.9799366960771501,1.7728841647690874,1.011027209095205,0.9799366960771501,1.7728841647690874,False,False,False,False,0.0,-0.0,0.0,-0.0,0.0,-0.0,0.0,2.641083542285527e-05,0.0024532118672350085,0.002457363309559735,0.00018329110430038544,"[1, 1, 1]",0.0024587068277489867,7.859103577922966e-06,-7.859103577922966e-06,-1.1856910460794623e-05,1.1856910460794623e-05,-5.853657487175923e-06,5.853657487175923e-06,False,111,1383,True,True
107,DSC08043.JPG,219.0,217.0,3.3993303775787354,1.3326640032226627,1.5620472195821233,0.9468501671920931,-0.09215166606023618,0.9505490868468452,0.29658810484736464,1.0076681470240154,0.9739523878228397,1.7744102548533605,1.0076681470240154,0.9739523878228397,1.7744102548533605,False,False,False,False,0.0,-0.0,0.0,-0.0,0.0,-0.0,0.0,2.5769453370267997e-05,0.0021611932038909033,0.002168167714369427,0.00029380111511212106,"[1, 1, 1]",0.002174629355604109,7.224649809511874e-06,-7.224649809511874e-06,-1.0991046720087994e-05,1.0991046720087994e-05,-5.538880611943853e-06,5.538880611943853e-06,False,112,1391,True,True
108,DSC08043.JPG,220.0,217.0,3.4020698070526123,1.325965047992439,1.5622837403722343,0.9490070211055197,0.37634125318122275,0.5243858149737922,0.7637976029081649,1.0043035696637315,0.967958479198553,1.7759388622767773,1.0043035696637315,0.967958479198553,1.7759388622767773,False,False,False,False,0.0,-0.0,0.0,-0.0,0.0,-0.0,0.0,2.588415010550936e-05,0.0017645179776937493,0.0017630820635840504,0.0003741555246495843,"[1, 1, 1]",0.001783532125342078,6.289721714125562e-06,-6.289721714125562e-06,-9.274502593692446e-06,9.274502593692446e-06,-4.313778321662909e-06,4.313778321662909e-06,False,113,1420,True,True
109,DSC08043.JPG,221.0,217.0,3.404813528060913,1.3192553299213245,1.5625205381451692,0.9511674187637221,-0.512253875123378,-0.3065992805186539,-0.8022423876899839,1.0009336709446908,0.9619548561395221,1.7774698752124358,1.0009336709446908,0.9619548561395221,1.7774698752124358,False,False,False,False,0.0,-0.0,0.0,-0.0,0.0,-0.0,0.0,2.6748623764055468e-05,0.001278637705144719,0.0012382944126068357,0.0004444767250081704,"[1, 1, 1]",0.00129727527215138,5.052687682027823e-06,-5.052687682027823e-06,-6.703083713199831e-06,6.703083713199831e-06,-2.174145528943683e-06,2.174145528943683e-06,False,114,1491,True,True
110,DSC08043.JPG,222.0,217.0,3.3899006843566895,1.3185148244774672,1.548264484172537,0.9622811208957351,-0.196502236498447,0.8631010656329234,0.4652348026044704,1.0122514611035642,0.9495981900085555,1.7706494480770116,1.0122514611035642,0.9495981900085555,1.7706494480770116,False,False,False,False,0.0,-0.0,0.0,-0.0,0.0,-0.0,0.0,1.845861203271786e-05,0.0001366491325978186,0.00013521736988749572,1.9931546459655188e-05,"[1, 1, 1]",0.00013666246773321264,-4.841948717526634e-07,4.841948717526634e-07,5.862352272512084e-07,-5.862352272512084e-07,1.1139144362459774e-07,-1.1139144362459774e-07,False,115,1579,True,True
111,DSC08043.JPG,223.0,217.0,3.3899219036102295,1.3127429425330075,1.5462726749529478,0.9658113398059315,-0.12980060811387292,0.8879682353257269,0.44120767806757794,1.0111495655993399,0.9426360531299386,1.7708920322543582,1.0111495655993399,0.9426360531299386,1.7708920322543582,False,False,False,False,0.0,-0.0,0.0,-0.0,0.0,-0.0,0.0,1.9879412287214674e-05,0.0007329829489231643,0.0007329421745254503,1.1131846416284069e-05,"[1, 1, 1]",0.0007330053241531439,-2.30108517995653e-06,2.30108517995653e-06,3.2200707527074712e-06,-3.2200707527074712e-06,1.279280870125632e-06,-1.279280870125632e-06,False,116,1530,True,True
112,DSC08043.JPG,224.0,217.0,3.3899431228637695,1.3069709884201786,1.5442808405798574,0.9693416030456338,-0.023152419936055216,0.9354231908154246,0.3527710582457049,1.0100476565214664,0.9356738289967637,1.7711346193429676,1.0100476565214664,0.9356738289967637,1.7711346193429676,False,False,False,False,0.0,-0.0,0.0,-0.0,0.0,-0.0,0.0,2.211933480861463e-05,0.001373727368390007,0.0013737271030791723,1.7075472925031877e-06,"[1, 1, 1]",0.0013737278990115225,-4.24896897133209e-06,4.24896897133209e-06,6.108958489958738e-06,-6.108958489958738e-06,2.6439370248709793e-06,-2.6439370248709793e-06,False,117,1468,True,True
113,DSC08043.JPG,225.0,217.0,3.3899643421173096,1.3011989621389797,1.5422889810532678,0.9728719106148404,0.015691476643798788,-0.9177678848571214,-0.3968071157194928,1.0089457338699412,0.9287115176090326,1.7713772093428406,1.0089457338699412,0.9287115176090326,1.7713772093428406,False,False,False,False,0.0,-0.0,0.0,-0.0,0.0,-0.0,0.0,2.4958839414820846e-05,0.0020576594937965465,0.0020577117452635634,2.3951356298121474e-05,"[1, 1, 1]",0.002057755316658825,-6.32786572474231e-06,6.32786572474231e-06,9.25282156316598e-06,-9.25282156316598e-06,4.205188198991294e-06,-4.205188198991294e-06,False,118,1422,True,True
114,DSC08043.JPG,226.0,217.0,3.3899855613708496,1.295426863689411,1.540297096373177,0.9764022625135526,-0.14816485461347692,-0.845997255677195,-0.5121872892253595,1.007843797644766,0.9217491189667438,1.7716198022539762,1.007843797644766,0.9217491189667438,1.7716198022539762,False,False,False,False,0.0,-0.0,0.0,-0.0,0.0,-0.0,0.0,2.8217522904359147e-05,0.002784702866159894,0.0027850125134104083,5.5567482431249055e-05,"[1, 1, 1]",0.002785134739998926,-8.537794201624038e-06,8.537794201624038e-06,1.2651576555500199e-05,-1.2651576555500199e-05,5.96285251752704e-06,-5.96285251752704e-06,False,119,1376,True,True
115,DSC08043.JPG,227.0,217.0,3.3900067806243896,1.2896546930714723,1.5383051865395851,0.9799326587417704,0.3190505058496819,0.8323126091287743,0.4532797098948004,1.0067418478459405,0.9147866330698967,1.7718623980763746,1.0067418478459405,0.9147866330698967,1.7718623980763746,False,False,False,False,0.0,-0.0,0.0,-0.0,0.0,-0.0,0.0,3.1766669049041036e-05,0.003554828758427874,0.0035557245235237536,9.74649088107613e-05,"[1, 1, 1]",0.0035559445859988923,-1.0878772441103024e-05,1.0878772441103024e-05,1.630513351869034e-05,-1.630513351869034e-05,7.916737966962017e-06,-7.916737966962017e-06,False,120,1333,True,True
116,DSC08043.JPG,228.0,217.0,3.3900279998779297,1.2838824502851642,1.5363132515524929,0.9834630992994934,0.2211916568127957,0.8905585897724217,0.39746653838903967,1.0056398844734646,0.9078240599184928,1.7721049968100362,1.0056398844734646,0.9078240599184928,1.7721049968100362,False,False,False,False,0.0,-0.0,0.0,-0.0,0.0,-0.0,0.0,3.55193347924644e-05,0.004368020789305299,0.00436993029814881,0.00014994122411175162,"[1, 1, 1]",0.004370261895370957,-1.335081775533098e-05,1.335081775533098e-05,2.0213395969692627e-05,-2.0213395969692627e-05,1.0066642396999725e-05,-1.0066642396999725e-05,False,121,1287,True,True
117,DSC08043.JPG,229.0,217.0,3.3900492191314697,1.278110135330486,1.534321291411901,0.9869935841867207,0.05011566043193077,0.7635887161658316,0.6437551499783817,1.0045379075273375,0.9008613995125322,1.7723475984549613,1.0045379075273375,0.9008613995125322,1.7723475984549613,False,False,False,False,0.0,-0.0,0.0,-0.0,0.0,-0.0,0.0,3.941745466300069e-05,0.0052242633374668425,0.00522770016948233,0.00021312215090206577,"[1, 1, 1]",0.005228154432133477,-1.595394672948558e-05,1.595394672948558e-05,2.4376260911784797e-05,-2.4376260911784797e-05,1.2412353556978672e-05,-1.2412353556978672e-05,False,122,1234,True,True
118,DSC08043.JPG,230.0,217.0,3.412553310394287,1.2644191435783132,1.5506729376801893,0.979318657453251,0.27777266921217264,0.16849942100483337,0.9457538206953123,0.9846736810169112,0.9016040892736132,1.783237272842503,0.9846736810169112,0.9016040892736132,1.783237272842503,False,False,False,False,0.0,-0.0,0.0,-0.0,0.0,-0.0,0.0,4.8198490663934594e-05,0.007983711692792099,0.008149950885443378,0.0021943343058141987,"[1, 1, 1]",0.008215121920818358,-2.111320415254525e-05,2.111320415254525e-05,4.6541035375380346e-05,-4.6541035375380346e-05,4.1100751208222874e-05,-4.1100751208222874e-05,False,123,791,True,True
119,DSC08043.JPG,231.0,217.0,3.417923927307129,1.2567152639271228,1.5530289702738487,0.9802121654160393,-0.101715938059603,0.6787005286987438,0.7273372397235691,0.9790986361719233,0.8964174017147288,1.7860150696106023,0.9790986361719233,0.8964174017147288,1.7860150696106023,False,False,False,False,0.0,-0.0,0.0,-0.0,0.0,-0.0,0.0,5.322680790258114e-05,0.009702875956764122,0.00995539311913759,0.002974748445184099,"[1, 1, 1]",0.010052481823266932,-2.5146373991757898e-05,2.5146373991757898e-05,5.8093126662273065e-05,-5.8093126662273065e-05,5.3550144709646474e-05,-5.3550144709646474e-05,False,124,668,True,True
120,DSC08043.JPG,232.0,217.0,3.416032314300537,1.2515756194672192,1.5494620382319073,0.9847212145601913,0.39368084828973965,-0.02703692677790954,0.9188494949012472,0.9795852224490585,0.8887495463861727,1.7853534790985315,0.9795852224490585,0.8887495463861727,1.7853534790985315,False,False,False,False,0.0,-0.0,0.0,-0.0,0.0,-0.0,0.0,5.6209030056058245e-05,0.010939339443638766,0.011230246479930222,0.003153119352502359,"[1, 1, 1]",0.011307735061575787,-2.9284216647607053e-05,2.9284216647607053e-05,6.505013883550959e-05,-6.505013883550959e-05,5.786574250477017e-05,-5.786574250477017e-05,False,125,615,True,True
121,DSC08043.JPG,233.0,217.0,3.4141428470611572,1.2464416418344835,1.5458990954279634,0.9892252491777489,0.47543086828368414,0.15925528605391256,0.8652186101482727,0.9800712260354243,0.8810901916306317,1.7846926456576595,0.9800712260354243,0.8810901916306317,1.7846926456576595,False,False,False,False,0.0,-0.0,0.0,-0.0,0.0,-0.0,0.0,5.943672070024402e-05,0.012158165423379906,0.012476007295497117,0.0033100662230782494,"[1, 1, 1]",0.01253850636463059,-3.334965084200725e-05,3.334965084200725e-05,7.171349598511512e-05,-7.171349598511512e-05,6.180875432315602e-05,-6.180875432315602e-05,False,126,567,True,True
122,DSC08043.JPG,234.0,217.0,3.4122555255889893,1.241313320082029,1.5423401380465969,0.993724275992851,0.4527627509226665,0.19101187721111176,0.8709307401517222,0.9805566448720978,0.8734393242128637,1.7840325697295811,0.9805566448720978,0.8734393242128637,1.7840325697295811,False,False,False,False,0.0,-0.0,0.0,-0.0,0.0,-0.0,0.0,6.287084184867673e-05,0.013357986979304851,0.013693164729634087,0.0034427882127323235,"[1, 1, 1]",0.013743932571327437,-3.7342819257046855e-05,3.7342819257046855e-05,7.808415535026647e-05,-7.808415535026647e-05,6.538057333660419e-05,-6.538057333660419e-05,False,127,539,True,True
123,DSC08043.JPG,235.0,217.0,3.3978116512298584,1.2407206763493577,1.5285758183110194,1.004411961492158,-0.0858315421343794,0.7877587339103861,0.6099746908870398,0.9915419509863995,0.8616218585139629,1.7774216015902262,0.9915419509863995,0.8616218585139629,1.7774216015902262,False,False,False,False,0.0,-0.0,0.0,-0.0,0.0,-0.0,0.0,6.484677271055026e-05,0.012569052349046593,0.012691454461244969,0.0018812055187009103,"[1, 1, 1]",0.012700256459139529,-3.7368784557401113e-05,3.7368784557401113e-05,6.645405414817951e-05,-6.645405414817951e-05,4.5239246393879995e-05,-4.5239246393879995e-05,False,128,747,True,True
124,DSC08043.JPG,201.0,218.0,3.378201484680176,1.4449369149365363,1.5848905558972592,0.8994417225504188,-0.558849612348091,0.7833723461914791,0.27205675510974875,1.0479408868622175,1.0909539720775343,1.766452802379329,1.0479408868622175,1.0909539720775343,1.766452802379329,False,False,False,False,0.0,-0.0,0.0,-0.0,0.0,-0.0,0.0,8.828707775156875e-05,0.002541316740633928,0.0032896187763995677,0.002089828268617719,"[1, 1, 1]",0.0032899287588961748,-7.719976545139673e-06,7.719976545139673e-06,2.358871100827109e-05,-2.358871100827109e-05,2.638152774858682e-05,-2.638152774858682e-05,False,129,984,True,True
125,DSC08043.JPG,202.0,218.0,3.369810104370117,1.4417435652801285,1.5758921648275257,0.9073848883034648,-0.46878738578437096,0.8756891869178373,0.11578788729669752,1.0537798424114688,1.0806500446558769,1.7627114010595852,1.0537798424114688,1.0806500446558769,1.7627114010595852,False,False,False,False,0.0,-0.0,0.0,-0.0,0.0,-0.0,0.0,8.218254230241483e-05,0.004476688253093353,0.00567547905124604,0.003495473701778766,"[1, 1, 1]",0.005677593466025741,-1.3346212983433858e-05,1.3346212983433858e-05,4.043018347821281e-05,-4.043018347821281e-05,4.500365050841282e-05,-4.500365050841282e-05,False,130,752,True,True
126,DSC08043.JPG,203.0,218.0,3.3712944984436035,1.4355592117975733,1.5751315614231833,0.9101255105881705,-0.3201595401998099,0.9463838480078639,-0.04307529511070952,1.0514775415629254,1.0743126456875278,1.7636455001774975,1.0514775415629254,1.0743126456875278,1.7636455001774975,False,False,False,False,0.0,-0.0,0.0,-0.0,0.0,-0.0,0.0,7.804305296958714e-05,0.0034619321214249066,0.004547643500560315,0.0029531607116242103,"[1, 1, 1]",0.004549021522015994,-1.0346777791214734e-05,1.0346777791214734e-05,3.274414475185061e-05,-3.274414475185061e-05,3.7308830215021516e-05,-3.7308830215021516e-05,False,131,839,True,True
127,DSC08043.JPG,204.0,218.0,3.3727803230285645,1.4293693699574315,1.574370389363737,0.9128684843881272,-0.29904331429094516,0.9379446104986753,-0.1755932909150444,1.049173110668265,1.0679697094362512,1.7645804804667407,1.049173110668265,1.0679697094362512,1.7645804804667407,False,False,False,False,0.0,-0.0,0.0,-0.0,0.0,-0.0,0.0,7.391767026185327e-05,0.0025282746097897847,0.0035182474685620485,0.0024489307581181336,"[1, 1, 1]",0.003519055295209477,-7.577344485865112e-06,7.577344485865112e-06,2.563878681072218e-05,-2.563878681072218e-05,3.018899362938754e-05,-3.018899362938754e-05,False,132,937,True,True
128,DSC08043.JPG,205.0,218.0,3.374267339706421,1.4231741061697565,1.5736084477536454,0.9156139388633491,-0.12358903210436117,0.9778421539779193,0.1689688522992636,1.0468667451812357,1.0616211331329897,1.7655162292863962,1.0468667451812357,1.0616211331329897,1.7655162292863962,False,False,False,False,0.0,-0.0,0.0,-0.0,0.0,-0.0,0.0,6.980953893880211e-05,0.0016760109461077138,0.002595518785784243,0.001982878219243613,"[1, 1, 1]",0.0025959138997280044,-5.0386712895367225e-06,5.0386712895367225e-06,1.9116371555494283e-05,-1.9116371555494283e-05,2.3646646734487575e-05,-2.3646646734487575e-05,False,133,1028,True,True
129,DSC08043.JPG,206.0,218.0,3.375755786895752,1.416973340239525,1.5728459326838478,0.9183617533212564,-0.032521925598110166,0.9344238017005456,0.3546751798066654,1.0445582470553703,1.0552670028801976,1.766452859833466,1.0445582470553703,1.0552670028801976,1.766452859833466,False,False,False,False,0.0,-0.0,0.0,-0.0,0.0,-0.0,0.0,6.572268618890553e-05,0.0009053089012017404,0.0017990821916670004,0.001555006843807826,"[1, 1, 1]",0.0017992120431299461,-2.7311582166955617e-06,2.7311582166955617e-06,1.3178120511936342e-05,-1.3178120511936342e-05,1.768316418759852e-05,-1.768316418759852e-05,False,134,1133,True,True
130,DSC08043.JPG,207.0,218.0,3.3772454261779785,1.4107671393876713,1.5720826435414277,0.9211120564237774,0.1641256715907354,-0.9489788513392302,-0.26926177529639306,1.0422478118969283,1.048907216889209,1.7673902594343212,1.0422478118969283,1.048907216889209,1.7673902594343212,False,False,False,False,0.0,-0.0,0.0,-0.0,0.0,-0.0,0.0,6.166207743604528e-05,0.00021644803742615077,0.001185302596593349,0.0011653882048414021,"[1, 1, 1]",0.0011853102837345638,-6.555643015104806e-07,6.555643015104806e-07,7.826225449703017e-06,-7.826225449703017e-06,1.2300927746622392e-05,-1.2300927746622392e-05,False,135,1237,True,True
131,DSC08043.JPG,208.0,218.0,3.3835580348968506,1.4030402285089387,1.575321473952697,0.9213584889941661,-0.17489128227030165,0.9340323999478062,0.311442635542392,1.0359501955524717,1.04441198179129,1.7706134244882796,1.0359501955524717,1.04441198179129,1.7706134244882796,False,False,False,False,0.0,-0.0,0.0,-0.0,0.0,-0.0,0.0,5.888291617843578e-05,0.0014405357675322792,0.0014479457353990953,0.00014641160112202837,"[1, 1, 1]",0.0014479512730434293,4.44649443265277e-06,-4.44649443265277e-06,-5.534875998414179e-06,5.534875998414179e-06,-1.2843969581233239e-06,1.2843969581233239e-06,False,136,1529,True,True
132,DSC08043.JPG,209.0,218.0,3.382636547088623,1.3975775028958806,1.5725515778345693,0.9253708408553157,-0.1165641183389819,0.9478632666049681,0.2965940561387148,1.0356299017420645,1.037099786597272,1.7704087872334933,1.0356299017420645,1.037099786597272,1.7704087872334933,False,False,False,False,0.0,-0.0,0.0,-0.0,0.0,-0.0,0.0,5.429253654214841e-05,0.0014047620152866176,0.001417719868404861,0.00019143196864164675,"[1, 1, 1]",0.001417732722251219,4.329043795880949e-06,-4.329043795880949e-06,-5.110995956458808e-06,5.110995956458808e-06,-7.707176923332781e-07,7.707176923332781e-07,False,137,1549,True,True
133,DSC08043.JPG,210.0,218.0,3.3817152976989746,1.3921178356010027,1.5697829717020355,0.9293811441884899,-0.10621330672804533,0.9566813789689231,0.2710709733778476,1.0353100001864683,1.0297914720985681,1.770204136568481,1.0353100001864683,1.0297914720985681,1.770204136568481,False,False,False,False,0.0,-0.0,0.0,-0.0,0.0,-0.0,0.0,4.9709992890130006e-05,0.0013558116363944707,0.0013746087134853594,0.00022685490368358458,"[1, 1, 1]",0.001374633901621297,4.17013771802921e-06,-4.17013771802921e-06,-4.685188913944316e-06,4.685188913944316e-06,-3.308888469888416e-07,3.308888469888416e-07,False,138,1570,True,True
134,DSC08043.JPG,211.0,218.0,3.3807947635650635,1.386661073126745,1.5670160501392767,0.9333891533748121,0.02685292206470492,0.8492520430744964,0.5273043598438955,1.0349900960891099,1.0224872188333896,1.7699996986092064,1.0349900960891099,1.0224872188333896,1.7699996986092064,False,False,False,False,0.0,-0.0,0.0,-0.0,0.0,-0.0,0.0,4.513705206500683e-05,0.001293802341089936,0.0013181515813331182,0.0002526434371383769,"[1, 1, 1]",0.001318194990618967,3.970138310993576e-06,-3.970138310993576e-06,-4.258213946117806e-06,4.258213946117806e-06,3.445222374054424e-08,-3.445222374054424e-08,False,139,1586,True,True
135,DSC08043.JPG,212.0,218.0,3.3798747062683105,1.3812072883702042,1.5642506145117412,0.9373949935896209,0.02567836073234185,0.8406089611417648,0.5410334520510379,1.0346703861238382,1.0151869318757865,1.769795360453065,1.0346703861238382,1.0151869318757865,1.769795360453065,False,False,False,False,0.0,-0.0,0.0,-0.0,0.0,-0.0,0.0,4.057601539047853e-05,0.0012187076769246898,0.0012478695564501685,0.0002688587301006844,"[1, 1, 1]",0.001247940235283485,3.728957818083245e-06,-3.728957818083245e-06,-3.829667197363662e-06,3.829667197363662e-06,3.258398302286025e-07,-3.258398302286025e-07,False,140,1571,True,True
136,DSC08043.JPG,213.0,218.0,3.382176399230957,1.3747167871764223,1.564151322776638,0.9397410704087071,0.03629890383071115,-0.8724908057593872,-0.487280395097139,1.0316833064259463,1.0091069226664895,1.7711187590814088,1.0316833064259463,1.0091069226664895,1.7711187590814088,False,False,False,False,0.0,-0.0,0.0,-0.0,0.0,-0.0,0.0,3.702227267398445e-05,0.001588089898790134,0.001588092652773297,2.831646840510158e-06,"[1, 1, 1]",0.0015880924232748823,4.917420243444326e-06,-4.917420243444326e-06,-7.070722501500981e-06,7.070722501500981e-06,-3.0611535350999475e-06,3.0611535350999475e-06,False,141,1449,True,True
137,DSC08043.JPG,214.0,218.0,3.388732671737671,1.3668380231347579,1.5675661973875221,0.9399070875410287,0.007613570760185428,0.8518250646216704,0.52377103091195,1.0251701407406013,1.0046151797099225,1.7744604309815042,1.0251701407406013,1.0046151797099225,1.7744604309815042,False,False,False,False,0.0,-0.0,0.0,-0.0,0.0,-0.0,0.0,3.5268072853365066e-05,0.002442264994241627,0.0025079256079042827,0.0005817833141757117,"[1, 1, 1]",0.0025092650030004134,7.82743464489144e-06,-7.82743464489144e-06,-1.4233646552064272e-05,1.4233646552064272e-05,-1.0018941350331545e-05,1.0018941350331545e-05,False,142,1288,True,True
138,DSC08043.JPG,215.0,218.0,3.379978895187378,1.3639304719838348,1.5583268743733074,0.947933028977449,-0.03002825577011116,-0.9230681114608311,-0.3834625998184695,1.0313409541285536,0.9943785409693087,1.770540358428309,1.0313409541285536,0.9943785409693087,1.770540358428309,False,False,False,False,0.0,-0.0,0.0,-0.0,0.0,-0.0,0.0,2.7953504432622546e-05,0.0012254233696582502,0.0012278633488537651,7.83241352260523e-05,"[1, 1, 1]",0.00122789392179887,3.7656696552090807e-06,-3.7656696552090807e-06,-4.982966676392309e-06,4.982966676392309e-06,-1.5983809587005737e-06,1.5983809587005737e-06,False,143,1512,True,True
139,DSC08043.JPG,216.0,218.0,3.419606924057007,1.3451902534890925,1.5890336511171905,0.9311960907245284,0.4925374138891653,0.03851562586052731,0.8694385789024691,0.9974055665819237,1.002147867856754,1.7895733314248616,0.9974055665819237,1.002147867856754,1.7895733314248616,False,False,False,False,0.0,-0.0,0.0,-0.0,0.0,-0.0,0.0,4.4041213562382325e-05,0.006413874439578332,0.006984324892400792,0.003258388839457742,"[1, 1, 1]",0.007089981571924233,2.3520518567465842e-05,-2.3520518567465842e-05,-4.577617372381049e-05,4.577617372381049e-05,-3.5299526666587866e-05,3.5299526666587866e-05,False,144,868,True,True
140,DSC08043.JPG,217.0,218.0,3.3909530639648438,1.3488182461559812,1.563372103591275,0.9493929892488358,0.043063432005109606,0.9338183805698481,0.3551461289861507,1.0200769895964017,0.9845333730734263,1.7762114221246728,1.0200769895964017,0.9845333730734263,1.7762114221246728,False,False,False,False,0.0,-0.0,0.0,-0.0,0.0,-0.0,0.0,2.516775477900551e-05,0.002005344732676583,0.002072021747718686,0.0005704984245290541,"[1, 1, 1]",0.0020784792829299232,6.729055817666918e-06,-6.729055817666918e-06,-1.2095724512883876e-05,1.2095724512883876e-05,-8.370117122957765e-06,8.370117122957765e-06,False,145,1323,True,True
141,DSC08043.JPG,218.0,218.0,3.427579641342163,1.3309188504484832,1.5915514746891275,0.9342791062158069,0.20466167924984288,0.34602520516864926,0.9156310143472799,0.9886030695579887,0.9910147275414569,1.7938261654999104,0.9886030695579887,0.9910147275414569,1.7938261654999104,False,False,False,False,0.0,-0.0,0.0,-0.0,0.0,-0.0,0.0,4.4126061364645276e-05,0.006171482592938995,0.006578849549125814,0.003416735784433826,"[1, 1, 1]",0.006820650343906124,2.422302762594697e-05,-2.422302762594697e-05,-4.333442809278942e-05,4.333442809278942e-05,-2.977297752382313e-05,2.977297752382313e-05,False,146,944,True,True
142,DSC08043.JPG,219.0,218.0,3.4256772994995117,1.3257235209696625,1.5879530676190186,0.9388263941357853,0.17947073840658326,-0.6723758256512115,0.7181232506580243,0.9890857787936734,0.9832727100848704,1.7931583580736308,0.9890857787936734,0.9832727100848704,1.7931583580736308,False,False,False,False,0.0,-0.0,0.0,-0.0,0.0,-0.0,0.0,4.115501543366825e-05,0.005018664286813937,0.005229043113961489,0.002854754810016787,"[1, 1, 1]",0.005508153483906734,2.0306333998743042e-05,-2.0306333998743042e-05,-3.4298421030642956e-05,3.4298421030642956e-05,-2.145296136424335e-05,2.145296136424335e-05,False,147,1055,True,True
143,DSC08043.JPG,220.0,218.0,3.4237773418426514,1.320533863610996,1.5843588779251565,0.9433684984246803,0.5859704585184647,0.6569891360899159,0.47434575659900874,0.989567725227884,0.9755393810729099,1.7924914214541943,0.989567725227884,0.9755393810729099,1.7924914214541943,False,False,False,False,0.0,-0.0,0.0,-0.0,0.0,-0.0,0.0,3.858541052095869e-05,0.003911629440097464,0.003914351056671122,0.0023568498440270577,"[1, 1, 1]",0.004253100649098037,1.6461131167710974e-05,-1.6461131167710974e-05,-2.556220579363888e-05,2.556220579363888e-05,-1.3517877206048468e-05,1.3517877206048468e-05,False,148,1211,True,True
144,DSC08043.JPG,221.0,218.0,3.421879291534424,1.3153500265993225,1.5807685091863048,0.947905667938918,-0.38943884023172953,0.8557058780364873,0.3407416029967133,0.9900493026658634,0.9678145535948399,1.791825129738256,0.9900493026658634,0.9678145535948399,1.791825129738256,False,False,False,False,0.0,-0.0,0.0,-0.0,0.0,-0.0,0.0,3.649959004211308e-05,0.002876043580077561,0.0026343543842229336,0.0019406922905855287,"[1, 1, 1]",0.003080400644735179,1.2687017761248143e-05,-1.2687017761248143e-05,-1.7124280893066057e-05,1.7124280893066057e-05,-5.965872812652151e-06,5.965872812652151e-06,False,149,1375,True,True
145,DSC08043.JPG,222.0,218.0,3.419983386993408,1.3101719196036103,1.577182153960611,0.9524377882119709,0.12130920678386248,0.7831451274081268,0.6098916180489606,0.9905303111547298,0.9600983014982621,1.791159596531705,0.9905303111547298,0.9600983014982621,1.791159596531705,False,False,False,False,0.0,-0.0,0.0,-0.0,0.0,-0.0,0.0,3.4982080307221564e-05,0.0019865898303815556,0.0013887265457140012,0.0016336920238136999,"[1, 1, 1]",0.0020668877814088754,8.984010947621357e-06,-8.984010947621357e-06,-8.983838640563846e-06,8.983838640563846e-06,1.204484412209439e-06,-1.204484412209439e-06,False,150,1533,True,True
146,DSC08043.JPG,223.0,218.0,3.4180893898010254,1.304999612682877,1.5735996126243388,0.9569649861624746,0.34352431001152806,0.5368854775713021,0.770548526962539,0.991010946834541,0.9523905264258681,1.790494709046424,0.991010946834541,0.9523905264258681,1.790494709046424,False,False,False,False,0.0,-0.0,0.0,-0.0,0.0,-0.0,0.0,3.4106332418430546e-05,0.0014750555148828736,0.00017707314821864258,0.0014678536778625804,"[1, 1, 1]",0.0014767766961111643,5.351891678273546e-06,-5.351891678273546e-06,-1.1397487227338132e-06,1.1397487227338132e-06,7.994744554373767e-06,-7.994744554373767e-06,False,151,1331,True,True
147,DSC08043.JPG,224.0,218.0,3.4161977767944336,1.299832933283867,1.5700212731200152,0.961487027876533,-0.5357040943802879,0.8293507817724968,-0.15874005177504596,0.9914908113246673,0.944691385876744,1.7898306941670812,0.9914908113246673,0.944691385876744,1.7898306941670812,False,False,False,False,0.0,-0.0,0.0,-0.0,0.0,-0.0,0.0,3.392003659869998e-05,0.0016772467484942016,0.0010009570279668545,0.001456879860345775,"[1, 1, 1]",0.0017230163311411865,1.7907119196358678e-06,-1.7907119196358678e-06,6.408802885493614e-06,-6.408802885493614e-06,1.4406415658196892e-05,-1.4406415658196892e-05,False,152,1195,True,True
148,DSC08043.JPG,225.0,218.0,3.4143080711364746,1.294672032876941,1.5664467401568996,0.9660041602182334,-0.5951462723815844,0.7908279630586377,0.14280072589042017,0.9919702990404013,0.9370006968617086,1.7891673258594887,0.9919702990404013,0.9370006968617086,1.7891673258594887,False,False,False,False,0.0,-0.0,0.0,-0.0,0.0,-0.0,0.0,3.443180366991213e-05,0.0023907310128028626,0.002145793909908491,0.001574465784795752,"[1, 1, 1]",0.002529720220441978,-1.6998268730361588e-06,1.6998268730361588e-06,1.3662982339068819e-05,-1.3662982339068819e-05,2.044096143993812e-05,-2.044096143993812e-05,False,153,1073,True,True
149,DSC08043.JPG,226.0,218.0,3.4124205112457275,1.2895168195093074,1.5628762057278895,0.9705162697172202,0.1868964517152684,0.551395262313812,0.8130393477772923,0.9924492097238394,0.9293185312675856,1.7885047177949567,0.9924492097238394,0.9293185312675856,1.7885047177949567,False,False,False,False,0.0,-0.0,0.0,-0.0,0.0,-0.0,0.0,3.5609465249596516e-05,0.003277728542590419,0.0032578384699461075,0.0017712743712123436,"[1, 1, 1]",0.003499602034150609,-5.11978166928273e-06,5.11978166928273e-06,2.062371496092119e-05,-2.062371496092119e-05,2.609987913881895e-05,-2.609987913881895e-05,False,154,987,True,True
150,DSC08043.JPG,227.0,218.0,3.4105350971221924,1.2843672822340784,1.559309666017568,0.9750233630976302,0.3501432453792568,0.7652730880256224,0.540145173503392,0.9929275413160551,0.9216448758591343,1.7878428704150824,0.9929275413160551,0.9216448758591343,1.7878428704150824,False,False,False,False,0.0,-0.0,0.0,-0.0,0.0,-0.0,0.0,3.7388043115171456e-05,0.004214334476988346,0.0043375245600272595,0.002004589251224418,"[1, 1, 1]",0.004505169944763936,-8.469299826119325e-06,8.469299826119325e-06,2.729200800755116e-05,-2.729200800755116e-05,3.138463912888412e-05,-3.138463912888412e-05,False,155,921,True,True
151,DSC08043.JPG,228.0,218.0,3.40865159034729,1.2792234931374717,1.5557469221087568,0.9795255660328874,0.3256316358933884,0.48260528130024777,0.8130536145707148,0.993405490338388,0.9139796347300162,1.7871816708499695,0.993405490338388,0.9139796347300162,1.7871816708499695,False,False,False,False,0.0,-0.0,0.0,-0.0,0.0,-0.0,0.0,3.968476298200258e-05,0.005160801317583567,0.005385288454642461,0.0022470321629767904,"[1, 1, 1]",0.005508373422684139,-1.1748545341916383e-05,1.1748545341916383e-05,3.36687631516952e-05,-3.36687631516952e-05,3.62964982443259e-05,-3.62964982443259e-05,False,156,854,True,True
152,DSC08043.JPG,229.0,218.0,3.4067704677581787,1.274085275611831,1.5521883605308657,0.9840226470995183,0.19667086511792703,0.3743138776211614,0.9062062082296592,0.9938826576476447,0.9063229604773769,1.786521346147841,0.9938826576476447,0.9063229604773769,1.786521346147841,False,False,False,False,0.0,-0.0,0.0,-0.0,0.0,-0.0,0.0,4.241385265524772e-05,0.006101953342703835,0.0064016164375892744,0.002482759524105782,"[1, 1, 1]",0.006495330012190399,-1.4957632212375671e-05,1.4957632212375671e-05,3.975512924836444e-05,-3.975512924836444e-05,4.083723333048184e-05,-4.083723333048184e-05,False,157,793,True,True
153,DSC08043.JPG,230.0,218.0,3.4048912525177,1.2689527851819178,1.5486335874062722,0.9885148506711887,0.11785495567218437,0.23131326563992685,0.9657144415211466,0.9943594384216818,0.8986746750139752,1.7858616701109562,0.9943594384216818,0.8986746750139752,1.7858616701109562,False,False,False,False,0.0,-0.0,0.0,-0.0,0.0,-0.0,0.0,4.5495717037119625e-05,0.007030921984814725,0.007386964256987582,0.0027026003501197057,"[1, 1, 1]",0.007460065418729345,-1.809672993435818e-05,1.809672993435818e-05,4.555185725529931e-05,-4.555185725529931e-05,4.5007830316912134e-05,-4.5007830316912134e-05,False,158,751,True,True
154,DSC08043.JPG,231.0,218.0,3.3801825046539307,1.271893905598049,1.5264398617206112,1.0043214578175947,0.05351647672740863,0.9083739484645094,0.41472009412335153,1.0138741813175627,0.8832588429383644,1.7743470094682103,1.0138741813175627,0.8832588429383644,1.7743470094682103,False,False,False,False,0.0,-0.0,0.0,-0.0,0.0,-0.0,0.0,4.633571229616415e-05,0.005267345908551035,0.0053131629144186,0.0007216332036062222,"[1, 1, 1]",0.005314855950859015,-1.5867870687635843e-05,1.5867870687635843e-05,2.755093705331113e-05,-2.755093705331113e-05,1.8057470929200292e-05,-1.8057470929200292e-05,False,159,1122,True,True
155,DSC08043.JPG,232.0,218.0,3.3806536197662354,1.2659784927513218,1.5248208159655958,1.0076191809846355,0.030615722560628115,0.9219498571360611,0.3860973173422568,1.012400056996643,0.8764685927005397,1.7748029212850007,1.012400056996643,0.8764685927005397,1.7748029212850007,False,False,False,False,0.0,-0.0,0.0,-0.0,0.0,-0.0,0.0,5.0669262918602876e-05,0.006102909532090042,0.006165284891969936,0.0009039793910516938,"[1, 1, 1]",0.006167390881405613,-1.836691188916717e-05,1.836691188916717e-05,3.231960069594031e-05,-3.231960069594031e-05,2.1643573712815112e-05,-2.1643573712815112e-05,False,160,1052,True,True
156,DSC08043.JPG,233.0,218.0,3.381124973297119,1.2600613925443047,1.5232014061415404,1.0109177706622368,0.02405630607782967,0.9078661508680269,0.4185694043357241,1.0109254323486385,0.8696764854355891,1.7752590111316395,1.0109254323486385,0.8696764854355891,1.7752590111316395,False,False,False,False,0.0,-0.0,0.0,-0.0,0.0,-0.0,0.0,5.5013502623540244e-05,0.006994886778757763,0.007076738483203843,0.00110641158961969,"[1, 1, 1]",0.007079294313168276,-2.1034397100549995e-05,2.1034397100549995e-05,3.7455775472095e-05,-3.7455775472095e-05,2.5550989357192577e-05,-2.5550989357192577e-05,False,161,997,True,True
157,DSC08043.JPG,234.0,218.0,3.381596565246582,1.2541426037606758,1.5215816318245103,1.014217227597524,-0.044099817813728306,0.9161559251511181,0.3983886630908252,1.009450307144778,0.8628825196729297,1.7757152790571933,1.009450307144778,0.8628825196729297,1.7757152790571933,False,False,False,False,0.0,-0.0,0.0,-0.0,0.0,-0.0,0.0,5.936635597878259e-05,0.007943309320356168,0.00804763081417548,0.0013289608675854138,"[1, 1, 1]",0.008050672717303944,-2.387050048913153e-05,2.387050048913153e-05,4.295967015788271e-05,-4.295967015788271e-05,2.9779748759839464e-05,-2.9779748759839464e-05,False,162,943,True,True
158,DSC08043.JPG,235.0,218.0,3.382068157196045,1.248222211055302,1.5199612984779929,1.017517669743615,-0.044103336011587176,0.9190611574987496,0.3916394828534372,1.0079748802703528,0.8560866147022417,1.7761716116847477,1.0079748802703528,0.8560866147022417,1.7761716116847477,False,False,False,False,0.0,-0.0,0.0,-0.0,0.0,-0.0,0.0,6.372631267960411e-05,0.008948162183729454,0.00907800496370849,0.0015716212777792116,"[1, 1, 1]",0.009081568573107556,-2.6875278997806618e-05,2.6875278997806618e-05,4.883108525643998e-05,-4.883108525643998e-05,3.4329395325105594e-05,-3.4329395325105594e-05,False,163,879,True,True
159,DSC08043.JPG,201.0,219.0,3.378427505493164,1.446689333033608,1.589258465761803,0.9046582154313897,-0.3447159354932225,0.9205470915907944,0.18374976457335138,1.0510206757583087,1.090743812543282,1.7727640730180052,1.0510206757583087,1.090743812543282,1.7727640730180052,False,False,False,False,0.0,-0.0,0.0,-0.0,0.0,-0.0,0.0,8.822367066718274e-05,0.0037425460674110956,0.0038160466360293755,0.000746121479557637,"[1, 1, 1]",0.003816121036390819,-1.1670389559848005e-05,1.1670389559848005e-05,1.2220534809204153e-05,-1.2220534809204153e-05,-6.140170336621509e-07,6.140170336621509e-07,False,164,1554,True,True
160,DSC08043.JPG,202.0,219.0,3.3775088787078857,1.4412229979223314,1.5864890362503419,0.9086689900881553,-0.4079068754798495,0.8913102383382664,0.19793443351183074,1.0506967125395452,1.083430130494415,1.7725591939413612,1.0506967125395452,1.083430130494415,1.7725591939413612,False,False,False,False,0.0,-0.0,0.0,-0.0,0.0,-0.0,0.0,8.36050826508099e-05,0.0034265041403457245,0.00348198997787216,0.0006197902733497965,"[1, 1, 1]",0.0034820485933553936,-1.0679233365618046e-05,1.0679233365618046e-05,1.1561902004464386e-05,-1.1561902004464386e-05,9.336558104422465e-08,-9.336558104422465e-08,False,165,1580,True,True
161,DSC08043.JPG,203.0,219.0,3.3765904903411865,1.435759714365243,1.5837208946171126,0.9126777208272029,-0.42119234220162766,0.9069624606758879,-0.004013202641967028,1.0503731405097245,1.0761203207863133,1.7723543021703736,1.0503731405097245,1.0761203207863133,1.7723543021703736,False,False,False,False,0.0,-0.0,0.0,-0.0,0.0,-0.0,0.0,7.898918935003391e-05,0.003123917871440522,0.003164088013109797,0.0005031400450010464,"[1, 1, 1]",0.0031641321297759344,-9.730466413504502e-06,9.730466413504502e-06,1.0905892755985747e-05,-1.0905892755985747e-05,7.263608172713987e-07,-7.263608172713987e-07,False,166,1552,True,True
162,DSC08043.JPG,204.0,219.0,3.3756725788116455,1.4302994079719764,1.580954239226361,0.916684283845902,-0.33655978652995683,0.938216678618475,-0.0804796499310682,1.0500497629204606,1.0688144763629044,1.7721495111109102,1.0500497629204606,1.0688144763629044,1.7721495111109102,False,False,False,False,0.0,-0.0,0.0,-0.0,0.0,-0.0,0.0,7.437608608525428e-05,0.0028346986125675584,0.0028621894018377317,0.00039620248933521337,"[1, 1, 1]",0.002862221108758481,-8.82381027667023e-06,8.82381027667023e-06,1.0251937818894774e-05,-1.0251937818894774e-05,1.2845036474473659e-06,-1.2845036474473659e-06,False,167,1528,True,True
163,DSC08043.JPG,205.0,219.0,3.3747551441192627,1.4248420763098888,1.578189069230218,0.9206886806385046,-0.37755767127427914,0.9016383524478725,-0.21094664315183953,1.049726579314213,1.0615125942830235,1.7719448208611055,1.049726579314213,1.0615125942830235,1.7719448208611055,False,False,False,False,0.0,-0.0,0.0,-0.0,0.0,-0.0,0.0,6.97658271429593e-05,0.0025588312633626573,0.0025761934698465853,0.0002989524722447563,"[1, 1, 1]",0.0025762146908780877,-7.95921195329008e-06,7.95921195329008e-06,9.600095758122151e-06,-9.600095758122151e-06,1.7679940182979692e-06,-1.7679940182979692e-06,False,168,1505,True,True
164,DSC08043.JPG,206.0,219.0,3.373838424682617,1.4193876429614136,1.5754255822863665,0.9246907886475932,-0.3526768416952017,0.9333612485841386,0.06675196606359586,1.0494033925613164,1.0542147650396245,1.7717403449086022,1.0494033925613164,1.0542147650396245,1.7717403449086022,False,False,False,False,0.0,-0.0,0.0,-0.0,0.0,-0.0,0.0,6.515853229278991e-05,0.0022962462445257977,0.002305933247082863,0.0002114154567261384,"[1, 1, 1]",0.0023059457334091396,-7.136451772860042e-06,7.136451772860042e-06,8.949955452974834e-06,-8.949955452974834e-06,2.176530699227186e-06,-2.176530699227186e-06,False,169,1490,True,True
165,DSC08043.JPG,207.0,219.0,3.37292218208313,1.4139361786679536,1.5726635787587584,0.9286907339171755,0.18671511262074744,-0.9791839668685368,-0.0796004129801975,1.0490803987238455,1.046920891277036,1.7715359699947326,1.0490803987238455,1.046920891277036,1.7715359699947326,False,False,False,False,0.0,-0.0,0.0,-0.0,0.0,-0.0,0.0,6.0554242262661466e-05,0.0020469899322603196,0.0020513290192881216,0.00013353303687721425,"[1, 1, 1]",0.0020513350601436366,-6.355664992963028e-06,6.355664992963028e-06,8.302098936985303e-06,-8.302098936985303e-06,2.510867538774164e-06,-2.510867538774164e-06,False,170,1473,True,True
166,DSC08043.JPG,208.0,219.0,3.3720061779022217,1.4084877557926752,1.5699028595765874,0.9326886414950939,-0.27406894208625315,0.9601509363451745,0.054739331556084826,1.0487577941689061,1.0396308776003598,1.7713315827954048,1.0487577941689061,1.0396308776003598,1.7713315827954048,False,False,False,False,0.0,-0.0,0.0,-0.0,0.0,-0.0,0.0,5.59530313596227e-05,0.0018110950053172982,0.0018122658435287984,6.523411733962102e-05,"[1, 1, 1]",0.0018122676535175756,-5.616937490238172e-06,5.616937490238172e-06,7.656970538727492e-06,-7.656970538727492e-06,2.771612409357971e-06,-2.771612409357971e-06,False,171,1460,True,True
167,DSC08043.JPG,209.0,219.0,3.371090888977051,1.4030422227167623,1.567143820479162,0.9366842655193824,0.21561261934285927,-0.9357538292270037,-0.27906266225905446,1.0484351848659301,1.0323449064660895,1.771127410236843,1.0484351848659301,1.0323449064660895,1.771127410236843,False,False,False,False,0.0,-0.0,0.0,-0.0,0.0,-0.0,0.0,5.135516343959499e-05,0.0015884455820927277,0.00158845820164997,6.502146373618258e-06,"[1, 1, 1]",0.0015884586605410713,-4.919917569790044e-06,4.919917569790044e-06,7.013781027520594e-06,-7.013781027520594e-06,2.958056613433513e-06,-2.958056613433513e-06,False,172,1453,True,True
168,DSC08043.JPG,210.0,219.0,3.370176076889038,1.3975996513979405,1.5643862622543652,0.9406777312869252,-0.3591953519832929,0.9164806252134423,0.17618729443968503,1.0481127671057657,1.0250628819891339,1.7709233390113115,1.0481127671057657,1.0250628819891339,1.7709233390113115,False,False,False,False,0.0,-0.0,0.0,-0.0,0.0,-0.0,0.0,4.676082240184405e-05,0.0013790764976110174,0.001379727269960112,4.243177717717494e-05,"[1, 1, 1]",0.0013797277982741604,-4.264701493283951e-06,4.264701493283951e-06,6.3729996144790135e-06,-6.3729996144790135e-06,3.0708316782757095e-06,-3.0708316782757095e-06,False,173,1447,True,True
169,DSC08043.JPG,211.0,219.0,3.3692617416381836,1.3921600394035676,1.5616301840543276,0.9446690402919741,-0.3254468267029312,0.9264512333946873,0.18913612857002005,1.0477905404308727,1.0177848012283286,1.770719369216943,1.0477905404308727,1.0177848012283286,1.770719369216943,False,False,False,False,0.0,-0.0,0.0,-0.0,0.0,-0.0,0.0,4.217034293398468e-05,0.0011829714002964317,0.0011857938584486742,8.193113696307939e-05,"[1, 1, 1]",0.0011857996982601812,-3.651231000656452e-06,3.651231000656452e-06,5.734659295653088e-06,-5.734659295653088e-06,3.1101031616742603e-06,-3.1101031616742603e-06,False,174,1443,True,True
170,DSC08043.JPG,212.0,219.0,3.3683478832244873,1.386723384301002,1.5588755850311777,0.9486581940287827,-0.2610949020879667,0.9554968412617324,0.13731437813472802,1.047468504383713,1.010510661242508,1.7705155009518696,1.047468504383713,1.010510661242508,1.7705155009518696,False,False,False,False,0.0,-0.0,0.0,-0.0,0.0,-0.0,0.0,3.7584223520112404e-05,0.0010001148368927973,0.0010063217410150862,0.00011184760628954492,"[1, 1, 1]",0.0010063351414061222,-3.079446968978772e-06,3.079446968978772e-06,5.098788886881422e-06,-5.098788886881422e-06,3.0760310063548957e-06,-3.0760310063548957e-06,False,175,1446,True,True
171,DSC08043.JPG,213.0,219.0,3.367434501647949,1.3812896836576023,1.5561224643370453,0.9526451939916037,-0.23920718927180315,0.8732063878041842,0.4246063175444431,1.047146658506748,1.0032404590905084,1.7703117343142247,1.047146658506748,1.0032404590905084,1.7703117343142247,False,False,False,False,0.0,-0.0,0.0,-0.0,0.0,-0.0,0.0,3.300323972094928e-05,0.0008304878804100911,0.0008408946627151856,0.00013223021762861213,"[1, 1, 1]",0.0008409215346321603,-2.549289416897693e-06,2.549289416897693e-06,4.465413043996946e-06,-4.465413043996946e-06,2.9687695648483725e-06,-2.9687695648483725e-06,False,176,1452,True,True
172,DSC08043.JPG,214.0,219.0,3.3488950729370117,1.3815685114579839,1.538778685387294,0.9656540103733362,0.14746061630327176,0.7792485819214636,0.6091198685093496,1.061410271255882,0.9893564382259884,1.76171539597572,1.061410271255882,0.9893564382259884,1.76171539597572,False,False,False,False,0.0,-0.0,0.0,-0.0,0.0,-0.0,0.0,2.777855469322357e-05,0.002153576456002476,0.0024249779332862166,0.0011832849969843654,"[1, 1, 1]",0.002441165054038786,-5.684119813498256e-06,5.684119813498256e-06,1.6251806917111367e-05,-1.6251806917111367e-05,1.7495853411375606e-05,-1.7495853411375606e-05,False,177,1137,True,True
173,DSC08043.JPG,215.0,219.0,3.3720273971557617,1.3683412317349943,1.5559301871099083,0.9573336054881582,0.07503677534568486,0.827771376040728,0.5560252074801653,1.0411906463004146,0.9911083388058364,1.7729609145801648,1.0411906463004146,0.9911083388058364,1.7729609145801648,False,False,False,False,0.0,-0.0,0.0,-0.0,0.0,-0.0,0.0,2.5177303610824046e-05,2.997949296316774e-05,0.00023996963492023271,0.00023809571899380028,"[1, 1, 1]",0.00023997267249132315,9.526169364448833e-08,-9.526169364448833e-08,-1.5358104499263447e-06,1.5358104499263447e-06,-2.4760782983968e-06,2.4760782983968e-06,False,178,1475,True,True
174,DSC08043.JPG,216.0,219.0,3.369596004486084,1.3634028100642532,1.5519216220895877,0.9620955671603671,0.04398134162606837,0.8498705995150531,0.5251529355042163,1.0421255666683418,0.9832725209058069,1.7720342200075134,1.0421255666683418,0.9832725209058069,1.7720342200075134,False,False,False,False,0.0,-0.0,0.0,-0.0,0.0,-0.0,0.0,2.0218613253979247e-05,6.0007594759555337e-05,0.00011313386769662579,9.591948383663267e-05,"[1, 1, 1]",0.00011313708918580442,-1.8887240571530128e-07,1.8887240571530128e-07,-2.9868190165593944e-07,2.9868190165593944e-07,-8.676689269293547e-07,8.676689269293547e-07,False,179,1547,True,True
175,DSC08043.JPG,217.0,219.0,3.36859130859375,1.3580032442544436,1.5490944948085863,0.966126517112663,0.1429883180863156,0.8606548289053404,0.4886999144390818,1.0418801368367758,0.9759735442423472,1.7717867912714897,1.0418801368367758,0.9759735442423472,1.7717867912714897,False,False,False,False,0.0,-0.0,0.0,-0.0,0.0,-0.0,0.0,1.560888991949208e-05,2.929078267548911e-05,6.176153944376663e-05,5.438745869774709e-05,"[1, 1, 1]",6.17674403217664e-05,-9.211155749255795e-08,9.211155749255795e-08,-1.9045021426578046e-07,1.9045021426578046e-07,-5.005313590267235e-07,5.005313590267235e-07,False,180,1559,True,True
176,DSC08043.JPG,218.0,219.0,3.367587089538574,1.3526069377948895,1.5462689521230768,0.9701551260112637,-0.06650312648977048,-0.8694906665794377,-0.4894520557708699,1.0416349545202641,0.968678874038703,1.771539451863626,1.0416349545202641,0.968678874038703,1.771539451863626,False,False,False,False,0.0,-0.0,0.0,-0.0,0.0,-0.0,0.0,1.100235128177198e-05,8.580318953419392e-06,2.5966511723876633e-05,2.447815350237319e-05,"[1, 1, 1]",2.5952471976040913e-05,-2.7147573966601612e-08,2.7147573966601612e-08,-1.0593691635030211e-07,1.0593691635030211e-07,-2.3357014544700405e-07,2.3357014544700405e-07,False,181,1574,True,True
177,DSC08043.JPG,219.0,219.0,3.3665835857391357,1.3472138089973003,1.5434451898536914,0.9741812745362982,-0.030388376311270067,0.9132759877216716,0.40620624913480813,1.0413898215978052,0.9613885944153062,1.771292315484187,1.0413898215978052,0.9613885944153062,1.771292315484187,False,False,False,False,0.0,-0.0,0.0,-0.0,0.0,-0.0,0.0,6.400052486715166e-06,1.9090959104164224e-06,6.445849674396954e-06,6.097163388881822e-06,"[1, 1, 1]",6.3890569402603996e-06,6.111043449053e-09,-6.111043449053e-09,-4.518770824191165e-08,4.518770824191165e-08,-6.669390684166387e-08,6.669390684166387e-08,False,182,1581,True,True
178,DSC08043.JPG,220.0,219.0,3.3716514110565186,1.3397955235376688,1.5456271820804195,0.9751351368099791,-0.0831129391105891,0.9304103623970393,0.35697170321554816,1.0361098886416114,0.9563069820067246,1.7739383362290557,1.0361098886416114,0.9563069820067246,1.7739383362290557,False,False,False,False,0.0,-0.0,0.0,-0.0,0.0,-0.0,0.0,4.978184941661184e-06,7.933666054263543e-05,8.889091696639958e-05,5.139688985783534e-05,"[1, 1, 1]",9.175584461407085e-05,3.105562105254478e-07,-3.105562105254478e-07,-6.092018944858779e-07,6.092018944858779e-07,-4.7434401384549574e-07,4.7434401384549574e-07,False,183,1561,True,True
179,DSC08043.JPG,221.0,219.0,3.3725600242614746,1.3337567626226061,1.5443772151872592,0.978198499679966,-0.02072540148057349,0.9427357323879644,0.33289607479271616,1.034277613573789,0.9497028437877927,1.774602692426875,1.034277613573789,0.9497028437877927,1.774602692426875,False,False,False,False,0.0,-0.0,0.0,-0.0,0.0,-0.0,0.0,5.13335486726669e-06,4.888180337459688e-05,3.5613722410311895e-05,4.146739136575475e-05,"[1, 1, 1]",5.184873934009026e-05,2.8236526228297976e-08,-2.8236526228297976e-08,2.4051920477496935e-07,-2.4051920477496935e-07,4.6811640785904274e-07,-4.6811640785904274e-07,False,184,1562,True,True
180,DSC08043.JPG,222.0,219.0,3.373469114303589,1.3277147504977933,1.5431265637046847,0.9812635206153355,-0.03635813488704144,0.9285292326845672,0.3694746947731935,1.0324443614947438,0.9430951404911336,1.775267400588027,1.0324443614947438,0.9430951404911336,1.775267400588027,False,False,False,False,0.0,-0.0,0.0,-0.0,0.0,-0.0,0.0,8.105409497681211e-06,0.00021387498471709475,0.0002334005413378962,0.00012275056184911023,"[1, 1, 1]",0.00024009110778800753,-4.5277890925454756e-07,4.5277890925454756e-07,1.5589571036311867e-06,-1.5589571036311867e-06,1.8504591405843485e-06,-1.8504591405843485e-06,False,185,1503,True,True
181,DSC08043.JPG,223.0,219.0,3.3743784427642822,1.3216695656079984,1.5418750306815696,0.984330320928296,-0.035146579044226633,0.9185850500750293,0.3936574954959501,1.0306103299154246,0.9364837840747623,1.7759323471430897,1.0306103299154246,0.9364837840747623,1.7759323471430897,False,False,False,False,0.0,-0.0,0.0,-0.0,0.0,-0.0,0.0,1.19532969707205e-05,0.00045654143710994175,0.0005047369424611817,0.00024220250714062763,"[1, 1, 1]",0.000510809283528959,-1.132815724558256e-06,1.132815724558256e-06,3.346791233704849e-06,-3.346791233704849e-06,3.6732503390091154e-06,-3.6732503390091154e-06,False,186,1434,True,True
182,DSC08043.JPG,224.0,219.0,3.375288486480713,1.3156210441711986,1.5406230076178675,0.9873986622281469,0.04300853756285058,-0.9194976493163793,-0.3907356377377902,1.028775122517571,0.9298689422893478,1.77659775950895,1.028775122517571,0.9298689422893478,1.77659775950895,False,False,False,False,0.0,-0.0,0.0,-0.0,0.0,-0.0,0.0,1.6061316441343104e-05,0.0007685527908615443,0.0008498625153780915,0.0003916830252202819,"[1, 1, 1]",0.0008562579283242147,-2.0122138384426336e-06,2.0122138384426336e-06,5.604809673265265e-06,-5.604809673265265e-06,5.937216698725933e-06,-5.937216698725933e-06,False,187,1377,True,True
183,DSC08043.JPG,225.0,219.0,3.3761990070343018,1.3095692642267227,1.53937029742114,0.9904686660761388,0.05825999730549329,-0.9169017653808802,-0.39483784691362783,1.0269389367358763,0.9232505266027119,1.777263524132541,1.0269389367358763,0.9232505266027119,1.777263524132541,False,False,False,False,0.0,-0.0,0.0,-0.0,0.0,-0.0,0.0,2.0273418219630274e-05,0.0011493458207033444,0.0012689520836402727,0.0005702549695301711,"[1, 1, 1]",0.0012760143430834631,-3.091313482084246e-06,3.091313482084246e-06,8.333698619411578e-06,-8.333698619411578e-06,8.642907745937123e-06,-8.642907745937123e-06,False,188,1315,True,True
184,DSC08043.JPG,226.0,219.0,3.375638961791992,1.3040207416667282,1.5369095578344028,0.9942750009818465,-0.10882818143282869,0.8832888374221428,0.456023307092371,1.0263246491972338,0.916112535508429,1.7772280095620054,1.0263246491972338,0.916112535508429,1.7772280095620054,False,False,False,False,0.0,-0.0,0.0,-0.0,0.0,-0.0,0.0,2.4442994036681737e-05,0.0014995675559479388,0.0016455131015328224,0.000705416493084715,"[1, 1, 1]",0.0016513677418626188,-4.164201091949593e-06,4.164201091949593e-06,1.070377161993541e-05,-1.070377161993541e-05,1.0740230574235454e-05,-1.0740230574235454e-05,False,189,1276,True,True
185,DSC08043.JPG,227.0,219.0,3.3740885257720947,1.2988168254257089,1.5336372172412769,0.9985737515902433,-0.14671027961106553,0.8400137301955212,0.5223533544828148,1.0265343480922613,0.9086314836061985,1.7767199713708104,1.0265343480922613,0.9086314836061985,1.7767199713708104,False,False,False,False,0.0,-0.0,0.0,-0.0,0.0,-0.0,0.0,2.8707172579592105e-05,0.0017903148858863425,0.0019445552766354283,0.0007795107685252191,"[1, 1, 1]",0.0019486099968504314,-5.1149787401172375e-06,5.1149787401172375e-06,1.24614086660646e-05,-1.24614086660646e-05,1.2006781227924535e-05,-1.2006781227924535e-05,False,190,1247,True,True
186,DSC08043.JPG,228.0,219.0,3.372539758682251,1.2936176020086778,1.530368082326319,1.0028684331470354,0.08465108673482027,-0.8387534556519473,-0.537891098779791,1.0267436503304435,0.9011573857179322,1.776212516706474,1.0267436503304435,0.9011573857179322,1.776212516706474,False,False,False,False,0.0,-0.0,0.0,-0.0,0.0,-0.0,0.0,3.309484520916568e-05,0.0020726798539525237,0.00222709895458041,0.0008302815923960304,"[1, 1, 1]",0.0022299482420413265,-6.036599138781185e-06,6.036599138781185e-06,1.4034772635174164e-05,-1.4034772635174164e-05,1.3009243616579624e-05,-1.3009243616579624e-05,False,191,1218,True,True
187,DSC08043.JPG,229.0,219.0,3.361156463623047,1.2918601024303051,1.5190466939435707,1.0120406135553308,0.05977380776701889,0.7830766427011454,0.6190460916288335,1.0351388185135069,0.8903006528206698,1.7710121287306684,1.0351388185135069,0.8903006528206698,1.7710121287306684,False,False,False,False,0.0,-0.0,0.0,-0.0,0.0,-0.0,0.0,3.865785860883415e-05,0.0010814235514884612,0.0010815664398436582,1.7621689505503623e-05,"[1, 1, 1]",0.0010815664398436582,-3.351590165401319e-06,3.351590165401319e-06,4.697800868092017e-06,-4.697800868092017e-06,1.8765771914175389e-06,-1.8765771914175389e-06,False,192,1501,True,True
188,DSC08043.JPG,230.0,219.0,3.3636369705200195,1.2852733461503882,1.5190844876880913,1.0143230894994262,0.07812726224661506,0.8194816797121232,0.5677551474976216,1.0319985590983272,0.8842397260445892,1.7724264909593388,1.0319985590983272,0.8842397260445892,1.7724264909593388,False,False,False,False,0.0,-0.0,0.0,-0.0,0.0,-0.0,0.0,4.2702977431274114e-05,0.0017798162373866154,0.0018024255651146095,0.0002858280647480792,"[1, 1, 1]",0.001802523431089668,-5.449354811615237e-06,5.449354811615237e-06,9.582041452960155e-06,-9.582041452960155e-06,6.409561216891291e-06,-6.409561216891291e-06,False,193,1365,True,True
189,DSC08043.JPG,231.0,219.0,3.3715806007385254,1.2767506064073748,1.523586946879558,1.0139108912965094,-0.07879160021984291,-0.8872762615952393,-0.45445871027451223,1.0243064842563805,0.8800287410275114,1.7764487699984266,1.0243064842563805,0.8800287410275114,1.7764487699984266,False,False,False,False,0.0,-0.0,0.0,-0.0,0.0,-0.0,0.0,4.634002758387599e-05,0.0034323340130497067,0.0036414022536610325,0.0012315302344964175,"[1, 1, 1]",0.00364399453976214,-1.0167728665244624e-05,1.0167728665244624e-05,2.243508751553769e-05,-2.243508751553769e-05,1.9831245912982354e-05,-1.9831245912982354e-05,False,194,1089,True,True
190,DSC08043.JPG,232.0,219.0,3.371178150177002,1.271159779973506,1.5212597198806725,1.017631173889395,0.06056908696696139,0.9132226666414739,0.40293392366022535,1.0235634378193175,0.8729604897572185,1.7764879396459639,1.0235634378193175,0.8729604897572185,1.7764879396459639,False,False,False,False,0.0,-0.0,0.0,-0.0,0.0,-0.0,0.0,5.077958942185281e-05,0.0039357351045729155,0.00416002687668171,0.0013629147886103463,"[1, 1, 1]",0.004162533464892292,-1.1704581602378639e-05,1.1704581602378639e-05,2.544383416158702e-05,-2.544383416158702e-05,2.2168170284331268e-05,-2.2168170284331268e-05,False,195,1042,True,True
191,DSC08043.JPG,233.0,219.0,3.3707759380340576,1.2655702373742068,1.5189331646405648,1.0213504983884003,0.06724304793451476,0.8632776319899099,0.5002300496875115,1.0228204500930203,0.8658939735812287,1.7765271679087444,1.0228204500930203,0.8658939735812287,1.7765271679087444,False,False,False,False,0.0,-0.0,0.0,-0.0,0.0,-0.0,0.0,5.5225276304816945e-05,0.004468467587951172,0.004707405402097725,0.001496123032946,"[1, 1, 1]",0.004709843539665072,-1.3332107264174553e-05,1.3332107264174553e-05,2.8593051822900506e-05,-2.8593051822900506e-05,2.4578963575550006e-05,-2.4578963575550006e-05,False,196,1010,True,True
192,DSC08043.JPG,234.0,219.0,3.3703737258911133,1.2599820627304101,1.5166070861864753,1.0250689826191421,-0.09675870230536306,0.8668651280256974,0.4890629850450485,1.0220777196560276,0.8588291113202767,1.7765663409883723,1.0220777196560276,0.8588291113202767,1.7765663409883723,False,False,False,False,0.0,-0.0,0.0,-0.0,0.0,-0.0,0.0,5.967549339026415e-05,0.005030452800540561,0.0052835260448173054,0.0016311242169721597,"[1, 1, 1]",0.00528590908871264,-1.5050116997761265e-05,1.5050116997761265e-05,3.188222929595419e-05,-3.188222929595419e-05,2.7063092272960887e-05,-2.7063092272960887e-05,False,197,979,True,True
193,DSC08043.JPG,235.0,219.0,3.369971752166748,1.2543951702994218,1.514281678925918,1.0287865097521718,-0.14262705696694586,0.8706403849203611,0.4707895950068069,1.0213350476247736,0.8517659821928518,1.7766055727486663,1.0213350476247736,0.8517659821928518,1.7766055727486663,False,False,False,False,0.0,-0.0,0.0,-0.0,0.0,-0.0,0.0,6.412905620749597e-05,0.005621699335375472,0.00588846669007113,0.001767944652943341,"[1, 1, 1]",0.005890805163532181,-1.6858658388407832e-05,1.6858658388407832e-05,3.5311587628150676e-05,-3.5311587628150676e-05,2.9620848070344152e-05,-2.9620848070344152e-05,False,198,946,True,True
194,DSC08043.JPG,201.0,220.0,3.364358901977539,1.4527485882111004,1.5816652898290786,0.917365146318422,-0.6094044528176042,0.7727012139304658,0.17764866134159543,1.0658558963662375,1.084786000113604,1.7722564440334594,1.0658558963662375,1.084786000113604,1.7722564440334594,False,False,False,False,0.0,-0.0,0.0,-0.0,0.0,-0.0,0.0,8.564970791794549e-05,0.009141884654292883,0.009155222307902475,0.0004975969773346073,"[1, 1, 1]",0.009155319561967364,-2.8467647171570576e-05,2.8467647171570576e-05,3.7648528860012576e-05,-3.7648528860012576e-05,1.2044846927850017e-05,-1.2044846927850017e-05,False,199,1246,True,True
195,DSC08043.JPG,202.0,220.0,3.3650646209716797,1.4468135474137882,1.5802613412526803,0.9205103891132057,0.27697793289339395,-0.9608040621939646,0.011780439791403778,1.0641992660670405,1.0781511059810496,1.772823972896731,1.0641992660670405,1.0781511059810496,1.772823972896731,False,False,False,False,0.0,-0.0,0.0,-0.0,0.0,-0.0,0.0,8.134859513661534e-05,0.008098544533539849,0.008128766114410962,0.0007051963590198845,"[1, 1, 1]",0.008128977918870087,-2.5286489295117676e-05,2.5286489295117676e-05,3.18009833815136e-05,-3.18009833815136e-05,7.864795767975608e-06,-7.864795767975608e-06,False,200,1335,True,True
196,DSC08043.JPG,203.0,220.0,3.3635752201080322,1.4415449039302166,1.577022296768573,0.9248026619733423,-0.21353261163186418,0.9769305470510788,0.0032449974045268173,1.0643487162132814,1.070639717925552,1.7723440418950318,1.0643487162132814,1.070639717925552,1.7723440418950318,False,False,False,False,0.0,-0.0,0.0,-0.0,0.0,-0.0,0.0,7.670285591819293e-05,0.007669885048739823,0.007684574194496695,0.00047872421444127906,"[1, 1, 1]",0.007684692384402387,-2.390458733558809e-05,2.390458733558809e-05,3.123099962443199e-05,-3.123099962443199e-05,9.452848809488046e-06,-9.452848809488046e-06,False,201,1300,True,True
197,DSC08043.JPG,204.0,220.0,3.3620872497558594,1.4362808877441762,1.5737862123328303,0.9290910782613765,0.2923138674896664,-0.9547260520205935,-0.05523376201568024,1.0644979413730153,1.0631350207152406,1.7718645893166955,1.0644979413730153,1.0631350207152406,1.7718645893166955,False,False,False,False,0.0,-0.0,0.0,-0.0,0.0,-0.0,0.0,7.207477147373386e-05,0.007235191316265772,0.007240341724407093,0.0002755745394944164,"[1, 1, 1]",0.007240389545401491,-2.2503334316414936e-05,2.2503334316414936e-05,3.0496028356585825e-05,-3.0496028356585825e-05,1.079188124952779e-05,-1.079188124952779e-05,False,202,1273,True,True
198,DSC08043.JPG,205.0,220.0,3.360600709915161,1.4310214915577426,1.5705530854018388,0.9333756424600677,-0.25385187487374267,0.9627075334110279,-0.09355977093142306,1.0646469401736272,1.0556370055266202,1.7713856154561183,1.0646469401736272,1.0556370055266202,1.7713856154561183,False,False,False,False,0.0,-0.0,0.0,-0.0,0.0,-0.0,0.0,6.746707605074934e-05,0.006794496702285883,0.006795155652047513,9.565313543608307e-05,"[1, 1, 1]",0.006795162839262817,-2.1082823127294148e-05,2.1082823127294148e-05,2.9596644144147533e-05,-2.9596644144147533e-05,1.1882712081856539e-05,-1.1882712081856539e-05,False,203,1250,True,True
199,DSC08043.JPG,206.0,220.0,3.3591153621673584,1.4257667819294237,1.5673227146314908,0.937656482727306,-0.24109921375865095,0.9555035227832559,0.1699534850297236,1.0647959076841371,1.048145570123324,1.7709070067803452,1.0647959076841371,1.048145570123324,1.7709070067803452,False,False,False,False,0.0,-0.0,0.0,-0.0,0.0,-0.0,0.0,6.288326150128382e-05,0.006347884172141521,0.006348171298811723,6.11506992784502e-05,"[1, 1, 1]",0.006348174915801524,-1.9643280857017942e-05,1.9643280857017942e-05,2.853383421341782e-05,-2.853383421341782e-05,1.2726623383585434e-05,-1.2726623383585434e-05,False,204,1224,True,True
200,DSC08043.JPG,207.0,220.0,3.3338406085968018,1.4279269738843159,1.5442718911861395,0.9542496751923583,-0.11999945815919416,0.8876507209228581,0.44460806075309744,1.08455438088555,1.0313884176481543,1.7590688690616851,1.08455438088555,1.0313884176481543,1.7590688690616851,False,False,False,False,0.0,-0.0,0.0,-0.0,0.0,-0.0,0.0,5.7909550024516876e-05,0.009728139600887236,0.010180482176461093,0.003195860425328369,"[1, 1, 1]",0.010210103816538,-2.7480017248615596e-05,2.7480017248615596e-05,6.129254902220715e-05,-6.129254902220715e-05,5.473291999091856e-05,-5.473291999091856e-05,False,205,648,True,True
201,DSC08043.JPG,208.0,220.0,3.3549840450286865,1.4156359985168114,1.5599008703220862,0.9468084799346832,0.22798903955452865,0.6382447127104653,0.7352990442943194,1.0660537134997023,1.0327310614384606,1.7693949072714672,1.0660537134997023,1.0327310614384606,1.7693949072714672,False,False,False,False,0.0,-0.0,0.0,-0.0,0.0,-0.0,0.0,5.3711474064127846e-05,0.005626900068289295,0.005644288408391539,0.00045156071200798593,"[1, 1, 1]",0.005644639218829824,-1.7221967418379336e-05,1.7221967418379336e-05,2.7609515506732407e-05,-2.7609515506732407e-05,1.5637644609878265e-05,-1.5637644609878265e-05,False,206,1170,True,True
202,DSC08043.JPG,209.0,220.0,3.346872329711914,1.412484914999547,1.551162989938305,0.9544953367310012,0.06633472267489147,0.654094292738968,0.7534987463652175,1.0716719633329999,1.0227049836769666,1.7657506402845045,1.0716719633329999,1.0227049836769666,1.7657506402845045,False,False,False,False,0.0,-0.0,0.0,-0.0,0.0,-0.0,0.0,4.906477321701174e-05,0.006066740414458878,0.006185251733149746,0.0012527664249821033,"[1, 1, 1]",0.006189996011647586,-1.7978000796725624e-05,1.7978000796725624e-05,3.414767515907968e-05,-3.414767515907968e-05,2.5525988862185045e-05,-2.5525988862185045e-05,False,207,998,True,True
203,DSC08043.JPG,210.0,220.0,3.346479892730713,1.40691766255414,1.548852987914302,0.9581932704017756,0.015679753886892217,0.7147014560342446,0.6992538695356482,1.0709253353696597,1.0156732061904141,1.765792766751349,1.0709253353696597,1.0156732061904141,1.765792766751349,False,False,False,False,0.0,-0.0,0.0,-0.0,0.0,-0.0,0.0,4.4822879725026264e-05,0.005335719248608103,0.005442752756892563,0.0011240989519059625,"[1, 1, 1]",0.005447800320177879,-1.573726421444377e-05,1.573726421444377e-05,3.0138384615741032e-05,-3.0138384615741032e-05,2.2770944652972247e-05,-2.2770944652972247e-05,False,208,1037,True,True
204,DSC08043.JPG,211.0,220.0,3.3460872173309326,1.401351820701768,1.546543252994811,0.9618905066556663,-0.07278091201733466,0.5702109689191445,0.8182679205310542,1.0701791552655158,1.0086429514610766,1.7658347254670534,1.0701791552655158,1.0086429514610766,1.7658347254670534,False,False,False,False,0.0,-0.0,0.0,-0.0,0.0,-0.0,0.0,4.0629042271024836e-05,0.004634371828262844,0.00472969933452387,0.000997723185307427,"[1, 1, 1]",0.004735129937553774,-1.3588166000833013e-05,1.3588166000833013e-05,2.6271770843244724e-05,-2.6271770843244724e-05,2.0091773874408858e-05,-2.0091773874408858e-05,False,209,1080,True,True
205,DSC08043.JPG,212.0,220.0,3.3456950187683105,1.395787161791525,1.5442343794616447,0.965586678202908,0.047903369144243306,0.7426787914165367,0.6679322420760229,1.0694328325518052,1.0016144923746615,1.7658768581590085,1.0694328325518052,1.0016144923746615,1.7658768581590085,False,False,False,False,0.0,-0.0,0.0,-0.0,0.0,-0.0,0.0,3.6499418426468235e-05,0.003962647338238986,0.004045978811953143,0.0008736928992200635,"[1, 1, 1]",0.004051904307103811,-1.1530475876986301e-05,1.1530475876986301e-05,2.2547110555271033e-05,-2.2547110555271033e-05,1.748765761755422e-05,-1.748765761755422e-05,False,210,1138,True,True
206,DSC08043.JPG,213.0,220.0,3.3453025817871094,1.3902239134743173,1.5419257730329905,0.9692821523332662,-0.07467679528198937,0.882081555208734,0.46514030808666007,1.0686869576972913,0.9945875560454615,1.7659188230998235,1.0686869576972913,0.9945875560454615,1.7659188230998235,False,False,False,False,0.0,-0.0,0.0,-0.0,0.0,-0.0,0.0,3.245814041192449e-05,0.003320663119691363,0.003391641788705232,0.0007522598579741359,"[1, 1, 1]",0.0033982297607539056,-9.564287661856241e-06,9.564287661856241e-06,1.8965013246940998e-05,-1.8965013246940998e-05,1.4959476134279726e-05,-1.4959476134279726e-05,False,211,1183,True,True
207,DSC08043.JPG,214.0,220.0,3.3449103832244873,1.3846619227665533,1.5396178294727885,0.9729766849340239,-0.13008946616013362,0.9679093254941972,0.2150076008320168,1.0679411368273624,0.9875623229266993,1.7659608481568259,1.0679411368273624,0.9875623229266993,1.7659608481568259,False,False,False,False,0.0,-0.0,0.0,-0.0,0.0,-0.0,0.0,2.854222637321643e-05,0.002708467680109192,0.00276661078558803,0.0006337197793362442,"[1, 1, 1]",0.0027741243405929616,-7.689455383763644e-06,7.689455383763644e-06,1.5525062439403214e-05,-1.5525062439403214e-05,1.2506783464427684e-05,-1.2506783464427684e-05,False,212,1229,True,True
208,DSC08043.JPG,215.0,220.0,3.3445184230804443,1.3791011884519122,1.5373105483571028,0.9766702767523073,-0.03467157999520707,0.9810530737255007,0.19061151086538156,1.0671953697132492,0.9805387915477922,1.7660029333790812,1.0671953697132492,0.9805387915477922,1.7660029333790812,False,False,False,False,0.0,-0.0,0.0,-0.0,0.0,-0.0,0.0,2.481052721818603e-05,0.002126250717253829,0.002170859142408713,0.0005186954214483056,"[1, 1, 1]",0.0021797494970942867,-5.905940345218852e-06,5.905940345218852e-06,1.2227282800703065e-05,-1.2227282800703065e-05,1.012969601399405e-05,-1.012969601399405e-05,False,213,1285,True,True
209,DSC08043.JPG,216.0,220.0,3.3441264629364014,1.3735417872249096,1.5350037318746195,0.9803630497199541,-0.19319235787666836,-0.9587310985189029,-0.20859384840112383,1.0664498533303854,0.9735168719272257,1.7660449648247483,1.0664498533303854,0.9735168719272257,1.7660449648247483,False,False,False,False,0.0,-0.0,0.0,-0.0,0.0,-0.0,0.0,2.1359207603366288e-05,0.0015744505067322762,0.0016043647213777252,0.00040845641270190674,"[1, 1, 1]",0.0016155057919083156,-4.213702576638667e-06,4.213702576638667e-06,9.071761020607028e-06,-9.071761020607028e-06,7.82843963564872e-06,-7.82843963564872e-06,False,214,1336,True,True
210,DSC08043.JPG,217.0,220.0,3.3716988563537598,1.3587979246527964,1.5558325683986713,0.9698703383564292,0.007975518610950468,0.8975860401524797,0.44076716259979876,1.0425653653212181,0.9768206043725233,1.7794589683553543,1.0425653653212181,0.9768206043725233,1.7794589683553543,False,False,False,False,0.0,-0.0,0.0,-0.0,0.0,-0.0,0.0,1.698902561959334e-05,8.069854774609346e-05,0.0006913078549102504,0.0006868634188718042,"[1, 1, 1]",0.000691448078666359,-2.920252066829221e-07,2.920252066829221e-07,-3.692869693372458e-06,3.692869693372458e-06,-6.9238782991476455e-06,6.9238782991476455e-06,False,215,1357,True,True
211,DSC08043.JPG,218.0,220.0,3.353656530380249,1.3590214825490556,1.53891824449291,0.9825252356530416,-0.19131920357222124,-0.8981268785860241,-0.3959356921342357,1.0564219212323727,0.9632644392613738,1.7710615281102495,1.0564219212323727,0.9632644392613738,1.7710615281102495,False,False,False,False,0.0,-0.0,0.0,-0.0,0.0,-0.0,0.0,1.2108624051312304e-05,0.0005050199218101867,0.0005050206434935172,1.7075472925031877e-06,"[1, 1, 1]",0.0005050213651758163,-1.5607706282949607e-06,1.5607706282949607e-06,2.2516517514947765e-06,-2.2516517514947765e-06,9.844228223698792e-07,-9.844228223698792e-07,False,216,1541,True,True
212,DSC08043.JPG,219.0,220.0,3.3382482528686523,1.3584322069961052,1.5242013602442248,0.9938118459894077,-0.23485898074687628,0.7044311365153391,0.6697895438645233,1.068108779081469,0.9507440868104665,1.7639215261024386,1.068108779081469,0.9507440868104665,1.7639215261024386,False,False,False,False,0.0,-0.0,0.0,-0.0,0.0,-0.0,0.0,1.7416641841023595e-05,0.00028923275587471937,3.93662798265952e-05,0.00028700893560490117,"[1, 1, 1]",0.0002894657821178642,1.065193719895774e-06,-1.065193719895774e-06,-2.3527803083567278e-07,2.3527803083567278e-07,1.5766362646552068e-06,-1.5766362646552068e-06,False,217,1514,True,True
213,DSC08043.JPG,220.0,220.0,3.3390884399414062,1.352475110153227,1.5229163661601617,0.9968752973114021,-0.13751432359080742,0.6916862419794034,0.7089851574354521,1.0663450419357021,0.9441855735231096,1.764552462972449,1.0663450419357021,0.9441855735231096,1.764552462972449,False,False,False,False,0.0,-0.0,0.0,-0.0,0.0,-0.0,0.0,1.6836098236407137e-05,0.0005506370091867915,0.0005153795263203362,0.0002859109354522306,"[1, 1, 1]",0.0005703335765978179,2.336091699639553e-06,-2.336091699639553e-06,-3.0668597612582005e-06,3.0668597612582005e-06,-9.494180792657403e-07,9.494180792657403e-07,False,218,1543,True,True
214,DSC08043.JPG,221.0,220.0,3.3399291038513184,1.3465149958911833,1.521630769472162,0.999940264003572,0.08106683744585229,0.8097190830794923,0.5811911685180996,1.0645803721634148,0.9376237774673568,1.765183743260758,1.0645803721634148,0.9376237774673568,1.765183743260758,False,False,False,False,0.0,-0.0,0.0,-0.0,0.0,-0.0,0.0,1.733848470306804e-05,0.0009080439650691453,0.0009217387101696571,0.0003304037826331787,"[1, 1, 1]",0.0009442759686038263,3.4172230889417676e-06,-3.4172230889417676e-06,-5.454399297333268e-06,5.454399297333268e-06,-3.0616003789951662e-06,3.0616003789951662e-06,False,219,1448,True,True
215,DSC08043.JPG,222.0,220.0,3.3407702445983887,1.3405518617773329,1.5203445693323545,1.0030067475601707,0.24896476101552079,0.8931670273134507,0.37452531168472225,1.0628147693070693,0.9310586957020436,1.7658153670654981,1.0628147693070693,0.9310586957020436,1.7658153670654981,False,False,False,False,0.0,-0.0,0.0,-0.0,0.0,-0.0,0.0,1.883883995657801e-05,0.0012225320159615553,0.0012583977696582374,0.0003824067315591293,"[1, 1, 1]",0.0012697213050675022,4.308328974911291e-06,-4.308328974911291e-06,-7.397154442534415e-06,7.397154442534415e-06,-4.759107563589993e-06,4.759107563589993e-06,False,220,1410,True,True
216,DSC08043.JPG,223.0,220.0,3.3580448627471924,1.3290200861668147,1.532594510523601,0.9978422499191494,0.13968134945527547,0.8252952425734223,0.5471534366153878,1.047419141388306,0.9303544348219187,1.7743120488533597,1.047419141388306,0.9303544348219187,1.7743120488533597,False,False,False,False,0.0,-0.0,0.0,-0.0,0.0,-0.0,0.0,1.3855927125617206e-05,0.0003508916205988,0.00041077160987304404,0.0002173788853933565,"[1, 1, 1]",0.0004117703473484831,9.879547748781192e-07,-9.879547748781192e-07,-2.8344125824197874e-07,2.8344125824197874e-07,1.3496243593813517e-06,-1.3496243593813517e-06,False,221,1524,True,True
217,DSC08043.JPG,224.0,220.0,3.35892391204834,1.323010381154546,1.531327780837647,1.0009104621007021,0.16192693023251928,0.8491066625214603,0.5027897621542625,1.045615753805073,0.923762097536354,1.7749631761533469,1.045615753805073,0.923762097536354,1.7749631761533469,False,False,False,False,0.0,-0.0,0.0,-0.0,0.0,-0.0,0.0,1.770596318024467e-05,0.00032177300453901323,0.000468219929485335,0.0003418348047297855,"[1, 1, 1]",0.00046883757565051385,9.139250409795352e-07,-9.139250409795352e-07,5.840126555689551e-07,-5.840126555689551e-07,2.7105070889987815e-06,-2.7105070889987815e-06,False,222,1464,True,True
218,DSC08043.JPG,225.0,220.0,3.3598034381866455,1.316997523306059,1.530060401349615,1.0039802728325136,-0.04553098357310972,0.8050174933720085,0.5915012805564446,1.0438114081256615,0.9171663137575504,1.7756146523343397,1.0438114081256615,0.9171663137575504,1.7756146523343397,False,False,False,False,0.0,-0.0,0.0,-0.0,0.0,-0.0,0.0,2.174012608347571e-05,0.0002257500868883775,0.000543059101907182,0.0004944248815181025,"[1, 1, 1]",0.000543292605884732,6.446091218581529e-07,-6.446091218581529e-07,1.9113264975167965e-06,-1.9113264975167965e-06,4.502318606824929e-06,-4.502318606824929e-06,False,223,1417,True,True
219,DSC08043.JPG,226.0,220.0,3.35308575630188,1.3135934964728317,1.5225472594624252,1.010834114513354,-0.08222197182796755,0.7925570444965456,0.6042291606399194,1.0483147108728998,0.9079027128570931,1.7726287172700486,1.0483147108728998,0.9079027128570931,1.7726287172700486,False,False,False,False,0.0,-0.0,0.0,-0.0,0.0,-0.0,0.0,2.770302334353759e-05,0.0008346409246474811,0.0008611575937437912,0.00021321105866242663,"[1, 1, 1]",0.0008613006324234292,2.5318061338541753e-06,-2.5318061338541753e-06,-2.4530118727383865e-06,2.4530118727383865e-06,4.7550481596658756e-07,-4.7550481596658756e-07,False,224,1560,True,True
220,DSC08043.JPG,227.0,220.0,3.3449816703796387,1.3106913025125952,1.5139033121830279,1.018362681279934,-0.11419242616674026,0.7864663796348564,0.6069849450441054,1.0539739310087515,0.8981833995785191,1.768977957245397,1.0539739310087515,0.8981833995785191,1.768977957245397,False,False,False,False,0.0,-0.0,0.0,-0.0,0.0,-0.0,0.0,3.442301815851316e-05,0.0018652101528774502,0.0018996381130312963,0.0003644033545930435,"[1, 1, 1]",0.0019000559383343457,5.9048926792648615e-06,-5.9048926792648615e-06,-1.0415420505838213e-05,1.0415420505838213e-05,-7.0014113000560485e-06,7.0014113000560485e-06,False,225,1355,True,True
221,DSC08043.JPG,228.0,220.0,3.345825433731079,1.3047100834111893,1.5126132786833202,1.0214384141043706,-0.07299196210622184,0.7948900325030808,0.6023470840762284,1.0522029186165598,0.8915984621039422,1.7696115299242,1.0522029186165598,0.8915984621039422,1.7696115299242,False,False,False,False,0.0,-0.0,0.0,-0.0,0.0,-0.0,0.0,3.8250084568643295e-05,0.0017996667532448156,0.0018220507784471344,0.00028674213840114356,"[1, 1, 1]",0.0018222089952654118,5.650433747117489e-06,-5.650433747117489e-06,-9.67486862957223e-06,9.67486862957223e-06,-6.195686920396071e-06,6.195686920396071e-06,False,226,1371,True,True
222,DSC08043.JPG,229.0,220.0,3.3516361713409424,1.2969930731589379,1.515396144894779,1.0220587164147403,0.03652648279184513,0.8516037150024908,0.5229119702672845,1.0463023588608424,0.8867212444820801,1.772624420459664,1.0463023588608424,0.8867212444820801,1.772624420459664,False,False,False,False,0.0,-0.0,0.0,-0.0,0.0,-0.0,0.0,4.0835805690498514e-05,0.0008776489938841412,0.0009326331160906334,0.0003158812500311858,"[1, 1, 1]",0.0009326983759207737,2.680535968968556e-06,-2.680535968968556e-06,-2.0372160063342193e-06,2.0372160063342193e-06,1.4707777036271352e-06,-1.4707777036271352e-06,False,227,1518,True,True
223,DSC08043.JPG,230.0,220.0,3.347846508026123,1.2926220978757532,1.5103035882782705,1.0274305082443398,-0.14690377448899436,-0.8980894250781046,-0.4145535738644237,1.0483818923635293,0.8785324042230792,1.7710388161890858,1.0483818923635293,0.8785324042230792,1.7710388161890858,False,False,False,False,0.0,-0.0,0.0,-0.0,0.0,-0.0,0.0,4.608392329311504e-05,0.00141343587344194,0.0014135124549773147,1.4738418260860163e-05,"[1, 1, 1]",0.0014135129706638258,4.3781357628169815e-06,-4.3781357628169815e-06,-6.363951210452967e-06,6.363951210452967e-06,-2.8440670600815565e-06,2.8440670600815565e-06,False,228,1457,True,True
224,DSC08043.JPG,231.0,220.0,3.348358631134033,1.2867485359296595,1.508738739096229,1.0306752493076976,0.28682396338133026,0.879191693856647,0.3804654773875092,1.0468850561961276,0.8718234813795163,1.7715138564320683,1.0468850561961276,0.8718234813795163,1.7715138564320683,False,False,False,False,0.0,-0.0,0.0,-0.0,0.0,-0.0,0.0,5.02266787285539e-05,0.001210014747646251,0.0012145670582920042,0.00010515982369509755,"[1, 1, 1]",0.0012145715594520064,3.7351539770025255e-06,-3.7351539770025255e-06,-4.754105262572139e-06,4.754105262572139e-06,-1.2597869374353365e-06,1.2597869374353365e-06,False,229,1531,True,True
225,DSC08043.JPG,232.0,220.0,3.3492040634155273,1.2807552439743732,1.507446069531034,1.0337572146059815,0.12608754016849594,0.9408524163335741,0.3144815779875397,1.0451104952507675,0.8652252262815957,1.7721486920642395,1.0451104952507675,0.8652252262815957,1.7721486920642395,False,False,False,False,0.0,-0.0,0.0,-0.0,0.0,-0.0,0.0,5.432501745348506e-05,0.0008819514825771015,0.0009281992118657177,0.0002894468950870285,"[1, 1, 1]",0.000928216488650928,2.711622939521874e-06,-2.711622939521874e-06,-2.2114804900663643e-06,2.2114804900663643e-06,1.2275753098478503e-06,-1.2275753098478503e-06,False,230,1532,True,True
226,DSC08043.JPG,233.0,220.0,3.3771636486053467,1.265114818914856,1.528327075729492,1.0235406943467427,-0.02328121233918046,0.924900639394701,0.37949544450400363,1.0207609169954823,0.8677416958228603,1.7857788799553687,1.0207609169954823,0.8677416958228603,1.7857788799553687,False,False,False,False,0.0,-0.0,0.0,-0.0,0.0,-0.0,0.0,5.5062815825069375e-05,0.004873392325214144,0.0062499785309828105,0.003965696609808523,"[1, 1, 1]",0.006266535486742643,-1.3524485265925534e-05,1.3524485265925534e-05,4.474314410640723e-05,-4.474314410640723e-05,5.2123222353372967e-05,-5.2123222353372967e-05,False,231,682,True,True
227,DSC08043.JPG,234.0,220.0,3.350895881652832,1.2687596930813694,1.5048585032258228,1.039925977015835,0.10593733301577465,0.9760903470649172,0.1898023072573001,1.04155895662027,0.8520186054649226,1.7734191684475042,1.04155895662027,0.8520186054649226,1.7734191684475042,False,False,False,False,0.0,-0.0,0.0,-0.0,0.0,-0.0,0.0,6.262146420295289e-05,2.8005857894382053e-05,0.0007396848707502991,0.0007391549965128447,"[1, 1, 1]",0.0007396853634798553,8.558127984059638e-08,-8.558127984059638e-08,4.230095092427888e-06,-4.230095092427888e-06,7.467700618768447e-06,-7.467700618768447e-06,False,232,1343,True,True
228,DSC08043.JPG,235.0,220.0,3.3562512397766113,1.2611382951134238,1.507245818164794,1.040810418696716,0.08543219638776577,0.9585051145822363,0.2719729492799909,1.0360250513578484,0.846908014080595,1.7762164823268356,1.0360250513578484,0.846908014080595,1.7762164823268356,False,False,False,False,0.0,-0.0,0.0,-0.0,0.0,-0.0,0.0,6.599683636923487e-05,0.001591735204919543,0.0023399407828033868,0.0017161500165395662,"[1, 1, 1]",0.0023403111462438134,-4.7898495221243564e-06,4.7898495221243564e-06,1.71714777732479e-05,-1.71714777732479e-05,2.0749697141830836e-05,-2.0749697141830836e-05,False,233,1062,True,True
229,DSC08043.JPG,201.0,221.0,3.3357253074645996,1.4631728774500683,1.5618314024739677,0.9376360203586489,-0.1801993346436008,0.6986982253420245,0.6923503374000111,1.0926271618152967,1.0729756710098397,1.7647216778908092,1.0926271618152967,1.0729756710098397,1.7647216778908092,False,False,False,False,0.0,-0.0,0.0,-0.0,0.0,-0.0,0.0,8.340717515767222e-05,0.017488476364786475,0.017659185432955103,0.0025453602845597755,"[1, 1, 1]",0.01766596297297336,-5.259214157615766e-05,5.259214157615766e-05,9.225354328745716e-05,-9.225354328745716e-05,6.146872111933988e-05,-6.146872111933988e-05,False,234,572,True,True
230,DSC08043.JPG,202.0,221.0,3.3353354930877686,1.457618237455528,1.5595278573453515,0.9413236026718175,0.003496401420690137,0.7780204180880937,0.6282292608714857,1.0918805606461517,1.0659614410333897,1.7647637905564755,1.0918805606461517,1.0659614410333897,1.7647637905564755,False,False,False,False,0.0,-0.0,0.0,-0.0,0.0,-0.0,0.0,7.9159276850983e-05,0.016242257645031913,0.016402703058505143,0.0023867495389881836,"[1, 1, 1]",0.016409694915982546,-4.875567466311459e-05,4.875567466311459e-05,8.579014270160279e-05,-8.579014270160279e-05,5.744507756677564e-05,-5.744507756677564e-05,False,235,620,True,True
231,DSC08043.JPG,203.0,221.0,3.3349454402923584,1.4520649957623217,1.5572245747869549,0.9450104946628264,0.10198352006645474,0.8322103848015857,0.5450002174891785,1.0911344048180172,1.0589487191295779,1.7648057355238231,1.0911344048180172,1.0589487191295779,1.7648057355238231,False,False,False,False,0.0,-0.0,0.0,-0.0,0.0,-0.0,0.0,7.49358812032072e-05,0.015025551018710922,0.015175709671463712,0.002230349616738578,"[1, 1, 1]",0.015182947809569166,-4.501118409017124e-05,4.501118409017124e-05,7.946846304673905e-05,-7.946846304673905e-05,5.349498584505952e-05,-5.349498584505952e-05,False,236,670,True,True
232,DSC08043.JPG,204.0,221.0,3.371689558029175,1.4351561025958626,1.5859752860816294,0.9294149918507576,-0.18912101590307456,0.9773146150112562,0.09533826424468432,1.059851974071071,1.0666362310406814,1.782639564703359,1.059851974071071,1.0666362310406814,1.782639564703359,False,False,False,False,0.0,-0.0,0.0,-0.0,0.0,-0.0,0.0,7.407869983033209e-05,0.005965074702145271,0.0073352963932059876,0.004292638473668288,"[1, 1, 1]",0.007342187496831535,-1.9504524128022283e-05,1.9504524128022283e-05,1.214288865236668e-06,-1.214288865236668e-06,-3.421470516906666e-05,3.421470516906666e-05,False,237,880,True,True
233,DSC08043.JPG,205.0,221.0,3.3707175254821777,1.4297213461948972,1.5831645817715174,0.9334406227001293,-0.22743483993194208,0.9569611433425549,0.18027413491025818,1.0595732054373193,1.0593212027273486,1.7824050686136153,1.0595732054373193,1.0593212027273486,1.7824050686136153,False,False,False,False,0.0,-0.0,0.0,-0.0,0.0,-0.0,0.0,6.950390745742785e-05,0.005503423601351789,0.006754230731626409,0.0039395770352344695,"[1, 1, 1]",0.006761197005505585,-1.803655567922391e-05,1.803655567922391e-05,1.247386167468889e-06,-1.247386167468889e-06,-3.14245259644963e-05,3.14245259644963e-05,False,238,920,True,True
234,DSC08043.JPG,206.0,221.0,3.369745969772339,1.4242897482980865,1.5803554279087049,0.9374639762625075,-0.28659055915540355,0.9473243919714907,0.14297673859351667,1.0592946661764693,1.0520103582403062,1.7821706676922473,1.0592946661764693,1.0520103582403062,1.7821706676922473,False,False,False,False,0.0,-0.0,0.0,-0.0,0.0,-0.0,0.0,6.493825751658479e-05,0.005053424765957823,0.006189234121131873,0.003597857760288917,"[1, 1, 1]",0.006196301400043492,-1.6605373703404425e-05,1.6605373703404425e-05,1.2652929279877156e-06,-1.2652929279877156e-06,-2.872907862672136e-05,2.872907862672136e-05,False,239,960,True,True
235,DSC08043.JPG,207.0,221.0,3.368774890899658,1.4188613064727895,1.5775478236453202,0.9414850540321453,-0.27472955691137385,0.9212615050369132,0.27531965040004325,1.0590163558309829,1.044703694638389,1.7819363620373863,1.0590163558309829,1.044703694638389,1.7819363620373863,False,False,False,False,0.0,-0.0,0.0,-0.0,0.0,-0.0,0.0,6.038321536892068e-05,0.0046150708991909584,0.0056402731656453944,0.003267466368118605,"[1, 1, 1]",0.005647472797407649,-1.5210924730668651e-05,1.5210924730668651e-05,1.2681102548040002e-06,-1.2681102548040002e-06,-2.6128088990606813e-05,2.6128088990606813e-05,False,240,986,True,True
236,DSC08043.JPG,208.0,221.0,3.3678042888641357,1.413436018286365,1.574741768133493,0.9455038575032955,-0.1972741500114522,0.963827868975623,0.17921704361797827,1.0587382739433215,1.0374012089804332,1.7817021517471652,1.0587382739433215,1.0374012089804332,1.7817021517471652,False,False,False,False,0.0,-0.0,0.0,-0.0,0.0,-0.0,0.0,5.5840719972000076e-05,0.004188356290487366,0.005107312917010999,0.0029483911847616286,"[1, 1, 1]",0.0051146839347864384,-1.3853154492649011e-05,1.3853154492649011e-05,1.255934755972632e-06,-1.255934755972632e-06,-2.36212891762122e-05,2.36212891762122e-05,False,241,1029,True,True
237,DSC08043.JPG,209.0,221.0,3.3668344020843506,1.4080138063619076,1.5719374591968531,0.9495202656187457,0.0016736755706693199,0.8508609249419063,0.5253883185007905,1.0584602236160288,1.030102990246316,1.7814681512339774,1.0584602236160288,1.030102990246316,1.7814681512339774,False,False,False,False,0.0,-0.0,0.0,-0.0,0.0,-0.0,0.0,5.131342913162135e-05,0.0037732390832867107,0.004590305335988996,0.0026406590895725734,"[1, 1, 1]",0.004597897284434594,-1.2531886302680206e-05,1.2531886302680206e-05,1.228496200988971e-06,-1.228496200988971e-06,-2.120881717226908e-05,2.120881717226908e-05,False,242,1056,True,True
238,DSC08043.JPG,210.0,221.0,3.3658652305603027,1.4025946670504568,1.5691348955635922,0.9535342806198761,0.09989682431751508,0.7780850633412082,0.6201647028786657,1.0581822041627986,1.0228090340242901,1.7812343606450198,1.0581822041627986,1.0228090340242901,1.7812343606450198,False,False,False,False,0.0,-0.0,0.0,-0.0,0.0,-0.0,0.0,4.680495628668777e-05,0.0033697335054753206,0.004089219001800662,0.002344264371304201,"[1, 1, 1]",0.004097095962960557,-1.124710089173142e-05,1.124710089173142e-05,1.1859831963167977e-06,-1.1859831963167977e-06,-1.8890311307195873e-05,1.8890311307195873e-05,False,243,1105,True,True
239,DSC08043.JPG,211.0,221.0,3.364896297454834,1.397178748213334,1.5663336791841544,0.9575461488548269,-0.1518425946534601,-0.7544407322668361,-0.6385632372330756,1.0579046080821792,1.0155191540212998,1.7810005514335514,1.0579046080821792,1.0155191540212998,1.7810005514335514,False,False,False,False,0.0,-0.0,0.0,-0.0,0.0,-0.0,0.0,4.232036379678198e-05,0.0029779216008295768,0.0036040438262713755,0.002059161150319429,"[1, 1, 1]",0.003612291174941796,-9.998972690938857e-06,9.998972690938857e-06,1.1291700723337073e-06,-1.1291700723337073e-06,-1.6664758573536886e-05,1.6664758573536886e-05,False,244,1157,True,True
240,DSC08043.JPG,212.0,221.0,3.3639280796051025,1.3917658963130526,1.5635342061297306,0.9615556274620483,-0.1241019819358182,0.64850796563631,0.7510233795201429,1.0576270418080311,1.0082335296676823,1.7807669523752894,1.0576270418080311,1.0082335296676823,1.7807669523752894,False,False,False,False,0.0,-0.0,0.0,-0.0,0.0,-0.0,0.0,3.7867260012612686e-05,0.002597760337387625,0.0031347204868805057,0.0017854391214209991,"[1, 1, 1]",0.0031434554362011584,-8.787237650853541e-06,8.787237650853541e-06,1.0575118827294006e-06,-1.0575118827294006e-06,-1.4532608926032253e-05,1.4532608926032253e-05,False,245,1192,True,True
241,DSC08043.JPG,213.0,221.0,3.3629603385925293,1.386356184266674,1.560736277022263,0.9655628402382156,-0.14382810157567588,0.6944908816836846,0.7049793560490659,1.0573497013989885,1.000952066591425,1.7805334492377511,1.0573497013989885,1.000952066591425,1.7805334492377511,False,False,False,False,0.0,-0.0,0.0,-0.0,0.0,-0.0,0.0,3.3457079984442174e-05,0.002229327570614622,0.00268122363298627,0.0015231381671043417,"[1, 1, 1]",0.002690614242696537,-7.6119470342472795e-06,7.6119470342472795e-06,9.714118263115523e-07,-9.714118263115523e-07,-1.2493261243751164e-05,1.2493261243751164e-05,False,246,1231,True,True
242,DSC08043.JPG,214.0,221.0,3.3469226360321045,1.3858149758635057,1.545426527079683,0.9772355570383997,0.1634020889734181,-0.8564374831193802,-0.48970868363473435,1.06951365439001,0.9880193585740861,1.7730690685998303,1.06951365439001,0.9880193585740861,1.7730690685998303,False,False,False,False,0.0,-0.0,0.0,-0.0,0.0,-0.0,0.0,2.9208074766257498e-05,0.0028983378294909217,0.002906466200812764,0.000246697743653847,"[1, 1, 1]",0.0029076421950797265,-9.246396645679056e-06,9.246396645679056e-06,1.1492826277770263e-05,-1.1492826277770263e-05,2.6416290257458286e-06,-2.6416290257458286e-06,False,247,1469,True,True
243,DSC08043.JPG,215.0,221.0,3.3466639518737793,1.3802073547021803,1.5432281518208335,0.9808629607587123,0.0736922816306371,-0.9757175178249672,-0.20626384326283617,1.0686567990666713,0.9810414646392771,1.7731745285790912,1.0686567990666713,0.9810414646392771,1.7731745285790912,False,False,False,False,0.0,-0.0,0.0,-0.0,0.0,-0.0,0.0,2.5486047106249626e-05,0.002277322574309932,0.002284388620017225,0.00021564841838402052,"[1, 1, 1]",0.002285949880803338,-7.327343686691634e-06,7.327343686691634e-06,8.934849356601049e-06,-8.934849356601049e-06,1.7950364705754396e-06,-1.7950364705754396e-06,False,248,1504,True,True
244,DSC08043.JPG,216.0,221.0,3.346405267715454,1.374600613346261,1.541030083208593,0.9844898240575274,0.13652567725760675,0.9728372939828108,0.18694474821602727,1.0678001092198561,0.9740646344257579,1.7732799530671124,1.0678001092198561,0.9740646344257579,1.7732799530671124,False,False,False,False,0.0,-0.0,0.0,-0.0,0.0,-0.0,0.0,2.2030544739867337e-05,0.0016901785790140503,0.0016955258917037714,0.00018135205364095232,"[1, 1, 1]",0.0016977043685165538,-5.511779223699165e-06,5.511779223699165e-06,6.553805601328122e-06,-6.553805601328122e-06,1.0614512229167872e-06,-1.0614512229167872e-06,False,249,1537,True,True
245,DSC08043.JPG,217.0,221.0,3.346146821975708,1.3689946736079635,1.5388325187839673,0.9881160263757176,-0.19166766614841502,-0.8564304494931941,-0.47936456996121984,1.066943387799597,0.9670889559330182,1.7733854565089977,1.066943387799597,0.9670889559330182,1.7733854565089977,False,False,False,False,0.0,-0.0,0.0,-0.0,0.0,-0.0,0.0,1.8987095422547003e-05,0.0011372031011361193,0.0011397967711610025,0.00014530966609452281,"[1, 1, 1]",0.0011431279895037952,-3.799653931491065e-06,3.799653931491065e-06,4.34962731099553e-06,-4.34962731099553e-06,4.408498499586244e-07,-4.408498499586244e-07,False,250,1565,True,True
246,DSC08043.JPG,218.0,221.0,3.35813045501709,1.359354086548285,1.5467711428116475,0.985564126781497,0.0974065413063883,0.9204995118742544,0.3784079998493509,1.055964991432918,0.9646076799948371,1.7793681770257674,1.055964991432918,0.9646076799948371,1.7793681770257674,False,False,False,False,0.0,-0.0,0.0,-0.0,0.0,-0.0,0.0,1.3491696676735427e-05,0.0005732115708986961,0.0006497812033197962,0.0003977751483998148,"[1, 1, 1]",0.0006741709407918713,-2.279988864817284e-06,2.279988864817284e-06,3.2617001433088433e-07,-3.2617001433088433e-07,-3.6812516901463255e-06,3.6812516901463255e-06,False,251,1433,True,True
247,DSC08043.JPG,219.0,221.0,3.357166051864624,1.3539630017044337,1.5439828531082114,0.9895575375718617,-0.05756855424512239,0.8959235965461441,0.4404619969009229,1.0556886016674336,0.9573512934251212,1.779135480543471,1.0556886016674336,0.9573512934251212,1.779135480543471,False,False,False,False,0.0,-0.0,0.0,-0.0,0.0,-0.0,0.0,1.1005844532382436e-05,0.00029810152103309194,0.0002904261370960455,0.00023275786280463071,"[1, 1, 1]",0.00033718546873223493,-1.3221871770774385e-06,1.3221871770774385e-06,1.5492460891941562e-07,-1.5492460891941562e-07,-2.1939224619238473e-06,2.1939224619238473e-06,False,252,1489,True,True
248,DSC08043.JPG,220.0,221.0,3.3526952266693115,1.3497429930505571,1.5382967058627683,0.9953110087205953,-0.08565824467774782,0.651753192823288,0.7535784237644927,1.0583142072140725,0.9488262918825668,1.7772187859908972,1.0583142072140725,0.9488262918825668,1.7772187859908972,False,False,False,False,0.0,-0.0,0.0,-0.0,0.0,-0.0,0.0,1.1415724447288755e-05,0.00019234934763879598,0.00012405598432290723,0.0001616565783344928,"[1, 1, 1]",0.00019814171591665513,-1.5643936457365726e-07,1.5643936457365726e-07,-2.284904210281269e-07,2.284904210281269e-07,-6.860162358179878e-07,6.860162358179878e-07,False,253,1553,True,True
249,DSC08043.JPG,221.0,221.0,3.328341484069824,1.3521939070908315,1.51618906498618,1.0110260928051626,0.1155709572704304,-0.9246175134476546,-0.3629405015446369,1.0774010924325492,0.9331444760758836,1.7657518727964936,1.0774010924325492,0.9331444760758836,1.7657518727964936,False,False,False,False,0.0,-0.0,0.0,-0.0,0.0,-0.0,0.0,2.561380265739567e-05,0.001849849117505158,0.0018535758165059448,0.00042414766699019706,"[1, 1, 1]",0.0018758446508858912,6.610366878767593e-06,-6.610366878767593e-06,-9.94825614619721e-06,9.94825614619721e-06,-4.880872841006578e-06,4.880872841006578e-06,False,254,1407,True,True
250,DSC08043.JPG,222.0,221.0,3.3286852836608887,1.3464182599670864,1.5145001767727706,1.0143306896798665,0.2373138241226249,0.9385199435907063,0.2507238807189961,1.0760518505537953,0.9264246895542987,1.7661453433248235,1.0760518505537953,0.9264246895542987,1.7661453433248235,False,False,False,False,0.0,-0.0,0.0,-0.0,0.0,-0.0,0.0,2.7044111781970186e-05,0.002425126571571164,0.0024436681205667523,0.00047152891253263027,"[1, 1, 1]",0.0024571418647521275,8.315348690057789e-06,-8.315348690057789e-06,-1.3038861725211959e-05,1.3038861725211959e-05,-7.046323363013585e-06,7.046323363013585e-06,False,255,1353,True,True
251,DSC08043.JPG,223.0,221.0,3.345553398132324,1.335053803051875,1.5264432888169381,1.00938385641911,0.3308636054416989,0.9063362827192867,0.262838005662623,1.0610135384407782,0.925598711710903,1.774477623623797,1.0610135384407782,0.925598711710903,1.774477623623797,False,False,False,False,0.0,-0.0,0.0,-0.0,0.0,-0.0,0.0,2.0459630910146038e-05,0.0014119413160934948,0.0014356804892960474,0.0002952477159189551,"[1, 1, 1]",0.0014390845510481281,4.033341070686092e-06,-4.033341070686092e-06,-4.615865737411795e-06,4.615865737411795e-06,-4.6579937240665004e-07,4.6579937240665004e-07,False,256,1563,True,True
252,DSC08043.JPG,224.0,221.0,3.346425771713257,1.3290680827476444,1.5251795468707734,1.0124437356814302,0.15622700487750335,0.9019206312285811,0.4026565508112867,1.0592205283277376,0.9190296109202614,1.7751263006650737,1.0592205283277376,0.9190296109202614,1.7751263006650737,False,False,False,False,0.0,-0.0,0.0,-0.0,0.0,-0.0,0.0,2.3349113119880965e-05,0.0016105307806119538,0.0016600868392793765,0.0004301485838149405,"[1, 1, 1]",0.0016635393356273448,4.620676735456186e-06,-4.620676735456186e-06,-4.6820184451679125e-06,4.6820184451679125e-06,5.133793394840325e-07,-5.133793394840325e-07,False,257,1558,True,True
253,DSC08043.JPG,225.0,221.0,3.3472988605499268,1.3230791511375284,1.5239153600363813,1.0155050817339373,-0.03350055937235339,0.8314098888873711,0.5546488160827793,1.0574263671898418,0.9124571751226942,1.7757754411230815,1.0574263671898418,0.9124571751226942,1.7757754411230815,False,False,False,False,0.0,-0.0,0.0,-0.0,0.0,-0.0,0.0,2.6629017980437206e-05,0.0017429067040683397,0.0018342672589926742,0.0005931466060417531,"[1, 1, 1]",0.0018376727570329986,5.014778332590453e-06,-5.014778332590453e-06,-4.2924239627151195e-06,4.2924239627151195e-06,1.9202050074440535e-06,-1.9202050074440535e-06,False,258,1499,True,True
254,DSC08043.JPG,226.0,221.0,3.348172187805176,1.3170871682460585,1.522650334503557,1.018568133453508,-0.13178711434387755,0.7916727240374284,0.5965621966803392,1.055631449813336,0.9058812327309692,1.7764248159604146,1.055631449813336,0.9058812327309692,1.7764248159604146,False,False,False,False,0.0,-0.0,0.0,-0.0,0.0,-0.0,0.0,3.0173410872327027e-05,0.0018090057342155085,0.001965151223215895,0.0007841426408206876,"[1, 1, 1]",0.0019684006471810804,5.2155227927563885e-06,-5.2155227927563885e-06,-3.446695217679263e-06,3.446695217679263e-06,3.755117570669597e-06,-3.755117570669597e-06,False,259,1430,True,True
255,DSC08043.JPG,227.0,221.0,3.333172082901001,1.3165677354488632,1.5083264712066469,1.0294937880027257,0.21226496709057452,-0.8573158725226183,-0.46899155479264154,1.0670059366089935,0.8937692305889843,1.7694438954082115,1.0670059366089935,0.8937692305889843,1.7694438954082115,False,False,False,False,0.0,-0.0,0.0,-0.0,0.0,-0.0,0.0,3.969786428424121e-05,0.004123664755781886,0.00413453770140199,0.00031281338977986794,"[1, 1, 1]",0.004135025061010679,1.2972310700742895e-05,-1.2972310700742895e-05,-2.011800553014531e-05,2.011800553014531e-05,-1.0607053288591572e-05,1.0607053288591572e-05,False,260,1278,True,True
256,DSC08043.JPG,228.0,221.0,3.333148717880249,1.3109076431768778,1.5063316779180909,1.0329870277167337,-0.06406615760267574,0.9176730305243683,0.392137394924599,1.0659592386630203,0.8869080557583509,1.7696613163003923,1.0659592386630203,0.8869080557583509,1.7696613163003923,False,False,False,False,0.0,-0.0,0.0,-0.0,0.0,-0.0,0.0,4.3445285186554705e-05,0.004426396612999285,0.004436096132352527,0.00030258658273116473,"[1, 1, 1]",0.0044364116112599085,1.3874509423583703e-05,-1.3874509423583703e-05,-2.1414396950580894e-05,2.1414396950580894e-05,-1.116720349259026e-05,1.116720349259026e-05,False,261,1263,True,True
257,DSC08043.JPG,229.0,221.0,3.333125352859497,1.305247630371187,1.5043369123266486,1.036480218618477,0.007474424360339982,0.9370278457683936,0.34917466866186797,1.064912555663313,0.8800469770057695,1.769878733986913,1.064912555663313,0.8800469770057695,1.769878733986913,False,False,False,False,0.0,-0.0,0.0,-0.0,0.0,-0.0,0.0,4.730166127178122e-05,0.004688804229801005,0.004696957868716857,0.0002832419002552712,"[1, 1, 1]",0.004697154725415174,1.4653994192093123e-05,-1.4653994192093123e-05,-2.247494832308128e-05,2.247494832308128e-05,-1.1548350209000802e-05,1.1548350209000802e-05,False,262,1254,True,True
258,DSC08043.JPG,230.0,221.0,3.330831289291382,1.3003825558638287,1.5004782899897156,1.0410907314367097,0.11429967939594078,0.9633824754037263,0.24254852993777123,1.0657520329745238,0.872408579105807,1.7690041483055052,1.0657520329745238,0.872408579105807,1.7690041483055052,False,False,False,False,0.0,-0.0,0.0,-0.0,0.0,-0.0,0.0,5.2064828523674135e-05,0.005377677778918473,0.0054033533164107115,0.0005370989511799421,"[1, 1, 1]",0.005403893104445708,1.689448337183208e-05,-1.689448337183208e-05,-2.701708298658012e-05,2.701708298658012e-05,-1.5224720756545906e-05,1.5224720756545906e-05,False,263,1178,True,True
259,DSC08043.JPG,231.0,221.0,3.3312478065490723,1.2945718344190156,1.498845738717988,1.0443654540038825,0.07638246177709498,0.9551227831565722,0.28619257262919,1.064340579237685,0.8657020584626627,1.7694329774880768,1.064340579237685,0.8657020584626627,1.7694329774880768,False,False,False,False,0.0,-0.0,0.0,-0.0,0.0,-0.0,0.0,5.587867297323423e-05,0.005495550893307404,0.005514387039393645,0.00046253497550914776,"[1, 1, 1]",0.005514684121331532,1.719655591081448e-05,-1.719655591081448e-05,-2.711384156595109e-05,2.711384156595109e-05,-1.4829516512993024e-05,1.4829516512993024e-05,False,264,1185,True,True
260,DSC08043.JPG,232.0,221.0,3.352231025695801,1.2814903660838974,1.51407032378839,1.0375635015097622,-0.17930623951699282,0.9596021179122703,-0.21682492423280084,1.0458320659639722,0.8659506408258976,1.7797554047852948,1.0458320659639722,0.8659506408258976,1.7797554047852948,False,False,False,False,0.0,-0.0,0.0,-0.0,0.0,-0.0,0.0,5.416100327101005e-05,0.0010488132308664683,0.0025933882901491533,0.0023732018795624534,"[1, 1, 1]",0.002594008542396833,3.054881398956155e-06,-3.054881398956155e-06,9.3251659716298e-06,-9.3251659716298e-06,2.1798628493829852e-05,-2.1798628493829852e-05,False,265,1048,True,True
261,DSC08043.JPG,233.0,221.0,3.3405563831329346,1.27993603620712,1.502521164268227,1.0467734043473826,0.21903721360453116,0.96641943409729,0.1343732728463389,1.0544685696595522,0.8551333582456341,1.7743685189723792,1.0544685696595522,0.8551333582456341,1.7743685189723792,False,False,False,False,0.0,-0.0,0.0,-0.0,0.0,-0.0,0.0,6.1226945448288e-05,0.0035106489230742415,0.003652289386031901,0.0010112746116262706,"[1, 1, 1]",0.003652844779152502,1.0654560441691885e-05,-1.0654560441691885e-05,-9.643958305494138e-06,9.643958305494138e-06,3.174119902027428e-06,-3.174119902027428e-06,False,266,1439,True,True
262,DSC08043.JPG,234.0,221.0,3.351901054382324,1.2702069127166455,1.5098264859640256,1.0447276990161463,0.04659232794101704,0.9917596202932918,0.11933989497541245,1.0439622034569134,0.8520558529406035,1.7800565511090511,1.0439622034569134,0.8520558529406035,1.7800565511090511,False,False,False,False,0.0,-0.0,0.0,-0.0,0.0,-0.0,0.0,6.285520678597737e-05,0.0006979264045763054,0.00293930088000955,0.0028556340611661226,"[1, 1, 1]",0.0029394929452078084,2.047289691775589e-06,-2.047289691775589e-06,1.3724493472144772e-05,-1.3724493472144772e-05,2.752349379608887e-05,-2.752349379608887e-05,False,267,974,True,True
263,DSC08043.JPG,235.0,221.0,3.3525078296661377,1.264289310485094,1.5083360669775392,1.0479335415504942,0.04146252162611053,0.9732895460768218,0.22580593171566277,1.042385136604881,0.8453657693381635,1.7805785020816203,1.042385136604881,0.8453657693381635,1.7805785020816203,False,False,False,False,0.0,-0.0,0.0,-0.0,0.0,-0.0,0.0,6.7071307305636e-05,0.0002757265923030437,0.003237675599256446,0.0032259673127126593,"[1, 1, 1]",0.0032377023907745393,8.092370600287779e-07,-8.092370600287779e-07,1.7779285993446692e-05,-1.7779285993446692e-05,3.2224028491345535e-05,-3.2224028491345535e-05,False,268,906,True,True
264,DSC08043.JPG,201.0,222.0,3.3611977100372314,1.457323912155218,1.5873360697728567,0.9296383048637354,0.3750325625278464,0.8718435105434856,0.315022967681736,1.074954329102167,1.0829158548945939,1.783093548520007,1.074954329102167,1.0829158548945939,1.783093548520007,False,False,False,False,0.0,-0.0,0.0,-0.0,0.0,-0.0,0.0,8.605128956882994e-05,0.012390393381923189,0.013377168577215595,0.0051138553450565645,"[1, 1, 1]",0.013390705820175569,-4.0349890067181704e-05,4.0349890067181704e-05,2.498406916684459e-05,-2.498406916684459e-05,-3.195738584649277e-05,3.195738584649277e-05,False,269,910,True,True
265,DSC08043.JPG,202.0,222.0,3.360231637954712,1.4518997153137045,1.5845336520677802,0.9336513892885889,0.14076738253164284,0.7214885936960854,0.6779666313187066,1.0746721519153433,1.0756188724046205,1.782859613600702,1.0746721519153433,1.0756188724046205,1.782859613600702,False,False,False,False,0.0,-0.0,0.0,-0.0,0.0,-0.0,0.0,8.155626310181975e-05,0.011607247640548254,0.012510073798515672,0.004739068951392323,"[1, 1, 1]",0.01252375580472939,-3.7864560177736095e-05,3.7864560177736095e-05,2.372466757805114e-05,-2.372466757805114e-05,-2.95060823551907e-05,2.95060823551907e-05,False,270,949,True,True
266,DSC08043.JPG,203.0,222.0,3.3592660427093506,1.4464786593939587,1.581732779182163,0.9376622081373842,0.14696244755623947,0.5342381298360726,0.8324612060856261,1.074390201207119,1.0683260521299012,1.7826257754450923,1.074390201207119,1.0683260521299012,1.7826257754450923,False,False,False,False,0.0,-0.0,0.0,-0.0,0.0,-0.0,0.0,7.707733045593331e-05,0.010835959082684999,0.011658372039626299,0.0043756763141547285,"[1, 1, 1]",0.011672236147438482,-3.541687525676629e-05,3.541687525676629e-05,2.2450788987216086e-05,-2.2450788987216086e-05,-2.7149883144783615e-05,2.7149883144783615e-05,False,271,978,True,True
267,DSC08043.JPG,204.0,222.0,3.334519863128662,1.4483210377383813,1.5590170670182193,0.9539813043901935,-0.012592737149091964,0.9376939574029047,0.3472340208291425,1.093641354696237,1.051626373929648,1.7709542426865377,1.093641354696237,1.051626373929648,1.7709542426865377,False,False,False,False,0.0,-0.0,0.0,-0.0,0.0,-0.0,0.0,7.137762869867297e-05,0.014704885169254238,0.01470495796344686,4.9090128594715435e-05,"[1, 1, 1]",0.014704962499130286,-4.555007633921804e-05,4.555007633921804e-05,6.551555058065262e-05,-6.551555058065262e-05,2.8385735933333933e-05,-2.8385735933333933e-05,False,272,965,True,True
268,DSC08043.JPG,205.0,222.0,3.3342630863189697,1.4427293839925512,1.5568257859517676,0.9575970608807264,-0.12410347485191864,0.9495833730276073,0.2879057922293179,1.0927858216098953,1.0446694357158832,1.7710594717334356,1.0927858216098953,1.0446694357158832,1.7710594717334356,False,False,False,False,0.0,-0.0,0.0,-0.0,0.0,-0.0,0.0,6.725193311813822e-05,0.013462197868544232,0.013462203499767844,1.3226604453452851e-05,"[1, 1, 1]",0.013462203905865607,-4.1720480090212675e-05,4.1720480090212675e-05,5.980173806441336e-05,-5.980173806441336e-05,2.564419040451682e-05,-2.564419040451682e-05,False,273,993,True,True
269,DSC08043.JPG,206.0,222.0,3.3340065479278564,1.4371385299656343,1.55463500866131,0.9612121580123856,-0.10737895927460576,0.9391245541745703,0.32636609942136624,1.091930256799319,1.0377136467506798,1.7711647802538146,1.091930256799319,1.0377136467506798,1.7711647802538146,False,False,False,False,0.0,-0.0,0.0,-0.0,0.0,-0.0,0.0,6.316707424526644e-05,0.012252880921977464,0.012252892403629641,1.805080217741265e-05,"[1, 1, 1]",0.012252893295985577,-3.7994354171067e-05,3.7994354171067e-05,5.426260640217784e-05,-5.426260640217784e-05,2.301175012364709e-05,-2.301175012364709e-05,False,274,1034,True,True
270,DSC08043.JPG,207.0,222.0,3.333749771118164,1.4315486224510876,1.552444336224786,0.9648268418783161,0.12349602136906626,-0.9189154912617796,-0.37462388154672316,1.091075052149563,1.0307588198030873,1.7712699388579611,1.091075052149563,1.0307588198030873,1.7712699388579611,False,False,False,False,0.0,-0.0,0.0,-0.0,0.0,-0.0,0.0,5.9131385491286014e-05,0.011077013026657149,0.011077088933151999,4.467447597985326e-05,"[1, 1, 1]",0.011077096073007931,-3.43718183963837e-05,3.43718183963837e-05,4.8898930701257726e-05,-4.8898930701257726e-05,2.0489534823475708e-05,-2.0489534823475708e-05,False,275,1071,True,True
271,DSC08043.JPG,208.0,222.0,3.333493232727051,1.4259595138445738,1.5502541672816337,0.9684408668834568,-0.09081925551232649,0.9308919442118567,0.35382488752157654,1.0902198156230583,1.0238051411236686,1.7713751769683004,1.0902198156230583,1.0238051411236686,1.7713751769683004,False,False,False,False,0.0,-0.0,0.0,-0.0,0.0,-0.0,0.0,5.515546926171936e-05,0.00993453503380201,0.009934719088975462,6.674194934174233e-05,"[1, 1, 1]",0.009934739156176101,-3.0852679430370955e-05,3.0852679430370955e-05,4.371011963733018e-05,-4.371011963733018e-05,1.807688641264349e-05,-1.807688641264349e-05,False,276,1121,True,True
272,DSC08043.JPG,209.0,222.0,3.3332366943359375,1.4203712777455404,1.5480643024414775,0.9720543559498593,-0.013397777714590633,0.952239493084773,0.30505810489473195,1.089364743200461,1.0168525173420442,1.7714803798817973,1.089364743200461,1.0168525173420442,1.7714803798817973,False,False,False,False,0.0,-0.0,0.0,-0.0,0.0,-0.0,0.0,5.125307761518821e-05,0.008825486271925437,0.008825804912613817,8.426014915836503e-05,"[1, 1, 1]",0.00882584666211599,-2.7436966451022116e-05,2.7436966451022116e-05,3.869656722321757e-05,-3.869656722321757e-05,1.5774434751758548e-05,-1.5774434751758548e-05,False,277,1168,True,True
273,DSC08043.JPG,210.0,222.0,3.332980155944824,1.414783914153989,1.5458747417043175,0.9756673090775242,-0.09279675945376996,0.907553130487935,0.40955595072764944,1.088509834881772,1.009900948458215,1.7715855475984517,1.088509834881772,1.009900948458215,1.7715855475984517,False,False,False,False,0.0,-0.0,0.0,-0.0,0.0,-0.0,0.0,4.7442169175553934e-05,0.0077498726032476945,0.007750333515663888,9.730023409104685e-05,"[1, 1, 1]",0.007750408474238781,-2.412462948941929e-05,2.412462948941929e-05,3.385832195079708e-05,-3.385832195079708e-05,1.3582360002040161e-05,-1.3582360002040161e-05,False,278,1208,True,True
274,DSC08043.JPG,211.0,222.0,3.332723617553711,1.4091974230699182,1.543685485070155,0.9792797262664505,-0.09387501869561253,0.9079966884883166,0.40832523135259385,1.08765509066699,1.0029504344721811,1.7716906801182641,1.08765509066699,1.0029504344721811,1.7716906801182641,False,False,False,False,0.0,-0.0,0.0,-0.0,0.0,-0.0,0.0,4.3746454539011435e-05,0.006707699646709483,0.006708288832580292,0.00010594020281652154,"[1, 1, 1]",0.00670841254199963,-2.0915617432670786e-05,2.0915617432670786e-05,2.9195427125872087e-05,-2.9195427125872087e-05,1.150083538670188e-05,-1.150083538670188e-05,False,279,1255,True,True
275,DSC08043.JPG,212.0,222.0,3.3324673175811768,1.4036117284612386,1.5414967310814909,0.982891486088841,-0.0415602063332747,0.9282550391468072,0.36961511271604564,1.086800314117922,0.996001065813155,1.7717958922424009,1.086800314117922,0.996001065813155,1.7717958922424009,False,False,False,False,0.0,-0.0,0.0,-0.0,0.0,-0.0,0.0,4.0197449051909516e-05,0.00569896224204735,0.005699640741103097,0.00011035499145004947,"[1, 1, 1]",0.0056998357067116895,-1.7809862307816005e-05,1.7809862307816005e-05,2.4707763893960788e-05,-2.4707763893960788e-05,9.529785245376843e-06,-9.529785245376843e-06,False,280,1298,True,True
276,DSC08043.JPG,213.0,222.0,3.3322107791900635,1.3980269819866906,1.539308082512009,0.9865028316493337,0.0002883315552015445,0.9423749936176666,0.3345583480785035,1.0859458980346997,0.9890526611325172,1.7719009543848843,1.0859458980346997,0.9890526611325172,1.7719009543848843,False,False,False,False,0.0,-0.0,0.0,-0.0,0.0,-0.0,0.0,3.683743580667092e-05,0.004723700899409325,0.004724397495024415,0.00011070122731496286,"[1, 1, 1]",0.004724697734709903,-1.4807352594736756e-05,1.4807352594736756e-05,2.0395709739107204e-05,-2.0395709739107204e-05,7.669886225691869e-06,-7.669886225691869e-06,False,281,1340,True,True
277,DSC08043.JPG,214.0,222.0,3.3319544792175293,1.3924430311766522,1.5371199363054033,0.9901135203413741,0.011575120716214065,0.9291948808561542,0.3694088385124571,1.085091449464677,0.9821054007984987,1.7720060961644029,1.085091449464677,0.9821054007984987,1.7720060961644029,False,False,False,False,0.0,-0.0,0.0,-0.0,0.0,-0.0,0.0,3.3722570487473905e-05,0.0037819152407773996,0.0037825153880683645,0.00010737200756137995,"[1, 1, 1]",0.0037829772863060174,-1.1908012774508592e-05,1.1908012774508592e-05,1.6259009165908722e-05,-1.6259009165908722e-05,5.920840425499563e-06,-5.920840425499563e-06,False,282,1379,True,True
278,DSC08043.JPG,215.0,222.0,3.331698179244995,1.3868599520632148,1.5349320939191706,0.9937236735927606,0.06450974765802972,0.9488096375935251,0.30919049802143167,1.0842371648460492,0.9751591943818875,1.77211120277979,1.0842371648460492,0.9751591943818875,1.77211120277979,False,False,False,False,0.0,-0.0,0.0,-0.0,0.0,-0.0,0.0,3.092678670515846e-05,0.002873663979822441,0.002873981162335052,0.00010098016598642355,"[1, 1, 1]",0.002874709497002489,-9.111802966366156e-06,9.111802966366156e-06,1.2297841721409242e-05,-1.2297841721409242e-05,4.283035102137234e-06,-4.283035102137234e-06,False,283,1421,True,True
279,DSC08043.JPG,216.0,222.0,3.331441879272461,1.3812777446463778,1.532744555353311,0.9973332914034937,0.1578731615684164,0.9374976896456388,0.31011956849815536,1.0833830441788161,0.9682140418826827,1.7722162742310463,1.0833830441788161,0.9682140418826827,1.7722162742310463,False,False,False,False,0.0,-0.0,0.0,-0.0,0.0,-0.0,0.0,2.8543685397927966e-05,0.001999071202504239,0.0019987685333256334,9.267279347628093e-05,"[1, 1, 1]",0.0019999935139004836,-6.418666446350585e-06,6.418666446350585e-06,8.512224786594302e-06,-8.512224786594302e-06,2.7566085889496605e-06,-2.7566085889496605e-06,False,284,1461,True,True
280,DSC08043.JPG,217.0,222.0,3.3311855792999268,1.3756964089261419,1.5305573206078236,1.000942373773573,0.08278017492168975,-0.8970160530724609,-0.4341769721786712,1.0825290874629783,0.9612699433008846,1.7723213105181703,1.0825290874629783,0.9612699433008846,1.7723213105181703,False,False,False,False,0.0,-0.0,0.0,-0.0,0.0,-0.0,0.0,2.668373017376838e-05,0.001158608587124086,0.0011568421824410514,8.468728801097772e-05,"[1, 1, 1]",0.0011592737139784258,-3.828545374062742e-06,3.828545374062742e-06,4.902170545273421e-06,-4.902170545273421e-06,1.3416922106657125e-06,-1.3416922106657125e-06,False,285,1525,True,True
281,DSC08043.JPG,218.0,222.0,3.344849109649658,1.3655348599595225,1.5399125931607476,0.9975487205590253,0.0503586420203401,0.9073307366656577,0.4173906341493807,1.0701797341642718,0.959434800857393,1.7791345923556499,1.0701797341642718,0.959434800857393,1.7791345923556499,False,False,False,False,0.0,-0.0,0.0,-0.0,0.0,-0.0,0.0,1.9512356715155287e-05,0.0007454881418937949,0.0006934613187451564,0.00040520442644867,"[1, 1, 1]",0.0007748653194094366,-3.189015229221326e-06,3.189015229221326e-06,1.6875393467064015e-06,-1.6875393467064015e-06,-3.0215907913522244e-06,3.0215907913522244e-06,False,286,1450,True,True
282,DSC08043.JPG,219.0,222.0,3.3384346961975098,1.3619687341002455,1.5326151109635129,1.004262603172579,0.3478574849265268,-0.8321130314650653,-0.4319526282436656,1.0744092427357455,0.9502171230365926,1.7762723567525776,1.0744092427357455,0.9502171230365926,1.7762723567525776,False,False,False,False,0.0,-0.0,0.0,-0.0,0.0,-0.0,0.0,2.105356509500434e-05,0.0002724956057740934,9.677440484295287e-05,0.0002558744092024063,"[1, 1, 1]",0.0002730314192016072,-5.49719706421925e-07,5.49719706421925e-07,-3.222491489207613e-07,3.222491489207613e-07,-1.5801948887173012e-06,1.5801948887173012e-06,False,287,1513,True,True
283,DSC08043.JPG,220.0,222.0,3.3398420810699463,1.3558236291335073,1.5318017282780116,1.0070447661375028,0.43111018393963346,-0.7748209496151522,-0.4623813419040708,1.072178292677854,0.9438638783893525,1.7771798155671836,1.072178292677854,0.9438638783893525,1.7771798155671836,False,False,False,False,0.0,-0.0,0.0,-0.0,0.0,-0.0,0.0,2.029894145436252e-05,0.000695676750141506,0.0006530436430643972,0.00031475543974273436,"[1, 1, 1]",0.0007104586994625486,1.046353399258848e-06,-1.046353399258848e-06,-1.978955520565151e-06,1.978955520565151e-06,-1.471007084585807e-06,1.471007084585807e-06,False,288,1517,True,True
284,DSC08043.JPG,221.0,222.0,3.311671495437622,1.3595588893364128,1.506513471739256,1.0246160172996863,-0.02473173962149334,0.7834071484722173,0.6210165704535783,1.0944015111028633,0.9268336056924268,1.7638270881431501,1.0944015111028633,0.9268336056924268,1.7638270881431501,False,False,False,False,0.0,-0.0,0.0,-0.0,0.0,-0.0,0.0,3.706801239252748e-05,0.0036757018953724628,0.003674688786889366,0.0008117488382805766,"[1, 1, 1]",0.0037197486298734114,1.314615006697828e-05,-1.314615006697828e-05,-1.94854773523101e-05,1.94854773523101e-05,-9.190578431184093e-06,9.190578431184093e-06,False,289,1307,True,True
285,DSC08043.JPG,222.0,222.0,3.3322887420654297,1.3470017806646883,1.5215973923069763,1.0177901423669649,-0.13504991137879704,-0.902309044692267,-0.4093896790383307,1.0762893611546125,0.9274207029263659,1.7739958416347996,1.0762893611546125,0.9274207029263659,1.7739958416347996,False,False,False,False,0.0,-0.0,0.0,-0.0,0.0,-0.0,0.0,2.6687328586023683e-05,0.0023355008915553776,0.002341117083789386,0.0002681352221554383,"[1, 1, 1]",0.0023459848020519307,6.715236692045323e-06,-6.715236692045323e-06,-9.045193383627748e-06,9.045193383627748e-06,-3.1253973364897547e-06,3.1253973364897547e-06,False,290,1442,True,True
286,DSC08043.JPG,223.0,222.0,3.3331542015075684,1.3410429053613402,1.52033739597324,1.0208400743963004,-0.0957887351260673,-0.9734200778790765,-0.20803333916668476,1.0745074370682162,0.9208781243779598,1.7746418164901183,1.0745074370682162,0.9208781243779598,1.7746418164901183,False,False,False,False,0.0,-0.0,0.0,-0.0,0.0,-0.0,0.0,2.8405249415695518e-05,0.0028240052415931063,0.0028396460137822496,0.00038736586299515914,"[1, 1, 1]",0.0028450525591752155,8.145159737793506e-06,-8.145159737793506e-06,-1.0482785456789045e-05,1.0482785456789045e-05,-2.946996880748287e-06,2.946996880748287e-06,False,291,1454,True,True
287,DSC08043.JPG,224.0,222.0,3.3340203762054443,1.3350808438694397,1.5190769642561164,1.0238914591538701,-0.11104445023363088,-0.9235494636954187,-0.3670497489172486,1.0727243673000793,0.9143322406607294,1.7752882550780114,1.0727243673000793,0.9143322406607294,1.7752882550780114,False,False,False,False,0.0,-0.0,0.0,-0.0,0.0,-0.0,0.0,3.0635122129890064e-05,0.0032470912108507823,0.003278980462480579,0.0005339048768284091,"[1, 1, 1]",0.00328484170702534,9.384115319921449e-06,-9.384115319921449e-06,-1.1469609282332982e-05,1.1469609282332982e-05,-2.345332499764652e-06,2.345332499764652e-06,False,292,1480,True,True
288,DSC08043.JPG,225.0,222.0,3.2950403690338135,1.3427037319220492,1.4849407138884836,1.0466974354890781,-0.25207226001344113,0.8765681210741234,0.4099852495496602,1.1039365483867938,0.893734652854367,1.7567129032268158,1.1039365483867938,0.893734652854367,1.7567129032268158,False,False,False,False,0.0,-0.0,0.0,-0.0,0.0,-0.0,0.0,5.433999496669425e-05,0.010180627310004202,0.010435739763689724,0.0029816496826420022,"[1, 1, 1]",0.010522358802342808,3.567516877067689e-05,-3.567516877067689e-05,-6.051017518049484e-05,6.051017518049484e-05,-3.812769664257587e-05,3.812769664257587e-05,False,293,831,True,True
289,DSC08043.JPG,226.0,222.0,3.3000526428222656,1.3353826320395297,1.4871200960231876,1.047659820040237,0.24698347457741035,0.3723954703610889,0.8946064927889877,1.0987304893601122,0.8887167916658121,1.7593572202475807,1.0987304893601122,0.8887167916658121,1.7593572202475807,False,False,False,False,0.0,-0.0,0.0,-0.0,0.0,-0.0,0.0,5.4008683659347336e-05,0.010107124973132667,0.010330040082839491,0.0025667666368691055,"[1, 1, 1]",0.01037911354104271,3.4446850019076436e-05,-3.4446850019076436e-05,-5.859331649382682e-05,5.859331649382682e-05,-3.710261111811164e-05,3.710261111811164e-05,False,294,843,True,True
290,DSC08043.JPG,227.0,222.0,3.300248384475708,1.3297033458819518,1.4853254026064766,1.0510102929643022,-0.5348132764726667,-0.6907246463956828,-0.4866972592589051,1.0975127764701476,0.8820000123381116,1.759678055587163,1.0975127764701476,0.8820000123381116,1.759678055587163,False,False,False,False,0.0,-0.0,0.0,-0.0,0.0,-0.0,0.0,5.666895012840058e-05,0.010941824234624196,0.011192327254468944,0.0027178620505103833,"[1, 1, 1]",0.011233398474657106,3.689203161028054e-05,-3.689203161028054e-05,-6.341534158704754e-05,6.341534158704754e-05,-4.0881657830560414e-05,4.0881657830560414e-05,False,295,792,True,True
291,DSC08043.JPG,228.0,222.0,3.3252573013305664,1.315435297503585,1.5039582795910593,1.0421383991016222,-0.06990373678803624,0.9642770869800075,0.2555057085632729,1.0757238485950116,0.8838774946143226,1.77197396923013,1.0757238485950116,0.8838774946143226,1.77197396923013,False,False,False,False,0.0,-0.0,0.0,-0.0,0.0,-0.0,0.0,4.768926838178513e-05,0.006481840979059959,0.006484434790579693,0.00019401524742075917,"[1, 1, 1]",0.0064845894116876334,1.9910409688517205e-05,-1.9910409688517205e-05,-2.7681066322893244e-05,2.7681066322893244e-05,-1.0757073078959678e-05,1.0757073078959678e-05,False,296,1275,True,True
292,DSC08043.JPG,229.0,222.0,3.3242645263671875,1.310125863097785,1.5011706563069729,1.0460998211936174,-0.1517279098078242,0.9590773358365894,0.2390592087118556,1.0754836557208802,0.8766988408981276,1.7717228905958387,1.0754836557208802,0.8766988408981276,1.7717228905958387,False,False,False,False,0.0,-0.0,0.0,-0.0,0.0,-0.0,0.0,5.170215911797014e-05,0.007121788992350538,0.0071232717139700025,0.00015207479841261373,"[1, 1, 1]",0.007123342117149494,2.1933271607821325e-05,-2.1933271607821325e-05,-3.0761397806111646e-05,3.0761397806111646e-05,-1.2313039423172967e-05,1.2313039423172967e-05,False,297,1236,True,True
293,DSC08043.JPG,230.0,222.0,3.3366124629974365,1.3001570741609085,1.5093513278589152,1.043515509553265,-0.2873705575977935,-0.9459685276456583,-0.15020555026309385,1.064175593949748,0.8740905175109237,1.7779118480727676,1.064175593949748,0.8740905175109237,1.7779118480727676,False,False,False,False,0.0,-0.0,0.0,-0.0,0.0,-0.0,0.0,5.092656738417763e-05,0.004926429895879577,0.005202692191112579,0.001704636217755446,"[1, 1, 1]",0.0052078547849317555,1.4463905744888095e-05,-1.4463905744888095e-05,-1.1909403561771725e-05,1.1909403561771725e-05,6.352084911398492e-06,-6.352084911398492e-06,False,298,1369,True,True
294,DSC08043.JPG,231.0,222.0,3.330737352371216,1.2965464410284921,1.5025473796388866,1.049876419395496,0.168527097526688,0.8774623589967638,0.44906394415836204,1.0679847356518515,0.8652315159423836,1.7753041502910796,1.0679847356518515,0.8652315159423836,1.7753041502910796,False,False,False,False,0.0,-0.0,0.0,-0.0,0.0,-0.0,0.0,5.685199557878016e-05,0.006407657562205765,0.006509998079005423,0.0011737993573874672,"[1, 1, 1]",0.006512140790762368,1.927035498772156e-05,-1.927035498772156e-05,-2.1610010637607147e-05,2.1610010637607147e-05,-1.459551226545841e-06,1.459551226545841e-06,False,299,1520,True,True
295,DSC08043.JPG,232.0,222.0,3.339355230331421,1.2878410328029983,1.507647596341597,1.0491464779067052,0.2749358220888029,0.9578097815751881,-0.08373001881789317,1.05976384100866,0.8612977256897313,1.7796940640576406,1.05976384100866,0.8612977256897313,1.7796940640576406,False,False,False,False,0.0,-0.0,0.0,-0.0,0.0,-0.0,0.0,5.816644021271793e-05,0.004628243388421759,0.005247579892383236,0.0024955095358104072,"[1, 1, 1]",0.005252870651769236,1.3526966799348727e-05,-1.3526966799348727e-05,-5.896119592563309e-06,5.896119592563309e-06,1.4997026588581264e-05,-1.4997026588581264e-05,False,300,1182,True,True
296,DSC08043.JPG,233.0,222.0,3.3480334281921387,1.2790849242656395,1.5127870777955388,1.048405142101972,-0.23438926707531824,0.9642884705672182,-0.12332646516879658,1.0514873296192861,0.8573487725116038,1.784114291781109,1.0514873296192861,0.8573487725116038,1.784114291781109,False,False,False,False,0.0,-0.0,0.0,-0.0,0.0,-0.0,0.0,6.014139048890293e-05,0.0026506354029698156,0.004734425375307434,0.003932608293095307,"[1, 1, 1]",0.004738462813311418,7.536378713535186e-06,-7.536378713535186e-06,1.1395645652001463e-05,-1.1395645652001463e-05,3.371931389573035e-05,-3.371931389573035e-05,False,301,889,True,True
297,DSC08043.JPG,234.0,222.0,3.3493881225585938,1.2729087642203938,1.5119131367715786,1.051243537547547,-0.24763602988753028,0.9629087102714479,-0.1071597517023959,1.049290791089679,0.8509176804916222,1.7849983101303484,1.049290791089679,0.8509176804916222,1.7849983101303484,False,False,False,False,0.0,-0.0,0.0,-0.0,0.0,-0.0,0.0,6.409401671400811e-05,0.002211727944418946,0.004995500522061985,0.004485141457546365,"[1, 1, 1]",0.004998162582758959,6.289013335436522e-06,-6.289013335436522e-06,1.6604872883796418e-05,-1.6604872883796418e-05,4.039706885805572e-05,-4.039706885805572e-05,False,302,800,True,True
298,DSC08043.JPG,235.0,222.0,3.3457937240600586,1.2684998418677378,1.5069837116359266,1.0564864601608637,-0.01597506600653859,0.8981413487523792,0.43941656196295587,1.051207457466253,0.8428379236458374,1.783491663083798,1.051207457466253,0.8428379236458374,1.783491663083798,False,False,False,False,0.0,-0.0,0.0,-0.0,0.0,-0.0,0.0,6.91160514295186e-05,0.0029718442953573245,0.005239102033637022,0.004322251831330126,"[1, 1, 1]",0.005242228034744425,8.583978289289362e-06,-8.583978289289362e-06,1.226220124084243e-05,-1.226220124084243e-05,3.7166860551440806e-05,-3.7166860551440806e-05,False,303,842,True,True
299,DSC08043.JPG,201.0,223.0,3.3204257488250732,1.4713529788475914,1.55722507748563,0.9561161761839377,0.11529315556920224,0.9069304687423638,0.4051970053512886,1.1116137960629264,1.0662335362810107,1.7695899206275632,1.1116137960629264,1.0662335362810107,1.7695899206275632,False,False,False,False,0.0,-0.0,0.0,-0.0,0.0,-0.0,0.0,8.498889016353459e-05,0.022645743781380488,0.022652089407793927,0.0005813860020579439,"[1, 1, 1]",0.022652647471254686,-6.972660845194767e-05,6.972660845194767e-05,0.00010370316082508602,-0.00010370316082508602,4.93477821126298e-05,-4.93477821126298e-05,False,304,706,True,True
300,DSC08043.JPG,202.0,223.0,3.320171356201172,1.4657831258481406,1.5550433783437454,0.9597163742515948,-0.09466304416113036,-0.905605587998702,-0.41342160932354893,1.1107603218026485,1.0593049680592272,1.7696949148687804,1.1107603218026485,1.0593049680592272,1.7696949148687804,False,False,False,False,0.0,-0.0,0.0,-0.0,0.0,-0.0,0.0,8.099670132924081e-05,0.021023783105299097,0.021028961061437017,0.0005103688613889749,"[1, 1, 1]",0.02102946904336322,-6.472838782745072e-05,6.472838782745072e-05,9.610754824329604e-05,-9.610754824329604e-05,4.5531246955832216e-05,-4.5531246955832216e-05,False,305,745,True,True
301,DSC08043.JPG,203.0,223.0,3.3199167251586914,1.4602142103128823,1.5528617806519938,0.9633161641559117,-0.08383785139695189,-0.9053913113837044,-0.41621843777521306,1.1099072057950596,1.0523773510920305,1.7697997591157426,1.1099072057950596,1.0523773510920305,1.7697997591157426,False,False,False,False,0.0,-0.0,0.0,-0.0,0.0,-0.0,0.0,7.705012591834841e-05,0.01943499506059927,0.0194391497217451,0.00044408377798866737,"[1, 1, 1]",0.01943960886072036,-5.983366785788924e-05,5.983366785788924e-05,8.868533322181626e-05,-8.868533322181626e-05,4.182150396392359e-05,-4.182150396392359e-05,False,306,782,True,True
302,DSC08043.JPG,204.0,223.0,3.31966233253479,1.4546460881379843,1.5506806847701882,0.9669152990625688,0.0545362823526151,0.8688622366853566,0.4920408596542318,1.109054057073622,1.0454508755090417,1.7699046835357142,1.109054057073622,1.0454508755090417,1.7699046835357142,False,False,False,False,0.0,-0.0,0.0,-0.0,0.0,-0.0,0.0,7.315638576826976e-05,0.01787931319279733,0.01788257993244536,0.0003824400879511749,"[1, 1, 1]",0.017882991440327876,-5.504223999719393e-05,5.504223999719393e-05,8.143582669917215e-05,-8.143582669917215e-05,3.821775580625797e-05,-3.821775580625797e-05,False,307,829,True,True
303,DSC08043.JPG,205.0,223.0,3.3194079399108887,1.4490788311726428,1.5484998904477671,0.9705139025132467,-0.1263568851461249,0.9053305206015202,0.4054757527196287,1.1082010710834755,1.038525446000354,1.7700095730532412,1.1082010710834755,1.038525446000354,1.7700095730532412,False,False,False,False,0.0,-0.0,0.0,-0.0,0.0,-0.0,0.0,6.932427654059e-05,0.01635678895851205,0.01635929662432892,0.0003254647402580334,"[1, 1, 1]",0.016359661657619953,-5.03541419838438e-05,5.03541419838438e-05,7.435954552437174e-05,-7.435954552437174e-05,3.4720829888090776e-05,-3.4720829888090776e-05,False,308,873,True,True
304,DSC08043.JPG,206.0,223.0,3.3191535472869873,1.4435124394168575,1.546319397684729,0.9741119745079462,0.015965120491681323,0.8439665149020258,0.5361582197932012,1.1073482478246213,1.0316010625659653,1.7701144276683225,1.1073482478246213,1.0316010625659653,1.7701144276683225,False,False,False,False,0.0,-0.0,0.0,-0.0,0.0,-0.0,0.0,6.55644711643709e-05,0.014867432447046396,0.014869301643102005,0.0002731475292446189,"[1, 1, 1]",0.014869621535593014,-4.576932450839344e-05,4.576932450839344e-05,6.745658775830776e-05,-6.745658775830776e-05,3.133099206076295e-05,-3.133099206076295e-05,False,309,922,True,True
305,DSC08043.JPG,207.0,223.0,3.318899154663086,1.437946912870628,1.5441392064810755,0.9777095150466657,0.015964681123373885,0.8439664128572774,0.5361583935046144,1.1064955872970572,1.0246777252058783,1.7702192473809593,1.1064955872970572,1.0246777252058783,1.7702192473809593,False,False,False,False,0.0,-0.0,0.0,-0.0,0.0,-0.0,0.0,6.189000583736846e-05,0.013411252241711495,0.013412595187177169,0.00022546576269766484,"[1, 1, 1]",0.013412871292426012,-4.128773709588529e-05,4.128773709588529e-05,6.0727046384156935e-05,-6.0727046384156935e-05,2.8048501465427478e-05,-2.8048501465427478e-05,False,310,969,True,True
306,DSC08043.JPG,208.0,223.0,3.3186447620391846,1.4323822515339553,1.5419593168368058,0.9813065241294069,0.008476705428520283,0.8835480613059253,0.4682637812468725,1.1056430895007856,1.0177554339200912,1.770324032191151,1.1056430895007856,1.0177554339200912,1.770324032191151,False,False,False,False,0.0,-0.0,0.0,-0.0,0.0,-0.0,0.0,5.831686300796446e-05,0.011988256587748622,0.011989176845676614,0.00018240409895417428,"[1, 1, 1]",0.011989410524189543,-3.690932812028258e-05,3.690932812028258e-05,5.417100928006846e-05,-5.417100928006846e-05,2.4873610460218742e-05,-2.4873610460218742e-05,False,311,1007,True,True
307,DSC08043.JPG,209.0,223.0,3.318390369415283,1.4268184554068386,1.5397797287519197,0.9849030017561687,0.009270787978259164,0.9022039240380504,0.4312100786630643,1.1047907544358053,1.0108341887086045,1.770428782098898,1.1047907544358053,1.0108341887086045,1.770428782098898,False,False,False,False,0.0,-0.0,0.0,-0.0,0.0,-0.0,0.0,5.486468181190994e-05,0.010598452489250476,0.010599044504868992,0.00014392861330503673,"[1, 1, 1]",0.010599237102263771,-3.263404480313703e-05,3.263404480313703e-05,4.778855923315284e-05,-4.778855923315284e-05,2.180656464600972e-05,-2.180656464600972e-05,False,312,1047,True,True
308,DSC08043.JPG,210.0,223.0,3.318136215209961,1.4212554493965603,1.537600641346485,0.9884988263776087,-0.016498757616095854,0.9026807868920519,0.42999440458344507,1.103938386046925,1.0039140809597726,1.770533612310497,1.103938386046925,1.0039140809597726,1.770533612310497,False,False,False,False,0.0,-0.0,0.0,-0.0,0.0,-0.0,0.0,5.155753694817534e-05,0.009241833183842906,0.009242180966997488,0.00010997453001696146,"[1, 1, 1]",0.009242334249283156,-2.8461829211234857e-05,2.8461829211234857e-05,4.1579602445773745e-05,-4.1579602445773745e-05,1.8847314030789875e-05,-1.8847314030789875e-05,False,313,1107,True,True
309,DSC08043.JPG,211.0,223.0,3.3178820610046387,1.4156933077849576,1.535421855217811,0.9920941200411536,-0.06488539701116088,0.9150843003348367,0.39800830209357,1.103086180236823,0.996995018304853,1.770638407652362,1.103086180236823,0.996995018304853,1.770638407652362,False,False,False,False,0.0,-0.0,0.0,-0.0,0.0,-0.0,0.0,4.842502459516537e-05,0.007918424063419189,0.00791860158923224,8.050410947554208e-05,"[1, 1, 1]",0.007918717482858236,-2.439265084408504e-05,2.439265084408504e-05,3.5544443780066715e-05,-3.5544443780066715e-05,1.599644619743046e-05,-1.599644619743046e-05,False,314,1164,True,True
310,DSC08043.JPG,212.0,223.0,3.3176279067993164,1.4101320305720308,1.5332433703658972,0.9956888827468042,-0.12037564012826123,0.9002459087709447,0.418410096681339,1.1022341370055,0.9900770007438455,1.7707431681244932,1.1022341370055,0.9900770007438455,1.7707431681244932,False,False,False,False,0.0,-0.0,0.0,-0.0,0.0,-0.0,0.0,4.550303147231369e-05,0.006628229682890051,0.006628300395456247,5.5449295521625546e-05,"[1, 1, 1]",0.0066283810046621075,-2.042645353483863e-05,2.042645353483863e-05,2.968315076867789e-05,-2.968315076867789e-05,1.3254186378208743e-05,-1.3254186378208743e-05,False,315,1215,True,True
311,DSC08043.JPG,213.0,223.0,3.317373752593994,1.4045716177577792,1.5310651867907443,0.9992831144945595,-0.09561773996649271,0.9080961042437595,0.4076992926913257,1.1013822563529545,0.9831600282767504,1.7708478937268906,1.1013822563529545,0.9831600282767504,1.7708478937268906,False,False,False,False,0.0,-0.0,0.0,-0.0,0.0,-0.0,0.0,4.283445584427214e-05,0.005371254424927849,0.005371268810099556,3.463838703879809e-05,"[1, 1, 1]",0.005371317393696579,-1.656317998754986e-05,1.656317998754986e-05,2.399578582457096e-05,-2.399578582457096e-05,1.062075295577003e-05,-1.062075295577003e-05,False,316,1277,True,True
312,DSC08043.JPG,214.0,223.0,3.317119598388672,1.3990120693422035,1.528887304492351,1.0028768152844205,-0.03516491777642862,0.9296722016419012,0.36670563951496177,1.1005305382791881,0.976244100903567,1.7709525844595533,1.1005305382791881,0.976244100903567,1.7709525844595533,False,False,False,False,0.0,-0.0,0.0,-0.0,0.0,-0.0,0.0,4.0469242710729154e-05,0.004147501441623803,0.004147497487214036,1.782731711219369e-05,"[1, 1, 1]",0.004147518665231261,-1.2802771782061129e-05,1.2802771782061129e-05,1.8482406233699678e-05,-1.8482406233699678e-05,8.096357439590918e-06,-8.096357439590918e-06,False,317,1329,True,True
313,DSC08043.JPG,215.0,223.0,3.3168656826019287,1.3934533082053846,1.5267099218842264,1.0064698648122548,-0.013039057300916802,0.9392794543579529,0.3429053653790355,1.099678786347727,0.9693293075616793,1.771057355610556,1.099678786347727,0.9693293075616793,1.771057355610556,False,False,False,False,0.0,-0.0,0.0,-0.0,0.0,-0.0,0.0,3.8463065884139684e-05,0.0029569821336000402,0.0029569807777877102,4.676310850554341e-06,"[1, 1, 1]",0.002956983366156164,-9.145216843142734e-06,9.145216843142734e-06,1.3143045005881149e-05,-1.3143045005881149e-05,5.681083005804055e-06,-5.681083005804055e-06,False,318,1386,True,True
314,DSC08043.JPG,216.0,223.0,3.3335726261138916,1.3823803340980418,1.5386377260533546,1.0015217848276046,0.16544246710278676,0.8860659729016465,0.43303104016317595,1.0848474777303319,0.9687076029364049,1.779364733744958,1.0848474777303319,0.9687076029364049,1.779364733744958,False,False,False,False,0.0,-0.0,0.0,-0.0,0.0,-0.0,0.0,2.996529071810415e-05,0.00219456234037521,0.0021777004416085144,0.0007096379397051509,"[1, 1, 1]",0.0022429967771669793,-8.367104894047017e-06,8.367104894047017e-06,6.71551659947589e-06,-6.71551659947589e-06,-3.975092312646922e-06,3.975092312646922e-06,False,319,1425,True,True
315,DSC08043.JPG,217.0,223.0,3.3326222896575928,1.377022093387295,1.535872152339219,1.0054814435122974,0.11436158799628744,0.8778870800304877,0.4650115072839722,1.0845648622728796,0.9615031035174528,1.7791337467162844,1.0845648622728796,0.9615031035174528,1.7791337467162844,False,False,False,False,0.0,-0.0,0.0,-0.0,0.0,-0.0,0.0,2.8411300996906754e-05,0.001345759880535296,0.0012696208360131137,0.0005824682596155703,"[1, 1, 1]",0.001371545842614114,-5.5618353123065845e-06,5.5618353123065845e-06,3.953774605713889e-06,-3.953774605713889e-06,-3.5238210180921214e-06,3.5238210180921214e-06,False,320,1436,True,True
316,DSC08043.JPG,218.0,223.0,3.3242950439453125,1.3740908864539638,1.5269817097893517,1.0131383301475676,0.05132065968584101,0.7416597795818994,0.6688101085060979,1.0903678740188418,0.9515962016344989,1.7753339828391952,1.0903678740188418,0.9515962016344989,1.7753339828391952,False,False,False,False,0.0,-0.0,0.0,-0.0,0.0,-0.0,0.0,3.097380150811136e-05,0.0003138857909628342,4.826653589343217e-05,0.000310223092382793,"[1, 1, 1]",0.00031392178417716444,-1.1749903263691408e-06,1.1749903263691408e-06,1.8527631828746394e-07,-1.8527631828746394e-07,-1.8674393174045179e-06,1.8674393174045179e-06,False,321,1502,True,True
317,DSC08043.JPG,219.0,223.0,3.325690507888794,1.367976915416646,1.5261693905194318,1.0159124414367235,-0.06661811468041705,0.7848852731650415,0.6160496203757171,1.0881530942314044,0.94527044780342,1.7762371920330244,1.0881530942314044,0.94527044780342,1.7762371920330244,False,False,False,False,0.0,-0.0,0.0,-0.0,0.0,-0.0,0.0,2.9876855735197468e-05,0.0008621926070200204,0.0007899178186290759,0.0003726279405166899,"[1, 1, 1]",0.0008678129299495484,1.237671398479634e-06,-1.237671398479634e-06,-2.899333934047732e-06,2.899333934047732e-06,-2.704966747923976e-06,2.704966747923976e-06,False,322,1466,True,True
318,DSC08043.JPG,220.0,223.0,3.327087163925171,1.3618578025598131,1.5253564055883133,1.0186888727188501,-0.2507256033439541,0.8094743052856243,0.5309312770125398,1.085936437697034,0.9389393881917709,1.77714116953254,1.085936437697034,0.9389393881917709,1.77714116953254,False,False,False,False,0.0,-0.0,0.0,-0.0,0.0,-0.0,0.0,2.9364549340998477e-05,0.0015892140450206765,0.001555828602331305,0.00046805409986104833,"[1, 1, 1]",0.0016070592025726148,3.427863846994228e-06,-3.427863846994228e-06,-5.420260061894666e-06,5.420260061894666e-06,-2.9828072212190193e-06,2.9828072212190193e-06,False,323,1451,True,True
319,DSC08043.JPG,221.0,223.0,3.291219711303711,1.3681677661946314,1.493662848612924,1.0400378494761282,0.12824360300211538,0.9442602456966629,0.30319328271898394,1.1144928312124978,0.9191616344814678,1.7600108207044411,1.1144928312124978,0.9191616344814678,1.7600108207044411,False,False,False,False,0.0,-0.0,0.0,-0.0,0.0,-0.0,0.0,5.081308122334676e-05,0.00669306994829311,0.006680667494153942,0.0016679407260982437,"[1, 1, 1]",0.0067900858058316535,2.4384961956780415e-05,-2.4384961956780415e-05,-3.597800110255456e-05,3.597800110255456e-05,-1.6761565797551725e-05,1.6761565797551725e-05,False,324,1155,True,True
320,DSC08043.JPG,222.0,223.0,3.305835723876953,1.3576691708203965,1.5038150282337355,1.03620746759802,-0.12039621298555372,-0.7775922752219299,-0.6171345116049822,1.1013650929605512,0.9176366715486163,1.7673112356008067,1.1013650929605512,0.9176366715486163,1.7673112356008067,False,False,False,False,0.0,-0.0,0.0,-0.0,0.0,-0.0,0.0,4.340403745544118e-05,0.005665288484631913,0.005669860326650572,0.0005324481842081494,"[1, 1, 1]",0.005680066432239065,1.8627539324356235e-05,-1.8627539324356235e-05,-2.753228684038156e-05,2.753228684038156e-05,-1.288837581903124e-05,1.288837581903124e-05,False,325,1221,True,True
321,DSC08043.JPG,223.0,223.0,3.293529510498047,1.3561955050476242,1.491672683974514,1.0457673881641079,-0.3313561877633538,0.5255732332683295,-0.7835661129112278,1.1104784987064271,0.9064516193291752,1.7615805516356406,1.1104784987064271,0.9064516193291752,1.7615805516356406,False,False,False,False,0.0,-0.0,0.0,-0.0,0.0,-0.0,0.0,5.225947965027598e-05,0.008739364841943336,0.00879122213162703,0.001687989094141016,"[1, 1, 1]",0.008846224925701765,3.0125917593437634e-05,-3.0125917593437634e-05,-4.6657544051198485e-05,4.6657544051198485e-05,-2.4524980703155563e-05,2.4524980703155563e-05,False,326,1012,True,True
322,DSC08043.JPG,224.0,223.0,3.3259449005126953,1.3396133899020712,1.5165239795165886,1.0331558606983975,-0.10982505716484846,-0.9125500023796365,-0.3939428257700138,1.0826242736253986,0.9111721515687345,1.7775010660227122,1.0826242736253986,0.9111721515687345,1.7775010660227122,False,False,False,False,0.0,-0.0,0.0,-0.0,0.0,-0.0,0.0,3.6470657295211825e-05,0.004649636855828269,0.004705569560581189,0.0009137488267793705,"[1, 1, 1]",0.004722099396922418,1.3033283298380383e-05,-1.3033283298380383e-05,-1.5722988224942114e-05,1.5722988224942114e-05,-2.900174858488924e-06,2.900174858488924e-06,False,327,1455,True,True
323,DSC08043.JPG,225.0,223.0,3.326106309890747,1.3339025332576795,1.514686045761303,1.0365502449880897,-0.1392422821701562,0.8676318796427991,0.4773117516713265,1.0814269903912472,0.9043908235081587,1.7778073851370122,1.0814269903912472,0.9043908235081587,1.7778073851370122,False,False,False,False,0.0,-0.0,0.0,-0.0,0.0,-0.0,0.0,3.908570646725833e-05,0.005274403803009957,0.005355135653328609,0.0010866261325102565,"[1, 1, 1]",0.005370175427228555,1.4948042311724308e-05,-1.4948042311724308e-05,-1.7412141183781316e-05,1.7412141183781316e-05,-2.253783753403127e-06,2.253783753403127e-06,False,328,1483,True,True
324,DSC08043.JPG,226.0,223.0,3.3162708282470703,1.3316117670853542,1.504593619511054,1.0448744530280412,0.009255398459028508,0.6292824151805586,0.7771215989431047,1.0885013570170678,0.8941057794793353,1.7732721538381682,1.0885013570170678,0.8941057794793353,1.7732721538381682,False,False,False,False,0.0,-0.0,0.0,-0.0,0.0,-0.0,0.0,4.671674192891084e-05,0.007550054221830839,0.0075590166974763475,0.00042687913909481104,"[1, 1, 1]",0.007560564751199575,2.2851718612493244e-05,-2.2851718612493244e-05,-3.118673807978034e-05,3.118673807978034e-05,-1.1338019157758339e-05,1.1338019157758339e-05,False,329,1260,True,True
325,DSC08043.JPG,227.0,223.0,3.3247759342193604,1.3230476584659867,1.5096455632483563,1.0441534917292534,0.17744378790640217,-0.8940002051337816,-0.41143326962483756,1.08040054982569,0.8902502724754916,1.7776193213935967,1.08040054982569,0.8902502724754916,1.7776193213935967,False,False,False,False,0.0,-0.0,0.0,-0.0,0.0,-0.0,0.0,4.584241791836302e-05,0.006680719757769314,0.006791147756342148,0.0013330387109084427,"[1, 1, 1]",0.006801790078322259,1.9382451725169503e-05,-1.9382451725169503e-05,-2.2102968566750647e-05,2.2102968566750647e-05,-2.1025540415386956e-06,2.1025540415386956e-06,False,330,1495,True,True
326,DSC08043.JPG,228.0,223.0,3.3177003860473633,1.3198388518230089,1.5018411536305765,1.051100599863578,0.1314362746759664,0.9811780185125057,0.1414715578735769,1.0851962092759857,0.8809641785030753,1.7744196854523753,1.0851962092759857,0.8809641785030753,1.7744196854523753,False,False,False,False,0.0,-0.0,0.0,-0.0,0.0,-0.0,0.0,5.226935019499259e-05,0.008634144340654936,0.008663881145770456,0.0007803626571115365,"[1, 1, 1]",0.008666609821930049,2.5986952044476652e-05,-2.5986952044476652e-05,-3.393286607766832e-05,3.393286607766832e-05,-1.0245663391916793e-05,1.0245663391916793e-05,False,331,1282,True,True
327,DSC08043.JPG,229.0,223.0,3.3187530040740967,1.3138314256119885,1.5007419983296733,1.0540503827096528,0.07835296696829229,-0.9783884582087299,-0.19135526491635968,1.0832630862958545,0.8745052690098324,1.7751572860198497,1.0832630862958545,0.8745052690098324,1.7751572860198497,False,False,False,False,0.0,-0.0,0.0,-0.0,0.0,-0.0,0.0,5.519440451349532e-05,0.009011165394735962,0.0090629565026527,0.0010320703860544533,"[1, 1, 1]",0.009066516740910573,2.702896725503834e-05,-2.702896725503834e-05,-3.412732067364921e-05,3.412732067364921e-05,-8.641689190902468e-06,8.641689190902468e-06,False,332,1316,True,True
328,DSC08043.JPG,230.0,223.0,3.322033166885376,1.3070430675289029,1.5014755685107457,1.055913265104693,0.10532650076957134,-0.9691607531077538,-0.222786361501886,1.0794832970352584,0.868804274818146,1.7769744596120929,1.0794832970352584,0.868804274818146,1.7769744596120929,False,False,False,False,0.0,-0.0,0.0,-0.0,0.0,-0.0,0.0,5.7399739801706485e-05,0.008807648037235502,0.008937815823288602,0.0015918082456977478,"[1, 1, 1]",0.008944078123348104,2.6124707428243354e-05,-2.6124707428243354e-05,-2.9935453375040666e-05,2.9935453375040666e-05,-3.0827352719420276e-06,3.0827352719420276e-06,False,333,1445,True,True
329,DSC08043.JPG,231.0,223.0,3.3458096981048584,1.2930560298857994,1.519068090146538,1.0477832490125354,-0.35555176556559615,-0.9110882120231261,-0.20856944147139736,1.0587092688799964,0.8700613052675229,1.7887256650756984,1.0587092688799964,0.8700613052675229,1.7887256650756984,False,False,False,False,0.0,-0.0,0.0,-0.0,0.0,-0.0,0.0,5.353200893264106e-05,0.003958110186442598,0.006050530774927935,0.004621410266206772,"[1, 1, 1]",0.006067659926147216,1.0663347978168147e-05,-1.0663347978168147e-05,9.624776555750003e-06,-9.624776555750003e-06,3.6481432285739857e-05,-3.6481432285739857e-05,False,334,852,True,True
330,DSC08043.JPG,232.0,223.0,3.321056365966797,1.2960887672092003,1.4967345415595923,1.063328921870693,-0.07693146465853555,0.9765495934056188,0.20107819713935468,1.078168351763628,0.8548136850107133,1.7769567652714193,1.078168351763628,0.8548136850107133,1.7769567652714193,False,False,False,False,0.0,-0.0,0.0,-0.0,0.0,-0.0,0.0,6.520495320565783e-05,0.009942825360322774,0.010102009624274884,0.0018434517185686424,"[1, 1, 1]",0.010107143219566054,2.967916891227773e-05,-2.967916891227773e-05,-3.346240818746793e-05,3.346240818746793e-05,-2.558962821197497e-06,2.558962821197497e-06,False,335,1471,True,True
331,DSC08043.JPG,233.0,223.0,3.322141170501709,1.2900570775364821,1.4956573440232992,1.066270972433508,0.1562733126297229,-0.9569576413686282,-0.24456231186739505,1.0762061044812399,0.8483500340911629,1.7777104885278525,1.0762061044812399,0.8483500340911629,1.7777104885278525,False,False,False,False,0.0,-0.0,0.0,-0.0,0.0,-0.0,0.0,6.864736870873475e-05,0.010042094931254547,0.010271556839538573,0.0022131558599662094,"[1, 1, 1]",0.010277319918193143,2.991113735739681e-05,-2.991113735739681e-05,-3.171460844408891e-05,3.171460844408891e-05,8.926373284978695e-07,-8.926373284978695e-07,False,336,1545,True,True
332,DSC08043.JPG,234.0,223.0,3.3209218978881836,1.2848414305801146,1.4926873395135984,1.0703321802878834,0.9765927847830053,-0.09340819542202211,-0.19375613987116913,1.076155527253695,0.8411124390185513,1.7773472135541613,1.076155527253695,0.8411124390185513,1.7773472135541613,False,False,False,False,0.0,-0.0,0.0,-0.0,0.0,-0.0,0.0,7.29584468893629e-05,0.010730598038007301,0.010951316105007677,0.002235286206711838,"[1, 1, 1]",0.0109561298960461,3.2106460229330835e-05,-3.2106460229330835e-05,-3.463105154599688e-05,3.463105154599688e-05,-5.913765788179148e-08,5.913765788179148e-08,False,337,1583,True,True
333,DSC08043.JPG,235.0,223.0,3.326341390609741,1.277256736621162,1.4951649079360656,1.0711796639582671,0.31226394219909576,0.9148173201368541,0.2561259478848336,1.0705934891425297,0.8360833299769024,1.7802030760521985,1.0705934891425297,0.8360833299769024,1.7802030760521985,False,False,False,False,0.0,-0.0,0.0,-0.0,0.0,-0.0,0.0,7.516693868316741e-05,0.009425267424066892,0.010001815362439255,0.0033935914065130086,"[1, 1, 1]",0.010009706325177312,2.782082601626712e-05,-2.782082601626712e-05,-2.198760588645321e-05,2.198760588645321e-05,1.3806749401101825e-05,-1.3806749401101825e-05,False,338,1202,True,True
334,DSC08043.JPG,201.0,224.0,3.2979393005371094,1.4798685744898545,1.5424048851329506,0.9730000125212588,0.04112281474278392,0.7421486574295711,0.6689725587668867,1.1332282915250145,1.0569042439148153,1.7647945801971245,1.1332282915250145,1.0569042439148153,1.7647945801971245,False,False,False,False,0.0,-0.0,0.0,-0.0,0.0,-0.0,0.0,8.838451182026929e-05,0.027239895365779362,0.027310310675115645,0.0023123125396770044,"[1, 1, 1]",0.027324089707935612,-8.162781160159227e-05,8.162781160159227e-05,0.00013331187682363854,-0.00013331187682363854,7.834223778502292e-05,-7.834223778502292e-05,False,339,449,True,True
335,DSC08043.JPG,202.0,224.0,3.2707059383392334,1.4824525948425455,1.517542871301593,0.9905134413454545,-0.1582537388043491,0.1200250129115279,0.9800764003025644,1.1544718626879302,1.0392392568412165,1.7518263113053398,1.1544718626879302,1.0392392568412165,1.7518263113053398,False,False,False,False,0.0,-0.0,0.0,-0.0,0.0,-0.0,0.0,9.118045088021141e-05,0.028123398884956116,0.028460767587699436,0.006357538021196015,"[1, 1, 1]",0.028647505550749935,-7.589964883147893e-05,7.589964883147893e-05,0.00015594475488556192,-0.00015594475488556192,0.0001281087150428739,-0.0001281087150428739,False,340,222,True,True
336,DSC08043.JPG,203.0,224.0,3.2711212635040283,1.476764985524876,1.5159534127697765,0.99371576534436,0.09365938093228786,0.1653655679397099,0.9817749993269119,1.1530855542293652,1.0326797483045302,1.752251932949083,1.1530855542293652,1.0326797483045302,1.752251932949083,False,False,False,False,0.0,-0.0,0.0,-0.0,0.0,-0.0,0.0,8.798338380469296e-05,0.025728852837519016,0.026007517998554837,0.005858018792204753,"[1, 1, 1]",0.02619810342465626,-6.880692951938272e-05,6.880692951938272e-05,0.00014227793664445265,-0.00014227793664445265,0.0001177033864228072,-0.0001177033864228072,False,341,249,True,True
337,DSC08043.JPG,204.0,224.0,3.2715365886688232,1.4710759636532726,1.5143634619076445,0.9969189570061665,0.28171367681904474,0.22483613978904812,0.9327840664043605,1.1516989800932838,1.0261185319314508,1.752677611575075,1.1516989800932838,1.0261185319314508,1.752677611575075,False,False,False,False,0.0,-0.0,0.0,-0.0,0.0,-0.0,0.0,8.487684910018848e-05,0.02338564869676125,0.023607075477326125,0.005380181296092773,"[1, 1, 1]",0.023802614658254152,-6.186764356463925e-05,6.186764356463925e-05,0.00012893570372685126,-0.00012893570372685126,0.00010757295766250508,-0.00010757295766250508,False,342,299,True,True
338,DSC08043.JPG,205.0,224.0,3.2719521522521973,1.465385456290712,1.512773218836763,1.0001228939128604,0.2611143183929099,0.3502561707152641,0.8995220550970865,1.1503119448362682,1.019555701540056,1.7531034627456765,1.1503119448362682,1.019555701540056,1.7531034627456765,False,False,False,False,0.0,-0.0,0.0,-0.0,0.0,-0.0,0.0,8.187123972581873e-05,0.021094153235406473,0.021259474611565205,0.004924720256451775,"[1, 1, 1]",0.02146137730467235,-5.5081861212169514e-05,5.5081861212169514e-05,0.00011591841472013975,-0.00011591841472013975,9.771793038915177e-05,-9.771793038915177e-05,False,343,340,True,True
339,DSC08043.JPG,206.0,224.0,3.2723677158355713,1.4596935355633365,1.5111824831529417,1.0033276989805393,0.27134698500178184,0.4216399007562441,0.8652113081904949,1.1489246437492227,1.0129911623318797,1.7535293709312365,1.1489246437492227,1.0129911623318797,1.7535293709312365,False,False,False,False,0.0,-0.0,0.0,-0.0,0.0,-0.0,0.0,7.89783364893909e-05,0.018854891755417998,0.018964779769158863,0.004492577858274812,"[1, 1, 1]",0.019174893344123912,-4.8449565205777034e-05,4.8449565205777034e-05,0.00010322678941832031,-0.00010322678941832031,8.813959289888373e-05,-8.813959289888373e-05,False,344,386,True,True
340,DSC08043.JPG,207.0,224.0,3.2727832794189453,1.454000201471148,1.5095912548561807,1.0065333722092047,-0.4741670141913348,-0.14824219245540748,-0.867865136428978,1.1475370768321498,1.0064249143069222,1.7539553361317561,1.1475370768321498,1.0064249143069222,1.7539553361317561,False,False,False,False,0.0,-0.0,0.0,-0.0,0.0,-0.0,0.0,7.621115708618372e-05,0.01666857538445818,0.016723033831878457,0.004084896406025416,"[1, 1, 1]",0.016943843210720757,-4.197077390899473e-05,4.197077390899473e-05,9.086133016178444e-05,-9.086133016178444e-05,7.883879120207382e-05,-7.883879120207382e-05,False,345,446,True,True
341,DSC08043.JPG,208.0,224.0,3.2731990814208984,1.4483053798607999,1.507999733644112,1.0097397919279671,0.336804064334875,0.7376342266496174,0.5851997692434014,1.1461490484128587,0.9998570498126789,1.7543814739586627,1.1461490484128587,0.9998570498126789,1.7543814739586627,False,False,False,False,0.0,-0.0,0.0,-0.0,0.0,-0.0,0.0,7.35839781964808e-05,0.014536249949437408,0.014534275356119716,0.0037030881555156756,"[1, 1, 1]",0.014769234682442227,-3.564558333746248e-05,3.564558333746248e-05,7.882245721568815e-05,-7.882245721568815e-05,6.981608464817768e-05,-6.981608464817768e-05,False,346,508,True,True
342,DSC08043.JPG,209.0,224.0,3.2736151218414307,1.4426090695159721,1.5064079190927977,1.012946958883955,0.4197472941282868,0.7946681095618064,0.4385371189733502,1.1447605582625824,0.9932875673785662,1.7548077844610208,1.1447605582625824,0.9932875673785662,1.7548077844610208,False,False,False,False,0.0,-0.0,0.0,-0.0,0.0,-0.0,0.0,7.111250787455177e-05,0.012459566404848101,0.012398553445365081,0.003348963993957346,"[1, 1, 1]",0.01265267722113832,-2.94740375432756e-05,2.94740375432756e-05,6.71107412675287e-05,-6.71107412675287e-05,6.1072388929162e-05,-6.1072388929162e-05,False,347,577,True,True
343,DSC08043.JPG,210.0,224.0,3.274030923843384,1.4369114191487946,1.5048154119482906,1.0161551161698996,0.5774774535738563,0.6053350361400236,0.5478040567896619,1.1433719978019512,0.9867162827997892,1.7552340363996224,1.1433719978019512,0.9867162827997892,1.7552340363996224,False,False,False,False,0.0,-0.0,0.0,-0.0,0.0,-0.0,0.0,6.881393624077734e-05,0.010441289912636495,0.010315904618105217,0.003024816890056406,"[1, 1, 1]",0.010596884911800712,-2.3455992099741252e-05,2.3455992099741252e-05,5.572678828547062e-05,-5.572678828547062e-05,5.2609031317985e-05,-5.2609031317985e-05,False,348,676,True,True
344,DSC08043.JPG,211.0,224.0,3.3156771659851074,1.418178452173102,1.5376834097835712,0.9984524333995313,-0.010660500415617937,0.9129313194796466,0.40797396932162244,1.108105431168345,0.995858905563018,1.7756618614812947,1.108105431168345,0.995858905563018,1.7756618614812947,False,False,False,False,0.0,-0.0,0.0,-0.0,0.0,-0.0,0.0,5.068129313196164e-05,0.008363263383624375,0.008376406362670752,0.0007967981779575519,"[1, 1, 1]",0.00838877963418698,-2.7382239754736304e-05,2.7382239754736304e-05,3.3209351814944554e-05,-3.3209351814944554e-05,6.396168957145676e-06,-6.396168957145676e-06,False,349,1367,True,True
345,DSC08043.JPG,212.0,224.0,3.3174614906311035,1.4119729103412355,1.5372084992530333,1.0010127227276477,-0.05312885924292788,0.8983466237646209,0.4360626880234676,1.1055782422786995,0.9897182504105885,1.7767550410171984,1.1055782422786995,0.9897182504105885,1.7767550410171984,False,False,False,False,0.0,-0.0,0.0,-0.0,0.0,-0.0,0.0,4.731182087731281e-05,0.006949653975865539,0.0069635560792777,0.0008852261792540174,"[1, 1, 1]",0.006984712968394683,-2.3262530629786227e-05,2.3262530629786227e-05,2.6633192405922657e-05,-2.6633192405922657e-05,2.7046590314050434e-06,-2.7046590314050434e-06,False,350,1467,True,True
346,DSC08043.JPG,213.0,224.0,3.3192477226257324,1.4057606904348952,1.5367330654960245,1.0035757763134703,-0.08301064259570211,0.8776518521580249,0.4720555683597401,1.10304834355456,0.9835709772044272,1.7778493909065125,1.10304834355456,0.9835709772044272,1.7778493909065125,False,False,False,False,0.0,-0.0,0.0,-0.0,0.0,-0.0,0.0,4.4090606620223745e-05,0.005626246547156625,0.005635428914953802,0.0009376479426316619,"[1, 1, 1]",0.005669739476940586,-1.9382495319408832e-05,1.9382495319408832e-05,2.069069546739577e-05,-2.069069546739577e-05,-3.383520552624475e-07,3.383520552624475e-07,False,351,1569,True,True
347,DSC08043.JPG,214.0,224.0,3.275696039199829,1.4141060632352453,1.498442045212708,1.0289954704913022,0.012300895917699058,0.4880245976427385,0.8727431925000991,1.137813527096197,0.9604147617636262,1.7569405403072051,1.137813527096197,0.9604147617636262,1.7569405403072051,False,False,False,False,0.0,-0.0,0.0,-0.0,0.0,-0.0,0.0,6.171663017742091e-05,0.0032161252093460394,0.0025168049522958148,0.0020874545660091283,"[1, 1, 1]",0.003243087712780324,-9.210021141292657e-07,9.210021141292657e-07,1.347797163409048e-05,-1.347797163409048e-05,2.157130758151382e-05,-2.157130758151382e-05,False,352,1053,True,True
348,DSC08043.JPG,215.0,224.0,3.2903969287872314,1.403788320404976,1.5087528878103167,1.0250223914579788,0.37321707051255415,0.03165691749392837,0.9272037844254142,1.1246677584465434,0.9591624234881194,1.76430091153716,1.1246677584465434,0.9591624234881194,1.76430091153716,False,False,False,False,0.0,-0.0,0.0,-0.0,0.0,-0.0,0.0,5.290933855348566e-05,0.0020355260104460977,0.0018584493209008368,0.0008656843769914588,"[1, 1, 1]",0.0020428667918219534,-2.92424406800329e-06,2.92424406800329e-06,9.234921128031814e-06,-9.234921128031814e-06,1.051099789606269e-05,-1.051099789606269e-05,False,353,1279,True,True
349,DSC08043.JPG,216.0,224.0,3.2793917655944824,1.4017654315143846,1.4976369938146699,1.033983645877521,0.19558197443968534,0.6390865229515402,0.7438522080736097,1.1326755406064428,0.9483156378348541,1.7591840838647042,1.1326755406064428,0.9483156378348541,1.7591840838647042,False,False,False,False,0.0,-0.0,0.0,-0.0,0.0,-0.0,0.0,5.8068844440046615e-05,0.0017942365493045461,0.0007594353776996716,0.0016333252182815794,"[1, 1, 1]",0.0017977456557372407,7.715771960015161e-06,-7.715771960015161e-06,-3.9967950955510645e-06,3.9967950955510645e-06,7.459540656729047e-06,-7.459540656729047e-06,False,354,1344,True,True
350,DSC08043.JPG,217.0,224.0,3.2789292335510254,1.3963396318208525,1.4953083369562055,1.0376408558193613,0.5395065028166234,0.5212963053952818,0.6611980757683781,1.1320075862873824,0.9414025367571451,1.759184476967919,1.1320075862873824,0.9414025367571451,1.759184476967919,False,False,False,False,0.0,-0.0,0.0,-0.0,0.0,-0.0,0.0,5.7955261604869206e-05,0.002981143460685975,0.002532425907677638,0.001660841465450673,"[1, 1, 1]",0.0030048953737405342,1.31028206555861e-05,-1.31028206555861e-05,-1.3343107649665953e-05,1.3343107649665953e-05,1.3410552912596074e-06,-1.3410552912596074e-06,False,355,1526,True,True
351,DSC08043.JPG,218.0,224.0,3.2784667015075684,1.3909154052356043,1.4929802283875302,1.0412970994776032,0.2781450069019489,0.6088044275611996,0.7429619937233634,1.1313399278433969,0.9344913376327098,1.7591848066121434,1.1313399278433969,0.9344913376327098,1.7591848066121434,False,False,False,False,0.0,-0.0,0.0,-0.0,0.0,-0.0,0.0,5.8172436094177315e-05,0.004525216019831559,0.004279233778522371,0.0017290181140832575,"[1, 1, 1]",0.0045704992138668596,1.8406383050173503e-05,-1.8406383050173503e-05,-2.2573119183855184e-05,2.2573119183855184e-05,-4.732023459741441e-06,4.732023459741441e-06,False,356,1411,True,True
352,DSC08043.JPG,219.0,224.0,3.2780044078826904,1.3854926731454522,1.4906528662518441,1.0449522579208237,0.1745613940046774,0.5110775117919936,-0.8416223004790502,1.1306723687634785,0.9275821274169073,1.7591851885887133,1.1306723687634785,0.9275821274169073,1.7591851885887133,False,False,False,False,0.0,-0.0,0.0,-0.0,0.0,-0.0,0.0,5.87162844137688e-05,0.0061413163918656736,0.005999837064346063,0.001833270519120165,"[1, 1, 1]",0.006207845545198512,2.362637637509657e-05,-2.362637637509657e-05,-3.1686598360503027e-05,3.1686598360503027e-05,-1.0759445837837944e-05,1.0759445837837944e-05,False,357,1274,True,True
353,DSC08043.JPG,220.0,224.0,3.2923810482025146,1.375153472938898,1.5006494916716762,1.0412197778515595,0.10247058918046212,0.45222978999963076,0.885995482714161,1.117769710611867,0.9260563236025986,1.7663932620834826,1.117769710611867,0.9260563236025986,1.7663932620834826,False,False,False,False,0.0,-0.0,0.0,-0.0,0.0,-0.0,0.0,5.078820579131851e-05,0.005426538887902873,0.005413187508874356,0.0006598388948458167,"[1, 1, 1]",0.005439913106755227,1.849351089711071e-05,-1.849351089711071e-05,-2.6231481112803934e-05,2.6231481112803934e-05,-1.0890463557622354e-05,1.0890463557622354e-05,False,358,1271,True,True
354,DSC08043.JPG,221.0,224.0,3.312863349914551,1.3627314056594997,1.5156960864010645,1.0344843728865485,0.2415849651336815,0.7931837779321641,0.5590135946885526,1.099821499806453,0.9266731354133166,1.7765694460716792,1.099821499806453,0.9266731354133166,1.7765694460716792,False,False,False,False,0.0,-0.0,0.0,-0.0,0.0,-0.0,0.0,4.010155732574807e-05,0.004056434933645067,0.004051220187244573,0.0006442835252143281,"[1, 1, 1]",0.004079347458023782,1.0886121772024637e-05,-1.0886121772024637e-05,-1.5347556017841768e-05,1.5347556017841768e-05,-6.248985499723858e-06,6.248985499723858e-06,False,359,1370,True,True
355,DSC08043.JPG,222.0,224.0,3.313023328781128,1.3570441841279257,1.5138652065043565,1.0378655509495913,0.22555781075899622,0.8316555044108822,0.5074177726377841,1.0986298919697828,0.9199191716161188,1.7768744359552768,1.0986298919697828,0.9199191716161188,1.7768744359552768,False,False,False,False,0.0,-0.0,0.0,-0.0,0.0,-0.0,0.0,4.129145623163637e-05,0.005054558762210559,0.005063760287693326,0.0007631050629187313,"[1, 1, 1]",0.005087856293544606,1.393263686844115e-05,-1.393263686844115e-05,-1.892006608827934e-05,1.892006608827934e-05,-6.749475697009899e-06,6.749475697009899e-06,False,360,1362,True,True
356,DSC08043.JPG,223.0,224.0,3.313183307647705,1.3513564184954971,1.5120341369672101,1.0412470632272195,-0.07249139877084709,-0.8734885893787926,-0.48141736708317173,1.0974381817969403,0.913164549978381,1.777179447787834,1.0974381817969403,0.913164549978381,1.777179447787834,False,False,False,False,0.0,-0.0,0.0,-0.0,0.0,-0.0,0.0,4.288786557357848e-05,0.006008937836142474,0.006033289382636037,0.0009017559515167212,"[1, 1, 1]",0.006054794761995067,1.6842450170528878e-05,-1.6842450170528878e-05,-2.221419960157789e-05,2.221419960157789e-05,-7.0235315599020964e-06,7.0235315599020964e-06,False,361,1354,True,True
357,DSC08043.JPG,224.0,224.0,3.295088052749634,1.351842582107806,1.4950855490266597,1.05363990764561,0.5606319946512698,-0.8247840117567761,0.07364170369931013,1.1113220182235408,0.8999389384571077,1.768612309001594,1.1113220182235408,0.8999389384571077,1.768612309001594,False,False,False,False,0.0,-0.0,0.0,-0.0,0.0,-0.0,0.0,5.471015747960513e-05,0.010070911319244171,0.010075905690876305,0.0004863678026098443,"[1, 1, 1]",0.010079277795193436,3.200830185190462e-05,-3.200830185190462e-05,-4.7151884117857534e-05,4.7151884117857534e-05,-2.187462395397688e-05,2.187462395397688e-05,False,362,1045,True,True
358,DSC08043.JPG,225.0,224.0,3.3033759593963623,1.3434218386409218,1.4999909152538842,1.0529994691147186,-0.3639029888587815,0.914778429367341,-0.17537114889247435,1.1034210874323818,0.8960846622340751,1.772866900321568,1.1034210874323818,0.8960846622340751,1.772866900321568,False,False,False,False,0.0,-0.0,0.0,-0.0,0.0,-0.0,0.0,5.235195158759552e-05,0.009600462656837925,0.009604161804127983,0.0003532106048095075,"[1, 1, 1]",0.009605559957342793,2.9155661349644646e-05,-2.9155661349644646e-05,-4.0806491934830547e-05,4.0806491934830547e-05,-1.6222233529816776e-05,1.6222233529816776e-05,False,363,1161,True,True
359,DSC08043.JPG,226.0,224.0,3.304055690765381,1.3375720988238813,1.498595075055729,1.0561159353524538,-0.3988688550377148,0.7611296931132122,-0.511454031895624,1.1018027517242774,0.8895309713724777,1.7734239579696518,1.1018027517242774,0.8895309713724777,1.7734239579696518,False,False,False,False,0.0,-0.0,0.0,-0.0,0.0,-0.0,0.0,5.447701478571424e-05,0.010460631933483193,0.01046866087674651,0.0005061905795588983,"[1, 1, 1]",0.010470766684068291,3.165984664610377e-05,-3.165984664610377e-05,-4.375764447650532e-05,4.375764447650532e-05,-1.6658982919803833e-05,1.6658982919803833e-05,False,364,1158,True,True
360,DSC08043.JPG,227.0,224.0,3.2965915203094482,1.3345161086991515,1.4904688690843708,1.063228226931757,-0.08904033882605049,0.9606954847991629,-0.26293726162003667,1.1069172423818159,0.8801382166652184,1.7700214390551385,1.1069172423818159,0.8801382166652184,1.7700214390551385,False,False,False,False,0.0,-0.0,0.0,-0.0,0.0,-0.0,0.0,6.098183235711069e-05,0.01307161641992575,0.013073520241533196,0.00026881127993628985,"[1, 1, 1]",0.013073950198184709,4.0778637406369e-05,-4.0778637406369e-05,-5.954524977469511e-05,5.954524977469511e-05,-2.6959455682096234e-05,2.6959455682096234e-05,False,365,980,True,True
361,DSC08043.JPG,228.0,224.0,3.296980142593384,1.3287760363561703,1.4888358643225623,1.0664815050077316,-0.2118600181039542,0.8304581378551271,0.5152228779850396,1.1055414197371127,0.8734948939305894,1.7704365636006054,1.1055414197371127,0.8734948939305894,1.7704365636006054,False,False,False,False,0.0,-0.0,0.0,-0.0,0.0,-0.0,0.0,6.35704058951559e-05,0.013991314461751985,0.013992157263262323,0.00017820569258698957,"[1, 1, 1]",0.013992303286390716,4.348141637389169e-05,-4.348141637389169e-05,-6.316212624124518e-05,6.316212624124518e-05,-2.8176771704746528e-05,2.8176771704746528e-05,False,366,968,True,True
362,DSC08043.JPG,229.0,224.0,3.2947726249694824,1.3239348096754917,1.4850602050164938,1.071003521029492,-0.7933399638555586,0.5125999357390383,-0.3284098165859158,1.1063134604359157,0.8659564934933173,1.7695891086596205,1.1063134604359157,0.8659564934933173,1.7695891086596205,False,False,False,False,0.0,-0.0,0.0,-0.0,0.0,-0.0,0.0,6.76076386341738e-05,0.015532416811047672,0.015537260265598013,0.0004401606827878792,"[1, 1, 1]",0.015537956279881564,4.8514488586226534e-05,-4.8514488586226534e-05,-7.147991022038447e-05,7.147991022038447e-05,-3.317785448597732e-05,3.317785448597732e-05,False,367,894,True,True
363,DSC08043.JPG,230.0,224.0,3.2955691814422607,1.318054370744695,1.4837641810325248,1.0740569065973553,-0.5448364683009752,-0.23982211146834362,-0.8035163829444835,1.1046003053969868,0.8594548670930967,1.7702025885504362,1.1046003053969868,0.8594548670930967,1.7702025885504362,False,False,False,False,0.0,-0.0,0.0,-0.0,0.0,-0.0,0.0,7.029370945159216e-05,0.01627328085281623,0.016275223253538525,0.0002787776872905233,"[1, 1, 1]",0.016275445936347194,5.059885887592763e-05,-5.059885887592763e-05,-7.389819538317077e-05,7.389819538317077e-05,-3.347563249311847e-05,3.347563249311847e-05,False,368,890,True,True
364,DSC08043.JPG,231.0,224.0,3.296365976333618,1.3121711391834812,1.4824674092505565,1.0771118403220459,0.44217297355332974,0.22782692885891084,0.867512508235889,1.1028864433862906,0.852950046288644,1.7708162937157024,1.1028864433862906,0.852950046288644,1.7708162937157024,False,False,False,False,0.0,-0.0,0.0,-0.0,0.0,-0.0,0.0,7.313085665626521e-05,0.01695206463513551,0.016952284876885902,9.408570086696356e-05,"[1, 1, 1]",0.016952305301346823,5.250080649354949e-05,-5.250080649354949e-05,-7.588772626543339e-05,7.588772626543339e-05,-3.3372248029017726e-05,3.3372248029017726e-05,False,369,891,True,True
365,DSC08043.JPG,232.0,224.0,3.297163248062134,1.3062850298916158,1.4811700855528036,1.0801682072568124,0.39238501965273176,0.1981897120043168,0.8981953208560882,1.1011716766727104,0.8464421101922136,1.771430340208443,1.1011716766727104,0.8464421101922136,1.771430340208443,False,False,False,False,0.0,-0.0,0.0,-0.0,0.0,-0.0,0.0,7.610242770679013e-05,0.0175685521222575,0.017568875725070637,0.00011444070618064008,"[1, 1, 1]",0.017568900307770405,5.421991072029897e-05,-5.421991072029897e-05,-7.744729903946812e-05,7.744729903946812e-05,-3.2866400872855195e-05,3.2866400872855195e-05,False,370,898,True,True
366,DSC08043.JPG,233.0,224.0,3.2979607582092285,1.3003961247258087,1.4798720129265597,1.0832261243407413,0.383477674470826,0.03000708656935502,0.9230625373928174,1.0994562023773076,0.8399309757699988,1.7720446121064786,1.0994562023773076,0.8399309757699988,1.7720446121064786,False,False,False,False,0.0,-0.0,0.0,-0.0,0.0,-0.0,0.0,7.919372772483226e-05,0.018122680813159757,0.018125635758917385,0.0003471815708092083,"[1, 1, 1]",0.01812582088950461,5.57562427625502e-05,-5.57562427625502e-05,-7.857676104583433e-05,7.857676104583433e-05,-3.195769162900319e-05,3.195769162900319e-05,False,371,909,True,True
367,DSC08043.JPG,234.0,224.0,3.2987587451934814,1.2945043377749488,1.4785733869714113,1.0862854771251698,0.32291010316898183,-0.08133820825987537,0.9429279724074744,1.097739822616459,0.8334167211538641,1.7726592254955422,1.097739822616459,0.8334167211538641,1.7726592254955422,False,False,False,False,0.0,-0.0,0.0,-0.0,0.0,-0.0,0.0,8.239150522839965e-05,0.018614257047289876,0.0186231435407413,0.000604492844342731,"[1, 1, 1]",0.0186236066910645,5.710936148717316e-05,-5.710936148717316e-05,-7.927487133785327e-05,7.927487133785327e-05,-3.0644794877687787e-05,3.0644794877687787e-05,False,372,932,True,True
368,DSC08043.JPG,235.0,224.0,3.2995569705963135,1.2886097517066255,1.4772740109572766,1.0893463820510985,0.5331970241120306,0.840658679783672,-0.09483626723173194,1.0960227346637368,0.8268992642903913,1.7732740644207436,1.0960227346637368,0.8268992642903913,1.7732740644207436,False,False,False,False,0.0,-0.0,0.0,-0.0,0.0,-0.0,0.0,8.568424371134328e-05,0.019043246282127467,0.019062219354137384,0.0008866092990775557,"[1, 1, 1]",0.019063046895990723,5.827935019531161e-05,-5.827935019531161e-05,-7.954155010980735e-05,7.954155010980735e-05,-2.8927415518964494e-05,2.8927415518964494e-05,False,373,958,True,True
369,DSC08043.JPG,201.0,225.0,3.2578446865081787,1.4936173603929797,1.5126857520233004,0.9988996441170759,0.24127866990263455,-0.961798851222359,-0.12933511989156773,1.1691940376405705,1.0405068771578527,1.7513544026243706,1.1691940376405705,1.0405068771578527,1.7513544026243706,False,False,False,False,0.0,-0.0,0.0,-0.0,0.0,-0.0,0.0,9.910340465851749e-05,0.03225446478877985,0.03252988103604134,0.006815120629498516,"[1, 1, 1]",0.032748965877756483,-8.695008907699808e-05,8.695008907699808e-05,0.00017534217393033735,-0.00017534217393033735,0.00014104518371649277,-0.00014104518371649277,False,374,178,True,True
370,DSC08043.JPG,202.0,225.0,3.258256673812866,1.4879535545473004,1.51110186459875,1.0020904749273665,0.2079943369770878,-0.9763856204415534,0.05839071827289473,1.167815106892751,1.033973294815466,1.751778252903444,1.167815106892751,1.033973294815466,1.751778252903444,False,False,False,False,0.0,-0.0,0.0,-0.0,0.0,-0.0,0.0,9.60631822191229e-05,0.02959526724269563,0.029814664945471265,0.006311428812522969,"[1, 1, 1]",0.030038543770180767,-7.905808503227973e-05,7.905808503227973e-05,0.00016044876526644103,-0.00016044876526644103,0.00013000925107897743,-0.00013000925107897743,False,375,213,True,True
371,DSC08043.JPG,203.0,225.0,3.2586686611175537,1.482288347500016,1.5095174888006133,1.005282166427378,-0.17148764162618685,0.9752795430174908,0.13936212448539548,1.1664359126025974,1.027438018362122,1.752202159706814,1.1664359126025974,1.027438018362122,1.752202159706814,False,False,False,False,0.0,-0.0,0.0,-0.0,0.0,-0.0,0.0,9.311442457405303e-05,0.026987020824801894,0.027151541464093924,0.005829794965383059,"[1, 1, 1]",0.027381490179678405,-7.131864714837732e-05,7.131864714837732e-05,0.0001458757749053241,-0.0001458757749053241,0.00011924258696138779,-0.00011924258696138779,False,376,246,True,True
372,DSC08043.JPG,204.0,225.0,3.271742582321167,1.4727765558617023,1.5185838491687718,1.001980113907791,0.26290581030735577,0.390688689605722,0.8821807539959124,1.1546931364561444,1.02590844308335,1.7587857931397277,1.1546931364561444,1.02590844308335,1.7587857931397277,False,False,False,False,0.0,-0.0,0.0,-0.0,0.0,-0.0,0.0,8.592541777927995e-05,0.02384235531467315,0.02393388220926917,0.0036213988503290937,"[1, 1, 1]",0.024025019826192744,-6.677480192185392e-05,6.677480192185392e-05,0.00012272250522582517,-0.00012272250522582517,8.770222753406998e-05,-8.770222753406998e-05,False,377,389,True,True
373,DSC08043.JPG,205.0,225.0,3.2702653408050537,1.4676639490955694,1.5154028914499273,1.0061538095550377,-0.2902406834720674,0.8092550615716816,0.5107510068304134,1.1548562324888936,1.018600499095546,1.7582914959970608,1.1548562324888936,1.018600499095546,1.7582914959970608,False,False,False,False,0.0,-0.0,0.0,-0.0,0.0,-0.0,0.0,8.360452736162047e-05,0.021568006845058524,0.021636406478387802,0.003527016952100635,"[1, 1, 1]",0.021745722032615607,-5.936028497766088e-05,5.936028497766088e-05,0.00011149602426718808,-0.00011149602426718808,8.21117268752225e-05,-8.21117268752225e-05,False,378,419,True,True
374,DSC08043.JPG,206.0,225.0,3.268789291381836,1.4625560004755174,1.51222468624289,1.0103238101096257,-0.06807640640663079,0.8795427390276326,0.47092480622125776,1.1550192970458106,1.0112990961267365,1.7577975762609381,1.1550192970458106,1.0112990961267365,1.7577975762609381,False,False,False,False,0.0,-0.0,0.0,-0.0,0.0,-0.0,0.0,8.148186941013269e-05,0.01929349998922265,0.019331547436741474,0.003424781104177931,"[1, 1, 1]",0.019463773974924672,-5.1932563367884654e-05,5.1932563367884654e-05,0.00010010918605263264,-0.00010010918605263264,7.626860271514602e-05,-7.626860271514602e-05,False,379,461,True,True
375,DSC08043.JPG,207.0,225.0,3.29282808303833,1.4495745433546314,1.530465958354558,1.0014835181383497,-0.499943647994553,0.10003299422507458,-0.8602614421768913,1.1342758824953778,1.0139366998996124,1.7697209482041814,1.1342758824953778,1.0139366998996124,1.7697209482041814,False,False,False,False,0.0,-0.0,0.0,-0.0,0.0,-0.0,0.0,7.067106102151668e-05,0.01634563132342073,0.0163468719247647,0.0003382398622074534,"[1, 1, 1]",0.016348001296024695,-5.004296223165561e-05,5.004296223165561e-05,7.41405929702843e-05,-7.41405929702843e-05,3.492191793608157e-05,-3.492191793608157e-05,False,380,871,True,True
376,DSC08043.JPG,208.0,225.0,3.2858381271362305,1.4461452188243973,1.5226509016686158,1.0084791775227981,-0.5310359804823284,-0.2883264837445714,-0.7967864370109871,1.1389526548483995,1.004459747861184,1.766544502331714,1.1389526548483995,1.004459747861184,1.766544502331714,False,False,False,False,0.0,-0.0,0.0,-0.0,0.0,-0.0,0.0,7.013534749265171e-05,0.014589353580427705,0.014594982112854066,0.001025415204811009,"[1, 1, 1]",0.01461017142014098,-4.2979413125809884e-05,4.2979413125809884e-05,6.924851238232499e-05,-6.924851238232499e-05,3.9621153258728725e-05,-3.9621153258728725e-05,False,381,809,True,True
377,DSC08043.JPG,209.0,225.0,3.264369249343872,1.4472597449546376,1.5027073639008899,1.0228111943925366,0.09983297755726345,0.9244290713455238,0.368054708763933,1.1555075083512834,0.9894344271493782,1.7563185482076433,1.1555075083512834,0.9894344271493782,1.7563185482076433,False,False,False,False,0.0,-0.0,0.0,-0.0,0.0,-0.0,0.0,7.645290524233256e-05,0.012496051115333164,0.012371631577643266,0.003111648888792465,"[1, 1, 1]",0.012627171515836384,-2.9572212724815472e-05,2.9572212724815472e-05,6.499148244976105e-05,-6.499148244976105e-05,5.722820666642647e-05,-5.722820666642647e-05,False,382,626,True,True
378,DSC08043.JPG,210.0,225.0,3.23882794380188,1.4497255576068881,1.4793780299515173,1.0391616812265934,-0.18081073330275357,0.5088824204147484,0.8416330322149599,1.1754170398796997,0.972937108836659,1.74410685229447,1.1754170398796997,0.972937108836659,1.74410685229447,False,False,False,False,0.0,-0.0,0.0,-0.0,0.0,-0.0,0.0,8.729487451002967e-05,0.00980242473277867,0.008380842035063285,0.005739146215389154,"[1, 1, 1]",0.00998157911497244,-7.375847237200972e-06,7.375847237200972e-06,4.733663977973812e-05,-4.733663977973812e-05,6.805153046762769e-05,-6.805153046762769e-05,False,383,523,True,True
379,DSC08043.JPG,211.0,225.0,3.241938829421997,1.4432360549967418,1.4800623330978917,1.0409719265025679,-0.13572945554664806,-0.30566124629859287,0.9424164246277765,1.1718280158835515,0.9674634879911717,1.7458438855346077,1.1718280158835515,0.9674634879911717,1.7458438855346077,False,False,False,False,0.0,-0.0,0.0,-0.0,0.0,-0.0,0.0,8.440406982360679e-05,0.0077251812229256435,0.006086200998993941,0.005109329119298575,"[1, 1, 1]",0.007836629110320677,-2.0818973984759737e-06,2.0818973984759737e-06,3.413430372822823e-05,-3.413430372822823e-05,5.5098057523128574e-05,-5.5098057523128574e-05,False,384,645,True,True
380,DSC08043.JPG,212.0,225.0,3.2622432708740234,1.431280716459342,1.4951246499327815,1.034113367646635,-0.4173136029257892,-0.6413870747037279,-0.6437949807322914,1.154120727004016,0.9684937809905935,1.7559549564190766,1.154120727004016,0.9684937809905935,1.7559549564190766,False,False,False,False,0.0,-0.0,0.0,-0.0,0.0,-0.0,0.0,7.254068664457984e-05,0.006029660431325028,0.005524317227444857,0.002692454755783364,"[1, 1, 1]",0.006087864941775868,-8.452737997100002e-06,8.452737997100002e-06,2.9184780196755966e-05,-2.9184780196755966e-05,3.4685615221352606e-05,-3.4685615221352606e-05,False,385,876,True,True
381,DSC08043.JPG,213.0,225.0,3.248178482055664,1.4302196047637954,1.4814348228231424,1.0446029103822723,0.5794361900030475,-0.21420935597955548,0.78636381753332,1.1646293112018775,0.9564846106269312,1.7493279422755887,1.1646293112018775,0.9564846106269312,1.7493279422755887,False,False,False,False,0.0,-0.0,0.0,-0.0,0.0,-0.0,0.0,7.898446250281381e-05,0.004410501280308291,0.0018498688198027794,0.004037251115402317,"[1, 1, 1]",0.004425716523607062,7.682431864219907e-06,-7.682431864219907e-06,1.0210736872240389e-05,-1.0210736872240389e-05,3.194404509487825e-05,-3.194404509487825e-05,False,386,911,True,True
382,DSC08043.JPG,214.0,225.0,3.2583603858947754,1.4214307542678863,1.4880142858324006,1.042879640159049,-0.006839910852274382,0.8423758838171156,0.5388469968208661,1.155224331995615,0.9536235594851437,1.7545109567735164,1.155224331995615,0.9536235594851437,1.7545109567735164,False,False,False,False,0.0,-0.0,0.0,-0.0,0.0,-0.0,0.0,7.255138610058712e-05,0.002929725231549929,0.0007704094987356832,0.0028322963718303736,"[1, 1, 1]",0.0029324667719616386,7.0058803069983355e-06,-7.0058803069983355e-06,4.121122134437272e-06,-4.121122134437272e-06,2.0163347315360625e-05,-2.0163347315360625e-05,False,387,1077,True,True
383,DSC08043.JPG,215.0,225.0,3.2903940677642822,1.405562555753943,1.512820936554585,1.0302204285636283,0.00764909178693993,0.4969974987371242,0.8677182593698702,1.1278510978122351,0.958868123116358,1.7703421249239721,1.1278510978122351,0.958868123116358,1.7703421249239721,False,False,False,False,0.0,-0.0,0.0,-0.0,0.0,-0.0,0.0,5.47202416507783e-05,0.001852409052586004,0.0018498863546711763,0.00010015387167027481,"[1, 1, 1]",0.0018525023105671798,-5.402926862130286e-06,5.402926862130286e-06,8.32256135585574e-06,-8.32256135585574e-06,4.319992068069212e-06,-4.319992068069212e-06,False,388,1419,True,True
384,DSC08043.JPG,216.0,225.0,3.291602373123169,1.3995755136068107,1.5118785376766493,1.033052815223764,-0.4853157853674323,0.016980500439147093,-0.8741740393525929,1.1258050987436974,0.952551031392388,1.7711566453176266,1.1258050987436974,0.952551031392388,1.7711566453176266,False,False,False,False,0.0,-0.0,0.0,-0.0,0.0,-0.0,0.0,5.322196877918964e-05,0.0003091827831937509,0.0003091014352799747,6.830189170012755e-06,"[1, 1, 1]",0.0003091792467729955,-9.799353937189892e-07,9.799353937189892e-07,1.3711851771791572e-06,-1.3711851771791572e-06,5.446079658355529e-07,-5.446079658355529e-07,False,389,1556,True,True
385,DSC08043.JPG,217.0,225.0,3.2670116424560547,1.4019893677909667,1.4894313313666303,1.0487703287452477,0.3308826239198708,0.8983682091801806,0.28887929992004735,1.1449811420150053,0.936715830883926,1.7593978280404219,1.1449811420150053,0.936715830883926,1.7593978280404219,False,False,False,False,0.0,-0.0,0.0,-0.0,0.0,-0.0,0.0,6.636640108999814e-05,0.0046002651934288225,0.004261759599780985,0.0018967236331432125,"[1, 1, 1]",0.00463263402444896,1.9090158974499616e-05,-1.9090158974499616e-05,-2.199382252876525e-05,2.199382252876525e-05,-2.4581500990272787e-06,2.4581500990272787e-06,False,390,1478,True,True
386,DSC08043.JPG,218.0,225.0,3.2897956371307373,1.3889721966169077,1.5064718065044456,1.0408296541531632,-0.3101595564512657,-0.1959786999415013,-0.9302652303032686,1.1251863440847567,0.9383533079594447,1.77072758951198,1.1251863440847567,0.9383533079594447,1.77072758951198,False,False,False,False,0.0,-0.0,0.0,-0.0,0.0,-0.0,0.0,5.3448379958799836e-05,0.0030329996055120426,0.003032675138808952,4.94894222552004e-05,"[1, 1, 1]",0.0030330392601730697,9.543167768244487e-06,-9.543167768244487e-06,-1.3560193503847628e-05,1.3560193503847628e-05,-5.66115682554269e-06,5.66115682554269e-06,False,391,1388,True,True
387,DSC08043.JPG,219.0,225.0,3.2870004177093506,1.3842979228228245,1.5021954405696414,1.0456559757542574,-0.034131868577899425,-0.5882706909098316,0.807943444656772,1.1264353194709402,0.9305701960999515,1.7695905971747516,1.1264353194709402,0.9305701960999515,1.7695905971747516,False,False,False,False,0.0,-0.0,0.0,-0.0,0.0,-0.0,0.0,5.518566596364735e-05,0.004939601267915348,0.004936870127121643,0.00021714402983594335,"[1, 1, 1]",0.004940622483786686,1.591359254859981e-05,-1.591359254859981e-05,-2.2515923219001976e-05,2.2515923219001976e-05,-9.27411004880696e-06,9.27411004880696e-06,False,392,1304,True,True
388,DSC08043.JPG,220.0,225.0,3.295778751373291,1.375803591916473,1.5075483110393706,1.0447335373703202,0.0686845183969796,0.6339700176463384,0.7703015342436209,1.1181543360274726,0.9269948254241216,1.774096128233782,1.1181543360274726,0.9269948254241216,1.774096128233782,False,False,False,False,0.0,-0.0,0.0,-0.0,0.0,-0.0,0.0,5.078522765762463e-05,0.005236125630647183,0.005230011437206238,0.00041582107383541264,"[1, 1, 1]",0.00524132330031133,1.5031981662305682e-05,-1.5031981662305682e-05,-2.1833099191459482e-05,2.1833099191459482e-05,-9.735701662627605e-06,9.735701662627605e-06,False,393,1295,True,True
389,DSC08043.JPG,221.0,225.0,3.290271282196045,1.372030716838962,1.5010174952108613,1.0509032832885115,-0.18588016293991688,0.6789642754565997,-0.7102507146628749,1.1216378079763607,0.9182330966522904,1.7716365675938248,1.1216378079763607,0.9182330966522904,1.7716365675938248,False,False,False,False,0.0,-0.0,0.0,-0.0,0.0,-0.0,0.0,5.4707673359619606e-05,0.007435773102207104,0.00743571178413848,8.567141017651171e-05,"[1, 1, 1]",0.007435989206380843,2.2795846087664273e-05,-2.2795846087664273e-05,-3.26982026332967e-05,3.26982026332967e-05,-1.4053442098482805e-05,1.4053442098482805e-05,False,394,1199,True,True
390,DSC08043.JPG,222.0,225.0,3.2977135181427,1.363947612383391,1.5052483495036817,1.0506627951498648,-0.23438403768615657,-0.6473995549010428,-0.7252157880188946,1.1144514010422686,0.914135966466227,1.7754919041352513,1.1144514010422686,0.914135966466227,1.7754919041352513,False,False,False,False,0.0,-0.0,0.0,-0.0,0.0,-0.0,0.0,5.173672622371329e-05,0.0076237499203417195,0.007626602812489084,0.0007104710113358273,"[1, 1, 1]",0.007641707977863413,2.195487837974852e-05,-2.195487837974852e-05,-3.0717009311009846e-05,3.0717009311009846e-05,-1.2196122271213028e-05,1.2196122271213028e-05,False,395,1244,True,True
391,DSC08043.JPG,223.0,225.0,3.2976784706115723,1.3583514949931792,1.5032646920406854,1.0541247311209336,0.18004905236923865,0.858053540103334,0.48096409539286333,1.113425549235994,0.9073432997096712,1.775701030530662,1.113425549235994,0.9073432997096712,1.775701030530662,False,False,False,False,0.0,-0.0,0.0,-0.0,0.0,-0.0,0.0,5.326623879746268e-05,0.008888321502911014,0.008898164322486652,0.0008168182363761475,"[1, 1, 1]",0.0089119801041661,2.5816683533186335e-05,-2.5816683533186335e-05,-3.560531281343593e-05,3.560531281343593e-05,-1.345219835835465e-05,1.345219835835465e-05,False,396,1212,True,True
392,DSC08043.JPG,224.0,225.0,3.2974894046783447,1.3528075074880024,1.5011533415221134,1.057662375922002,0.1524475017369894,0.8581874981742764,0.49017749559881557,1.1125267633719693,0.9004962009608306,1.7758350152410236,1.1125267633719693,0.9004962009608306,1.7758350152410236,False,False,False,False,0.0,-0.0,0.0,-0.0,0.0,-0.0,0.0,5.5177859362470186e-05,0.010142554133231431,0.010159394736469441,0.0009220486595106845,"[1, 1, 1]",0.010171894635458388,2.9671361736038904e-05,-2.9671361736038904e-05,-4.0462084694325995e-05,4.0462084694325995e-05,-1.4667102169241275e-05,1.4667102169241275e-05,False,397,1190,True,True
393,DSC08043.JPG,225.0,225.0,3.3476145267486572,1.3301879345304137,1.5407402823771452,1.036495969753536,-0.10783939990102537,0.890151262616306,0.4427204462090983,1.0701098761652443,0.9113751633043534,1.800517875187799,1.0701098761652443,0.9113751633043534,1.800517875187799,False,False,False,False,0.0,-0.0,0.0,-0.0,0.0,-0.0,0.0,3.611082682097619e-05,0.003447562616148035,0.004949145851221447,0.003974750523603704,"[1, 1, 1]",0.005107757478843195,5.751561450217935e-06,-5.751561450217935e-06,7.952216957152203e-06,-7.952216957152203e-06,2.444714458738062e-05,-2.444714458738062e-05,False,398,1017,True,True
394,DSC08043.JPG,226.0,225.0,3.284937858581543,1.3458737212721823,1.4868497665372356,1.070700763458813,-0.48284589727236016,0.8229301260812438,-0.2994091633119428,1.1207786964796862,0.8825407687341739,1.7701625156390415,1.1207786964796862,0.8825407687341739,1.7701625156390415,False,False,False,False,0.0,-0.0,0.0,-0.0,0.0,-0.0,0.0,6.621022343937184e-05,0.015306123258469369,0.01530712241216296,0.00023568019047830147,"[1, 1, 1]",0.015307530012518571,4.769963952977463e-05,-4.769963952977463e-05,-6.9252804294484e-05,6.9252804294484e-05,-3.0846949517826516e-05,3.0846949517826516e-05,False,399,928,True,True
395,DSC08043.JPG,227.0,225.0,3.307326555252075,1.3326128654351166,1.5034309430301462,1.063186267497464,0.2515066380248172,0.9674394971601283,0.028376581260109637,1.1012390238755616,0.8835821544639707,1.7813146486753275,1.1012390238755616,0.8835821544639707,1.7813146486753275,False,False,False,False,0.0,-0.0,0.0,-0.0,0.0,-0.0,0.0,5.732821438695717e-05,0.011395790192670431,0.011574132725257275,0.0024022673554625154,"[1, 1, 1]",0.011610242665089083,3.211086093402038e-05,-3.211086093402038e-05,-3.7390114264512775e-05,3.7390114264512775e-05,-4.817888024089001e-06,4.817888024089001e-06,False,400,1409,True,True
396,DSC08043.JPG,228.0,225.0,3.3077285289764404,1.326850147695745,1.5018030976291088,1.066444859150185,0.5717786922517243,0.8058284814406813,-0.1539791725718565,1.0998491132652877,0.8769213468670605,1.7817377403969663,1.0998491132652877,0.8769213468670605,1.7817377403969663,False,False,False,False,0.0,-0.0,0.0,-0.0,0.0,-0.0,0.0,6.000934124454826e-05,0.012221892452013994,0.012448505836887658,0.002706133318541147,"[1, 1, 1]",0.012483250984275683,3.461572080487585e-05,-3.461572080487585e-05,-3.918567042071608e-05,3.918567042071608e-05,-3.256808630336394e-06,3.256808630336394e-06,False,401,1437,True,True
397,DSC08043.JPG,229.0,225.0,3.3081307411193848,1.3210859802726527,1.5001749727497016,1.0697041745086218,-0.4832152476512817,-0.0030310631889166957,-0.8754963375670142,1.0984587484751374,0.8702589683676732,1.7821610036617803,1.0984587484751374,0.8702589683676732,1.7821610036617803,False,False,False,False,0.0,-0.0,0.0,-0.0,0.0,-0.0,0.0,6.287130450266045e-05,0.012996202204832883,0.013277737272504477,0.0030301886917837653,"[1, 1, 1]",0.013311303915674956,3.696543419495768e-05,-3.696543419495768e-05,-4.064288374849845e-05,4.064288374849845e-05,-1.4000062851238226e-06,1.4000062851238226e-06,False,402,1522,True,True
398,DSC08043.JPG,230.0,225.0,3.2865307331085205,1.322974898719908,1.4803771547845792,1.0836522403040065,-0.530002523822084,-0.2562194545424983,-0.8083618718471115,1.1152590874622959,0.8560699161872828,1.7718416259357934,1.1152590874622959,0.8560699161872828,1.7718416259357934,False,False,False,False,0.0,-0.0,0.0,-0.0,0.0,-0.0,0.0,7.598707886870244e-05,0.019722420341523016,0.01972354912419299,0.00024064454966635072,"[1, 1, 1]",0.01972371877602614,6.0694076474021585e-05,-6.0694076474021585e-05,-8.635180320637481e-05,8.635180320637481e-05,-3.619852413239144e-05,3.619852413239144e-05,False,403,856,True,True
399,DSC08043.JPG,231.0,225.0,3.287323236465454,1.3171089671206735,1.4790831844573646,1.0867010714322425,-0.47058521832921557,-0.11340556466949184,-0.875036416494787,1.113552436155412,0.8495821487019185,1.7724540786732923,1.113552436155412,0.8495821487019185,1.7724540786732923,False,False,False,False,0.0,-0.0,0.0,-0.0,0.0,-0.0,0.0,7.863696175560491e-05,0.020578438738855922,0.020582665991202474,0.0004654906712796315,"[1, 1, 1]",0.020583184420831922,6.312189398727241e-05,-6.312189398727241e-05,-8.889053936012026e-05,8.889053936012026e-05,-3.6065090714743064e-05,3.6065090714743064e-05,False,404,858,True,True
400,DSC08043.JPG,232.0,225.0,3.288115978240967,1.3112402563990422,1.4777884712903824,1.0897514428754522,0.35662172019252725,0.053732247658580576,0.9327024146256295,1.1118450806237117,0.8430912029674825,1.7730667565833549,1.1118450806237117,0.8430912029674825,1.7730667565833549,False,False,False,False,0.0,-0.0,0.0,-0.0,0.0,-0.0,0.0,8.142400350035899e-05,0.02137262868379341,0.021382544829038504,0.0007140615910566713,"[1, 1, 1]",0.02138354931636629,6.536847527227607e-05,-6.536847527227607e-05,-9.100250235216656e-05,9.100250235216656e-05,-3.553170296388686e-05,3.553170296388686e-05,False,405,866,True,True
401,DSC08043.JPG,233.0,225.0,3.3055012226104736,1.2995117586284373,1.4901652399577294,1.0847954076689208,-0.5305389222191754,0.18837960455989103,-0.8264632941615586,1.096402973741672,0.8421694860460504,1.7817843319646693,1.096402973741672,0.8421694860460504,1.7817843319646693,False,False,False,False,0.0,-0.0,0.0,-0.0,0.0,-0.0,0.0,7.735030854281564e-05,0.016846232917328414,0.017235430040862334,0.0038486416160450777,"[1, 1, 1]",0.01725786275834218,4.910759805576426e-05,-4.910759805576426e-05,-5.271189804978427e-05,5.271189804978427e-05,3.5289264976867685e-07,-3.5289264976867685e-07,False,406,1568,True,True
402,DSC08043.JPG,234.0,225.0,3.3076436519622803,1.2931307095160076,1.4899701717085434,1.0872164314345716,0.9297820932203034,-0.27313005293714004,-0.2467898565772633,1.093571677678168,0.8360884153315592,1.7830577278328383,1.093571677678168,0.8360884153315592,1.7830577278328383,False,False,False,False,0.0,-0.0,0.0,-0.0,0.0,-0.0,0.0,8.010412966500775e-05,0.016870385472525853,0.017416672787482563,0.004524869439305487,"[1, 1, 1]",0.017441686281957015,4.899453704676482e-05,-4.899453704676482e-05,-4.879776907262823e-05,4.879776907262823e-05,6.905070465190732e-06,-6.905070465190732e-06,False,407,1358,True,True
403,DSC08043.JPG,235.0,225.0,3.305040121078491,1.288433821292798,1.4858674614346803,1.0919225655589764,-0.19324526710038253,-0.0620205521475456,0.9791882954031954,1.0946704584984377,0.828424149285314,1.782012550502977,1.0946704584984377,0.828424149285314,1.782012550502977,False,False,False,False,0.0,-0.0,0.0,-0.0,0.0,-0.0,0.0,8.473047291766528e-05,0.018363502443081773,0.01884238321461164,0.004396747025319514,"[1, 1, 1]",0.018862462891253977,5.383083440513303e-05,-5.383083440513303e-05,-5.615904741951283e-05,5.615904741951283e-05,3.1902929622518172e-06,-3.1902929622518172e-06,False,408,1438,True,True
404,DSC08043.JPG,201.0,226.0,3.2627646923065186,1.493906771181076,1.5208694653600914,1.0015136015738653,0.6789008529594914,-0.43653456098284277,-0.5903653181873,1.1683261924117634,1.042192160026791,1.759738695228964,1.1683261924117634,1.042192160026791,1.759738695228964,False,False,False,False,0.0,-0.0,0.0,-0.0,0.0,-0.0,0.0,9.874507706804698e-05,0.03248653387808988,0.032584555574625224,0.00396500110869811,"[1, 1, 1]",0.03265615853686926,-9.349704570427164e-05,9.349704570427164e-05,0.00016321980449540696,-0.00016321980449540696,0.00010791243481200752,-0.00010791243481200752,False,409,297,True,True
405,DSC08043.JPG,202.0,226.0,3.284791946411133,1.481755848501111,1.5375183061594095,0.9936122225171775,-0.2693768440932649,0.5714338615854746,0.7751770492602743,1.1492895241206071,1.0442835379036797,1.770715580574158,1.1492895241206071,1.0442835379036797,1.770715580574158,False,False,False,False,0.0,-0.0,0.0,-0.0,0.0,-0.0,0.0,8.985518535737986e-05,0.02817778389508687,0.028177951965104375,0.0001314534186765086,"[1, 1, 1]",0.028178021241633745,-8.725029927503236e-05,8.725029927503236e-05,0.00012557691207271127,-0.00012557691207271127,5.451071620532488e-05,-5.451071620532488e-05,False,410,654,True,True
406,DSC08043.JPG,203.0,226.0,3.2838921546936035,1.4764411633146415,1.5348128430742523,0.9975044232479395,-0.4276093322418163,0.7902058567752576,0.43900451352781017,1.148974195242054,1.0371723202447198,1.7705016021401465,1.148974195242054,1.0371723202447198,1.7705016021401465,False,False,False,False,0.0,-0.0,0.0,-0.0,0.0,-0.0,0.0,8.683563974165206e-05,0.025949583673001684,0.02594993366071343,0.0001920952758196819,"[1, 1, 1]",0.025950114179437208,-8.020547524068e-05,8.020547524068e-05,0.00011601274571071407,-0.00011601274571071407,5.1104008046642946e-05,-5.1104008046642946e-05,False,411,692,True,True
407,DSC08043.JPG,204.0,226.0,3.2829928398132324,1.4711293938422025,1.5321088483160847,1.0013945003804925,-0.028061472586350823,0.5756182955961727,0.8172368882589934,1.1486590521349214,1.0300649911027033,1.7702877330988753,1.1486590521349214,1.0300649911027033,1.7702877330988753,False,False,False,False,0.0,-0.0,0.0,-0.0,0.0,-0.0,0.0,8.394960616435087e-05,0.023734880632404733,0.023735417337324892,0.0002443926130329563,"[1, 1, 1]",0.023735778092274826,-7.320572573599193e-05,7.320572573599193e-05,0.0001064474074377042,-0.0001064474074377042,4.761121803165125e-05,-4.761121803165125e-05,False,412,724,True,True
408,DSC08043.JPG,205.0,226.0,3.2531888484954834,1.4746320476078087,1.5050726676382873,1.0200327469403416,-0.29065662168459755,0.937960866078494,0.1890717905351782,1.1719831799812161,1.0115924772107494,1.7559573746040151,1.1719831799812161,1.0115924772107494,1.7559573746040151,False,False,False,False,0.0,-0.0,0.0,-0.0,0.0,-0.0,0.0,9.122714119792066e-05,0.022331776180131855,0.02232852027330981,0.004173800290204294,"[1, 1, 1]",0.022524338550274685,-5.886374335362099e-05,5.886374335362099e-05,0.00011546143284824062,-0.00011546143284824062,8.988705498103045e-05,-8.988705498103045e-05,False,413,378,True,True
409,DSC08043.JPG,206.0,226.0,3.253952980041504,1.46886563157771,1.503787314744754,1.0230417552247177,-0.36723995089521233,0.8773507937444702,0.30885336841684274,1.1703175078838806,1.0052028249611475,1.7565537782775928,1.1703175078838806,1.0052028249611475,1.7565537782775928,False,False,False,False,0.0,-0.0,0.0,-0.0,0.0,-0.0,0.0,8.861514912880866e-05,0.01973945322498539,0.019700718167176234,0.0037776359009169466,"[1, 1, 1]",0.019900186498996848,-5.130314957524362e-05,5.130314957524362e-05,0.00010152153099762806,-0.00010152153099762806,7.988052627894149e-05,-7.988052627894149e-05,False,414,439,True,True
410,DSC08043.JPG,207.0,226.0,3.2547178268432617,1.4630963962026597,1.5025016573290377,1.0260519963688206,-0.20729660617541898,0.9474056017584931,0.24382523008249365,1.1686507615777708,0.9988103089526754,1.7571506362016083,1.1686507615777708,0.9988103089526754,1.7571506362016083,False,False,False,False,0.0,-0.0,0.0,-0.0,0.0,-0.0,0.0,8.612590136257238e-05,0.01720782906387513,0.01713431436734934,0.0034102983457267207,"[1, 1, 1]",0.01733961138028751,-4.3918371431583836e-05,4.3918371431583836e-05,8.798050228819854e-05,-8.798050228819854e-05,7.02355647863584e-05,-7.02355647863584e-05,False,415,505,True,True
411,DSC08043.JPG,208.0,226.0,3.2554826736450195,1.4573245595227768,1.5012150932568054,1.0290638353674504,-0.2289646073180353,0.9703319582005614,0.07766015381366284,1.1669835260101953,0.9924146478585841,1.757747599061935,1.1669835260101953,0.9924146478585841,1.757747599061935,False,False,False,False,0.0,-0.0,0.0,-0.0,0.0,-0.0,0.0,8.377094708796532e-05,0.014737986380374773,0.01462933236879537,0.0030725240113705513,"[1, 1, 1]",0.014843618347262826,-3.6709192371642274e-05,3.6709192371642274e-05,7.483945375708068e-05,-7.483945375708068e-05,6.095450225940269e-05,-6.095450225940269e-05,False,416,582,True,True
412,DSC08043.JPG,209.0,226.0,3.27850341796875,1.4446141970480046,1.5186108697545968,1.0208130843689815,0.5042366669789174,0.667860369271827,0.5474558528594714,1.147086107156715,0.9945865702059885,1.769220032218243,1.147086107156715,0.9945865702059885,1.769220032218243,False,False,False,False,0.0,-0.0,0.0,-0.0,0.0,-0.0,0.0,7.204350554836176e-05,0.012865419888913921,0.012864641015622088,0.0003969478231839557,"[1, 1, 1]",0.01286809205772948,-3.888285997000196e-05,3.888285997000196e-05,5.8610562797101196e-05,-5.8610562797101196e-05,2.8869352891369715e-05,-2.8869352891369715e-05,False,417,959,True,True
413,DSC08043.JPG,210.0,226.0,3.277606964111328,1.4393198707742727,1.5159156671530751,1.0246904512915944,-0.5369485524573139,-0.6894780902864018,-0.48611337672297356,1.146772069069793,0.9875025104011658,1.7690068215941894,1.146772069069793,0.9875025104011658,1.7690068215941894,False,False,False,False,0.0,-0.0,0.0,-0.0,0.0,-0.0,0.0,7.028362594007374e-05,0.010733011590926487,0.01073069266406951,0.000411151185426482,"[1, 1, 1]",0.010735789418782221,-3.2153400925549747e-05,3.2153400925549747e-05,4.9042588519121466e-05,-4.9042588519121466e-05,2.486798415457514e-05,-2.486798415457514e-05,False,418,1008,True,True
414,DSC08043.JPG,211.0,226.0,3.2495126724243164,1.4425971476366612,1.490421890181991,1.042274535956524,-0.22354532244997977,-0.1455837169678549,0.9637597574938259,1.1687536150375428,0.9700601098007572,1.7554995072959991,1.1687536150375428,0.9700601098007572,1.7554995072959991,False,False,False,False,0.0,-0.0,0.0,-0.0,0.0,-0.0,0.0,8.177948127254617e-05,0.00735989643455995,0.006796532562271359,0.003123553025826278,"[1, 1, 1]",0.007420158798722672,-1.100396485709254e-05,1.100396485709254e-05,3.543487491897146e-05,-3.543487491897146e-05,4.073405465288005e-05,-4.073405465288005e-05,False,419,795,True,True
415,DSC08043.JPG,212.0,226.0,3.2860476970672607,1.4254989006295031,1.5191011285920863,1.0272921702668238,0.014982981196630727,0.9925581813451874,0.1208460463531832,1.137753570031912,0.977223294687405,1.7735828156241047,1.137753570031912,0.977223294687405,1.7735828156241047,False,False,False,False,0.0,-0.0,0.0,-0.0,0.0,-0.0,0.0,6.294528626218045e-05,0.007036849943634806,0.007030786221351453,0.0004136548735097918,"[1, 1, 1]",0.007039897759077452,-2.2957916899546404e-05,2.2957916899546404e-05,2.997156492967612e-05,-2.997156492967612e-05,9.039439023972307e-06,-9.039439023972307e-06,False,420,1310,True,True
416,DSC08043.JPG,213.0,226.0,3.2477171421051025,1.4321170768135103,1.4850668434823118,1.0499644027470076,0.64271745207135,-0.448380184595133,0.6211839396389337,1.1681479556885506,0.9560212718705875,1.7550674573072333,1.1681479556885506,0.9560212718705875,1.7550674573072333,False,False,False,False,0.0,-0.0,0.0,-0.0,0.0,-0.0,0.0,8.062428981596103e-05,0.003487836409513519,0.0017178108228791105,0.003055372707265346,"[1, 1, 1]",0.0034965111149085847,4.808374285403261e-06,-4.808374285403261e-06,8.998605119492353e-06,-8.998605119492353e-06,2.4499013184353657e-05,-2.4499013184353657e-05,False,421,1014,True,True
417,DSC08043.JPG,214.0,226.0,3.2806780338287354,1.4160418727213102,1.5107140375355297,1.0368467659621443,-0.4645029570542166,0.6559350178724745,0.5949674404675646,1.1400583841916425,0.9616982614314147,1.7714079256871558,1.1400583841916425,0.9616982614314147,1.7714079256871558,False,False,False,False,0.0,-0.0,0.0,-0.0,0.0,-0.0,0.0,6.255701863349095e-05,0.0028957803382310813,0.0028954452778662872,4.6356056629868636e-05,"[1, 1, 1]",0.0028957983362443494,-9.116987985891e-06,9.116987985891e-06,1.2793973577673867e-05,-1.2793973577673867e-05,5.130548248022393e-06,-5.130548248022393e-06,False,422,1401,True,True
418,DSC08043.JPG,215.0,226.0,3.285146951675415,1.4090246388132097,1.5125052122305513,1.0380398191929938,-0.03718694716064483,0.6058299673967987,0.7947245947904628,1.1353400386883286,0.9566189586400122,1.7738185590863542,1.1353400386883286,0.9566189586400122,1.7738185590863542,False,False,False,False,0.0,-0.0,0.0,-0.0,0.0,-0.0,0.0,5.9352982921250465e-05,0.0014676900405447767,0.0014178134417425065,0.000385121005241872,"[1, 1, 1]",0.001468439047162712,-5.6528709080350126e-06,5.6528709080350126e-06,6.015278990689765e-06,-6.015278990689765e-06,-1.316413258400928e-07,1.316413258400928e-07,False,423,1577,True,True
419,DSC08043.JPG,216.0,226.0,3.295825719833374,1.3999830203767312,1.519478333033681,1.0361446757354151,-0.19626735677823967,0.9621487795680567,0.18907366458336322,1.125518474010646,0.9538233147158252,1.7792672367921805,1.125518474010646,0.9538233147158252,1.7792672367921805,False,False,False,False,0.0,-0.0,0.0,-0.0,0.0,-0.0,0.0,5.3309159454167664e-05,0.0011952254736634263,0.0006122438141328673,0.0010309524475092733,"[1, 1, 1]",0.0011971361866581738,-5.288003727121904e-06,5.288003727121904e-06,2.3034677012478966e-06,-2.3034677012478966e-06,-5.865252659109643e-06,5.865252659109643e-06,False,424,1382,True,True
420,DSC08043.JPG,217.0,226.0,3.276560068130493,1.4006444649771308,1.501443218904196,1.0491771260545901,0.06922591135725428,0.29572684710884495,0.9527609380614949,1.1402940224390758,0.9399447181919284,1.770068577155542,1.1402940224390758,0.9399447181919284,1.770068577155542,False,False,False,False,0.0,-0.0,0.0,-0.0,0.0,-0.0,0.0,6.276661688169446e-05,0.0031421412843752492,0.0031386332217719607,0.00015764786463466957,"[1, 1, 1]",0.0031423656057994174,1.0221574574087455e-05,-1.0221574574087455e-05,-1.4159833254145937e-05,1.4159833254145937e-05,-5.434148215410772e-06,5.434148215410772e-06,False,425,1395,True,True
421,DSC08043.JPG,218.0,226.0,3.2766945362091064,1.3950285799906588,1.4996133516612602,1.052532891832319,0.5191912525218505,0.8546350551383408,-0.006274219750471302,1.1391355091297857,0.9332573298260317,1.770359138713382,1.1391355091297857,0.9332573298260317,1.770359138713382,False,False,False,False,0.0,-0.0,0.0,-0.0,0.0,-0.0,0.0,6.266411777970723e-05,0.004937975902642328,0.0049369641793487375,0.00011694829226882643,"[1, 1, 1]",0.004938162560875241,1.5639443524895213e-05,-1.5639443524895213e-05,-2.2181354063732783e-05,2.2181354063732783e-05,-9.206458779775772e-06,9.206458779775772e-06,False,426,1306,True,True
422,DSC08043.JPG,219.0,226.0,3.288717746734619,1.385505005581221,1.507693150017789,1.0499959754508148,0.23962821058971095,0.47596166297372067,0.8461907681302507,1.128200875213864,0.9309032985219741,1.776467319578852,1.128200875213864,0.9309032985219741,1.776467319578852,False,False,False,False,0.0,-0.0,0.0,-0.0,0.0,-0.0,0.0,5.631384843435978e-05,0.005006137359264599,0.0049696980312385255,0.000780792220567104,"[1, 1, 1]",0.005018413372025721,1.3035189588173068e-05,-1.3035189588173068e-05,-1.9952553192759126e-05,1.9952553192759126e-05,-1.0204134079927485e-05,1.0204134079927485e-05,False,427,1283,True,True
423,DSC08043.JPG,220.0,226.0,3.2604386806488037,1.3892544075364972,1.4821887435710825,1.0674189459944587,0.2909526504425009,0.05553146729453999,0.9551245004399161,1.1504117371563891,0.913890938977364,1.7628529925561636,1.1504117371563891,0.913890938977364,1.7628529925561636,False,False,False,False,0.0,-0.0,0.0,-0.0,0.0,-0.0,0.0,7.285446785253695e-05,0.011514734879581035,0.01147847298858867,0.0016722732139014614,"[1, 1, 1]",0.011557269572574634,3.983090850456783e-05,-3.983090850456783e-05,-5.6653262096917345e-05,5.6653262096917345e-05,-2.372721159771274e-05,2.372721159771274e-05,False,428,1026,True,True
424,DSC08043.JPG,221.0,226.0,3.260681629180908,1.3836292305826494,1.4804584874073003,1.0707047489007084,-0.4092649153472842,0.23061923096362116,-0.8827893289882521,1.1491689789750579,0.9072749664273093,1.7631955742439136,1.1491689789750579,0.9072749664273093,1.7631955742439136,False,False,False,False,0.0,-0.0,0.0,-0.0,0.0,-0.0,0.0,7.357014413661424e-05,0.013368018062274688,0.013353780617029,0.00169672600037704,"[1, 1, 1]",0.013414660662303813,4.5378940627394115e-05,-4.5378940627394115e-05,-6.572426427520206e-05,6.572426427520206e-05,-2.907091151049812e-05,2.907091151049812e-05,False,429,957,True,True
425,DSC08043.JPG,222.0,226.0,3.2609245777130127,1.3780032273415126,1.478727943250067,1.0739910593548898,0.3881277056474689,-0.8951659838208527,0.21916830409271434,1.147926065383056,0.9006579948615917,1.7635381892639892,1.147926065383056,0.9006579948615917,1.7635381892639892,False,False,False,False,0.0,-0.0,0.0,-0.0,0.0,-0.0,0.0,7.452217820709336e-05,0.015180145294139346,0.015181993105780658,0.0017235446449448924,"[1, 1, 1]",0.01522991023059537,5.078684587123128e-05,-5.078684587123128e-05,-7.450631073413483e-05,7.450631073413483e-05,-3.4176337541769186e-05,3.4176337541769186e-05,False,430,881,True,True
426,DSC08043.JPG,223.0,226.0,3.261167526245117,1.3723763978130865,1.4769971110993825,1.0772778773570026,-0.6240715971158942,0.5491292022319084,-0.555870273471576,1.1466829963803837,0.8940400242802115,1.7638808376163904,1.1466829963803837,0.8940400242802115,1.7638808376163904,False,False,False,False,0.0,-0.0,0.0,-0.0,0.0,-0.0,0.0,7.570176069252609e-05,0.016949362484857185,0.016963121025505935,0.0017496642696434796,"[1, 1, 1]",0.01700131891058759,5.6054650378722926e-05,-5.6054650378722926e-05,-8.299906783371114e-05,8.299906783371114e-05,-3.9042856192494924e-05,3.9042856192494924e-05,False,431,814,True,True
427,DSC08043.JPG,224.0,226.0,3.261410713195801,1.3667486616139657,1.4752661889817666,1.0805650859739147,-0.6488002363561592,0.38015524201525974,-0.6591966666121053,1.1454395755357312,0.8874211391450617,1.764223636049912,1.1454395755357312,0.8874211391450617,1.764223636049912,False,False,False,False,0.0,-0.0,0.0,-0.0,0.0,-0.0,0.0,7.709841617849534e-05,0.018674561264749496,0.018697116298256645,0.0017725206575906222,"[1, 1, 1]",0.018727829913894076,6.118212866201844e-05,-6.118212866201844e-05,-9.120178936927736e-05,9.120178936927736e-05,-4.366958983359481e-05,4.366958983359481e-05,False,432,763,True,True
428,DSC08043.JPG,225.0,226.0,3.2930192947387695,1.3504918410037994,1.4995679650761724,1.0685023104776357,0.15545917994728664,0.8354380206682805,0.5271392197436869,1.1183442498231215,0.8918482349653096,1.7799276239986255,1.1183442498231215,0.8918482349653096,1.7799276239986255,False,False,False,False,0.0,-0.0,0.0,-0.0,0.0,-0.0,0.0,6.155052947935856e-05,0.012866883566057995,0.012936840918197984,0.001968199740722823,"[1, 1, 1]",0.012976755279502903,3.630805426291239e-05,-3.630805426291239e-05,-4.707479357102251e-05,4.707479357102251e-05,-1.373655440906063e-05,1.373655440906063e-05,False,433,1205,True,True
429,DSC08043.JPG,226.0,226.0,3.2892868518829346,1.3461630272165173,1.4945204965137944,1.0737648526021508,0.12434345667121056,0.6935403617696556,0.7096058563593385,1.1203685210903822,0.8837708077489974,1.778325309202096,1.1203685210903822,0.8837708077489974,1.778325309202096,False,False,False,False,0.0,-0.0,0.0,-0.0,0.0,-0.0,0.0,6.56635258547375e-05,0.014978392834521475,0.015035866775277757,0.0017845697169762468,"[1, 1, 1]",0.015060116698937172,4.3418086487445606e-05,-4.3418086487445606e-05,-5.723473594421158e-05,5.723473594421158e-05,-1.8053615541635537e-05,1.8053615541635537e-05,False,434,1123,True,True
430,DSC08043.JPG,227.0,226.0,3.298135280609131,1.3375410534380507,1.4999045456232494,1.0728886940631643,0.06433090479468162,0.06211313543213602,0.9959937214134871,1.112017820921974,0.880088014042336,1.7828856718682164,1.112017820921974,0.880088014042336,1.7828856718682164,False,False,False,False,0.0,-0.0,0.0,-0.0,0.0,-0.0,0.0,6.365996397575693e-05,0.014154998377606273,0.014355366120540107,0.002969555701798848,"[1, 1, 1]",0.014409350713191835,3.948432249845091e-05,-3.948432249845091e-05,-4.678751829323424e-05,4.678751829323424e-05,-7.326935976159632e-06,7.326935976159632e-06,False,435,1345,True,True
431,DSC08043.JPG,228.0,226.0,3.3121769428253174,1.3271027489237968,1.5095792071733007,1.0695056819862705,-0.2990410453696964,-0.950315071383661,0.08646223618011825,1.0993761496918735,0.8781658745259174,1.7899916958016284,1.0993761496918735,0.8781658745259174,1.7899916958016284,False,False,False,False,0.0,-0.0,0.0,-0.0,0.0,-0.0,0.0,6.0026715986897155e-05,0.01199781278075814,0.01268658479038984,0.004730615166161557,"[1, 1, 1]",0.012792100397889554,3.134006390359545e-05,-3.134006390359545e-05,-2.6677505216676778e-05,2.6677505216676778e-05,1.2255702403152213e-05,-1.2255702403152213e-05,False,436,1239,True,True
432,DSC08043.JPG,229.0,226.0,3.3116965293884277,1.3216363176269421,1.507218464764425,1.0731985558818962,-0.2238332563762342,-0.9683091914299201,-0.1107970357561309,1.0987133511604792,0.8711907097017207,1.789983496084655,1.0987133511604792,0.8711907097017207,1.789983496084655,False,False,False,False,0.0,-0.0,0.0,-0.0,0.0,-0.0,0.0,6.322878390797389e-05,0.012971495649890972,0.01375664581422016,0.005122060426362745,"[1, 1, 1]",0.013851723866471962,3.444723804868488e-05,-3.444723804868488e-05,-2.8573428248135357e-05,2.8573428248135357e-05,1.4764745526196776e-05,-1.4764745526196776e-05,False,437,1187,True,True
433,DSC08043.JPG,230.0,226.0,3.311216115951538,1.3161715202544129,1.5048582918421094,1.0768904261375989,-0.5294263322309967,0.042307980146453705,-0.8473002971534719,1.0980508599426286,0.8642175203599187,1.7899752304553802,1.0980508599426286,0.8642175203599187,1.7899752304553802,False,False,False,False,0.0,-0.0,0.0,-0.0,0.0,-0.0,0.0,6.656958990857628e-05,0.01392055061426548,0.014802071294253292,0.005517628894215758,"[1, 1, 1]",0.014888372501050842,3.747238191520452e-05,-3.747238191520452e-05,-3.0355211205312926e-05,3.0355211205312926e-05,1.7318264193377786e-05,-1.7318264193377786e-05,False,438,1141,True,True
434,DSC08043.JPG,231.0,226.0,3.3107357025146484,1.3107083568062101,1.5024986884063523,1.080581292753379,-0.5953797534328396,0.09872162618612947,-0.797356250195242,1.0973886760383238,0.8572463065005116,1.7899668989138027,1.0973886760383238,0.8572463065005116,1.7899668989138027,False,False,False,False,0.0,-0.0,0.0,-0.0,0.0,-0.0,0.0,7.002904258595698e-05,0.014844613546215357,0.01582293774369057,0.005916403796254887,"[1, 1, 1]",0.015901756879664164,4.041559690604046e-05,-4.041559690604046e-05,-3.202288655468344e-05,3.202288655468344e-05,1.991639256848643e-05,-1.991639256848643e-05,False,439,1086,True,True
435,DSC08043.JPG,232.0,226.0,3.310255527496338,1.3052467436554058,1.5001398513531816,1.0842710407884406,-0.5857349266224483,0.1428069598771096,-0.7978225165694767,1.0967266024062017,0.850277148663841,1.7899586183395622,1.0967266024062017,0.850277148663841,1.7899586183395622,False,False,False,False,0.0,-0.0,0.0,-0.0,0.0,-0.0,0.0,7.359009352126311e-05,0.015743358404070287,0.016819273304608525,0.006317728210647537,"[1, 1, 1]",0.016891639637829962,4.327676089932453e-05,-4.327676089932453e-05,-3.3575992693046786e-05,3.3575992693046786e-05,2.2559702248514668e-05,-2.2559702248514668e-05,False,440,1039,True,True
436,DSC08043.JPG,233.0,226.0,3.3097755908966064,1.29978667958568,1.497781780258659,1.0879596709899115,0.5474517699174565,-0.16035703130801196,0.8213295210354524,1.0960646388174953,0.8433100453793227,1.789950388781723,1.0960646388174953,0.8433100453793227,1.789950388781723,False,False,False,False,0.0,-0.0,0.0,-0.0,0.0,-0.0,0.0,7.723846967457879e-05,0.01661658784797547,0.01779115420340131,0.0067210820621271825,"[1, 1, 1]",0.01785789886280798,4.6055945071676874e-05,-4.6055945071676874e-05,-3.501447567111349e-05,3.501447567111349e-05,2.5248420320700404e-05,-2.5248420320700404e-05,False,441,1002,True,True
437,DSC08043.JPG,234.0,226.0,3.309295654296875,1.2943282478185185,1.4954242780854496,1.0916472985476273,0.38225614952302445,-0.06302416554810296,0.9219046538058026,1.0954029822373064,0.8363449156164239,1.7899420933770038,1.0954029822373064,0.8363449156164239,1.7899420933770038,False,False,False,False,0.0,-0.0,0.0,-0.0,0.0,-0.0,0.0,8.096224157708241e-05,0.017464230253093727,0.018738716108235576,0.007126025105854792,"[1, 1, 1]",0.01880051932240846,4.875346810218062e-05,-4.875346810218062e-05,-3.633884859510772e-05,3.633884859510772e-05,2.7982254862113365e-05,-2.7982254862113365e-05,False,442,970,True,True
438,DSC08043.JPG,235.0,226.0,3.3088159561157227,1.288871363510675,1.493067541305641,1.095333809267922,0.4681906108915669,-0.25447507436979977,-0.8461914608393695,1.0947414353955087,0.8293818384449007,1.789933849054108,1.0947414353955087,0.8293818384449007,1.789933849054108,False,False,False,False,0.0,-0.0,0.0,-0.0,0.0,-0.0,0.0,8.475119087978142e-05,0.018286108247493472,0.019661990769862834,0.007532276214623354,"[1, 1, 1]",0.019719417103574607,5.136917871872981e-05,-5.136917871872981e-05,-3.75485678822951e-05,3.75485678822951e-05,3.076186467509956e-05,-3.076186467509956e-05,False,443,929,True,True
439,DSC08043.JPG,201.0,227.0,3.262593984603882,1.4957159778977573,1.524761393968462,1.0067541195618752,0.9056258463785831,0.3901617271002974,-0.16617958080699366,1.1716196906313794,1.0418328569035358,1.7656469214231787,1.1716196906313794,1.0418328569035358,1.7656469214231787,False,False,False,False,0.0,-0.0,0.0,-0.0,0.0,-0.0,0.0,0.0001001101173844984,0.033143371138503866,0.03316438514629691,0.0019130956674023377,"[1, 1, 1]",0.033181466410749184,-9.933904853220987e-05,9.933904853220987e-05,0.0001561486923506994,-0.0001561486923506994,8.481899711432206e-05,-8.481899711432206e-05,False,444,404,True,True
440,DSC08043.JPG,202.0,227.0,3.2642781734466553,1.489663894983145,1.5242505431074425,1.00930003108154,0.30775091874788313,0.9451985917581707,0.10903666423825119,1.1692020617637628,1.0357975566241593,1.7666959985746487,1.1692020617637628,1.0357975566241593,1.7666959985746487,False,False,False,False,0.0,-0.0,0.0,-0.0,0.0,-0.0,0.0,9.669011688338915e-05,0.03035733122748271,0.030369248245193412,0.001465545922826596,"[1, 1, 1]",0.030380969557082357,-9.141229162579201e-05,9.141229162579201e-05,0.0001415458648430512,-0.0001415458648430512,7.434981650700223e-05,-7.434981650700223e-05,False,445,474,True,True
441,DSC08043.JPG,203.0,227.0,3.254910469055176,1.4869316226120604,1.5144069438489576,1.017494873236909,0.4165284766555617,-0.8792690054710464,-0.23106285757982487,1.175804012240843,1.0253639027674024,1.762329041542755,1.175804012240843,1.0253639027674024,1.762329041542755,False,False,False,False,0.0,-0.0,0.0,-0.0,0.0,-0.0,0.0,9.696218845324856e-05,0.028036027449878875,0.028058330672766023,0.0027379340118291375,"[1, 1, 1]",0.02811392039295022,-8.099899101887686e-05,8.099899101887686e-05,0.00013634390820316256,-0.00013634390820316256,8.475124978346571e-05,-8.475124978346571e-05,False,446,407,True,True
442,DSC08043.JPG,204.0,227.0,3.262087345123291,1.4792247757490131,1.5185326912045671,1.017236297905445,0.30523283420538416,-0.8978972282334283,-0.31719628694812213,1.168902825015399,1.0215086799824733,1.7660700324773546,1.168902825015399,1.0215086799824733,1.7660700324773546,False,False,False,False,0.0,-0.0,0.0,-0.0,0.0,-0.0,0.0,9.1871636530658e-05,0.02517920720822655,0.02518652320063176,0.0014890539353727668,"[1, 1, 1]",0.025204867660192292,-7.489346672051589e-05,7.489346672051589e-05,0.00011824455370934572,-0.00011824455370934572,6.485002061529244e-05,-6.485002061529244e-05,False,447,544,True,True
443,DSC08043.JPG,205.0,227.0,3.250284194946289,1.477269203331702,1.5066482148123133,1.0266482423180043,-0.4346884104343238,0.8741994314950957,0.2163823925547836,1.1775008597215326,1.0101603504201206,1.760507752768562,1.1775008597215326,1.0101603504201206,1.760507752768562,False,False,False,False,0.0,-0.0,0.0,-0.0,0.0,-0.0,0.0,9.377235634080948e-05,0.022627780538641878,0.022613624891193704,0.0029493256879956557,"[1, 1, 1]",0.02271663492975397,-6.273021331404394e-05,6.273021331404394e-05,0.0001117001799360029,-0.0001117001799360029,7.619008349513123e-05,-7.619008349513123e-05,False,448,462,True,True
444,DSC08043.JPG,206.0,227.0,3.2310845851898193,1.4776171189910086,1.4885462928513717,1.0397905323563832,-0.06942996454341538,0.7266122502886899,0.6835306267855936,1.1921506000413788,0.9959672225072677,1.7513175057615797,1.1921506000413788,0.9959672225072677,1.7513175057615797,False,False,False,False,0.0,-0.0,0.0,-0.0,0.0,-0.0,0.0,9.995474212767173e-05,0.019464498480190866,0.019156713715786533,0.005299218346795808,"[1, 1, 1]",0.019671401803249507,-4.396937795680955e-05,4.396937795680955e-05,0.00010078414816483416,-0.00010078414816483416,9.226099676107324e-05,-9.226099676107324e-05,False,449,368,True,True
445,DSC08043.JPG,207.0,227.0,3.243398904800415,1.4683333617074201,1.4969985962033032,1.0369267699194513,0.1714785482106745,0.7831619747326083,0.5977059718929373,1.1810503456672106,0.994115811832893,1.757577485625158,1.1810503456672106,0.994115811832893,1.757577485625158,False,False,False,False,0.0,-0.0,0.0,-0.0,0.0,-0.0,0.0,9.252448678020149e-05,0.017056356690247534,0.016922862270445857,0.0033894737416046133,"[1, 1, 1]",0.017157958833322134,-4.27928047341819e-05,4.27928047341819e-05,8.559229923643663e-05,-8.559229923643663e-05,6.820517642047719e-05,-6.820517642047719e-05,False,450,522,True,True
446,DSC08043.JPG,208.0,227.0,3.2280802726745605,1.4675574921205738,1.4821885956791272,1.0480595868960298,-0.21983808707982033,0.9712509848695298,-0.0913386000497819,1.1925406738342175,0.9815179848551261,1.7502874364464063,1.1925406738342175,0.9815179848551261,1.7502874364464063,False,False,False,False,0.0,-0.0,0.0,-0.0,0.0,-0.0,0.0,9.809755901135738e-05,0.013694641841545804,0.01301596018320413,0.0051322630551294945,"[1, 1, 1]",0.013843745125918584,-2.4260617982330146e-05,2.4260617982330146e-05,6.898414574219025e-05,-6.898414574219025e-05,7.401549183772005e-05,-7.401549183772005e-05,False,451,477,True,True
447,DSC08043.JPG,209.0,227.0,3.2432990074157715,1.457333382566727,1.493069856119618,1.0437530124544412,-0.3713958594811883,0.6510586538431741,0.6619575098268344,1.1790573190504008,0.9807403431953654,1.7579734787040662,1.1790573190504008,0.9807403431953654,1.7579734787040662,False,False,False,False,0.0,-0.0,0.0,-0.0,0.0,-0.0,0.0,8.917063984338601e-05,0.011724104784532292,0.011474721636286808,0.002980924613185361,"[1, 1, 1]",0.011790033544622843,-2.639589922237562e-05,2.639589922237562e-05,5.795105240880005e-05,-5.795105240880005e-05,5.09783049529311e-05,-5.09783049529311e-05,False,452,693,True,True
448,DSC08043.JPG,210.0,227.0,3.2351162433624268,1.454377640799572,1.484273047414244,1.0512608302161852,-0.06827598025478036,-0.9605075052071461,0.2697475170617757,1.1847171407690165,0.9709384222405099,1.7541818637387958,1.1847171407690165,0.9709384222405099,1.7541818637387958,False,False,False,False,0.0,-0.0,0.0,-0.0,0.0,-0.0,0.0,9.185638271837581e-05,0.008723191906869085,0.008002085999504888,0.0037890039650733697,"[1, 1, 1]",0.008788743020266214,-1.255043237824438e-05,1.255043237824438e-05,4.150787237588993e-05,-4.150787237588993e-05,4.834714826040809e-05,-4.834714826040809e-05,False,453,714,True,True
449,DSC08043.JPG,211.0,227.0,3.2643027305603027,1.439696857462407,1.5068583836638392,1.0399752592697096,-0.1501628937249944,-0.9451361254766862,-0.2901186130999764,1.1597854527405949,0.9754040239102931,1.7687233993615654,1.1597854527405949,0.9754040239102931,1.7687233993615654,False,False,False,False,0.0,-0.0,0.0,-0.0,0.0,-0.0,0.0,7.620902271216795e-05,0.008043826228564359,0.00803487590267809,0.00046061543189838717,"[1, 1, 1]",0.008045947357010709,-2.349327896422615e-05,2.349327896422615e-05,3.673894943334588e-05,-3.673894943334588e-05,1.9734615874344996e-05,-1.9734615874344996e-05,False,454,1092,True,True
450,DSC08043.JPG,212.0,227.0,3.2605388164520264,1.4353359568726252,1.5017659446880307,1.0452722730496327,-0.055785919015751965,-0.6236111101613673,0.7797416973093557,1.161824365047523,0.9672666127624484,1.76710040211062,1.161824365047523,0.9672666127624484,1.76710040211062,False,False,False,False,0.0,-0.0,0.0,-0.0,0.0,-0.0,0.0,7.665193607208396e-05,0.005466833596728707,0.005422854329824504,0.0007509151567153034,"[1, 1, 1]",0.005470717181465977,-1.4397856332948322e-05,1.4397856332948322e-05,2.526836782057451e-05,-2.526836782057451e-05,1.6850735759188495e-05,-1.6850735759188495e-05,False,455,1151,True,True
451,DSC08043.JPG,213.0,227.0,3.2613003253936768,1.4295491914406024,1.5004718117500755,1.0482970651346406,-0.006447680841948804,-0.813529146227633,0.5814883968316986,1.1601575190075246,0.9608497950437377,1.7676977931280133,1.1601575190075246,0.9608497950437377,1.7676977931280133,False,False,False,False,0.0,-0.0,0.0,-0.0,0.0,-0.0,0.0,7.516443191084139e-05,0.003260144366799166,0.0032050940148326277,0.0006148189953654918,"[1, 1, 1]",0.0032618377185735493,-7.917400695500731e-06,7.917400695500731e-06,1.4840651332947985e-05,-1.4840651332947985e-05,1.0899944816511464e-05,-1.0899944816511464e-05,False,456,1269,True,True
452,DSC08043.JPG,214.0,227.0,3.273036479949951,1.420252250391768,1.50837075845945,1.0458435950103409,0.6440966225936439,0.5766020524493184,-0.5026625248361913,1.1494939675877955,0.9585423746365236,1.7736819781031816,1.1494939675877955,0.9585423746365236,1.7736819781031816,False,False,False,False,0.0,-0.0,0.0,-0.0,0.0,-0.0,0.0,6.833588933962415e-05,0.002253852791285392,0.002215616144046653,0.00042215632004053403,"[1, 1, 1]",0.0022546644163976702,-8.241354709115356e-06,8.241354709115356e-06,9.47667946826769e-06,-9.47667946826769e-06,1.029484727688157e-06,-1.029484727688157e-06,False,457,1539,True,True
453,DSC08043.JPG,215.0,227.0,3.2438950538635254,1.4240497136978347,1.4820349288001031,1.0637829117120967,-0.14473409593848977,0.8800276654577768,0.4523310176207281,1.1723444580204896,0.9409526851190856,1.7596010106364761,1.1723444580204896,0.9409526851190856,1.7596010106364761,False,False,False,False,0.0,-0.0,0.0,-0.0,0.0,-0.0,0.0,8.31501775137817e-05,0.004408307584126818,0.003805895006075452,0.002288693737154076,"[1, 1, 1]",0.004424710731902171,1.9186699026896292e-05,-1.9186699026896292e-05,-1.9062039117612173e-05,1.9062039117612173e-05,2.786903381846173e-06,-2.786903381846173e-06,False,458,1459,True,True
454,DSC08043.JPG,216.0,227.0,3.244994640350342,1.4181781645660618,1.481032129518945,1.0666246023527224,-0.4950107193451656,-0.6303107477546241,-0.5980574796776548,1.170404856971478,0.9346906879223066,1.7603634017305603,1.170404856971478,0.9346906879223066,1.7603634017305603,False,False,False,False,0.0,-0.0,0.0,-0.0,0.0,-0.0,0.0,8.230140344209422e-05,0.006348963772227239,0.006027143265249015,0.002153223906570406,"[1, 1, 1]",0.006374643859205127,2.543553793477038e-05,-2.543553793477038e-05,-3.0020846019995773e-05,3.0020846019995773e-05,-4.51331415263212e-06,4.51331415263212e-06,False,459,1416,True,True
455,DSC08043.JPG,217.0,227.0,3.2460949420928955,1.41230264340266,1.4800286247096588,1.0694682352586111,0.2609395792393748,0.7771652918301563,0.5726470511239243,1.1684639655317848,0.928424432790773,1.7611262949033901,1.1684639655317848,0.928424432790773,1.7611262949033901,False,False,False,False,0.0,-0.0,0.0,-0.0,0.0,-0.0,0.0,8.16560349937133e-05,0.008364649742461273,0.008178955559878041,0.0020355979880214954,"[1, 1, 1]",0.008396616537255135,3.148888278015072e-05,-3.148888278015072e-05,-4.0504289617881994e-05,4.0504289617881994e-05,-1.135631847271057e-05,1.135631847271057e-05,False,460,1259,True,True
456,DSC08043.JPG,218.0,227.0,3.2471959590911865,1.4064231465586665,1.4790244131004382,1.072313812671143,0.20761094342563263,0.8885627127223831,0.40908923443346507,1.166521783015102,0.9221539153127366,1.7618896903021646,1.166521783015102,0.9221539153127366,1.7618896903021646,False,False,False,False,0.0,-0.0,0.0,-0.0,0.0,-0.0,0.0,8.121935606893029e-05,0.010369993977999379,0.010261381297501518,0.0019302538229819578,"[1, 1, 1]",0.010405734022102518,3.73465265521844e-05,-3.73465265521844e-05,-5.0511095714522725e-05,5.0511095714522725e-05,-1.774027870204975e-05,1.774027870204975e-05,False,461,1132,True,True
457,DSC08043.JPG,219.0,227.0,3.248297691345215,1.400539670385119,1.478019493419478,1.075161336831697,-0.16992593212539775,0.8284955522674042,0.5335918828697114,1.1645783087351214,0.9158791310764514,1.7626535880740832,1.1645783087351214,0.9158791310764514,1.7626535880740832,False,False,False,False,0.0,-0.0,0.0,-0.0,0.0,-0.0,0.0,8.099517917745311e-05,0.012335789671444414,0.01227448433694412,0.0018315593946989662,"[1, 1, 1]",0.012373141914424934,4.300825906877748e-05,-4.300825906877748e-05,-6.003999820802797e-05,6.003999820802797e-05,-2.36633843755385e-05,2.36633843755385e-05,False,462,1027,True,True
458,DSC08043.JPG,220.0,227.0,3.2494001388549805,1.3946522112330548,1.4770138643949704,1.078010809981653,0.16875676598330103,-0.9349023035140421,-0.3122160098697617,1.162633542005535,0.9096000756701692,1.7634179883663432,1.162633542005535,0.9096000756701692,1.7634179883663432,False,False,False,False,0.0,-0.0,0.0,-0.0,0.0,-0.0,0.0,8.098570697413795e-05,0.01424960156189385,0.014218344953195216,0.0017341080158183404,"[1, 1, 1]",0.014286700270724545,4.8473866946618926e-05,-4.8473866946618926e-05,-6.908973917241212e-05,6.908973917241212e-05,-2.912384563868997e-05,2.912384563868997e-05,False,463,955,True,True
459,DSC08043.JPG,221.0,227.0,3.2505033016204834,1.388760765453512,1.476007524755109,1.080862234362391,-0.303442471153996,0.9525172056223044,-0.025172200806313407,1.1606874821400355,0.9033167446821424,1.7641828913261435,1.1606874821400355,0.9033167446821424,1.7641828913261435,False,False,False,False,0.0,-0.0,0.0,-0.0,0.0,-0.0,0.0,8.119145230693618e-05,0.016105252369510326,0.01609306154064881,0.001632932662969032,"[1, 1, 1]",0.016140511961420457,5.3743133563433076e-05,-5.3743133563433076e-05,-7.765906894263708e-05,7.765906894263708e-05,-3.411989346702171e-05,3.411989346702171e-05,False,464,883,True,True
460,DSC08043.JPG,222.0,227.0,3.2516074180603027,1.3828652499534952,1.4750006718321726,1.0837154951606132,0.2836032232789337,-0.9563063864941942,0.07104440087871917,1.158739932404008,0.8970292191216594,1.764948414254609,1.158739932404008,0.8970292191216594,1.764948414254609,False,False,False,False,0.0,-0.0,0.0,-0.0,0.0,-0.0,0.0,8.161108552928376e-05,0.01789924491964136,0.017898692184161465,0.0015235915454534083,"[1, 1, 1]",0.017931361926842113,5.8815585732174824e-05,-5.8815585732174824e-05,-8.574635752234272e-05,8.574635752234272e-05,-3.864957988231055e-05,3.864957988231055e-05,False,465,825,True,True
461,DSC08043.JPG,223.0,227.0,3.2527122497558594,1.376965739717194,1.473993105467647,1.0865707121704598,0.2698710193092237,-0.9595667683438449,0.08000781228824169,1.1567910880069372,0.8907374081755496,1.765714440177723,1.1567910880069372,0.8907374081755496,1.765714440177723,False,False,False,False,0.0,-0.0,0.0,-0.0,0.0,-0.0,0.0,8.224190322693217e-05,0.019629543563328265,0.01963542882116296,0.0014023013172022427,"[1, 1, 1]",0.019657511245132292,6.369123980198843e-05,-6.369123980198843e-05,-9.335070977267712e-05,9.335070977267712e-05,-4.27113157415171e-05,4.27113157415171e-05,False,466,771,True,True
462,DSC08043.JPG,224.0,227.0,3.2538177967071533,1.371062231095645,1.472984824389726,1.089427887633311,-0.17561854206371927,0.9758467545419555,-0.12992782355348761,1.154840948262515,0.884441307432065,1.7664809692426846,1.154840948262515,0.884441307432065,1.7664809692426846,False,False,False,False,0.0,-0.0,0.0,-0.0,0.0,-0.0,0.0,8.307952537998509e-05,0.021294782819922847,0.021303432289650318,0.0012658267596440378,"[1, 1, 1]",0.02131790703632309,6.836986917546639e-05,-6.836986917546639e-05,-0.00010047090105347323,0.00010047090105347323,-4.6303395433433536e-05,4.6303395433433536e-05,False,467,737,True,True
463,DSC08043.JPG,225.0,227.0,3.2549240589141846,1.3651547204398868,1.471975827326604,1.0922870237905453,-0.141259060041831,0.9899536127119396,-0.006141875501638856,1.1528895124844332,0.8781409124794595,1.7672480015966925,1.1528895124844332,0.8781409124794595,1.7672480015966925,False,False,False,False,0.0,-0.0,0.0,-0.0,0.0,-0.0,0.0,8.411820023107372e-05,0.02289401463039406,0.022902888068603668,0.0011114536032465249,"[1, 1, 1]",0.022911934847636928,7.285124388589637e-05,-7.285124388589637e-05,-0.00010710571529903845,0.00010710571529903845,-4.942413497488474e-05,4.942413497488474e-05,False,468,705,True,True
464,DSC08043.JPG,226.0,227.0,3.256031036376953,1.3592432041009561,1.4709661130064744,1.0951481228835431,-0.24262451829963333,0.9699127676761615,-0.020064052896641767,1.1509367799863834,0.8718362189059847,1.7680155373869457,1.1509367799863834,0.8718362189059847,1.7680155373869457,False,False,False,False,0.0,-0.0,0.0,-0.0,0.0,-0.0,0.0,8.535100855938747e-05,0.0244265450604396,0.024434007984345002,0.0009369239017688935,"[1, 1, 1]",0.024439258148017444,7.713513056906152e-05,-7.713513056906152e-05,-0.00011325394508188147,0.00011325394508188147,-5.207187217948217e-05,5.207187217948217e-05,False,469,683,True,True
465,DSC08043.JPG,227.0,227.0,3.257138729095459,1.3533276784298907,1.4699556801575309,1.0980111871536837,-0.17467726058251953,0.967788541906633,0.18130965994568513,1.1489827500820582,0.8655272222998937,1.7687835767606426,1.1489827500820582,0.8655272222998937,1.7687835767606426,False,False,False,False,0.0,-0.0,0.0,-0.0,0.0,-0.0,0.0,8.677009065915718e-05,0.025891842503790126,0.02589703320228374,0.0007403625564039721,"[1, 1, 1]",0.025899729466983917,8.122129243015586e-05,-8.122129243015586e-05,-0.00011891439170441664,0.00011891439170441664,-5.42449668801126e-05,5.42449668801126e-05,False,470,660,True,True
466,DSC08043.JPG,228.0,227.0,3.258247137069702,1.3474081397777284,1.4689445275079667,1.1008762188423464,-0.16116768684989405,0.9668785524509629,0.19791624876645522,1.1470274220851493,0.8592139182494393,1.769552119864981,1.1470274220851493,0.8592139182494393,1.769552119864981,False,False,False,False,0.0,-0.0,0.0,-0.0,0.0,-0.0,0.0,8.836688069865688e-05,0.027289482731783846,0.027292236270275473,0.0005202151491415875,"[1, 1, 1]",0.027293338486557187,8.510948921403028e-05,-8.510948921403028e-05,-0.00012408586525736176,0.00012408586525736176,-5.5941801088810195e-05,5.5941801088810195e-05,False,471,638,True,True
467,DSC08043.JPG,229.0,227.0,3.2593564987182617,1.341484502213392,1.467932851400878,1.103743104879529,-0.14684470269542685,0.9650447527682059,0.21708352872763984,1.1450705987272465,0.8528963843325507,1.7703212841155742,1.1450705987272465,0.8528963843325507,1.7703212841155742,False,False,False,False,0.0,-0.0,0.0,-0.0,0.0,-0.0,0.0,9.013220896145897e-05,0.028619036826075778,0.028619845579179688,0.0002751509938144291,"[1, 1, 1]",0.02862010251304255,8.87991752636097e-05,-8.87991752636097e-05,-0.00012876661645688792,0.00012876661645688792,-5.716035943148512e-05,5.716035943148512e-05,False,472,628,True,True
468,DSC08043.JPG,230.0,227.0,3.2604665756225586,1.335556843559153,1.4669204526669324,1.1066119633160776,-0.13202677536010726,0.9622639080429986,0.23794348460470047,1.1431124757516313,0.8465745331674149,1.7710909524239178,1.1431124757516313,0.8465745331674149,1.7710909524239178,False,False,False,False,0.0,-0.0,0.0,-0.0,0.0,-0.0,0.0,9.205689638165598e-05,0.02988027885582111,0.02988027901438863,3.7215130446689415e-06,"[1, 1, 1]",0.029880279050981128,9.229039114266868e-05,-9.229039114266868e-05,-0.00013295598957663302,0.00013295598957663302,-5.789942521117197e-05,5.789942521117197e-05,False,473,614,True,True
469,DSC08043.JPG,231.0,227.0,3.2615773677825928,1.329625160166049,1.4659073300343242,1.109482796393371,-0.10316116251360573,0.9806851953979764,0.16617557605157998,1.141153052471995,0.840248360342286,1.7718611249372103,1.141153052471995,0.840248360342286,1.7718611249372103,False,False,False,False,0.0,-0.0,0.0,-0.0,0.0,-0.0,0.0,9.41315535093535e-05,0.031072947860187564,0.03107392241114942,0.0002937688599489586,"[1, 1, 1]",0.031074129450030016,9.558288596633879e-05,-9.558288596633879e-05,-0.00013665282132291345,0.00013665282132291345,-5.8157447895279546e-05,5.8157447895279546e-05,False,474,611,True,True
470,DSC08043.JPG,232.0,227.0,3.2626888751983643,1.3236894483851165,1.4648934822312478,1.1123556063527886,-0.10861808698810803,0.9723718095480129,0.20662810838646006,1.1391923282020284,0.8339178614454161,1.7726318018026506,1.1391923282020284,0.8339178614454161,1.7726318018026506,False,False,False,False,0.0,-0.0,0.0,-0.0,0.0,-0.0,0.0,9.634686991977417e-05,0.032196810774973036,0.0322012066606569,0.0006192990609208208,"[1, 1, 1]",0.032201986474663304,9.867640526839416e-05,-9.867640526839416e-05,-0.00013985595748211566,0.00013985595748211566,-5.793289987421346e-05,5.793289987421346e-05,False,475,613,True,True
471,DSC08043.JPG,233.0,227.0,3.263801097869873,1.3177497045673938,1.4638789079858971,1.11523039543571,-0.14361151500024905,0.91733560254775,0.3713100120622787,1.1372303022554242,0.8275830320650583,1.773402983167438,1.1372303022554242,0.8275830320650583,1.773402983167438,False,False,False,False,0.0,-0.0,0.0,-0.0,0.0,-0.0,0.0,9.869374302945323e-05,0.033251655816654145,0.03326261189585017,0.0009731139585950963,"[1, 1, 1]",0.03326425196040496,0.00010157069097704863,-0.00010157069097704863,-0.00014256425299463693,0.00014256425299463693,-5.722427663945595e-05,5.722427663945595e-05,False,476,627,True,True
472,DSC08043.JPG,234.0,227.0,3.2649142742156982,1.3118058407546032,1.4628638029348062,1.1181070518173446,0.7217134142367913,-0.041776583137491136,0.6909301446687864,1.1352667769824916,0.8212439473281702,1.7741747865289603,1.1352667769824916,0.8212439473281702,1.7741747865289603,False,False,False,False,0.0,-0.0,0.0,-0.0,0.0,-0.0,0.0,0.00010116326593228458,0.034237194775013906,0.03425858134178907,0.0013558245395314725,"[1, 1, 1]",0.034261305885106084,0.00010426514400529996,-0.00010426514400529996,-0.00014477587341232834,0.00014477587341232834,-5.602951795857791e-05,5.602951795857791e-05,False,477,637,True,True
473,DSC08043.JPG,235.0,227.0,3.2660281658172607,1.3058579367962162,1.4618479686152053,1.120985692303326,0.746916600894154,0.512127376925738,0.42407681039156864,1.1333019485077915,0.8149005223039111,1.7749470947169375,1.1333019485077915,0.8149005223039111,1.7749470947169375,False,False,False,False,0.0,-0.0,0.0,-0.0,0.0,-0.0,0.0,0.00010374714227034849,0.03515333193322306,0.03518979528420958,0.0017678675505423784,"[1, 1, 1]",0.03519377639600699,0.00010675982202767997,-0.00010675982202767997,-0.00014649033823843638,0.00014649033823843638,-5.434768091427955e-05,5.434768091427955e-05,False,478,658,True,True
474,DSC08043.JPG,201.0,228.0,3.2461063861846924,1.5023704995577498,1.5148375558678417,1.020337239536586,0.1288750536702964,0.9599675481170536,0.24870369338554368,1.1882046427371098,1.0349244875051637,1.7635302813204974,1.1882046427371098,1.0349244875051637,1.7635302813204974,False,False,False,False,0.0,-0.0,0.0,-0.0,0.0,-0.0,0.0,0.00010668581026847589,0.034548930681918534,0.03456887767032785,0.002632539289750164,"[1, 1, 1]",0.034609003011577016,-0.00010165515113813584,0.00010165515113813584,0.00016490499170784823,-0.00016490499170784823,9.563406114576622e-05,-9.563406114576622e-05,False,479,349,True,True
475,DSC08043.JPG,202.0,228.0,3.2438836097717285,1.4975142268812092,1.5110328889199538,1.0248622143724821,-0.0980508279074378,0.8868403413362256,0.45155314651247097,1.1889777897288267,1.0273628334731686,1.762659704392034,1.1889777897288267,1.0273628334731686,1.762659704392034,False,False,False,False,0.0,-0.0,0.0,-0.0,0.0,-0.0,0.0,0.00010486658852037152,0.03161310742808387,0.03162553197788028,0.0027857129534719196,"[1, 1, 1]",0.031680617342997236,-9.180096169592034e-05,9.180096169592034e-05,0.00015202741699127387,-0.00015202741699127387,9.173425254660472e-05,-9.173425254660472e-05,False,480,371,True,True
476,DSC08043.JPG,203.0,228.0,3.251715898513794,1.4896453422031763,1.5157324582507474,1.024262202867581,-0.20490163549971802,0.868148576763457,0.45203248603736934,1.1815550428533765,1.0238047657487166,1.7667350319455362,1.1815550428533765,1.0238047657487166,1.7667350319455362,False,False,False,False,0.0,-0.0,0.0,-0.0,0.0,-0.0,0.0,9.957835576727905e-05,0.028581587808133514,0.028585038384170723,0.0013712051308433502,"[1, 1, 1]",0.028599753354866763,-8.563386264826e-05,8.563386264826e-05,0.00013262256518609128,-0.00013262256518609128,6.969255358724169e-05,-6.969255358724169e-05,False,481,510,True,True
477,DSC08043.JPG,204.0,228.0,3.2506284713745117,1.4844441422863375,1.5128863712472418,1.028211425344135,-0.27549678667161304,0.9435570446439787,0.18385217985201194,1.1814018695276274,1.0166894098583334,1.766423104932855,1.1814018695276274,1.0166894098583334,1.766423104932855,False,False,False,False,0.0,-0.0,0.0,-0.0,0.0,-0.0,0.0,9.751429749265536e-05,0.025757211522099695,0.02575732903764248,0.0013905970457075048,"[1, 1, 1]",0.02577603251817648,-7.662255465556989e-05,7.662255465556989e-05,0.00011990464571387527,-0.00011990464571387527,6.449870745539599e-05,-6.449870745539599e-05,False,482,545,True,True
478,DSC08043.JPG,205.0,228.0,3.227541923522949,1.4859291884950105,1.4914672988830386,1.043315033654288,-0.2654016873629169,0.7422730060641413,0.6152988938828186,1.1991980809485125,1.0009296797589156,1.7552863741096714,1.1991980809485125,1.0009296797589156,1.7552863741096714,False,False,False,False,0.0,-0.0,0.0,-0.0,0.0,-0.0,0.0,0.00010481613724441366,0.02234793349271686,0.022177089887504095,0.004514745758878667,"[1, 1, 1]",0.0224904021261256,-5.597706990001505e-05,5.597706990001505e-05,0.00011258836237293401,-0.00011258836237293401,9.029799704896035e-05,-9.029799704896035e-05,False,483,375,True,True
479,DSC08043.JPG,206.0,228.0,3.2502901554107666,1.4734918398329275,1.5087475999479563,1.0351735893768295,-0.25156944898160666,0.9643628627215379,0.08195780220705783,1.1795986235423546,1.0031903627416223,1.7667025969261405,1.1795986235423546,1.0031903627416223,1.7667025969261405,False,False,False,False,0.0,-0.0,0.0,-0.0,0.0,-0.0,0.0,9.31539789579914e-05,0.02018776600150142,0.02018057756293298,0.0011706419832507831,"[1, 1, 1]",0.020201138691386563,-5.953764832167252e-05,5.953764832167252e-05,9.37657260051683e-05,-9.37657260051683e-05,5.114977827647138e-05,-5.114977827647138e-05,False,484,691,True,True
480,DSC08043.JPG,207.0,228.0,3.252258777618408,1.4673598995035073,1.5084809492517792,1.037574451249358,-0.43201444820787693,0.9017743706549526,-0.012903525468183146,1.176951618731998,0.9972735496432145,1.7678944949170619,1.176951618731998,0.9972735496432145,1.7678944949170619,False,False,False,False,0.0,-0.0,0.0,-0.0,0.0,-0.0,0.0,9.03050336308915e-05,0.01753955989090025,0.017533880638928998,0.0008062123557557788,"[1, 1, 1]",0.017545984010584898,-5.219649352961042e-05,5.219649352961042e-05,8.053944110009148e-05,-8.053944110009148e-05,4.196742053164115e-05,-4.196742053164115e-05,False,485,780,True,True
481,DSC08043.JPG,208.0,228.0,3.249922037124634,1.462551043580512,1.5045845210609619,1.0421493604370224,0.0213967693903537,0.9497196114798706,0.31236971336891756,1.17782015416676,0.9896825651536727,1.7669673257373555,1.17782015416676,0.9896825651536727,1.7669673257373555,False,False,False,False,0.0,-0.0,0.0,-0.0,0.0,-0.0,0.0,8.942304221562934e-05,0.014755434442902653,0.014740061592991042,0.000987803195037798,"[1, 1, 1]",0.014764281514110052,-4.287368836064509e-05,4.287368836064509e-05,6.836231490758848e-05,-6.836231490758848e-05,3.8286941597576174e-05,-3.8286941597576174e-05,False,486,828,True,True
482,DSC08043.JPG,209.0,228.0,3.2498440742492676,1.4570486345108606,1.5025926364494808,1.0455833067058953,-0.04130118783007635,0.8215741495456389,0.56860366573052,1.1768443983051406,0.9829706403279042,1.7671518859835909,1.1768443983051406,0.9829706403279042,1.7671518859835909,False,False,False,False,0.0,-0.0,0.0,-0.0,0.0,-0.0,0.0,8.776611870906844e-05,0.012098470594154828,0.012078594846150923,0.0008973778382472485,"[1, 1, 1]",0.012105179257404132,-3.476460596862907e-05,3.476460596862907e-05,5.593714959117868e-05,-5.593714959117868e-05,3.191798412194302e-05,-3.191798412194302e-05,False,487,912,True,True
483,DSC08043.JPG,210.0,228.0,3.2497661113739014,1.451546490599152,1.500600844255918,1.0490170901011924,0.15046881236525445,0.810193787126643,0.5665202236520581,1.175868692315248,0.9762590360891049,1.7673364355333885,1.175868692315248,0.9762590360891049,1.7673364355333885,False,False,False,False,0.0,-0.0,0.0,-0.0,0.0,-0.0,0.0,8.6290000117474e-05,0.00947980897805147,0.00945424019075144,0.0008170457669497833,"[1, 1, 1]",0.009484645495800411,-2.6771736800768053e-05,2.6771736800768053e-05,4.371840428674112e-05,-4.371840428674112e-05,2.568908766065192e-05,-2.568908766065192e-05,False,488,992,True,True
484,DSC08043.JPG,211.0,228.0,3.249687910079956,1.4460446867010828,1.4986089440268213,1.0524508300405135,0.3963808366987432,0.8996062350115918,0.18327807895728565,1.174893231176075,0.9695476616453528,1.7675208569748917,1.174893231176075,0.9695476616453528,1.7675208569748917,False,False,False,False,0.0,-0.0,0.0,-0.0,0.0,-0.0,0.0,8.500419121887223e-05,0.006901044570506675,0.0068669892804209196,0.0007467850275447093,"[1, 1, 1]",0.006904261134743063,-1.8894861867124746e-05,1.8894861867124746e-05,3.170628152449062e-05,-3.170628152449062e-05,1.960101904563416e-05,-1.960101904563416e-05,False,489,1094,True,True
485,DSC08043.JPG,212.0,228.0,3.253815174102783,1.4392156175787203,1.5001504423488186,1.0537823924147445,-0.1428107627695467,0.9897500104131987,-5.4076368765788036e-05,1.1704772405096535,0.9644294409662683,1.7697765839143638,1.1704772405096535,0.9644294409662683,1.7697765839143638,False,False,False,False,0.0,-0.0,0.0,-0.0,0.0,-0.0,0.0,8.182800359941356e-05,0.0047872027851262825,0.004780661830743777,0.0002624697932215446,"[1, 1, 1]",0.004787532201835012,-1.3959354751902353e-05,1.3959354751902353e-05,2.1551208079673145e-05,-2.1551208079673145e-05,1.1245014119865004e-05,-1.1245014119865004e-05,False,490,1262,True,True
486,DSC08043.JPG,213.0,228.0,3.255800247192383,1.433052375498624,1.4998885132755968,1.0561910689760008,0.34915237928232223,0.9370151600106849,0.009757353721387831,1.167811866275886,0.958487292145148,1.7709776376748778,1.167811866275886,0.958487292145148,1.7709776376748778,False,False,False,False,0.0,-0.0,0.0,-0.0,0.0,-0.0,0.0,7.984911216150303e-05,0.002571411592072568,0.002571304578247883,2.3737364141224494e-05,"[1, 1, 1]",0.0025714128677071938,-7.885379413430371e-06,7.885379413430371e-06,1.1432839541969386e-05,-1.1432839541969386e-05,5.071884312979336e-06,-5.071884312979336e-06,False,491,1402,True,True
487,DSC08043.JPG,214.0,228.0,3.2611117362976074,1.4258210252399333,1.5024150429013945,1.0569482021396162,0.8725826660531338,0.35778356134585515,0.33255137066967844,1.162421683513744,0.9537831919564047,1.773817778577424,1.162421683513744,0.9537831919564047,1.773817778577424,False,False,False,False,0.0,-0.0,0.0,-0.0,0.0,-0.0,0.0,7.63535448131244e-05,0.0009930349147749744,0.0008626093067124268,0.0004929535547008231,"[1, 1, 1]",0.0009932818892311665,-4.299574500876702e-06,4.299574500876702e-06,3.6983693811887264e-06,-3.6983693811887264e-06,-1.6150619597254945e-06,1.6150619597254945e-06,False,492,1511,True,True
488,DSC08043.JPG,215.0,228.0,3.2309021949768066,1.4299656806971415,1.475154732078022,1.0753595670107883,-0.31913542938979883,0.9254575895950856,0.20415882927035772,1.1861226879536684,0.9358226534786556,1.759156178473982,1.1861226879536684,0.9358226534786556,1.759156178473982,False,False,False,False,0.0,-0.0,0.0,-0.0,0.0,-0.0,0.0,9.209706064007603e-05,0.0067865501589611426,0.006300347698057869,0.00265800208876801,"[1, 1, 1]",0.006812364521680565,2.798200481679558e-05,-2.798200481679558e-05,-3.1354770084091044e-05,3.1354770084091044e-05,-2.0771652735618318e-06,2.0771652735618318e-06,False,493,1497,True,True
489,DSC08043.JPG,216.0,228.0,3.2319929599761963,1.424119663712681,1.4741536033503213,1.0781937948312335,-0.09946723913438237,0.9893455108444408,0.1063095880480035,1.1841955339310914,0.9295840032936747,1.7599153503207463,1.1841955339310914,0.9295840032936747,1.7599153503207463,False,False,False,False,0.0,-0.0,0.0,-0.0,0.0,-0.0,0.0,9.135921789192547e-05,0.009015505974337397,0.008726675422409218,0.0025177288310405293,"[1, 1, 1]",0.00904912074677218,3.481207873923253e-05,-3.481207873923253e-05,-4.32086892285799e-05,4.32086892285799e-05,-9.841987936631824e-06,9.841987936631824e-06,False,494,1291,True,True
490,DSC08043.JPG,217.0,228.0,3.2330844402313232,1.4182697050846493,1.473151780436384,1.081029947617442,-0.04506877877147903,-0.9945850843967836,-0.09364462117756811,1.182267095852284,0.923341131384564,1.7606750243494786,1.182267095852284,0.923341131384564,1.7606750243494786,False,False,False,False,0.0,-0.0,0.0,-0.0,0.0,-0.0,0.0,9.080468642911675e-05,0.011262194786584715,0.011084519198058234,0.0023919396284251444,"[1, 1, 1]",0.01130099493880313,4.144842368014601e-05,-4.144842368014601e-05,-5.459245393768519e-05,5.459245393768519e-05,-1.7155328436047057e-05,1.7155328436047057e-05,False,495,1147,True,True
491,DSC08043.JPG,218.0,228.0,3.261129140853882,1.4036327525816008,1.494698099387696,1.0705653004592375,0.2611710630617169,-0.4098645014048367,0.8739569590702836,1.1582352388190404,0.9269698830310298,1.774721201341667,1.1582352388190404,0.9269698830310298,1.774721201341667,False,False,False,False,0.0,-0.0,0.0,-0.0,0.0,-0.0,0.0,7.528611028100904e-05,0.00799161828074196,0.007971471392398611,0.0006936636349339688,"[1, 1, 1]",0.007996608239967787,2.255413879170831e-05,-2.255413879170831e-05,-3.372807632406882e-05,3.372807632406882e-05,-1.628277783405352e-05,1.628277783405352e-05,False,496,1159,True,True
492,DSC08043.JPG,219.0,228.0,3.261101722717285,1.398096054141499,1.492742290830399,1.0739852446805056,0.10381724856155923,-0.47354380075145974,0.8746303491595574,1.1572146829272145,0.9202549355926721,1.7749313959604347,1.1572146829272145,0.9202549355926721,1.7749313959604347,False,False,False,False,0.0,-0.0,0.0,-0.0,0.0,-0.0,0.0,7.564314390449807e-05,0.010102694658416756,0.010088035475142802,0.0007662298600646205,"[1, 1, 1]",0.010109896322673867,2.8988559372722378e-05,-2.8988559372722378e-05,-4.2543735318201215e-05,4.2543735318201215e-05,-1.953482901573267e-05,1.953482901573267e-05,False,497,1098,True,True
493,DSC08043.JPG,220.0,228.0,3.2610745429992676,1.392559370448004,1.4907867139564612,1.0774050144458567,-0.6539922967034146,0.7100997163727624,-0.26086868087203446,1.156193948909076,0.9135401872791425,1.7751417043765123,1.156193948909076,0.9135401872791425,1.7751417043765123,False,False,False,False,0.0,-0.0,0.0,-0.0,0.0,-0.0,0.0,7.623982805716041e-05,0.012176235171212017,0.012166255069809876,0.0008500250345149728,"[1, 1, 1]",0.012186078255025387,3.530289669040343e-05,-3.530289669040343e-05,-5.113592685024315e-05,5.113592685024315e-05,-2.2624458521303126e-05,2.2624458521303126e-05,False,498,1038,True,True
494,DSC08043.JPG,221.0,228.0,3.26104736328125,1.3870227791948913,1.4888311693016154,1.0808247274295932,-0.48649820072111954,0.8732709345120367,-0.0267838688689201,1.1551732322774089,0.906825550729878,1.775352009063557,1.1551732322774089,0.906825550729878,1.775352009063557,False,False,False,False,0.0,-0.0,0.0,-0.0,0.0,-0.0,0.0,7.707071154440568e-05,0.014211696987997395,0.014206191186620741,0.000945108144966893,"[1, 1, 1]",0.014224651655721354,4.1497408338031505e-05,-4.1497408338031505e-05,-5.950464778226028e-05,5.950464778226028e-05,-2.5551174040572278e-05,2.5551174040572278e-05,False,499,996,True,True
495,DSC08043.JPG,222.0,228.0,3.2610199451446533,1.3814863596977025,1.4868754579668375,1.0842445003098526,0.38680318515403955,-0.9216778918222355,0.029885777232811092,1.1541527288500304,0.9001109405450904,1.7755621924298024,1.1541527288500304,0.9001109405450904,1.7755621924298024,False,False,False,False,0.0,-0.0,0.0,-0.0,0.0,-0.0,0.0,7.812844294919494e-05,0.016208846610353524,0.016207920157001968,0.001051375707960407,"[1, 1, 1]",0.016225424144448813,4.7572390044825497e-05,-4.7572390044825497e-05,-6.765001789532654e-05,6.765001789532654e-05,-2.8314624809677724e-05,2.8314624809677724e-05,False,500,966,True,True
496,DSC08043.JPG,223.0,228.0,3.2609927654266357,1.3759499537307982,1.4849199778914839,1.0876640994813207,-0.3673324522941374,0.9293269149997335,-0.03766104816190801,1.1531320470675681,0.8933965280145488,1.7757724896424243,1.1531320470675681,0.8933965280145488,1.7757724896424243,False,False,False,False,0.0,-0.0,0.0,-0.0,0.0,-0.0,0.0,7.940368764879771e-05,0.018167416573884602,0.018171361229848616,0.0011687185168045636,"[1, 1, 1]",0.018188173292709116,5.352745213604848e-05,-5.352745213604848e-05,-7.557113496114987e-05,7.557113496114987e-05,-3.0913970451074135e-05,3.0913970451074135e-05,False,501,926,True,True
497,DSC08043.JPG,224.0,228.0,3.260965347290039,1.3704137203306972,1.4829643314188226,1.0910837580512267,-0.3453866512244616,0.9381377485645862,0.024609467164515796,1.1521115786419056,0.8866821428288723,1.7759826655015363,1.1521115786419056,0.8866821428288723,1.7759826655015363,False,False,False,False,0.0,-0.0,0.0,-0.0,0.0,-0.0,0.0,8.088640362013933e-05,0.0200874166072543,0.02009665295679809,0.0012968920047484718,"[1, 1, 1]",0.020112952240468347,5.9363133116274724e-05,-5.9363133116274724e-05,-8.326851153306336e-05,8.326851153306336e-05,-3.3349087163792035e-05,3.3349087163792035e-05,False,502,892,True,True
498,DSC08043.JPG,225.0,228.0,3.2609381675720215,1.364877499650001,1.4810089159229616,1.0945032434104252,-0.20460699742261992,0.9785902355357833,0.022296356646776035,1.151090931708647,0.879967954317054,1.776192955239735,1.151090931708647,0.879967954317054,1.776192955239735,False,False,False,False,0.0,-0.0,0.0,-0.0,0.0,-0.0,0.0,8.256514855767035e-05,0.021968658863945244,0.021983707453328113,0.001435752330444428,"[1, 1, 1]",0.02199962216957037,6.507900741636874e-05,-6.507900741636874e-05,-9.074113849893983e-05,9.074113849893983e-05,-3.561901702342496e-05,3.561901702342496e-05,False,503,864,True,True
499,DSC08043.JPG,226.0,228.0,3.260910749435425,1.3593414523469882,1.4790533343124177,1.0979227876699778,-0.23594561224520263,0.9683158025325905,0.08181793585700955,1.150070498284701,0.8732537941304894,1.7764031235917148,1.150070498284701,0.8732537941304894,1.7764031235917148,False,False,False,False,0.0,-0.0,0.0,-0.0,0.0,-0.0,0.0,8.442847093496005e-05,0.023811218609575902,0.0238326816522942,0.0015850537108383165,"[1, 1, 1]",0.023848304360594985,7.06756525223895e-05,-7.06756525223895e-05,-9.798965736806942e-05,9.798965736806942e-05,-3.7723786796117764e-05,3.7723786796117764e-05,False,504,834,True,True
500,DSC08043.JPG,227.0,228.0,3.2608835697174072,1.353805416952499,1.4770979833960507,1.101342159216907,-0.21178056581615995,0.9703841837133469,0.1162046812377569,1.1490498862006449,0.866539829637394,1.7766134058554919,1.1490498862006449,0.866539829637394,1.7766134058554919,False,False,False,False,0.0,-0.0,0.0,-0.0,0.0,-0.0,0.0,8.646417902212196e-05,0.025614925101948974,0.025643480642841786,0.001744687438456496,"[1, 1, 1]",0.02565888171586527,7.615260687510172e-05,-7.615260687510172e-05,-0.00010501295189602189,0.00010501295189602189,-3.966232075791609e-05,3.966232075791609e-05,False,505,808,True,True
501,DSC08043.JPG,228.0,228.0,3.2608561515808105,1.3482695557465751,1.4751424666476227,1.1047615891661065,-0.18983895550411226,0.9705900273820811,0.1480411082083584,1.148029487778416,0.8598258944499406,1.7768235667003376,1.148029487778416,0.8598258944499406,1.7768235667003376,False,False,False,False,0.0,-0.0,0.0,-0.0,0.0,-0.0,0.0,8.866063434802556e-05,0.027379887027756435,0.027416279767524993,0.0019144362008058425,"[1, 1, 1]",0.02743151176404053,8.151048698201713e-05,-8.151048698201713e-05,-0.00011181179286334775,0.00011181179286334775,-4.1434796716810496e-05,4.1434796716810496e-05,False,506,789,True,True
502,DSC08043.JPG,229.0,228.0,3.260828971862793,1.3427337056382938,1.4731871803107492,1.1081808469007663,-0.16926698570121496,0.9692739091637543,0.1784846675937147,1.1470089105435637,0.8531121539755689,1.7770338414896925,1.1470089105435637,0.8531121539755689,1.7770338414896925,False,False,False,False,0.0,-0.0,0.0,-0.0,0.0,-0.0,0.0,9.100594677983693e-05,0.029105933574713902,0.0291509777108686,0.002094242537636,"[1, 1, 1]",0.029166082385874044,8.674879518943968e-05,-8.674879518943968e-05,-0.00011838495664684423,0.00011838495664684423,-4.304002091659598e-05,4.304002091659598e-05,False,507,770,True,True
503,DSC08043.JPG,230.0,228.0,3.2608015537261963,1.3371980305294573,1.4712317284244385,1.1116001625396117,-0.1496237620084303,0.9666143827785063,0.20801289586987612,1.14598854712305,0.846398443787227,1.7772439948274052,1.14598854712305,0.846398443787227,1.7772439948274052,False,False,False,False,0.0,-0.0,0.0,-0.0,0.0,-0.0,0.0,9.348914199386557e-05,0.030793196323364178,0.030847768399182462,0.0022839201453708127,"[1, 1, 1]",0.030862777315313682,9.18681870745175e-05,-9.18681870745175e-05,-0.00012473334360918464,0.00012473334360918464,-4.447832265741525e-05,4.447832265741525e-05,False,508,758,True,True
504,DSC08043.JPG,231.0,228.0,3.2607743740081787,1.331662365707384,1.4692765066670574,1.115019306462003,-0.1307016629915446,0.9627337554222107,0.23677160189070756,1.144968004737402,0.8396849273315782,1.7774542621423375,1.144968004737402,0.8396849273315782,1.7774542621423375,False,False,False,False,0.0,-0.0,0.0,-0.0,0.0,-0.0,0.0,9.609928869074067e-05,0.032441498581162284,0.03250654482027444,0.0024834542229672757,"[1, 1, 1]",0.032521483911032864,9.686812878229034e-05,-9.686812878229034e-05,-0.00013085562249615101,0.00013085562249615101,-4.574838991189267e-05,4.574838991189267e-05,False,509,741,True,True
505,DSC08043.JPG,232.0,228.0,3.260747194290161,1.326126793325694,1.467321317128768,1.1184383936027802,-0.1661856760159028,0.9291401647114407,0.33027393994551596,1.143947479738226,0.8329715226401941,1.7776645257282366,1.143947479738226,0.8329715226401941,1.7776645257282366,False,False,False,False,0.0,-0.0,0.0,-0.0,0.0,-0.0,0.0,9.882643223698591e-05,0.03405090312311937,0.03412743465166045,0.002692726961472865,"[1, 1, 1]",0.034142324009872965,0.00010174898918147157,-0.00010174898918147157,-0.00013675217506681214,0.00013675217506681214,-4.6850190008829173e-05,4.6850190008829173e-05,False,510,730,True,True
506,DSC08043.JPG,233.0,228.0,3.2607197761535645,1.3205913971597703,1.4653659624649757,1.1218575379006168,-0.1506010655569115,0.9678305327472306,0.2015524223008365,1.1429271687821598,0.8262581497054222,1.7778746678134267,1.1429271687821598,0.8262581497054222,1.7778746678134267,False,False,False,False,0.0,-0.0,0.0,-0.0,0.0,-0.0,0.0,0.00010166126259276425,0.03562148822129897,0.035710580992540424,0.0029116225023984037,"[1, 1, 1]",0.035725436064990714,0.00010651117558002632,-0.00010651117558002632,-0.0001424235076432634,0.0001424235076432634,-4.778383411885301e-05,4.778383411885301e-05,False,511,722,True,True
507,DSC08043.JPG,234.0,228.0,3.2517528533935547,1.3182124542038476,1.4560165032775318,1.1295394176074882,0.5806591432318118,0.7753401055202127,0.24835998098164677,1.1492833751504352,0.8165633824338974,1.7736683439230299,1.1492833751504352,0.8165633824338974,1.7736683439230299,False,False,False,False,0.0,-0.0,0.0,-0.0,0.0,-0.0,0.0,0.00010886227138918927,0.04077169982271343,0.040784756173403436,0.0011869965600154937,"[1, 1, 1]",0.040786865558894984,0.00012442831740422378,-0.00012442831740422378,-0.00017495233548925349,0.00017495233548925349,-7.063344522517667e-05,7.063344522517667e-05,False,512,504,True,True
508,DSC08043.JPG,235.0,228.0,3.2528576850891113,1.3122907463593707,1.4550023593954229,1.1324103801568357,0.6863966837536316,0.7190628589880905,0.10866552975019628,1.147331311862386,0.8102439152930703,1.774437318268618,1.147331311862386,0.8102439152930703,1.774437318268618,False,False,False,False,0.0,-0.0,0.0,-0.0,0.0,-0.0,0.0,0.00011126650639616152,0.04190871481360292,0.041932689367732846,0.0016032668839220108,"[1, 1, 1]",0.04193603032679672,0.00012754195324715667,-0.00012754195324715667,-0.00017765867555019632,0.00017765867555019632,-6.951327768156546e-05,6.951327768156546e-05,False,513,512,True,True
509,DSC08043.JPG,201.0,229.0,3.236423969268799,1.5069900359286477,1.5106432212654182,1.0303994079160737,0.05675933875050811,0.8851489413657795,0.46183300993285986,1.1992207754838184,1.0307498403020947,1.7647121999188362,1.1992207754838184,1.0307498403020947,1.7647121999188362,False,False,False,False,0.0,-0.0,0.0,-0.0,0.0,-0.0,0.0,0.00011153207373512439,0.03528781407904817,0.035293285219987224,0.0022263263926342986,"[1, 1, 1]",0.03532564460570015,-0.00010449110917742921,0.00010449110917742921,0.00016582694228062245,-0.00016582694228062245,9.194650340571542e-05,-9.194650340571542e-05,False,514,370,True,True
510,DSC08043.JPG,202.0,229.0,3.242751359939575,1.4996000227480508,1.514086391757781,1.0305613275741765,0.06714157848542951,0.8898003200635791,0.45138387083859927,1.1930354120486006,1.0266217236877335,1.7680579237892502,1.1930354120486006,1.0266217236877335,1.7680579237892502,False,False,False,False,0.0,-0.0,0.0,-0.0,0.0,-0.0,0.0,0.00010682094777013501,0.03211983264364689,0.03212086190499615,0.001011720329852077,"[1, 1, 1]",0.032128313021362445,-9.741413465325088e-05,9.741413465325088e-05,0.0001466493350228415,-0.0001466493350228415,7.199182304962193e-05,-7.199182304962193e-05,False,515,498,True,True
511,DSC08043.JPG,203.0,229.0,3.2437663078308105,1.4937812890110482,1.5130237963562205,1.033433332049976,0.03934987879994007,-0.8952265281958199,-0.44387053321085523,1.19117179403242,1.0203576563051047,1.768781504271445,1.19117179403242,1.0203576563051047,1.768781504271445,False,False,False,False,0.0,-0.0,0.0,-0.0,0.0,-0.0,0.0,0.00010404517950477644,0.02908683202081278,0.029086741840597778,0.0007331634229818578,"[1, 1, 1]",0.029091406611449492,-8.854802762847669e-05,8.854802762847669e-05,0.0001319369006007598,-0.0001319369006007598,6.308214250339006e-05,-6.308214250339006e-05,False,516,557,True,True
512,DSC08043.JPG,204.0,229.0,3.2447822093963623,1.487958815799018,1.511960804776281,1.0363069737333443,-0.056098034272437085,0.9205152094681759,0.3866584535329972,1.189306749909888,1.0140897922176833,1.7695056949444368,1.189306749909888,1.0140897922176833,1.7695056949444368,False,False,False,False,0.0,-0.0,0.0,-0.0,0.0,-0.0,0.0,0.00010136145775020696,0.02611795003755144,0.026117545644969934,0.00047893125007650024,"[1, 1, 1]",0.026119943329785716,-7.987168867851224e-05,7.987168867851224e-05,0.00011767187730193918,-0.00011767187730193918,5.4591837458151105e-05,-5.4591837458151105e-05,False,517,652,True,True
513,DSC08043.JPG,205.0,229.0,3.2343785762786865,1.4855955800887106,1.5012407527393183,1.044956017637371,0.2183856156115731,-0.6657897959963137,-0.7134645544392105,1.1967470102168454,1.0033292346675482,1.7645900783069863,1.1967470102168454,1.0033292346675482,1.7645900783069863,False,False,False,False,0.0,-0.0,0.0,-0.0,0.0,-0.0,0.0,0.00010341918583693847,0.022787388435128116,0.02276303624116898,0.0018680155707538977,"[1, 1, 1]",0.022813486933671023,-6.552186751074274e-05,6.552186751074274e-05,0.00010724287861640924,-0.00010724287861640924,6.329177645358897e-05,-6.329177645358897e-05,False,518,555,True,True
514,DSC08043.JPG,206.0,229.0,3.2302920818328857,1.4813414686867659,1.4958707836467209,1.0503962221034568,-0.07138808327108902,0.6818945029357653,0.7279585348307044,1.1990439717130914,0.9950814580846186,1.7627934131096645,1.1990439717130914,0.9950814580846186,1.7627934131096645,False,False,False,False,0.0,-0.0,0.0,-0.0,0.0,-0.0,0.0,0.00010333097041285874,0.01951975299197059,0.01945605893898764,0.002286304122105972,"[1, 1, 1]",0.01955487373614255,-5.373867507851848e-05,5.373867507851848e-05,9.303219789380535e-05,-9.303219789380535e-05,6.067929839526087e-05,-6.067929839526087e-05,False,519,588,True,True
515,DSC08043.JPG,207.0,229.0,3.2308366298675537,1.475681255650115,1.4944159748498445,1.053496286275828,-0.17697752757227528,-0.8477384844092697,-0.5000184164467135,1.1975666771914222,0.9886517010862593,1.7632840290152962,1.1975666771914222,0.9886517010862593,1.7632840290152962,False,False,False,False,0.0,-0.0,0.0,-0.0,0.0,-0.0,0.0,0.00010139896377114076,0.016518490587411852,0.016443719869375907,0.0020576506374841916,"[1, 1, 1]",0.01654524674799404,-4.4849624257548015e-05,4.4849624257548015e-05,7.836332067134855e-05,-7.836332067134855e-05,5.188646956089116e-05,-5.188646956089116e-05,False,520,685,True,True
516,DSC08043.JPG,208.0,229.0,3.2313809394836426,1.4700192640731518,1.4929603193683318,1.0565976078609929,0.18256704460700282,0.8557557965305806,0.48409843103213623,1.1960892288499645,0.9822196126397986,1.7637746018318092,1.1960892288499645,0.9822196126397986,1.7637746018318092,False,False,False,False,0.0,-0.0,0.0,-0.0,0.0,-0.0,0.0,9.960409436184976e-05,0.013571914049625752,0.01348491804205136,0.0018491672887208223,"[1, 1, 1]",0.013591528327152375,-3.612049699985853e-05,3.612049699985853e-05,6.404060596243433e-05,-6.404060596243433e-05,4.339368671502086e-05,-4.339368671502086e-05,False,521,766,True,True
517,DSC08043.JPG,209.0,229.0,3.2319257259368896,1.4643552734232257,1.4915044207191657,1.0596998274943927,-0.13590522764956914,-0.8353734544384047,-0.5326170863924338,1.1946110431295194,0.9757854694690107,1.764265484961097,1.1946110431295194,0.9757854694690107,1.764265484961097,False,False,False,False,0.0,-0.0,0.0,-0.0,0.0,-0.0,0.0,9.795374094364744e-05,0.010681969226776056,0.010579726822819048,0.0016601333822888107,"[1, 1, 1]",0.010695586251528558,-2.7551797758817997e-05,2.7551797758817997e-05,5.006487668990367e-05,-5.006487668990367e-05,3.520144834912031e-05,-3.520144834912031e-05,False,522,869,True,True
518,DSC08043.JPG,210.0,229.0,3.232470750808716,1.4586893555894578,1.4900480771647717,1.0628030659603818,-0.2932371345819929,-0.8820917123467172,-0.3686816972828709,1.193132314244793,0.96934917737186,1.7647565606679505,1.193132314244793,0.96934917737186,1.7647565606679505,False,False,False,False,0.0,-0.0,0.0,-0.0,0.0,-0.0,0.0,9.64556184854775e-05,0.007853045369342641,0.0077281370221172685,0.0014896828424559542,"[1, 1, 1]",0.007861729378911473,-1.9143385680653324e-05,1.9143385680653324e-05,3.643687063736856e-05,-3.643687063736856e-05,2.7311307009725283e-05,-2.7311307009725283e-05,False,523,975,True,True
519,DSC08043.JPG,211.0,229.0,3.233015775680542,1.4530215840827334,1.488591087532821,1.0659074430471474,-0.3684743170008227,-0.8718858009895122,-0.32255515457616546,1.1916532367155201,0.9629106441070893,1.7652477111517373,1.1916532367155201,0.9629106441070893,1.7652477111517373,False,False,False,False,0.0,-0.0,0.0,-0.0,0.0,-0.0,0.0,9.511722588505219e-05,0.005098648151271648,0.004930123961268127,0.00133661366068381,"[1, 1, 1]",0.005103374964324904,-1.089508946794382e-05,1.089508946794382e-05,2.3157213341340466e-05,-2.3157213341340466e-05,1.9724677676968838e-05,-1.9724677676968838e-05,False,524,1093,True,True
520,DSC08043.JPG,212.0,229.0,3.2335610389709473,1.4473518837704067,1.4871336524303962,1.0690128399626713,0.0977116207682153,0.6541187282537364,0.7500540837263424,1.19017361571694,0.9564699599551799,1.765739054278512,1.19017361571694,0.9564699599551799,1.765739054278512,False,False,False,False,0.0,-0.0,0.0,-0.0,0.0,-0.0,0.0,9.394545716169364e-05,0.0024898533966665986,0.002185713561240928,0.0011992721092094747,"[1, 1, 1]",0.0024914823658637596,-2.807107590152569e-06,2.807107590152569e-06,1.0226722155559642e-05,-1.0226722155559642e-05,1.24426179919368e-05,-1.24426179919368e-05,False,525,1232,True,True
521,DSC08043.JPG,213.0,229.0,3.2341065406799316,1.4416802534361572,1.48567577143356,1.07211925745408,-0.33587701516832247,0.7503596268903335,0.5693391441088678,1.1886934510202845,0.9500271234455493,1.7662305900973396,1.1886934510202845,0.9500271234455493,1.7662305900973396,False,False,False,False,0.0,-0.0,0.0,-0.0,0.0,-0.0,0.0,9.294680375419681e-05,0.0011880069314621385,0.0005050949713537322,0.0010756243487435194,"[1, 1, 1]",0.001188160314907727,5.1205378381879996e-06,-5.1205378381879996e-06,-2.3538645428367033e-06,2.3538645428367033e-06,5.466377178464654e-06,-5.466377178464654e-06,False,526,1393,True,True
522,DSC08043.JPG,214.0,229.0,3.2783284187316895,1.4220945215584673,1.5209150816396106,1.0535563123062377,0.367818480159613,0.9280107479368579,0.05920825421126646,1.1514946609915149,0.9599411064984911,1.788320311009255,1.1514946609915149,0.9599411064984911,1.788320311009255,False,False,False,False,0.0,-0.0,0.0,-0.0,0.0,-0.0,0.0,7.048209466000552e-05,0.0039106191100199295,0.0027310353337665783,0.0028805476379783566,"[1, 1, 1]",0.003940117370511133,-1.772412510780974e-05,1.772412510780974e-05,9.099492260356001e-06,-9.099492260356001e-06,-1.7276849735292643e-05,1.7276849735292643e-05,False,527,1143,True,True
523,DSC08043.JPG,215.0,229.0,3.264171838760376,1.421052966168766,1.5070857265442734,1.0639898697847279,-0.6898984159346663,-0.4213352343443237,-0.5886567726535151,1.162027804644454,0.9479275216554313,1.7815437568963708,1.162027804644454,0.9479275216554313,1.7815437568963708,False,False,False,False,0.0,-0.0,0.0,-0.0,0.0,-0.0,0.0,7.638247208305287e-05,0.0021969525369742913,0.0011300970603632208,0.0018905831840193704,"[1, 1, 1]",0.0021997755931477845,-2.7631433636710057e-06,2.7631433636710057e-06,-4.337518797692397e-06,4.337518797692397e-06,-1.2638245914686763e-05,1.2638245914686763e-05,False,528,1225,True,True
524,DSC08043.JPG,216.0,229.0,3.2647407054901123,1.4153189760777716,1.5056283365193825,1.0671184274808825,-0.526370376853276,0.8453732640679427,0.09098500299748734,1.1605182031610262,0.941427039268125,1.7820490621506424,1.1605182031610262,0.941427039268125,1.7820490621506424,False,False,False,False,0.0,-0.0,0.0,-0.0,0.0,-0.0,0.0,7.568742794992404e-05,0.003822517577938471,0.0033035701943401243,0.0019841633412721695,"[1, 1, 1]",0.0038381063579329073,3.7049326875315813e-06,-3.7049326875315813e-06,-1.2555576536010804e-05,1.2555576536010804e-05,-1.479474438070838e-05,1.479474438070838e-05,False,529,1186,True,True
525,DSC08043.JPG,217.0,229.0,3.238312005996704,1.4183203235395598,1.4815343367412204,1.083558703838539,0.05142384207858362,0.9984510961123646,0.021236693195845847,1.18111258906604,0.9249787551817906,1.7691985050256307,1.18111258906604,0.9249787551817906,1.7691985050256307,False,False,False,False,0.0,-0.0,0.0,-0.0,0.0,-0.0,0.0,8.966300122246413e-05,0.010319169157655905,0.010312721850077082,0.00042979681064521293,"[1, 1, 1]",0.010320421712117264,3.321852205950826e-05,-3.321852205950826e-05,-4.676478975595977e-05,4.676478975595977e-05,-1.8952750316270084e-05,1.8952750316270084e-05,False,530,1104,True,True
526,DSC08043.JPG,218.0,229.0,3.238647222518921,1.4127043883425032,1.4798958355944642,1.0867763896640665,0.2082357212523956,0.9775161016115251,0.033168591840794445,1.1798022714194796,0.9184435094751353,1.7695865094534657,1.1798022714194796,0.9184435094751353,1.7695865094534657,False,False,False,False,0.0,-0.0,0.0,-0.0,0.0,-0.0,0.0,8.970838220663987e-05,0.012759478099014055,0.012756606641895383,0.0003526808621794942,"[1, 1, 1]",0.012760479578896006,4.04929404727028e-05,-4.04929404727028e-05,-5.762830760613902e-05,5.762830760613902e-05,-2.4179342082319977e-05,2.4179342082319977e-05,False,531,1019,True,True
527,DSC08043.JPG,219.0,229.0,3.238982677459717,1.4070872350766543,1.4782571366968211,1.0899946587474374,0.09295540679255856,0.9894140775233837,0.1114409060739441,1.1784915439811914,0.9119069721916742,1.7699746778532548,1.1784915439811914,0.9119069721916742,1.7699746778532548,False,False,False,False,0.0,-0.0,0.0,-0.0,0.0,-0.0,0.0,8.995119499807393e-05,0.015153585896543668,0.015152486660291639,0.0002720203764708302,"[1, 1, 1]",0.015154257059621562,4.762114023870723e-05,-4.762114023870723e-05,-6.818580159073662e-05,6.818580159073662e-05,-2.914957053334888e-05,2.914957053334888e-05,False,532,954,True,True
528,DSC08043.JPG,220.0,229.0,3.2393181324005127,1.4014689409018595,1.4766180401477687,1.0932136286354595,0.07381795803634558,0.9635778968271768,0.25703802406931725,1.1771806019572175,0.9053690555018954,1.7703628922771668,1.1771806019572175,0.9053690555018954,1.7703628922771668,False,False,False,False,0.0,-0.0,0.0,-0.0,0.0,-0.0,0.0,9.03901028092101e-05,0.017500744985020782,0.017500438303529542,0.00018579142495140372,"[1, 1, 1]",0.017501084731689733,5.4603387161122896e-05,-5.4603387161122896e-05,-7.843708061439081e-05,7.843708061439081e-05,-3.3862599487566314e-05,3.3862599487566314e-05,False,533,886,True,True
529,DSC08043.JPG,221.0,229.0,3.2493350505828857,1.3926504211007111,1.4830729534165341,1.0917005275588283,0.38967718459005574,0.86248850488149,-0.322901332851476,1.1679303274467598,0.9023166310993862,1.7755433168164085,1.1679303274467598,0.9023166310993862,1.7755433168164085,False,False,False,False,0.0,-0.0,0.0,-0.0,0.0,-0.0,0.0,8.560240576262315e-05,0.017410408073363588,0.01740406464750209,0.00109422842768136,"[1, 1, 1]",0.017424424134870022,5.098022458871476e-05,-5.098022458871476e-05,-7.31874148973688e-05,7.31874148973688e-05,-3.1537594340935726e-05,3.1537594340935726e-05,False,534,917,True,True
530,DSC08043.JPG,222.0,229.0,3.2493081092834473,1.3871337457065356,1.4811245484938855,1.0951077903374462,0.11862806886021969,0.9409665895848117,0.3170319519600884,1.1669131524370118,0.8956262749023871,1.7757528824306648,1.1669131524370118,0.8956262749023871,1.7757528824306648,False,False,False,False,0.0,-0.0,0.0,-0.0,0.0,-0.0,0.0,8.66311563334561e-05,0.019627425196876786,0.01962555920507259,0.0012070632365792059,"[1, 1, 1]",0.019645042576390246,5.771812093735562e-05,-5.771812093735562e-05,-8.227513150260712e-05,8.227513150260712e-05,-3.4695229603531885e-05,3.4695229603531885e-05,False,535,875,True,True
531,DSC08043.JPG,223.0,229.0,3.2492809295654297,1.381617241534351,1.4791759764550536,1.0985151128850892,-0.1930540878034825,0.9276325492704628,0.3197310943845588,1.1658961903248048,0.8889359446009182,1.7759623263026365,1.1658961903248048,0.8889359446009182,1.7759623263026365,False,False,False,False,0.0,-0.0,0.0,-0.0,0.0,-0.0,0.0,8.785587658224561e-05,0.021806156632233363,0.02180905192986694,0.0013305875333079105,"[1, 1, 1]",0.02182789128210396,6.433681165640692e-05,-6.433681165640692e-05,-9.114108255636744e-05,9.114108255636744e-05,-3.769174757106697e-05,3.769174757106697e-05,False,536,835,True,True
532,DSC08043.JPG,224.0,229.0,3.249253749847412,1.3761008298025499,1.4772274366353129,1.1019223786511185,0.11366024197956015,-0.9567379691048725,-0.26783167823510357,1.1648792455990706,0.8822457260637139,1.776171766445575,1.1648792455990706,0.8822457260637139,1.776171766445575,False,False,False,False,0.0,-0.0,0.0,-0.0,0.0,-0.0,0.0,8.926836414294507e-05,0.02394645650365933,0.023954505245069292,0.0014647018789933832,"[1, 1, 1]",0.023972864385929188,7.083612117364524e-05,-7.083612117364524e-05,-9.978466428983701e-05,9.978466428983701e-05,-4.052642434526632e-05,4.052642434526632e-05,False,537,798,True,True
533,DSC08043.JPG,225.0,229.0,3.2492268085479736,1.3705844301077645,1.4752791278046888,1.1053294720810645,-0.10676787431481904,0.9547403188866358,0.27761762283136876,1.1638621224437173,0.875555703198732,1.7763813209381523,1.1638621224437173,0.875555703198732,1.7763813209381523,False,False,False,False,0.0,-0.0,0.0,-0.0,0.0,-0.0,0.0,9.085972230078017e-05,0.026048191022510193,0.026061871309814365,0.0016092985528985498,"[1, 1, 1]",0.026079869967983883,7.72158377189136e-05,-7.72158377189136e-05,-0.00010820516090359611,0.00010820516090359611,-4.319840998867619e-05,4.319840998867619e-05,False,538,768,True,True
534,DSC08043.JPG,226.0,229.0,3.249199628829956,1.3650682028512906,1.4733306522818164,1.1087366245329093,0.1609555990765973,-0.9025196513494574,-0.3994390742703417,1.1628452124146746,0.8688657076998619,1.7765907536393784,1.1628452124146746,0.8688657076998619,1.7765907536393784,False,False,False,False,0.0,-0.0,0.0,-0.0,0.0,-0.0,0.0,9.262097580290661e-05,0.028111447792226792,0.02813130892836433,0.0017641713493891536,"[1, 1, 1]",0.028149034965199576,8.347659305507626e-05,-8.347659305507626e-05,-0.0001164032582046115,0.0001164032582046115,-4.570770602807528e-05,4.570770602807528e-05,False,539,743,True,True
535,DSC08043.JPG,227.0,229.0,3.2491724491119385,1.3595520680352005,1.4713822089780357,1.1121437202031406,-0.14869142744269512,0.9041970491293818,0.4003979966867616,1.1618283197721049,0.8621758239652572,1.7768001826115716,1.1618283197721049,0.8621758239652572,1.7768001826115716,False,False,False,False,0.0,-0.0,0.0,-0.0,0.0,-0.0,0.0,9.454249669294364e-05,0.03013612208791066,0.030162778400558525,0.0019292188283887867,"[1, 1, 1]",0.030180299381607774,8.961818618602457e-05,-8.961818618602457e-05,-0.0001243782806559235,0.0001243782806559235,-4.805351235015465e-05,4.805351235015465e-05,False,540,719,True,True
536,DSC08043.JPG,228.0,229.0,3.2491455078125,1.354035944039805,1.4694339962394365,1.115550644284415,-0.059574145588534286,0.9056719512112619,0.41977284091110767,1.1608112484711466,0.8554861344322917,1.7770097259824702,1.1608112484711466,0.8554861344322917,1.7770097259824702,False,False,False,False,0.0,-0.0,0.0,-0.0,0.0,-0.0,0.0,9.661458749435878e-05,0.03212210262777387,0.03215623007918716,0.002104356682880391,"[1, 1, 1]",0.032173598850281725,9.564037980092088e-05,-9.564037980092088e-05,-0.0001321294402885087,0.0001321294402885087,-5.023490232058947e-05,5.023490232058947e-05,False,541,699,True,True
537,DSC08043.JPG,229.0,229.0,3.2491183280944824,1.3485199936990424,1.467485617232525,1.1189576266404613,-0.05662537801020682,0.9049729322467089,0.4216841928102057,1.1597943905252677,0.8487964737360221,1.7772191475129517,1.1597943905252677,0.8487964737360221,1.7772191475129517,False,False,False,False,0.0,-0.0,0.0,-0.0,0.0,-0.0,0.0,9.882801385282616e-05,0.034069519216069724,0.034111848995127626,0.0022893986094858518,"[1, 1, 1]",0.03412910581734051,0.00010154386349614519,-0.00010154386349614519,-0.0001396576160304086,0.0001396576160304086,-5.2252103976968556e-05,5.2252103976968556e-05,False,542,679,True,True
538,DSC08043.JPG,230.0,229.0,3.249091386795044,1.3430040533680934,1.4655374685081721,1.1223644379056352,-0.017470568582502864,0.8798746882658005,0.47488452510327633,1.1587773537684867,0.8421070062610033,1.7774286834748498,1.1587773537684867,0.8421070062610033,1.7774286834748498,False,False,False,False,0.0,-0.0,0.0,-0.0,0.0,-0.0,0.0,0.00010117324911587043,0.03597818631516588,0.036029509421837094,0.0024843313824371143,"[1, 1, 1]",0.036046687367520584,0.00010732808031144181,-0.00010732808031144181,-0.00014696143752401802,0.00014696143752401802,-5.410377980474834e-05,5.410377980474834e-05,False,543,662,True,True
539,DSC08043.JPG,231.0,229.0,3.2490642070770264,1.3374882875026572,1.46358915379813,1.1257713069474964,-0.060768340465862006,0.913539485706492,0.4021850529944434,1.157760530519298,0.8354175686030682,1.7776380975636195,1.157760530519298,0.8354175686030682,1.7776380975636195,False,False,False,False,0.0,-0.0,0.0,-0.0,0.0,-0.0,0.0,0.00010364157528527114,0.03784825357240532,0.037909413881018726,0.0026889828360464243,"[1, 1, 1]",0.03792653814078332,0.00011299375844142645,-0.00011299375844142645,-0.0001540419128323034,0.0001540419128323034,-5.579030944291574e-05,5.579030944291574e-05,False,544,639,True,True
540,DSC08043.JPG,232.0,229.0,3.249037027359009,1.3319726140776054,1.4616408713071791,1.129178119207744,0.19258752817380154,-0.8047224204370843,-0.5615441835134485,1.1567437246565828,0.8287282427093979,1.777847507923356,1.1567437246565828,0.8287282427093979,1.777847507923356,False,False,False,False,0.0,-0.0,0.0,-0.0,0.0,-0.0,0.0,0.00010622428762112346,0.039679620677006484,0.03975152055947485,0.002903323661047745,"[1, 1, 1]",0.03976861181941762,0.00011854065419791837,-0.00011854065419791837,-0.00016089824626819293,0.00016089824626819293,-5.7310765416929144e-05,5.7310765416929144e-05,False,545,624,True,True
541,DSC08043.JPG,233.0,229.0,3.2376017570495605,1.3304594531517395,1.4502357670527153,1.1380187091558764,-0.1391877147725799,0.8114987288412149,0.5675355435084921,1.1651257307747307,0.8182117591070168,1.7724007074175587,1.1651257307747307,0.8182117591070168,1.7724007074175587,False,False,False,False,0.0,-0.0,0.0,-0.0,0.0,-0.0,0.0,0.00011460016614696075,0.04619736486714191,0.0462000827291044,0.0006058581367778149,"[1, 1, 1]",0.046200710107992926,0.00014168369452827179,-0.00014168369452827179,-0.0002024617213460811,0.0002024617213460811,-8.60432863909466e-05,8.60432863909466e-05,False,546,398,True,True
542,DSC08043.JPG,234.0,229.0,3.238697052001953,1.32456764614654,1.4492241322505894,1.1408800134059043,-0.05357585496804042,0.8426962244098737,0.5357169972380823,1.1631874751761038,0.8119203802001693,1.7731659351323472,1.1631874751761038,0.8119203802001693,1.7731659351323472,False,False,False,False,0.0,-0.0,0.0,-0.0,0.0,-0.0,0.0,0.00011673459912229518,0.047619522497354565,0.0476270247665529,0.000999146096150856,"[1, 1, 1]",0.04762851406854518,0.00014560039688760185,-0.00014560039688760185,-0.0002066337672033125,0.0002066337672033125,-8.596082897716073e-05,8.596082897716073e-05,False,547,399,True,True
543,DSC08043.JPG,235.0,229.0,3.276597023010254,1.3056343678529694,1.4786771850763527,1.126289908766587,-0.3902064659845836,0.8446938169038182,-0.36637585835898234,1.1309026715662986,0.8178206561256764,1.7921843656923175,1.1309026715662986,0.8178206561256764,1.7921843656923175,False,False,False,False,0.0,-0.0,0.0,-0.0,0.0,-0.0,0.0,0.00010221444281298708,0.0336170178562516,0.034698882138863234,0.009480878843113475,"[1, 1, 1]",0.03481381464322803,9.408202963978596e-05,-9.408202963978596e-05,-9.576496514962507e-05,9.576496514962507e-05,9.694654286906967e-06,-9.694654286906967e-06,False,548,1296,True,True
544,DSC08043.JPG,201.0,230.0,3.2231476306915283,1.5126625208114535,1.5033731025754629,1.0422572825378489,-0.056212798989820165,0.7898256586698198,0.6107499898784408,1.2131388569053074,1.0251350701067539,1.7640779552848345,1.2131388569053074,1.0251350701067539,1.7640779552848345,False,False,False,False,0.0,-0.0,0.0,-0.0,0.0,-0.0,0.0,0.00011800475612730418,0.03571155187271879,0.035704802704675014,0.002461631974239372,"[1, 1, 1]",0.03575057694812905,-0.00010478741752706355,0.00010478741752706355,0.00016785058311552525,-0.00016785058311552525,9.489084947755799e-05,-9.489084947755799e-05,False,549,352,True,True
545,DSC08043.JPG,202.0,230.0,3.2234678268432617,1.507086144516881,1.501734437205951,1.04546167232013,-0.0323274013633133,0.7897850252511646,0.6125312669652976,1.2118476404077099,1.0186360050878882,1.764457724274597,1.2118476404077099,1.0186360050878882,1.764457724274597,False,False,False,False,0.0,-0.0,0.0,-0.0,0.0,-0.0,0.0,0.00011567955181513973,0.03232938311211247,0.032316895070175655,0.0022267022316718715,"[1, 1, 1]",0.03236146568434207,-9.462399930582066e-05,9.462399930582066e-05,0.00015155153039914104,-0.00015155153039914104,8.565587490361182e-05,-8.565587490361182e-05,False,550,400,True,True
546,DSC08043.JPG,203.0,230.0,3.223788261413574,1.5015086078545283,1.5000955944467675,1.0486666103728073,-0.11906674805744773,0.7397788146737597,0.6622313907290347,1.2105560251772929,1.0121357180785375,1.764837655351686,1.2105560251772929,1.0121357180785375,1.764837655351686,False,False,False,False,0.0,-0.0,0.0,-0.0,0.0,-0.0,0.0,0.0001134607826175996,0.028993628723102776,0.028976071617261512,0.0020074061343309585,"[1, 1, 1]",0.029019587451690938,-8.460589268932672e-05,8.460589268932672e-05,0.00013554411911820274,-0.00013554411911820274,7.665386152178044e-05,-7.665386152178044e-05,False,551,459,True,True
547,DSC08043.JPG,204.0,230.0,3.1976490020751953,1.5038939760827117,1.4760348034390445,1.0652350771521966,0.020332493234143476,0.8800795079484472,0.47439081927046456,1.2307925732953782,0.9951819296491978,1.7521027853060716,1.2307925732953782,0.9951819296491978,1.7521027853060716,False,False,False,False,0.0,-0.0,0.0,-0.0,0.0,-0.0,0.0,0.00012321223772861277,0.024013310086835535,0.023552929316587905,0.006027230644572837,"[1, 1, 1]",0.024163061177984713,-5.4755037218523483e-05,5.4755037218523483e-05,0.000119575060963939,-0.000119575060963939,0.0001046438506562275,-0.0001046438506562275,False,552,311,True,True
548,DSC08043.JPG,205.0,230.0,3.1980369091033936,1.4983388325377451,1.4744680189815427,1.0683797104234405,0.02033312095262514,0.8800784136634425,0.47439282245409725,1.2294540919386572,0.9887599235399618,1.7525144367881667,1.2294540919386572,0.9887599235399618,1.7525144367881667,False,False,False,False,0.0,-0.0,0.0,-0.0,0.0,-0.0,0.0,0.00012151482320401577,0.020518539869347933,0.019964276543980003,0.005701348206106448,"[1, 1, 1]",0.020640835597405878,-4.4196446510991194e-05,4.4196446510991194e-05,0.00010119758854743033,-0.00010119758854743033,9.255251414908017e-05,-9.255251414908017e-05,False,553,364,True,True
549,DSC08043.JPG,206.0,230.0,3.198425054550171,1.492782297118599,1.4729009764453296,1.071525034168158,0.020333845274986242,0.8800786912183136,0.47439227649677573,1.2281151683066778,0.9823364155393841,1.7529262596965267,1.2281151683066778,0.9823364155393841,1.7529262596965267,False,False,False,False,0.0,-0.0,0.0,-0.0,0.0,-0.0,0.0,0.00011993639125545414,0.017098564651727627,0.016424741534563247,0.005403696701494844,"[1, 1, 1]",0.017194955431895975,-3.3786712813066444e-05,3.3786712813066444e-05,8.312304193025533e-05,-8.312304193025533e-05,8.070699924189739e-05,-8.070699924189739e-05,False,554,433,True,True
550,DSC08043.JPG,207.0,230.0,3.1988131999969482,1.4872244415859035,1.4713334737978916,1.0746711687941626,0.02033277848549664,0.8800787021856071,0.47439230187510123,1.226775996383656,0.9759113114666783,1.7533381358581017,1.226775996383656,0.9759113114666783,1.7533381358581017,False,False,False,False,0.0,-0.0,0.0,-0.0,0.0,-0.0,0.0,0.00011848192122978127,0.013772795755061691,0.012934343427782,0.005134869545916253,"[1, 1, 1]",0.01384474683325122,-2.3525577430572042e-05,2.3525577430572042e-05,6.535199308177475e-05,-6.535199308177475e-05,6.91087932906953e-05,-6.91087932906953e-05,False,555,517,True,True
551,DSC08043.JPG,208.0,230.0,3.1992015838623047,1.4816651925572668,1.4697657125064958,1.077817994889808,0.020331484751912023,0.8800791961397051,0.4743914409534316,1.2254363818803484,0.969484703541855,1.7537501835113631,1.2254363818803484,0.969484703541855,1.7537501835113631,False,False,False,False,0.0,-0.0,0.0,-0.0,0.0,-0.0,0.0,0.0001171560155448914,0.010583461747817047,0.00949316112851542,0.00489517916045552,"[1, 1, 1]",0.01063232216340991,-1.341323346015777e-05,1.341323346015777e-05,4.788521601373219e-05,-4.788521601373219e-05,5.77588913088789e-05,-5.77588913088789e-05,False,556,616,True,True
552,DSC08043.JPG,209.0,230.0,3.199589967727661,1.4761046226041998,1.4681974908212516,1.0809656323648256,0.020331032428856192,0.8800789658596526,0.47439188754844996,1.2240965189334856,0.9630564985645148,1.7541622844505507,1.2240965189334856,0.9630564985645148,1.7541622844505507,False,False,False,False,0.0,-0.0,0.0,-0.0,0.0,-0.0,0.0,0.00011596331540586602,0.007638252805280443,0.006101203336923029,0.004684729907396787,"[1, 1, 1]",0.007665320733030026,-3.4494063161361055e-06,3.4494063161361055e-06,3.072321866648409e-05,-3.072321866648409e-05,4.6658699114132673e-05,-4.6658699114132673e-05,False,557,732,True,True
553,DSC08043.JPG,210.0,230.0,3.1999783515930176,1.4705427317267026,1.4666288087421582,1.0841140812192154,0.020332048425389194,0.880078739825476,0.4743922633370295,1.2227564075430675,0.9566266965346574,1.7545744386756637,1.2227564075430675,0.9566266965346574,1.7545744386756637,False,False,False,False,0.0,-0.0,0.0,-0.0,0.0,-0.0,0.0,0.00011490807913053718,0.00526542863014227,0.002758508695691339,0.004503224788571109,"[1, 1, 1]",0.005273193573618506,6.36595275516072e-06,-6.36595275516072e-06,1.3866606965118322e-05,-1.3866606965118322e-05,3.58093710968177e-05,-3.58093710968177e-05,False,558,863,True,True
554,DSC08043.JPG,211.0,230.0,3.200366973876953,1.4649794453260634,1.465059867312548,1.0872632227884569,0.020330836694115895,0.8800793948899539,0.47439110001079265,1.221415853191082,0.9501953882017122,1.7549867644742403,1.221415853191082,0.9501953882017122,1.7549867644742403,False,False,False,False,0.0,-0.0,0.0,-0.0,0.0,-0.0,0.0,0.00011399410633120342,0.004381977167189798,0.0005348379128051519,0.004349897718307905,"[1, 1, 1]",0.004382315920079337,1.6032627498496765e-05,-1.6032627498496765e-05,-2.6837823450254206e-06,2.6837823450254206e-06,2.521196680849158e-05,-2.521196680849158e-05,False,559,1003,True,True
555,DSC08043.JPG,212.0,230.0,3.243969678878784,1.4458201095905565,1.4999045589610263,1.06895001567046,0.3550823933283152,0.8437825288087367,0.4024270592608914,1.184804255383426,0.9601222388106683,1.7768420791552957,1.184804255383426,0.9601222388106683,1.7768420791552957,False,False,False,False,0.0,-0.0,0.0,-0.0,0.0,-0.0,0.0,9.068457422760375e-05,0.0037833549334037285,0.003580317575166122,0.001244497145257063,"[1, 1, 1]",0.0037868998954761553,-1.515956623832082e-05,1.515956623832082e-05,1.4912416453460864e-05,-1.4912416453460864e-05,-2.45930235864833e-06,2.45930235864833e-06,False,560,1476,True,True
556,DSC08043.JPG,213.0,230.0,3.2444653511047363,1.4401468335453065,1.498399224548344,1.0720928639045377,0.4374966018769624,0.8426248494188698,0.31397465899008126,1.1833619750611768,0.9536391915519535,1.7773106018499225,1.1833619750611768,0.9536391915519535,1.7773106018499225,False,False,False,False,0.0,-0.0,0.0,-0.0,0.0,-0.0,0.0,8.962744060014566e-05,0.0016296593314488795,0.0009556278926055962,0.0013217883041596952,"[1, 1, 1]",0.0016303585185273128,-7.326159892517836e-06,7.326159892517836e-06,3.956344917233068e-06,-3.956344917233068e-06,-6.804124905723796e-06,6.804124905723796e-06,False,561,1361,True,True
557,DSC08043.JPG,214.0,230.0,3.271517038345337,1.4260272900700446,1.519239093362512,1.0621026367218331,-0.5318737422483265,-0.8277348978957123,-0.1787883136906203,1.16022770221685,0.9570983410383416,1.790959996858444,1.16022770221685,0.9570983410383416,1.790959996858444,False,False,False,False,0.0,-0.0,0.0,-0.0,0.0,-0.0,0.0,7.606313585796608e-05,0.004039206098902264,0.0019885293663543476,0.003555283435087848,"[1, 1, 1]",0.004056443828639882,-1.7749190385440983e-05,1.7749190385440983e-05,6.470319291240756e-06,-6.470319291240756e-06,-2.1865911759455514e-05,2.1865911759455514e-05,False,562,1046,True,True
558,DSC08043.JPG,215.0,230.0,3.2559008598327637,1.425456309950643,1.5041689359549,1.0732270871352925,-0.35955454512581325,-0.2539517079397385,-0.8979025888780249,1.1719420452173006,0.9445564580319148,1.7834324209996857,1.1719420452173006,0.9445564580319148,1.7834324209996857,False,False,False,False,0.0,-0.0,0.0,-0.0,0.0,-0.0,0.0,8.279847850235788e-05,0.0034406209334683167,0.0024678058087329543,0.0024266204139821675,"[1, 1, 1]",0.0034508278196500428,-3.863836497419726e-07,3.863836497419726e-07,-9.333494371377427e-06,9.333494371377427e-06,-1.684490014852713e-05,1.684490014852713e-05,False,563,1152,True,True
559,DSC08043.JPG,216.0,230.0,3.256466865539551,1.4197376110820379,1.5027147478618905,1.0763493127662453,0.4559841593845795,0.3208768062513546,0.8301304244516455,1.170437977889641,0.9380718706918479,1.7839367831246802,1.170437977889641,0.9380718706918479,1.7839367831246802,False,False,False,False,0.0,-0.0,0.0,-0.0,0.0,-0.0,0.0,8.219838717439303e-05,0.005382190422285131,0.004806692325525275,0.0025406293996475078,"[1, 1, 1]",0.005409577738045809,6.569351130414347e-06,-6.569351130414347e-06,-1.8009761525883405e-05,1.8009761525883405e-05,-1.8885213695529757e-05,1.8885213695529757e-05,False,564,1106,True,True
560,DSC08043.JPG,217.0,230.0,3.257033109664917,1.4140169101516324,1.5012600890159102,1.0794726036791276,-0.6015704458937092,-0.18424692282594615,-0.7772812039773082,1.1689333535207447,0.9315850437182566,1.7844413412908322,1.1689333535207447,0.9315850437182566,1.7844413412908322,False,False,False,False,0.0,-0.0,0.0,-0.0,0.0,-0.0,0.0,8.181089141194387e-05,0.007491082714349175,0.007094276853263771,0.002685070745746554,"[1, 1, 1]",0.007538391405365092,1.3362111849879454e-05,-1.3362111849879454e-05,-2.6323710037745585e-05,2.6323710037745585e-05,-2.060307548967799e-05,2.060307548967799e-05,False,565,1069,True,True
561,DSC08043.JPG,218.0,230.0,3.2575995922088623,1.4082942059431058,1.4998049589930222,1.0825969606210668,0.17844087980763543,0.44605679343482685,0.8770360251689306,1.1674281718818442,0.9250959756405561,1.7849460955472072,1.1674281718818442,0.9250959756405561,1.7849460955472072,False,False,False,False,0.0,-0.0,0.0,-0.0,0.0,-0.0,0.0,8.163924475960509e-05,0.00961992274852759,0.009330727355506373,0.0028618263389242685,"[1, 1, 1]",0.009690083487044181,1.9991855320089513e-05,-1.9991855320089513e-05,-3.4274624199026604e-05,3.4274624199026604e-05,-2.1997317939170813e-05,2.1997317939170813e-05,False,566,1044,True,True
562,DSC08043.JPG,219.0,230.0,3.2581660747528076,1.4025695750823717,1.4983491574564543,1.0857225010113716,-0.4210026456932843,-0.2083797482874659,-0.8827993276067373,1.1659226278722328,0.9186045781602902,1.7854509275244905,1.1659226278722328,0.9186045781602902,1.7854509275244905,False,False,False,False,0.0,-0.0,0.0,-0.0,0.0,-0.0,0.0,8.168515822707368e-05,0.011727107321293529,0.011516270565273705,0.003071795475737493,"[1, 1, 1]",0.011823397610134963,2.645874607454246e-05,-2.645874607454246e-05,-4.186205954370692e-05,4.186205954370692e-05,-2.3066855701969757e-05,2.3066855701969757e-05,False,567,1033,True,True
563,DSC08043.JPG,220.0,230.0,3.226076126098633,1.4075606797851439,1.4695297788324713,1.1047958188003493,-0.015678380805780608,0.8894590558995923,0.45674585521219035,1.1911540523671469,0.9002850927664136,1.7697337129249864,1.1911540523671469,0.9002850927664136,1.7697337129249864,False,False,False,False,0.0,-0.0,0.0,-0.0,0.0,-0.0,0.0,9.977182150359562e-05,0.021446672663282602,0.021445645997257675,0.00038032238066565535,"[1, 1, 1]",0.021447845404065306,6.729454659204492e-05,-6.729454659204492e-05,-9.667437195104434e-05,9.667437195104434e-05,-4.17457240162733e-05,4.17457240162733e-05,False,568,784,True,True
564,DSC08043.JPG,221.0,230.0,3.2264089584350586,1.40196480923293,1.4678963522781794,1.1080034651492472,0.06920372227196665,0.8728823293909311,0.4829982234550834,1.189849603504721,0.893772048325762,1.77012037805712,1.189849603504721,0.893772048325762,1.77012037805712,False,False,False,False,0.0,-0.0,0.0,-0.0,0.0,-0.0,0.0,0.00010040119691300937,0.023974107110527092,0.02397379883363147,0.0002839885245292445,"[1, 1, 1]",0.023974793961762667,7.480039337903754e-05,-7.480039337903754e-05,-0.00010768286331086507,0.00010768286331086507,-4.679269404217479e-05,4.679269404217479e-05,False,569,731,True,True
565,DSC08043.JPG,222.0,230.0,3.2267417907714844,1.396367806691455,1.4662625311813393,1.1112118068238672,-0.1089598850089994,-0.8474551209269972,-0.5195647808247151,1.1885449417342497,0.8872576352630639,1.7705070888535586,1.1885449417342497,0.8872576352630639,1.7705070888535586,False,False,False,False,0.0,-0.0,0.0,-0.0,0.0,-0.0,0.0,0.00010120115322999408,0.026454466204332203,0.026454424142938703,0.00017949563004518448,"[1, 1, 1]",0.026454749638241463,8.216111084813349e-05,-8.216111084813349e-05,-0.0001183873444527972,0.0001183873444527972,-5.158474127453516e-05,5.158474127453516e-05,False,570,688,True,True
566,DSC08043.JPG,223.0,230.0,3.2376530170440674,1.387243934154224,1.4734731687521765,1.1092884147675417,0.10062058032846576,0.839820151371724,0.533458163462082,1.1785688963254624,0.8845073218770607,1.7761508531591024,1.1785688963254624,0.8845073218770607,1.7761508531591024,False,False,False,False,0.0,-0.0,0.0,-0.0,0.0,-0.0,0.0,9.62613612491533e-05,0.025736695873460606,0.025738584084339277,0.0015005207246290638,"[1, 1, 1]",0.025759501047179043,7.601771152998538e-05,-7.601771152998538e-05,-0.00010799054461307911,0.00010799054461307911,-4.505808550225865e-05,4.505808550225865e-05,False,571,748,True,True
567,DSC08043.JPG,224.0,230.0,3.237626075744629,1.381747201632729,1.47153168643348,1.112683376145617,-0.13454684298693867,-0.8362538311134029,-0.5315794173878486,1.1775554489183644,0.8778410973974949,1.7763595642186525,1.1775554489183644,0.8778410973974949,1.7763595642186525,False,False,False,False,0.0,-0.0,0.0,-0.0,0.0,-0.0,0.0,9.761540857277244e-05,0.02809412635875274,0.028101063754003393,0.0016406062047892825,"[1, 1, 1]",0.028121533655305588,8.316982280787144e-05,-8.316982280787144e-05,-0.00011756806424734201,0.00011756806424734201,-4.8291342490625055e-05,4.8291342490625055e-05,False,572,715,True,True
568,DSC08043.JPG,225.0,230.0,3.2375991344451904,1.3762505607407374,1.4695902360512514,1.116078281240162,0.09252310557431065,0.8441827376230736,0.5280103980359648,1.1765420187452258,0.8711749837018063,1.7765682715818798,1.1765420187452258,0.8711749837018063,1.7765682715818798,False,False,False,False,0.0,-0.0,0.0,-0.0,0.0,-0.0,0.0,9.91338048783029e-05,0.030413252679177747,0.030425683839738496,0.0017909426034958722,"[1, 1, 1]",0.030445817867178416,9.020280285687576e-05,-9.020280285687576e-05,-0.0001269246767912069,0.0001269246767912069,-5.1364831458844407e-05,5.1364831458844407e-05,False,573,690,True,True
569,DSC08043.JPG,226.0,230.0,3.237572193145752,1.3707540114782486,1.467648817605489,1.1194731300511789,0.04073613632585664,0.8371564391253181,0.5454444642933493,1.1755286058060488,0.8645089807899932,1.7767769752487845,1.1755286058060488,0.8645089807899932,1.7767769752487845,False,False,False,False,0.0,-0.0,0.0,-0.0,0.0,-0.0,0.0,0.00010080911515656652,0.03269402752569509,0.03271246050189139,0.001951424200524091,"[1, 1, 1]",0.03273234305565935,9.711673061540971e-05,-9.711673061540971e-05,-0.00013606012306510706,0.00013606012306510706,-5.427794963619448e-05,5.427794963619448e-05,False,574,659,True,True
570,DSC08043.JPG,227.0,230.0,3.2375454902648926,1.3652574727595062,1.4657076298785368,1.1228678078988208,0.007893741897193253,0.8610639325613554,0.5084354362953414,1.1745150143627165,0.8578431715683783,1.7769857937685911,1.1745150143627165,0.8578431715683783,1.7769857937685911,False,False,False,False,0.0,-0.0,0.0,-0.0,0.0,-0.0,0.0,0.00010263351853522376,0.034936330640188126,0.034961331890900386,0.002121989603869282,"[1, 1, 1]",0.03498102890385084,0.00010391135958287556,-0.00010391135958287556,-0.00014497358105436398,0.00014497358105436398,-5.7029727774438044e-05,5.7029727774438044e-05,False,575,630,True,True
571,DSC08043.JPG,228.0,230.0,3.237518548965454,1.359761106350583,1.4637662751643974,1.1262625443918208,0.01053576654212524,0.861555167826236,0.5075546181597369,1.173501635815203,0.8511773897341236,1.777194490059206,1.173501635815203,0.8511773897341236,1.777194490059206,False,False,False,False,0.0,-0.0,0.0,-0.0,0.0,-0.0,0.0,0.00010459945603679992,0.03714028951845402,0.037172476859666494,0.0023024611635989807,"[1, 1, 1]",0.03719203860616442,0.00011058741346303691,-0.00011058741346303691,-0.00015366590929999369,0.00015366590929999369,-5.9620294313500466e-05,5.9620294313500466e-05,False,576,598,True,True
572,DSC08043.JPG,229.0,230.0,3.2374916076660156,1.3542648315711643,1.4618249523867244,1.1296572246012926,0.009924631602327946,0.8671011982393743,0.4980331451815226,1.172488274501652,0.8445117186837454,1.7774031826534982,1.172488274501652,0.8445117186837454,1.7774031826534982,False,False,False,False,0.0,-0.0,0.0,-0.0,0.0,-0.0,0.0,0.00010669897381505484,0.039305797914210634,0.03934584100933979,0.00249278761122072,"[1, 1, 1]",0.03936530798619438,0.00011714465640277893,-0.00011714465640277893,-0.0001621363259090014,0.0001621363259090014,-6.204872982173981e-05,6.204872982173981e-05,False,577,565,True,True
573,DSC08043.JPG,230.0,230.0,3.237464666366577,1.3487686484212476,1.4598836615455189,1.1330518485272345,0.012377674656367781,0.8726638668108931,0.4881644894221218,1.1714749304220604,0.8378461584172431,1.7776118715514677,1.1714749304220604,0.8378461584172431,1.7776118715514677,False,False,False,False,0.0,-0.0,0.0,-0.0,0.0,-0.0,0.0,0.00010892433956507027,0.04143283130151059,0.04148144963743645,0.002692886265513816,"[1, 1, 1]",0.04150085425968183,0.00012358317034233401,-0.00012358317034233401,-0.00017038459320350974,0.00017038459320350974,-6.4314463707138e-05,6.4314463707138e-05,False,578,546,True,True
574,DSC08043.JPG,231.0,230.0,3.2374377250671387,1.3432725569008346,1.45794240264078,1.1364464161696477,-0.14931332422583424,0.7843286309221104,0.602108071632061,1.1704616035764301,0.8311807089346169,1.7778205567531142,1.1704616035764301,0.8311807089346169,1.7778205567531142,False,False,False,False,0.0,-0.0,0.0,-0.0,0.0,-0.0,0.0,0.00011126799452477993,0.04352136792436671,0.04357933039435567,0.002902683368998248,"[1, 1, 1]",0.04359869880197299,0.000129903037951129,-0.000129903037951129,-0.0001784104788997709,0.0001784104788997709,-6.641693349829225e-05,6.641693349829225e-05,False,579,536,True,True
575,DSC08043.JPG,232.0,230.0,3.2235734462738037,1.342600266854305,1.44450525334671,1.1464244468356608,0.1760865848755116,-0.8123206256929325,-0.5559934493325634,1.1808306715431929,0.8198459025549362,1.771144132196101,1.1808306715431929,0.8198459025549362,1.771144132196101,False,False,False,False,0.0,-0.0,0.0,-0.0,0.0,-0.0,0.0,0.0001208506777373339,0.05143539058306802,0.051435392893063356,1.980313203006426e-05,"[1, 1, 1]",0.051435393644166105,0.00015853660053921637,-0.00015853660053921637,-0.00022903965544363025,0.00022903965544363025,-0.00010059386211791477,0.00010059386211791477,False,580,328,True,True
576,DSC08043.JPG,233.0,230.0,3.2246592044830322,1.3367381091720314,1.4434960199488893,1.1492762108432457,-0.06824681901442306,0.8707247492569727,0.487012097104163,1.178906159822123,0.813582321916343,1.7719055879842973,1.178906159822123,0.813582321916343,1.7719055879842973,False,False,False,False,0.0,-0.0,0.0,-0.0,0.0,-0.0,0.0,0.0001227351842262846,0.0531375803850976,0.053138515120002755,0.0003926542034787202,"[1, 1, 1]",0.05313877311195227,0.00016324127238442898,-0.00016324127238442898,-0.00023465418077339706,0.00023465418077339706,-0.00010153717660088546,0.00010153717660088546,False,581,322,True,True
577,DSC08043.JPG,234.0,230.0,3.2664637565612793,1.3165391581591281,1.47626599989149,1.1328421485621785,0.4270827854495753,0.7124611446000536,0.5567759080705752,1.1434602628315855,0.8208875671043061,1.7929334121655591,1.1434602628315855,0.8208875671043061,1.7929334121655591,False,False,False,False,0.0,-0.0,0.0,-0.0,0.0,-0.0,0.0,0.00010533528316004376,0.037477646042628,0.03843524830909078,0.009745766460509163,"[1, 1, 1]",0.03857993154573659,0.00010417981687926847,-0.00010417981687926847,-0.000112223077560758,0.000112223077560758,5.6752459620668105e-08,-5.6752459620668105e-08,False,582,1584,True,True
578,DSC08043.JPG,235.0,230.0,3.2659964561462402,1.3111496919687278,1.4739425540004534,1.1364750287120136,0.47993892844089764,0.7338415356574646,0.4807652498994671,1.1428003503678652,0.8140168315174896,1.792924877214423,1.1428003503678652,0.8140168315174896,1.792924877214423,False,False,False,False,0.0,-0.0,0.0,-0.0,0.0,-0.0,0.0,0.00010850710943935368,0.03917865550869587,0.04020982016808307,0.010190373408694565,"[1, 1, 1]",0.04034625388089068,0.00010951529075553523,-0.00010951529075553523,-0.00011702650826528327,0.00011702650826528327,1.6900398436270336e-06,-1.6900398436270336e-06,False,583,1509,True,True
579,DSC08043.JPG,201.0,231.0,3.1847147941589355,1.5257505499976751,1.4746770264436517,1.0668170341135716,-0.5462074019377233,0.4429387225585849,0.7109590439164633,1.2474508607641883,1.0094323495014195,1.7508850159769225,1.2474508607641883,1.0094323495014195,1.7508850159769225,False,False,False,False,0.0,-0.0,0.0,-0.0,0.0,-0.0,0.0,0.0001356499476586788,0.03429759129406951,0.03393563510561828,0.007305557557726915,"[1, 1, 1]",0.03450596523020342,-8.406398170390794e-05,8.406398170390794e-05,0.0001717376766519063,-0.0001717376766519063,0.00014019169490442351,-0.00014019169490442351,False,584,183,True,True
580,DSC08043.JPG,202.0,231.0,3.1850998401641846,1.5202204394539744,1.473116646439781,1.0699490002557346,0.20206919811910923,-0.9020973886799364,-0.3812982304028434,1.2461195867516133,1.0030381528133916,1.7512949897760106,1.2461195867516133,1.0030381528133916,1.7512949897760106,False,False,False,False,0.0,-0.0,0.0,-0.0,0.0,-0.0,0.0,0.00013377909256229466,0.030437712540884763,0.0300062110120478,0.006919897188198685,"[1, 1, 1]",0.030616270368631165,-7.247272302279839e-05,7.247272302279839e-05,0.00015163594431166771,-0.00015163594431166771,0.00012704528682494498,-0.00012704528682494498,False,585,224,True,True
581,DSC08043.JPG,203.0,231.0,3.1854846477508545,1.5146890905648682,1.4715556075300271,1.0730818910844055,0.020332742566601582,0.8800784501320831,0.4743927710166239,1.2447882601081317,0.9966422781485487,1.751704897808538,1.2447882601081317,0.9966422781485487,1.751704897808538,False,False,False,False,0.0,-0.0,0.0,-0.0,0.0,-0.0,0.0,0.00013201063950523255,0.026636477904461043,0.02612519923940559,0.006560394812500942,"[1, 1, 1]",0.02678681367291856,-6.102956909637136e-05,6.102956909637136e-05,0.0001318317513221423,-0.0001318317513221423,0.00011413670164417411,-0.00011413670164417411,False,586,265,True,True
582,DSC08043.JPG,204.0,231.0,3.1858696937561035,1.5091563612824037,1.4699943147932304,1.07621546578991,0.020332508265216587,0.8800785337508247,0.47439262593198434,1.2434564935550654,0.9902449152965529,1.752114977247219,1.2434564935550654,0.9902449152965529,1.752114977247219,False,False,False,False,0.0,-0.0,0.0,-0.0,0.0,-0.0,0.0,0.00013034862511782455,0.02289955549497854,0.02229270231136806,0.006227564795272654,"[1, 1, 1]",0.023023214173287575,-4.973491381843331e-05,4.973491381843331e-05,0.00011232585419973518,-0.00011232585419973518,0.00010146653199960554,-0.00010146653199960554,False,587,323,True,True
583,DSC08043.JPG,205.0,231.0,3.1862549781799316,1.5036222503902577,1.4684327678054583,1.079349725119372,0.020332583416822304,0.8800788585455694,0.47439202016130694,1.2421242868636408,0.9838460627868221,1.7525252281411208,1.2421242868636408,0.9838460627868221,1.7525252281411208,False,False,False,False,0.0,-0.0,0.0,-0.0,0.0,-0.0,0.0,0.00012879726401922122,0.01923662939942477,0.018508778033386103,0.005921934339611485,"[1, 1, 1]",0.019335098669814383,-3.858872284268067e-05,3.858872284268067e-05,9.311898414088304e-05,-9.311898414088304e-05,8.903612390254168e-05,-8.903612390254168e-05,False,588,382,True,True
584,DSC08043.JPG,206.0,231.0,3.1866402626037598,1.498086829115129,1.4668707640979444,1.0824847893531102,0.02033392390517571,0.8800791943320372,0.4743913397633762,1.2407918337113295,0.9774456259696224,1.7529355318957076,1.2407918337113295,0.9774456259696224,1.7529355318957076,False,False,False,False,0.0,-0.0,0.0,-0.0,0.0,-0.0,0.0,0.0001273608150053786,0.015665799461317326,0.014773445015496859,0.005643946616825503,"[1, 1, 1]",0.01574049052848071,-2.7590709173352934e-05,2.7590709173352934e-05,7.421172606636439e-05,-7.421172606636439e-05,7.684704079879978e-05,-7.684704079879978e-05,False,589,458,True,True
585,DSC08043.JPG,207.0,231.0,3.187025547027588,1.4925500974570165,1.4653083036706898,1.0856206584911234,0.020333773504544277,0.8800790516114531,0.4743916109816355,1.2394591340981291,0.9710436048449539,1.7533458885109803,1.2394591340981291,0.9710436048449539,1.7533458885109803,False,False,False,False,0.0,-0.0,0.0,-0.0,0.0,-0.0,0.0,0.00012604330630519667,0.012224987204635704,0.011086748141483084,0.0053938221635998545,"[1, 1, 1]",0.012277206812223147,-1.6740814946958338e-05,1.6740814946958338e-05,5.560472176102671e-05,-5.560472176102671e-05,6.490051751617543e-05,-6.490051751617543e-05,False,590,543,True,True
586,DSC08043.JPG,208.0,231.0,3.187411069869995,1.4870119821620233,1.4637455882858983,1.0887572134983066,0.020331181416977862,0.8800787582672948,0.4743922662827531,1.2381259939652913,0.9646400916115794,1.7537564166632496,1.2381259939652913,0.9646400916115794,1.7537564166632496,False,False,False,False,0.0,-0.0,0.0,-0.0,0.0,-0.0,0.0,0.00012484847951301214,0.009006164934153748,0.007448774004551239,0.005171502902953703,"[1, 1, 1]",0.009037136827324453,-6.039249958345039e-06,6.039249958345039e-06,3.729880139613506e-05,-3.729880139613506e-05,5.319761578981286e-05,-5.319761578981286e-05,False,591,671,True,True
587,DSC08043.JPG,209.0,231.0,3.1877965927124023,1.4814725556731663,1.4621824158987415,1.0918945739078496,0.020331720106808643,0.8800788925058509,0.4743919941600759,1.236792607219053,0.9582349930903478,1.7541669977089145,1.236792607219053,0.9582349930903478,1.7541669977089145,False,False,False,False,0.0,-0.0,0.0,-0.0,0.0,-0.0,0.0,0.00012378011205857784,0.006274835713643247,0.003859526806456486,0.004976710885480858,"[1, 1, 1]",0.006286380640607966,4.5142964844036015e-06,-4.5142964844036015e-06,1.929445464132762e-05,-1.929445464132762e-05,4.1739777877580764e-05,-4.1739777877580764e-05,False,592,785,True,True
588,DSC08043.JPG,210.0,231.0,3.1881821155548096,1.4759318179904453,1.4606187865092197,1.0950327397197526,0.020331251375233866,0.8800792658820251,0.47439132157120345,1.2354589738594137,0.9518283092812586,1.754577631647976,1.2354589738594137,0.9518283092812586,1.754577631647976,False,False,False,False,0.0,-0.0,0.0,-0.0,0.0,-0.0,0.0,0.0001228416055988595,0.004819152781960734,0.0003190452846466342,0.004808778864344574,"[1, 1, 1]",0.00481925192974756,1.491988280655221e-05,-1.491988280655221e-05,1.5923066813972042e-06,-1.5923066813972042e-06,3.052821024329688e-05,-3.052821024329688e-05,False,593,935,True,True
589,DSC08043.JPG,211.0,231.0,3.188567876815796,1.4703896946436412,1.459054901455604,1.0981715926460358,0.02033127433769986,0.8800794629630055,0.47439095496705347,1.2341248995988532,0.9454201309124934,1.7549884372058122,1.2341248995988532,0.9454201309124934,1.7549884372058122,False,False,False,False,0.0,-0.0,0.0,-0.0,0.0,-0.0,0.0,0.0001220359289767457,0.005626724533841257,0.0031725759992867774,0.004666614756997492,"[1, 1, 1]",0.005634827416319282,2.5177276530286008e-05,-2.5177276530286008e-05,-1.5806749459779112e-05,1.5806749459779112e-05,1.9564040271369265e-05,-1.9564040271369265e-05,False,594,1097,True,True
590,DSC08043.JPG,212.0,231.0,3.1889536380767822,1.4648462592920932,1.4574905591169975,1.1013112514727643,0.02033067278813522,0.8800795926554171,0.47439074014514343,1.2327905785723805,0.9390103662754815,1.7553992956897544,1.2327905785723805,0.9390103662754815,1.7553992956897544,False,False,False,False,0.0,-0.0,0.0,-0.0,0.0,-0.0,0.0,0.00012136595989649144,0.007980612253092751,0.006615352642452032,0.004548810642957031,"[1, 1, 1]",0.008004521850202135,3.52868119586347e-05,-3.52868119586347e-05,-3.290232022545858e-05,3.290232022545858e-05,8.848587368159855e-06,-8.848587368159855e-06,False,595,1312,True,True
591,DSC08043.JPG,213.0,231.0,3.1893396377563477,1.4593014366547008,1.4559259605490504,1.104451598410041,0.02033024688854899,0.8800795081604202,0.47439091515074716,1.23145581633996,0.9325991051180174,1.7558103258578932,1.23145581633996,0.9325991051180174,1.7558103258578932,False,False,False,False,0.0,-0.0,0.0,-0.0,0.0,-0.0,0.0,0.00012083392644527709,0.010878144573437548,0.010009189419424809,0.004453501934049359,"[1, 1, 1]",0.010916766519919923,4.52482413511035e-05,-4.52482413511035e-05,-4.969347058314533e-05,4.969347058314533e-05,-1.616977392870922e-06,1.616977392870922e-06,False,596,1510,True,True
592,DSC08043.JPG,214.0,231.0,3.189725637435913,1.4537553012016833,1.4543609044134909,1.1075927517458466,0.020329235478773987,0.8800792970414381,0.4743913501571217,1.2301208071891132,0.9261862567119186,1.7562214089848496,1.2301208071891132,0.9261862567119186,1.7562214089848496,False,False,False,False,0.0,-0.0,0.0,-0.0,0.0,-0.0,0.0,0.00012044189273140095,0.013950800190928233,0.013354107610448088,0.004378572714574484,"[1, 1, 1]",0.014002301855409197,5.506191470372457e-05,-5.506191470372457e-05,-6.617987146229076e-05,6.617987146229076e-05,-1.183141731475601e-05,1.183141731475601e-05,False,597,1252,True,True
593,DSC08043.JPG,215.0,231.0,3.1901116371154785,1.4482078529330416,1.4527953907103182,1.1107347114801807,0.020330021814979893,0.880079245792695,0.47439141153478265,1.2287855511198404,0.9197718210571867,1.756632545070623,1.2287855511198404,0.9197718210571867,1.756632545070623,False,False,False,False,0.0,-0.0,0.0,-0.0,0.0,-0.0,0.0,0.00012019133331815484,0.017076503589991004,0.01665007697955425,0.004321606375817327,"[1, 1, 1]",0.01713925787400259,6.472789103639798e-05,-6.472789103639798e-05,-8.236092611224599e-05,8.236092611224599e-05,-2.1793575192052828e-05,2.1793575192052828e-05,False,598,1049,True,True
594,DSC08043.JPG,216.0,231.0,3.2241339683532715,1.431866759197597,1.4795347419706641,1.0973649667478202,0.43458499049608074,-0.8994901568534815,0.045313836288938314,1.1999859787419889,0.9258100352503432,1.7738051664405154,1.1999859787419889,0.9258100352503432,1.7738051664405154,False,False,False,False,0.0,-0.0,0.0,-0.0,0.0,-0.0,0.0,0.00010131109232298386,0.011355923992089244,0.011339886286164214,0.0006795518003012208,"[1, 1, 1]",0.011358076891568192,3.294580421608906e-05,-3.294580421608906e-05,-4.907744702653538e-05,4.907744702653538e-05,-2.3456143577682553e-05,2.3456143577682553e-05,False,599,1031,True,True
595,DSC08043.JPG,217.0,231.0,3.2233760356903076,1.4266284653060337,1.4769864237828805,1.1011040506972232,0.38155204481188215,-0.9243267121024696,-0.006177895572911425,1.1995738572929466,0.9189020659153126,1.7736486006754884,1.1995738572929466,0.9189020659153126,1.7736486006754884,False,False,False,False,0.0,-0.0,0.0,-0.0,0.0,-0.0,0.0,0.00010183589148467515,0.014391615923488837,0.014381385425911447,0.0006593310860234501,"[1, 1, 1]",0.014394053861636703,4.247027848514051e-05,-4.247027848514051e-05,-6.234591543030632e-05,6.234591543030632e-05,-2.864898885768241e-05,2.864898885768241e-05,False,600,961,True,True
596,DSC08043.JPG,218.0,231.0,3.222618818283081,1.4213925172788622,1.4744396051027928,1.1048412016024913,-0.3982112424964029,0.9115016013238979,0.1029205379574014,1.1991616362185478,0.9119974751251063,1.773492287442363,1.1991616362185478,0.9119974751251063,1.773492287442363,False,False,False,False,0.0,-0.0,0.0,-0.0,0.0,-0.0,0.0,0.00010254358854003506,0.01741158105522841,0.017405019756571886,0.0006407268320273192,"[1, 1, 1]",0.017414195326228978,5.193423228644356e-05,-5.193423228644356e-05,-7.558155456188764e-05,7.558155456188764e-05,-3.389803541065106e-05,3.389803541065106e-05,False,601,885,True,True
597,DSC08043.JPG,219.0,231.0,3.2218618392944336,1.4161590668946036,1.471893884243045,1.1085766542962878,-0.33516829004161514,0.9347998484217837,0.11752217127499799,1.1987497046276268,0.9050960848547228,1.7733359891758964,1.1987497046276268,0.9050960848547228,1.7733359891758964,False,False,False,False,0.0,-0.0,0.0,-0.0,0.0,-0.0,0.0,0.00010343042506573821,0.02041500132623144,0.02041089482512453,0.0006225526345121781,"[1, 1, 1]",0.02041769427766259,6.133822334675187e-05,-6.133822334675187e-05,-8.878476456319895e-05,8.878476456319895e-05,-3.920293295367472e-05,3.920293295367472e-05,False,602,812,True,True
598,DSC08043.JPG,220.0,231.0,3.2646045684814453,1.3966752681607704,1.5058513872433132,1.0911377073296369,-0.5103775907092191,0.8415441471079242,-0.17696938540394339,1.1627650872251873,0.913946326954807,1.7948680076504702,1.1627650872251873,0.913946326954807,1.7948680076504702,False,False,False,False,0.0,-0.0,0.0,-0.0,0.0,-0.0,0.0,8.146241485022901e-05,0.01342932479513855,0.013030383314271449,0.00517700172695775,"[1, 1, 1]",0.013728419457601507,2.5024938193007884e-05,-2.5024938193007884e-05,-3.971347956244209e-05,3.971347956244209e-05,-2.2024020143174283e-05,2.2024020143174283e-05,False,603,1043,True,True
599,DSC08043.JPG,221.0,231.0,3.225858688354492,1.4038848716414756,1.4714262044948145,1.1133662706755312,-0.22012641105164354,0.9276416077702,0.3017041774504314,1.1934189064604268,0.8932864302125714,1.7757710798626718,1.1934189064604268,0.8932864302125714,1.7757710798626718,False,False,False,False,0.0,-0.0,0.0,-0.0,0.0,-0.0,0.0,0.00010265349256775034,0.024781232087622625,0.02477368133309202,0.0013745803431374577,"[1, 1, 1]",0.024796514087193727,7.297984530318935e-05,-7.297984530318935e-05,-0.00010498199594821678,0.00010498199594821678,-4.551540276231947e-05,4.551540276231947e-05,False,604,746,True,True
600,DSC08043.JPG,222.0,231.0,3.2607083320617676,1.3868619633384853,1.4987166270754921,1.0998461423824315,-0.4482685862753707,0.7612855583055956,0.46850781559544785,1.1638655214568876,0.89912755948964,1.7933727583163592,1.1638655214568876,0.89912755948964,1.7933727583163592,False,False,False,False,0.0,-0.0,0.0,-0.0,0.0,-0.0,0.0,8.510541965459732e-05,0.01838651559738391,0.01831095086480824,0.005534448039110053,"[1, 1, 1]",0.01876146306922019,4.189952363131688e-05,-4.189952363131688e-05,-5.77049482684e-05,5.77049482684e-05,-2.1693127774558008e-05,2.1693127774558008e-05,False,605,1051,True,True
601,DSC08043.JPG,223.0,231.0,3.218837261199951,1.3952499001182708,1.4617227690988397,1.1235010367013982,0.07498569628248174,0.8174209605234691,0.5711393163230148,1.1971040877129533,0.8775228389431634,1.7727114224445024,1.1971040877129533,0.8775228389431634,1.7727114224445024,False,False,False,False,0.0,-0.0,0.0,-0.0,0.0,-0.0,0.0,0.00010866279843356679,0.032256427436174163,0.03225649874396014,0.0005354991909042285,"[1, 1, 1]",0.03225868551484861,9.835421868698013e-05,-9.835421868698013e-05,-0.0001412678334808959,0.0001412678334808959,-6.097213512124e-05,6.097213512124e-05,False,606,579,True,True
602,DSC08043.JPG,224.0,231.0,3.2157516479492188,1.3908081465792344,1.457233004520264,1.1283522833573774,-0.09159653119454053,-0.8614625673530283,-0.4994920625221754,1.1986018647705985,0.8698131037713017,1.771392937687262,1.1986018647705985,0.8698131037713017,1.771392937687262,False,False,False,False,0.0,-0.0,0.0,-0.0,0.0,-0.0,0.0,0.00011166579454585302,0.03596888487733545,0.035968900289288244,0.00010248129272018844,"[1, 1, 1]",0.03596896557469292,0.00011080484546965863,-0.00011080484546965863,-0.00015963413616182365,0.00015963413616182365,-6.952753732258898e-05,6.952753732258898e-05,False,607,511,True,True
603,DSC08043.JPG,225.0,231.0,3.216360569000244,1.385134939097548,1.4558361787532046,1.1314181214770584,0.08455906832272465,0.8604377346570758,0.5024904663201009,1.197074392848566,0.8634156359984472,1.7719173462613351,1.197074392848566,0.8634156359984472,1.7719173462613351,False,False,False,False,0.0,-0.0,0.0,-0.0,0.0,-0.0,0.0,0.00011274021169981685,0.03841498976607196,0.038415209497469696,0.0002987695453780325,"[1, 1, 1]",0.03841568053055922,0.00011792722161074742,-0.00011792722161074742,-0.0001696370469943531,0.0001696370469943531,-7.355185324087188e-05,7.355185324087188e-05,False,608,483,True,True
604,DSC08043.JPG,226.0,231.0,3.2169694900512695,1.379459660626915,1.4544386311654636,1.1344852317041167,0.07729449878843421,0.8953716741836272,0.43856028722018736,1.195546531408523,0.8570156643139112,1.7724418383788425,1.195546531408523,0.8570156643139112,1.7724418383788425,False,False,False,False,0.0,-0.0,0.0,-0.0,0.0,-0.0,0.0,0.00011395727388243794,0.040806916230211675,0.04080776378879805,0.0005107065285466264,"[1, 1, 1]",0.0408089378574919,0.0001248868781600354,-0.0001248868781600354,-0.00017927269429685033,0.00017927269429685033,-7.724465620961851e-05,7.724465620961851e-05,False,609,456,True,True
605,DSC08043.JPG,227.0,231.0,3.2121193408966064,1.3756359896426749,1.448482089231628,1.1401708168129425,0.06731337938633299,0.9030753644529476,0.42417425083775123,1.1984948185182998,0.8487153691631795,1.7702419672089726,1.1984948185182998,0.8487153691631795,1.7702419672089726,False,False,False,False,0.0,-0.0,0.0,-0.0,0.0,-0.0,0.0,0.00011832608694085377,0.045248503556834234,0.04524894017781023,0.0003486669830283698,"[1, 1, 1]",0.04524939352393422,0.00014023465233470311,-0.00014023465233470311,-0.0002031728905120822,0.0002031728905120822,-8.996954490347875e-05,8.996954490347875e-05,False,610,377,True,True
606,DSC08043.JPG,228.0,231.0,3.2206788063049316,1.3672526504583868,1.45372025141627,1.1394314014338174,0.14978969869864195,0.8523937962006565,0.5009868884136627,1.1904457884230606,0.8450692357112161,1.7747346589890445,1.1904457884230606,0.8450692357112161,1.7747346589890445,False,False,False,False,0.0,-0.0,0.0,-0.0,0.0,-0.0,0.0,0.00011544889631785399,0.04445578327616582,0.044465699322982014,0.0014828652247730954,"[1, 1, 1]",0.044473104081026574,0.00013442427758847408,-0.00013442427758847408,-0.00019061600451286687,0.00019061600451286687,-7.908953054425183e-05,7.908953054425183e-05,False,611,443,True,True
607,DSC08043.JPG,229.0,231.0,3.225947856903076,1.359968682015137,1.4562047020507387,1.1402804936305513,0.11790449572050742,0.8528351620646757,0.5086951112749277,1.185091588511658,0.8402575387627496,1.7775859331920598,1.185091588511658,0.8402575387627496,1.7775859331920598,False,False,False,False,0.0,-0.0,0.0,-0.0,0.0,-0.0,0.0,0.00011459590157015456,0.04480890043141647,0.04484696034958046,0.0027040987360404545,"[1, 1, 1]",0.04486869489213352,0.0001335313427748286,-0.0001335313427748286,-0.0001857978726451659,0.0001857978726451659,-7.242681674668461e-05,7.242681674668461e-05,False,612,490,True,True
608,DSC08043.JPG,230.0,231.0,3.225921154022217,1.354492032779451,1.45427041856952,1.1436629033277563,-0.03448888478756238,0.8200381507077644,0.5712687180389805,1.1840817148356138,0.8336157965316938,1.7777938997539149,1.1840817148356138,0.8336157965316938,1.7777938997539149,False,False,False,False,0.0,-0.0,0.0,-0.0,0.0,-0.0,0.0,0.00011671614526631296,0.047151060558468315,0.04719736569986628,0.0029094039172304397,"[1, 1, 1]",0.04721905586536538,0.00014061275011845176,-0.00014061275011845176,-0.00019497804392587526,0.00019497804392587526,-7.510624276108047e-05,7.510624276108047e-05,False,613,470,True,True
609,DSC08043.JPG,231.0,231.0,3.2258944511413574,1.349015474362388,1.4523361667421448,1.147045257239517,-0.05230890611842999,0.8206208843415402,0.5690739341449419,1.1830718582410176,0.8269741641041265,1.778001862652158,1.1830718582410176,0.8269741641041265,1.778001862652158,False,False,False,False,0.0,-0.0,0.0,-0.0,0.0,-0.0,0.0,0.00011894978905915097,0.04945490343960031,0.04951016130718274,0.003124336802126549,"[1, 1, 1]",0.049531833349908884,0.00014757566664647115,-0.00014757566664647115,-0.00020393739821789048,0.00020393739821789048,-7.762483544615506e-05,7.762483544615506e-05,False,614,453,True,True
610,DSC08043.JPG,232.0,231.0,3.210742712020874,1.3488034582685158,1.4378175062741223,1.1575998478018243,-0.04350747517945204,0.8983205068887076,0.4371811598259064,1.1944890150585576,0.8152299823597036,1.770656213606268,1.1944890150585576,0.8152299823597036,1.770656213606268,False,False,False,False,0.0,-0.0,0.0,-0.0,0.0,-0.0,0.0,0.00012917443498494275,0.05846790835561841,0.058468144807555446,0.00022043403851376538,"[1, 1, 1]",0.058468234352599374,0.00018047527890896475,-0.00018047527890896475,-0.0002617409848373331,0.0002617409848373331,-0.0001162587226564149,0.0001162587226564149,False,615,258,True,True
611,DSC08043.JPG,233.0,231.0,3.2177371978759766,1.3408970528803459,1.4417299403633024,1.1576441773843382,0.02366647214140665,0.9346274165162797,0.35484009129815774,1.187713052180574,0.8109739351651793,1.7743700715909405,1.187713052180574,0.8109739351651793,1.7743700715909405,False,False,False,False,0.0,-0.0,0.0,-0.0,0.0,-0.0,0.0,0.00012787121038610407,0.05762282661982474,0.05763726443517583,0.0016405448895619689,"[1, 1, 1]",0.0576417200753421,0.00017516406643247606,-0.00017516406643247606,-0.000248094980920488,0.000248094980920488,-0.0001025668014480452,0.0001025668014480452,False,616,319,True,True
612,DSC08043.JPG,234.0,231.0,3.2258143424987793,1.3325863440229322,1.4465336011830823,1.1571919842621274,-0.006920854033428265,0.9174542549081283,0.3977810854357194,1.1800423909459112,0.8070499256423526,1.7786257293652177,1.1800423909459112,0.8070499256423526,1.7786257293652177,False,False,False,False,0.0,-0.0,0.0,-0.0,0.0,-0.0,0.0,0.00012626935803162085,0.05613632347836082,0.05622312420207712,0.0038263680297019502,"[1, 1, 1]",0.056244855779663074,0.00016775436780114283,-0.00016775436780114283,-0.00022948807932099413,0.00022948807932099413,-8.420958268917644e-05,8.420958268917644e-05,False,617,411,True,True
613,DSC08043.JPG,235.0,231.0,3.2227978706359863,1.3281660267405886,1.442117223255002,1.16198249456676,0.21114336625184013,0.9432439786761347,0.2563382054611774,1.1814919183310109,0.7994185298688785,1.7773399390372626,1.1814919183310109,0.7994185298688785,1.7773399390372626,False,False,False,False,0.0,-0.0,0.0,-0.0,0.0,-0.0,0.0,0.000130372167121281,0.05971129903196741,0.05977475737059854,0.0033186388103368454,"[1, 1, 1]",0.05978910526623896,0.00017957624817022122,-0.00017957624817022122,-0.0002481236032405576,0.0002481236032405576,-9.440295699914003e-05,9.440295699914003e-05,False,618,354,True,True
614,DSC08043.JPG,201.0,232.0,3.1730306148529053,1.5309114780067279,1.4686660360899435,1.0777472642935242,0.5361337784730047,-0.7045445930899787,-0.4649489089436986,1.260002462186903,1.0044630299138915,1.7509017281298842,1.260002462186903,1.0044630299138915,1.7509017281298842,False,False,False,False,0.0,-0.0,0.0,-0.0,0.0,-0.0,0.0,0.00014248281614194093,0.03339590523704389,0.03291485547690676,0.0074734474261598195,"[1, 1, 1]",0.033574742116915024,-7.973362562729847e-05,7.973362562729847e-05,0.00016543695657977864,-0.00016543695657977864,0.00013736919271023496,-0.00013736919271023496,False,619,191,True,True
615,DSC08043.JPG,202.0,232.0,3.173412799835205,1.5254022927030884,1.4671106228204809,1.0808690755725157,0.4279150621198934,-0.7894786844501448,-0.44001375706879503,1.2586776179662635,0.9980916804315083,1.7513101793199581,1.2586776179662635,0.9980916804315083,1.7513101793199581,False,False,False,False,0.0,-0.0,0.0,-0.0,0.0,-0.0,0.0,0.00014075253775425121,0.02935640683057303,0.028794062970763715,0.007107517620629052,"[1, 1, 1]",0.029507740464784875,-6.756490145387595e-05,6.756490145387595e-05,0.00014452602246528556,-0.00014452602246528556,0.0001238997972552447,-0.0001238997972552447,False,620,234,True,True
616,DSC08043.JPG,203.0,232.0,3.173794984817505,1.519891807557913,1.4655547565053835,1.0839916852806866,0.19445215429542873,-0.902186514936644,-0.3850296767215995,1.2573525292674046,0.9917187593867042,1.7517186829454767,1.2573525292674046,0.9917187593867042,1.7517186829454767,False,False,False,False,0.0,-0.0,0.0,-0.0,0.0,-0.0,0.0,0.0001391220859683593,0.025380782154627763,0.0247212244382751,0.006767496146151329,"[1, 1, 1]",0.025506097754129677,-5.5544122182338285e-05,5.5544122182338285e-05,0.0001239094001777019,-0.0001239094001777019,0.00011066290618133579,-0.00011066290618133579,False,621,282,True,True
617,DSC08043.JPG,204.0,232.0,3.1741771697998047,1.5143800225712019,1.4639984371446513,1.087115093418037,0.1761484943207634,-0.9150053179030995,-0.36295588734386997,1.256027196090326,0.9853442667794784,1.7521272390064397,1.256027196090326,0.9853442667794784,1.7521272390064397,False,False,False,False,0.0,-0.0,0.0,-0.0,0.0,-0.0,0.0,0.00013759509947789693,0.02147830558557835,0.020696391013536868,0.006453780713854341,"[1, 1, 1]",0.021579034943899084,-4.367122158166481e-05,4.367122158166481e-05,0.00010358776555219329,-0.00010358776555219329,9.765983018050761e-05,-9.765983018050761e-05,False,622,341,True,True
618,DSC08043.JPG,205.0,232.0,3.1745593547821045,1.5088669377429549,1.4624416647382845,1.0902392999845663,0.2004695461243881,-0.8833134463355371,-0.4237561994821053,1.2547016184350275,0.9789682026098315,1.7525358475028476,1.2547016184350275,0.9789682026098315,1.7525358475028476,False,False,False,False,0.0,-0.0,0.0,-0.0,0.0,-0.0,0.0,0.0001361751498031083,0.017665907393239835,0.016719612188664204,0.006166654212664271,"[1, 1, 1]",0.01774341201340396,-3.1946133105087426e-05,3.1946133105087426e-05,8.356178915347456e-05,-8.356178915347456e-05,8.489187119353758e-05,-8.489187119353758e-05,False,623,403,True,True
619,DSC08043.JPG,206.0,232.0,3.1749420166015625,1.5033524084441205,1.4608848439658195,1.0933640666669755,-0.07649317566053443,0.8798776676455086,0.4690032878947296,1.253375408950016,0.9725907531935707,1.7529447465975831,1.253375408950016,0.9725907531935707,1.7529447465975831,False,False,False,False,0.0,-0.0,0.0,-0.0,0.0,-0.0,0.0,0.00013486546631895208,0.013977877978197592,0.012791023036079183,0.005906155182686938,"[1, 1, 1]",0.01403342460724567,-2.0369347443427444e-05,2.0369347443427444e-05,6.383249293429039e-05,-6.383249293429039e-05,7.235990053899855e-05,-7.235990053899855e-05,False,624,492,True,True
620,DSC08043.JPG,207.0,232.0,3.1753244400024414,1.497836650401955,1.459327367384017,1.0964897516823398,0.020333885724389066,0.8800785399582973,0.4743925553760504,1.252049148433761,0.9662116375864028,1.7533535790953887,1.252049148433761,0.9662116375864028,1.7533535790953887,False,False,False,False,0.0,-0.0,0.0,-0.0,0.0,-0.0,0.0,0.0001336697482659178,0.010493411739425277,0.008910548464088256,0.005672332295071834,"[1, 1, 1]",0.010528174507729983,-8.9399839751092e-06,8.9399839751092e-06,4.4400080515982765e-05,-4.4400080515982765e-05,6.0065928633612486e-05,-6.0065928633612486e-05,False,625,592,True,True
621,DSC08043.JPG,208.0,232.0,3.1757071018218994,1.4923195185819675,1.4577696395311002,1.0996161169664023,0.020333210022582034,0.8800788669646592,0.4743919776855204,1.2507224494585154,0.9598310416139411,1.7537625831755015,1.2507224494585154,0.9598310416139411,1.7537625831755015,False,False,False,False,0.0,-0.0,0.0,-0.0,0.0,-0.0,0.0,0.00013259092401668026,0.007429272238493085,0.005078323519212355,0.0054647698220647335,"[1, 1, 1]",0.007444701664123506,2.341459514276778e-06,-2.341459514276778e-06,2.5265589615575124e-05,-2.5265589615575124e-05,4.801084036021308e-05,-4.801084036021308e-05,False,626,720,True,True
622,DSC08043.JPG,209.0,232.0,3.1760897636413574,1.4868010852986828,1.4562114580673016,1.1027432816758131,0.02033275107282804,0.8800786177609432,0.47439245967215576,1.2493955057000237,0.9534488721182812,1.7541716397564806,1.2493955057000237,0.9534488721182812,1.7541716397564806,False,False,False,False,0.0,-0.0,0.0,-0.0,0.0,-0.0,0.0,0.0001316320865693754,0.0054364947864367135,0.0012943470351281412,0.005282891309357477,"[1, 1, 1]",0.0054378190080254865,1.3475329382339751e-05,-1.3475329382339751e-05,6.429491225867778e-06,-6.429491225867778e-06,3.619611287097868e-05,-3.619611287097868e-05,False,627,857,True,True
623,DSC08043.JPG,210.0,232.0,3.1764726638793945,1.481281276615814,1.4546530247671434,1.1058711276500897,0.020332033525408678,0.8800789729808426,0.474391831432316,1.2480681231775126,0.9470652202965516,1.7545808679851902,1.2480681231775126,0.9470652202965516,1.7545808679851902,False,False,False,False,0.0,-0.0,0.0,-0.0,0.0,-0.0,0.0,0.00013079584047248673,0.005668687075632422,0.0024412821020399432,0.0051257194490758684,"[1, 1, 1]",0.005673044688291122,2.4461384223739557e-05,-2.4461384223739557e-05,-1.2107287058027438e-05,1.2107287058027438e-05,2.462291767413305e-05,-2.462291767413305e-05,False,628,1009,True,True
624,DSC08043.JPG,211.0,232.0,3.1768555641174316,1.475760165658768,1.453094137573479,1.108999773547799,0.020332263065302027,0.8800790059908463,0.4743917603550964,1.2467404957192438,0.9406799939712353,1.7549901487474762,1.2467404957192438,0.9406799939712353,1.7549901487474762,False,False,False,False,0.0,-0.0,0.0,-0.0,0.0,-0.0,0.0,0.0001300847734404802,0.007866353060532773,0.006128577006509943,0.00499203488083419,"[1, 1, 1]",0.007885409956194902,3.529998602003204e-05,-3.529998602003204e-05,-3.034433770188194e-05,3.034433770188194e-05,1.3292650878238277e-05,-1.3292650878238277e-05,False,629,1214,True,True
625,DSC08043.JPG,212.0,232.0,3.1772384643554688,1.470237752427544,1.451534796486309,1.1121292193689405,0.020332707610913277,0.880078464122762,0.47439274655977776,1.2454126233252165,0.9342931931423326,1.7553994820433394,1.2454126233252165,0.9342931931423326,1.7553994820433394,False,False,False,False,0.0,-0.0,0.0,-0.0,0.0,-0.0,0.0,0.00012950104340204893,0.010851407138093865,0.00976749784911243,0.004880258437707861,"[1, 1, 1]",0.010885172847273264,4.599120296644443e-05,-4.599120296644443e-05,-4.828102780041199e-05,4.828102780041199e-05,2.206550761219006e-06,-2.206550761219006e-06,False,630,1486,True,True
626,DSC08043.JPG,213.0,232.0,3.177621603012085,1.464713961769535,1.4499752028562205,1.1152593477001587,0.020331193693721102,0.8800786102156842,0.4743925404175514,1.2440843117858877,0.9279049075363897,1.7558089870687097,1.2440843117858877,0.9279049075363897,1.7558089870687097,False,False,False,False,0.0,-0.0,0.0,-0.0,0.0,-0.0,0.0,0.00012904634115927117,0.014096982577590948,0.013357944251858744,0.004788481726961094,"[1, 1, 1]",0.014143711511033273,5.6534771294636244e-05,-5.6534771294636244e-05,-6.591636673758394e-05,6.591636673758394e-05,-8.634144616159745e-06,8.634144616159745e-06,False,631,1317,True,True
627,DSC08043.JPG,214.0,232.0,3.178004741668701,1.459188868026468,1.4484151550500013,1.1183902764528948,0.020331043165350244,0.8800779831888307,0.4743937101080588,1.2427557551582888,0.9215150464464711,1.756218544660367,1.2427557551582888,0.9215150464464711,1.756218544660367,False,False,False,False,0.0,-0.0,0.0,-0.0,0.0,-0.0,0.0,0.00012872226274587617,0.017429285566357196,0.01689994110657883,0.004714642438632021,"[1, 1, 1]",0.01748736487571095,6.693107635857842e-05,-6.693107635857842e-05,-8.325004293863181e-05,8.325004293863181e-05,-1.922816217669876e-05,1.922816217669876e-05,False,632,1102,True,True
628,DSC08043.JPG,215.0,232.0,3.1783878803253174,1.453662471198343,1.4468546530676538,1.1215220056271467,0.02033104047014346,0.8800786870529039,0.47439240443818054,1.241426953442418,0.9151236098725787,1.756628154818313,1.241426953442418,0.9151236098725787,1.756628154818313,False,False,False,False,0.0,-0.0,0.0,-0.0,0.0,-0.0,0.0,0.00012852989299887835,0.020782529502819006,0.020393456386651344,0.004656459160817023,"[1, 1, 1]",0.020850530086324228,7.718018680158423e-05,-7.718018680158423e-05,-0.00010028144031015707,0.00010028144031015707,-2.9574292587764006e-05,2.9574292587764006e-05,False,633,948,True,True
629,DSC08043.JPG,216.0,232.0,3.1787712574005127,1.4481346949162313,1.4452938978358283,1.1246544185566867,0.02033019607985009,0.8800791567040556,0.4743915693416498,1.2400977121999637,0.9087306860706748,1.7570379367875426,1.2400977121999637,0.9087306860706748,1.7570379367875426,False,False,False,False,0.0,-0.0,0.0,-0.0,0.0,-0.0,0.0,0.0001284697839118771,0.024127342060923162,0.02383838576840386,0.004611497421460544,"[1, 1, 1]",0.024203958132825627,8.728181626804776e-05,-8.728181626804776e-05,-0.00011700950510196151,0.00011700950510196151,-3.967123145898199e-05,3.967123145898199e-05,False,634,807,True,True
630,DSC08043.JPG,217.0,232.0,3.179154634475708,1.442605614738181,1.4437326881452497,1.127787632405828,0.020330616056155652,0.8800791293445842,0.474391602099843,1.2387682257167256,0.9023361858044079,1.7574477713557712,1.2387682257167256,0.9023361858044079,1.7574477713557712,False,False,False,False,0.0,-0.0,0.0,-0.0,0.0,-0.0,0.0,0.00012854235270392728,0.027448978925553126,0.027234769116825364,0.00457737115250403,"[1, 1, 1]",0.027532993133836784,9.72363734002002e-05,-9.72363734002002e-05,-0.0001334340225283004,0.0001334340225283004,-4.951783035211932e-05,4.951783035211932e-05,False,635,704,True,True
631,DSC08043.JPG,218.0,232.0,3.1795382499694824,1.437075153484383,1.4421712246399447,1.1309215310064265,0.2582771747047809,0.7696247726321992,0.5839268878698358,1.237438299401879,0.8959401963493522,1.7578577778007047,1.237438299401879,0.8959401963493522,1.7578577778007047,False,False,False,False,0.0,-0.0,0.0,-0.0,0.0,-0.0,0.0,0.0001287473340328325,0.030739099276371966,0.03058250016237467,0.004551627138878012,"[1, 1, 1]",0.03082935980381993,0.00010704355665014376,-0.00010704355665014376,-0.0001495538966322929,0.0001495538966322929,-5.911274070813377e-05,5.911274070813377e-05,False,636,607,True,True
632,DSC08043.JPG,219.0,232.0,3.179921865463257,1.4315433875237662,1.4406093063932637,1.13405623102471,0.3156702421132323,0.7751391869466104,0.5472764741005418,1.2361081276937353,0.8895426294495459,1.758267836877348,1.2361081276937353,0.8895426294495459,1.758267836877348,False,False,False,False,0.0,-0.0,0.0,-0.0,0.0,-0.0,0.0,0.00012908432949845235,0.03399282208654466,0.0338816287641825,0.004531977848557148,"[1, 1, 1]",0.03408823510784963,0.00011670379013661858,-0.00011670379013661858,-0.00016536897754493296,0.00016536897754493296,-6.845489795459514e-05,6.845489795459514e-05,False,637,521,True,True
633,DSC08043.JPG,220.0,232.0,3.2006571292877197,1.4193529535858298,1.4561499832123304,1.127318020470373,0.2993974831065361,0.3230802845236876,0.89776404297653,1.2181542245252517,0.8905097285001812,1.7688624051794268,1.2181542245252517,0.8905097285001812,1.7688624051794268,False,False,False,False,0.0,-0.0,0.0,-0.0,0.0,-0.0,0.0,0.00011789061008314146,0.03018499480444389,0.030182332542450768,0.0007374687016450904,"[1, 1, 1]",0.030188167962691727,9.516869633419134e-05,-9.516869633419134e-05,-0.00013684566055860437,0.00013684566055860437,-5.926169857062291e-05,5.926169857062291e-05,False,638,604,True,True
634,DSC08043.JPG,221.0,232.0,3.2012603282928467,1.413711766588097,1.454759495671144,1.130369279054819,0.25373402962244157,-0.19008726341536528,-0.9484122914106584,1.2166376238561845,0.8841461896464093,1.769383865591982,1.2166376238561845,0.8841461896464093,1.769383865591982,False,False,False,False,0.0,-0.0,0.0,-0.0,0.0,-0.0,0.0,0.00011835863603211294,0.033055828181721064,0.03305482729461819,0.0005843062415114746,"[1, 1, 1]",0.033057909785618914,0.00010354842517856788,-0.00010354842517856788,-0.00014926387721314605,0.00014926387721314605,-6.5118192708713e-05,6.5118192708713e-05,False,639,541,True,True
635,DSC08043.JPG,222.0,232.0,3.2018637657165527,1.4080684492609803,1.4533684931710238,1.1334216826206416,-0.1584882591153914,0.7849987652974983,0.598880964970482,1.2151204424335653,0.8777802557250739,1.7699055281060405,1.2151204424335653,0.8777802557250739,1.7699055281060405,False,False,False,False,0.0,-0.0,0.0,-0.0,0.0,-0.0,0.0,0.00011896925123194801,0.035873947777154254,0.03587370921893518,0.00042087836822443626,"[1, 1, 1]",0.03587506292765344,0.00011176613539709557,-0.00011176613539709557,-0.00016132097353138697,0.00016132097353138697,-7.065255669003179e-05,7.065255669003179e-05,False,640,503,True,True
636,DSC08043.JPG,223.0,232.0,3.202467441558838,1.4024230003881584,1.4519769752880352,1.1364752319149671,0.05638651580254405,0.8581043288523525,0.5103699850505543,1.213602680028624,0.8714119252655926,1.7704273927706695,1.213602680028624,0.8714119252655926,1.7704273927706695,False,False,False,False,0.0,-0.0,0.0,-0.0,0.0,-0.0,0.0,0.00011972043611722062,0.03863901474944115,0.03863901087265962,0.00024573557452783635,"[1, 1, 1]",0.03863940351036281,0.00011982182713721201,-0.00011982182713721201,-0.00017301616674125775,0.00017301616674125775,-7.586342298182558e-05,7.586342298182558e-05,False,641,465,True,True
637,DSC08043.JPG,224.0,232.0,3.203071355819702,1.3967754187533108,1.4505849415982408,1.139529927684923,0.12935925442778298,0.894431814398748,0.4280863378867071,1.212084336412592,0.8650411967973822,1.770949459634934,1.212084336412592,0.8650411967973822,1.770949459634934,False,False,False,False,0.0,-0.0,0.0,-0.0,0.0,-0.0,0.0,0.00012060972538715209,0.04135076703130344,0.04135077023077734,5.7609163645386355e-05,"[1, 1, 1]",0.04135078869605571,0.0001277154997865182,-0.0001277154997865182,-0.00018434868061123488,0.00018434868061123488,-8.07494370929085e-05,8.07494370929085e-05,False,642,431,True,True
638,DSC08043.JPG,225.0,232.0,3.2036752700805664,1.391125783158008,1.4491921920228605,1.1425858851024837,0.09750256068166863,0.9057551105718725,0.41243294040783496,1.2105656064813202,0.858667985005645,1.7714716093557048,1.2105656064813202,0.858667985005645,1.7714716093557048,False,False,False,False,0.0,-0.0,0.0,-0.0,0.0,-0.0,0.0,0.00012163438320474995,0.044009084121021794,0.044009122042360745,0.0001445703766524303,"[1, 1, 1]",0.04400922181035718,0.0001354475306147851,-0.0001354475306147851,-0.0001953183597522834,0.0001953183597522834,-8.530961412844817e-05,8.530961412844817e-05,False,643,402,True,True
639,DSC08043.JPG,226.0,232.0,3.204279661178589,1.3854739327555863,1.4477991255889617,1.145642875816036,-0.11263152192381959,-0.9091341064408928,-0.4009854321232177,1.2090460998330543,0.8522924565984238,1.771994080750084,1.2090460998330543,0.8522924565984238,1.771994080750084,False,False,False,False,0.0,-0.0,0.0,-0.0,0.0,-0.0,0.0,0.0001227909159385098,0.04661361109318451,0.046613937521144476,0.0003618620669523369,"[1, 1, 1]",0.04661447659257592,0.00014301716759845817,-0.00014301716759845817,-0.00020592323949464308,0.00020592323949464308,-8.954194562438289e-05,8.954194562438289e-05,False,644,380,True,True
640,DSC08043.JPG,227.0,232.0,3.209831714630127,1.3781426680998397,1.4505427150426045,1.146336920949555,0.004690201597437096,0.9188259612998976,0.3946350907487758,1.203473815497484,0.8476340330504343,1.7749949407136931,1.203473815497484,0.8476340330504343,1.7749949407136931,False,False,False,False,0.0,-0.0,0.0,-0.0,0.0,-0.0,0.0,0.00012135840332416898,0.04718762824034196,0.047196002320557186,0.0016060862063441374,"[1, 1, 1]",0.04720547852594375,0.00014236659917532535,-0.00014236659917532535,-0.00020247226427594356,0.00020247226427594356,-8.479024107233002e-05,8.479024107233002e-05,False,645,405,True,True
641,DSC08043.JPG,228.0,232.0,3.210810899734497,1.3723505926550155,1.4494584741944196,1.1492229036936192,0.03172006884927378,-0.8788856095122818,-0.4759768089144916,1.201644857606108,0.8413728529170356,1.7757056790221817,1.201644857606108,0.8413728529170356,1.7757056790221817,False,False,False,False,0.0,-0.0,0.0,-0.0,0.0,-0.0,0.0,0.0001225877794666734,0.04947197260808532,0.049486393931666366,0.001967986405610429,"[1, 1, 1]",0.049498748623207155,0.000148843766650808,-0.000148843766650808,-0.00021072193107074533,0.00021072193107074533,-8.69869056203676e-05,8.69869056203676e-05,False,646,395,True,True
642,DSC08043.JPG,229.0,232.0,3.206181287765503,1.3684757597440205,1.443689489823051,1.15477934177887,0.09264126198797346,0.9181866303200602,0.38516348279499285,1.2044127557679691,0.8331813384268044,1.7736063112405982,1.2044127557679691,0.8331813384268044,1.7736063112405982,False,False,False,False,0.0,-0.0,0.0,-0.0,0.0,-0.0,0.0,0.00012696882606848457,0.05406626602459964,0.05407117813092952,0.0011314556126633157,"[1, 1, 1]",0.05407464108791647,0.00016460480965196922,-0.00016460480965196922,-0.00023528161743269216,0.00023528161743269216,-0.00010008305673769868,0.00010008305673769868,False,647,329,True,True
643,DSC08043.JPG,230.0,232.0,3.2065980434417725,1.3628801060822457,1.44213693285807,1.157930547837534,-0.034373946193261194,0.8948265755024385,0.44508856601544117,1.203045537492785,0.8267316305366512,1.774035094374481,1.203045537492785,0.8267316305366512,1.774035094374481,False,False,False,False,0.0,-0.0,0.0,-0.0,0.0,-0.0,0.0,0.00012871740253831898,0.0565366761397292,0.05654443070627567,0.0013737475318635172,"[1, 1, 1]",0.05654889731000559,0.00017185272135078478,-0.00017185272135078478,-0.000245004764054535,0.000245004764054535,-0.0001033913651831142,0.0001033913651831142,False,648,315,True,True
644,DSC08043.JPG,231.0,232.0,3.2122766971588135,1.3554633517411296,1.4449715517873842,1.1585902462900308,-0.15212044217785278,0.8720968598031347,0.4650875597058325,1.1973615543759542,0.8220657392567392,1.7771010862157517,1.1973615543759542,0.8220657392567392,1.7771010862157517,False,False,False,False,0.0,-0.0,0.0,-0.0,0.0,-0.0,0.0,0.00012779640770439236,0.05659654802941397,0.05663413571847306,0.002861836654570849,"[1, 1, 1]",0.056651499040468525,0.00016970989393927383,-0.00016970989393927383,-0.00023744326765773316,0.00023744326765773316,-9.431491598732578e-05,9.431491598732578e-05,False,649,355,True,True
645,DSC08043.JPG,232.0,232.0,3.20991587638855,1.3508211872609799,1.4411004330520154,1.163061430116298,0.14533740832047357,-0.9152250196125251,-0.37581937312749225,1.1982715404755522,0.8146649755655113,1.7761380918141563,1.1982715404755522,0.8146649755655113,1.7761380918141563,False,False,False,False,0.0,-0.0,0.0,-0.0,0.0,-0.0,0.0,0.0001312397586231841,0.06017645897658058,0.06020554249839989,0.0025111848775544367,"[1, 1, 1]",0.0602171886305531,0.00018142407355314916,-0.00018142407355314916,-0.0002551345387851178,0.0002551345387851178,-0.00010307734109016309,0.00010307734109016309,False,650,318,True,True
646,DSC08043.JPG,233.0,232.0,3.2081902027130127,1.3459652437147867,1.4377609817255226,1.1672281616999824,-0.08011165513432343,-0.9517253387670408,-0.2963123390282635,1.1986615995921368,0.8074868336517594,1.7754931828842206,1.1986615995921368,0.8074868336517594,1.7754931828842206,False,False,False,False,0.0,-0.0,0.0,-0.0,0.0,-0.0,0.0,0.000134429254762132,0.06348689335305421,0.06351098544656159,0.002280970984606678,"[1, 1, 1]",0.06351942115418664,0.0001920696218005169,-0.0001920696218005169,-0.00027103616433499234,0.00027103616433499234,-0.00011073708875253274,0.00011073708875253274,False,651,281,True,True
647,DSC08043.JPG,234.0,232.0,3.2099246978759766,1.3399009122744185,1.4373027090705541,1.1697631694538115,0.21954672016396157,0.9520256141052309,0.21318177162413549,1.1962109585936294,0.8014685912004572,1.7765829124151977,1.1962109585936294,0.8014685912004572,1.7765829124151977,False,False,False,False,0.0,-0.0,0.0,-0.0,0.0,-0.0,0.0,0.00013592053450680713,0.06510918623284136,0.06515040793988247,0.0029334397703326444,"[1, 1, 1]",0.06516282244260894,0.00019624360393311058,-0.00019624360393311058,-0.00027468251981654923,0.00027468251981654923,-0.00010926784678311208,0.00010926784678311208,False,652,286,True,True
648,DSC08043.JPG,235.0,232.0,3.211116313934326,1.3340221142913613,1.436390983916536,1.1725566754625882,0.26386176750526397,0.9444245696089923,0.19605917465874306,1.1942052431834846,0.795263464866186,1.7774006514765008,1.1942052431834846,0.795263464866186,1.7774006514765008,False,False,False,False,0.0,-0.0,0.0,-0.0,0.0,-0.0,0.0,0.00013779675285575854,0.06692226092952111,0.06698147125440539,0.003477271858713481,"[1, 1, 1]",0.06699700710893727,0.0002012208830000084,-0.0002012208830000084,-0.00027972080642535424,0.00027972080642535424,-0.00010870844846033734,0.00010870844846033734,False,653,291,True,True
649,DSC08043.JPG,201.0,233.0,3.1614317893981934,1.5360346951067514,1.4626989337179546,1.0885976192014377,0.8489033308376904,-0.4863148354957754,0.20702902132162906,1.2724623553715235,0.9995300132387052,1.7509182843867273,1.2724623553715235,0.9995300132387052,1.7509182843867273,False,False,False,False,0.0,-0.0,0.0,-0.0,0.0,-0.0,0.0,0.00014943696434729887,0.03217089266475899,0.03155721832668708,0.007668233398057395,"[1, 1, 1]",0.03232356858367873,-7.435515815901184e-05,7.435515815901184e-05,0.0001576473853084348,-0.0001576473853084348,0.00013392593851957457,-0.00013392593851957457,False,654,200,True,True
650,DSC08043.JPG,202.0,233.0,3.161811113357544,1.530546286811737,1.461148429514729,1.0917093557373891,-0.7833151481781359,0.5614157480119434,-0.2668889966237937,1.2711439081112246,0.993181335982401,1.7513252083148456,1.2711439081112246,0.993181335982401,1.7513252083148456,False,False,False,False,0.0,-0.0,0.0,-0.0,0.0,-0.0,0.0,0.0001478349284707534,0.027959958141711438,0.02724747990176586,0.007320839293842255,"[1, 1, 1]",0.028087177764402282,-6.16179308092768e-05,6.16179308092768e-05,0.00013593734386030398,-0.00013593734386030398,0.00012013425150891877,-0.00012013425150891877,False,655,243,True,True
651,DSC08043.JPG,203.0,233.0,3.1621904373168945,1.5250565884057534,1.459597475657353,1.0948218847255076,-0.052536387401448136,0.9984175471207812,-0.02005815545177405,1.2698252182028602,0.9868310989283359,1.7517321842858795,1.2698252182028602,0.9868310989283359,1.7517321842858795,False,False,False,False,0.0,-0.0,0.0,-0.0,0.0,-0.0,0.0,0.0001463299015476223,0.02382133252653874,0.022985226868587765,0.006998899285701854,"[1, 1, 1]",0.023924476274982936,-4.902830884212506e-05,4.902830884212506e-05,0.00011451835250064768,-0.00011451835250064768,0.00010657002502112434,-0.00010657002502112434,False,656,305,True,True
652,DSC08043.JPG,204.0,233.0,3.162569999694824,1.519565528513648,1.4580462750631564,1.0979350868875992,-0.5279638105142279,0.8439598259729147,-0.09479465665882217,1.268506092353689,0.9804793961935534,1.7521393317863994,1.268506092353689,0.9804793961935534,1.7521393317863994,False,False,False,False,0.0,-0.0,0.0,-0.0,0.0,-0.0,0.0,0.00014492487110797042,0.019770889607687237,0.01877055522255107,0.006702558374182066,"[1, 1, 1]",0.01985127336979414,-3.6586507170754956e-05,3.6586507170754956e-05,9.339126757668126e-05,-9.339126757668126e-05,9.323435888441978e-05,-9.323435888441978e-05,False,657,360,True,True
653,DSC08043.JPG,205.0,233.0,3.162949562072754,1.514073177699693,1.4564946245321846,1.1010490819999426,0.5022499614967757,-0.86378467833849,0.04026171437182922,1.26718672370394,0.9741261326806203,1.7525465313625443,1.26718672370394,0.9741261326806203,1.7525465313625443,False,False,False,False,0.0,-0.0,0.0,-0.0,0.0,-0.0,0.0,0.00014362297562365474,0.01583967022327051,0.014603478533028921,0.0064319137263040725,"[1, 1, 1]",0.015898525917155914,-2.429217537613937e-05,2.429217537613937e-05,7.255666599736976e-05,-7.255666599736976e-05,8.012892249897874e-05,-8.012892249897874e-05,False,658,437,True,True
654,DSC08043.JPG,206.0,233.0,3.1633291244506836,1.508579535963888,1.4549425240644385,1.1041638700625376,0.366586338782841,-0.9298923670363147,0.030243047885287144,1.2658671122536134,0.9677713083895377,1.752953783014316,1.2658671122536134,0.9677713083895377,1.752953783014316,False,False,False,False,0.0,-0.0,0.0,-0.0,0.0,-0.0,0.0,0.00014242712933085634,0.012096615513733049,0.01048404622390398,0.006186838786874063,"[1, 1, 1]",0.01213507947971964,-1.2145237709315637e-05,1.2145237709315637e-05,5.2015230733060136e-05,-5.2015230733060136e-05,6.7255056865001e-05,-6.7255056865001e-05,False,659,530,True,True
655,DSC08043.JPG,207.0,233.0,3.1637089252471924,1.5030845307147598,1.4533901761533128,1.1072793325443167,-0.2597538615946033,0.9540889498398929,-0.14913821502251565,1.264547064481197,0.9614150159667666,1.7533612062773503,1.264547064481197,0.9614150159667666,1.7533612062773503,False,False,False,False,0.0,-0.0,0.0,-0.0,0.0,-0.0,0.0,0.00014133998581103633,0.008720572255153717,0.006412358525751572,0.005966951086604772,"[1, 1, 1]",0.008739886374100933,-1.459305196682692e-07,1.459305196682692e-07,3.17678810963784e-05,-3.17678810963784e-05,5.461393002059722e-05,-5.461393002059722e-05,False,660,650,True,True
656,DSC08043.JPG,208.0,233.0,3.164088726043701,1.4975882337329012,1.4518373780227893,1.1103955884744312,-0.26695517995997237,0.949056799403093,-0.16741004569408724,1.2632267737556895,0.955057161785458,1.7537686816487217,1.2632267737556895,0.955057161785458,1.7537686816487217,False,False,False,False,0.0,-0.0,0.0,-0.0,0.0,-0.0,0.0,0.00014036428221095876,0.00623913690741999,0.002388415409603359,0.005771716597022254,"[1, 1, 1]",0.006242758575959091,1.1706120004006948e-05,-1.1706120004006948e-05,1.1815100435130788e-05,-1.1815100435130788e-05,4.22070925574225e-05,-4.22070925574225e-05,False,661,778,True,True
657,DSC08043.JPG,209.0,233.0,3.164468765258789,1.4920905716159585,1.4502843318836391,1.1135125198198987,-0.3583501343175058,0.9264820666349607,-0.11496156504866295,1.2619060464030667,0.948697837511685,1.7541763286967782,1.2619060464030667,0.948697837511685,1.7541763286967782,False,False,False,False,0.0,-0.0,0.0,-0.0,0.0,-0.0,0.0,0.000139502316498643,0.005817640504198364,0.0015876788132408207,0.005600248365834301,"[1, 1, 1]",0.005819297501122735,2.3410663091860684e-05,-2.3410663091860684e-05,-7.842149871484239e-06,7.842149871484239e-06,3.0035757899948834e-05,-3.0035757899948834e-05,False,662,940,True,True
658,DSC08043.JPG,210.0,233.0,3.164848566055298,1.486591690763199,1.4487306331730059,1.1166303628957275,-0.2942486282218275,0.947659598388097,-0.12393155519270885,1.2605852696951219,0.9423368593231051,1.7545839083011772,1.2605852696951219,0.9423368593231051,1.7545839083011772,False,False,False,False,0.0,-0.0,0.0,-0.0,0.0,-0.0,0.0,0.0001387565538357867,0.007726348951316011,0.005515998293857838,0.0054515196304777535,"[1, 1, 1]",0.007740858161886035,3.496842303007952e-05,-3.496842303007952e-05,-2.7203769665140598e-05,2.7203769665140598e-05,1.81014665936452e-05,-1.81014665936452e-05,False,663,1120,True,True
659,DSC08043.JPG,211.0,233.0,3.165228843688965,1.4810913697512398,1.447176888099273,1.1197487643500943,-0.30474262243865236,0.9411713532633944,0.14604252074503465,1.25926386238101,0.9359745007473589,1.754991779216033,1.25926386238101,0.9359745007473589,1.754991779216033,False,False,False,False,0.0,-0.0,0.0,-0.0,0.0,-0.0,0.0,0.00013812857414294372,0.010741575581849133,0.009396314510611516,0.005324012114283376,"[1, 1, 1]",0.010770730684146678,4.637847214805646e-05,-4.637847214805646e-05,-4.626814106623023e-05,4.626814106623023e-05,6.405305662759986e-06,-6.405305662759986e-06,False,664,1366,True,True
660,DSC08043.JPG,212.0,233.0,3.1656088829040527,1.4755898300034647,1.4456224904540549,1.1228680775348232,-0.18994337640963505,0.9276782976875091,0.3214568240957297,1.257942405711578,0.9296104882568049,1.7553995826872302,1.257942405711578,0.9296104882568049,1.7553995826872302,False,False,False,False,0.0,-0.0,0.0,-0.0,0.0,-0.0,0.0,0.00013762047164703154,0.014135689070335966,0.013228773357920756,0.005216226289829625,"[1, 1, 1]",0.01417792592371731,5.76418926976352e-05,-5.76418926976352e-05,-6.503557397397053e-05,6.503557397397053e-05,-5.051226887431426e-06,5.051226887431426e-06,False,665,1404,True,True
661,DSC08043.JPG,213.0,233.0,3.1659891605377197,1.4700869226879634,1.4440678439523413,1.1259880676291574,0.020332737153670944,0.8800783192230766,0.4743930141067894,1.2566205119574905,0.9232450027326228,1.7558075579332462,1.2566205119574905,0.9232450027326228,1.7558075579332462,False,False,False,False,0.0,-0.0,0.0,-0.0,0.0,-0.0,0.0,0.0001372334025135571,0.017661445858089174,0.017013204880806387,0.005126223914833556,"[1, 1, 1]",0.017715162744461322,6.875806983019928e-05,-6.875806983019928e-05,-8.350470252982412e-05,8.350470252982412e-05,-1.626689751388355e-05,1.626689751388355e-05,False,666,1160,True,True
662,DSC08043.JPG,214.0,233.0,3.166369676589966,1.4645826465884146,1.4425129481701955,1.1291087353802232,0.020331577228801957,0.8800784855593576,0.47439275523867036,1.2552981808899784,0.9168780427042288,1.7562157050031457,1.2552981808899784,0.9168780427042288,1.7562157050031457,False,False,False,False,0.0,-0.0,0.0,-0.0,0.0,-0.0,0.0,0.00013696848025899756,0.021228351849023438,0.020749563877479633,0.005051985071484608,"[1, 1, 1]",0.02129213323734498,7.97270587531429e-05,-7.97270587531429e-05,-0.00010167480686162911,0.00010167480686162911,-2.7240341547773994e-05,2.7240341547773994e-05,False,667,977,True,True
663,DSC08043.JPG,215.0,233.0,3.166749954223633,1.45907715215849,1.4409573999578782,1.1322303146126087,0.020331516349768847,0.8800790630630109,0.474391686479698,1.2539758005434014,0.9105094292512221,1.756623784613033,1.2539758005434014,0.9105094292512221,1.756623784613033,False,False,False,False,0.0,-0.0,0.0,-0.0,0.0,-0.0,0.0,0.00013682677316389109,0.024797583727411403,0.02443796051114115,0.004991466033361193,"[1, 1, 1]",0.0248701508570813,9.054966005894727e-05,-9.054966005894727e-05,-0.00011954607796949013,0.00011954607796949013,-3.797038072494985e-05,3.797038072494985e-05,False,668,832,True,True
664,DSC08043.JPG,216.0,233.0,3.167130708694458,1.4535702118932012,1.4394018034040958,1.1353524557101222,0.020331603262059905,0.8800788067222179,0.47439215831123444,1.2526527885230665,0.9041394285483311,1.7570321557623523,1.2526527885230665,0.9041394285483311,1.7570321557623523,False,False,False,False,0.0,-0.0,0.0,-0.0,0.0,-0.0,0.0,0.00013680834729988382,0.028349689715954952,0.028078132366153665,0.004942327949735649,"[1, 1, 1]",0.028429852538322715,0.000101224834024638,-0.000101224834024638,-0.0001371165280206199,0.0001371165280206199,-4.8455498463884084e-05,4.8455498463884084e-05,False,669,713,True,True
665,DSC08043.JPG,217.0,233.0,3.167511224746704,1.448062053297537,1.437845554420141,1.1384755082889553,0.020330748822138114,0.8800793711958912,0.4743911477333615,1.2513297272236674,0.897767774420827,1.757440459451658,1.2513297272236674,0.897767774420827,1.757440459451658,False,False,False,False,0.0,-0.0,0.0,-0.0,0.0,-0.0,0.0,0.0001369137488434546,0.03187443314269506,0.03167027917516715,0.004902503063220134,"[1, 1, 1]",0.03196107482532037,0.00011175377680960885,-0.00011175377680960885,-0.00015438689167313058,0.00015438689167313058,-5.869471994746078e-05,5.869471994746078e-05,False,670,610,True,True
666,DSC08043.JPG,218.0,233.0,3.1678919792175293,1.4425525234851844,1.4362890553078835,1.1415992400187738,0.020331725013244668,0.8800795422238158,0.4743907886090379,1.2500062281533058,0.891394642847947,1.757848935062981,1.2500062281533058,0.891394642847947,1.757848935062981,False,False,False,False,0.0,-0.0,0.0,-0.0,0.0,-0.0,0.0,0.00013714250941609658,0.035365452179114874,0.03521420988531741,0.00486972378070564,"[1, 1, 1]",0.03545750975564055,0.0001221357989065197,-0.0001221357989065197,-0.0001713555651468024,0.0001713555651468024,-6.868654063474366e-05,6.868654063474366e-05,False,671,520,True,True
667,DSC08043.JPG,219.0,233.0,3.1682727336883545,1.437041698696579,1.4347321048457322,1.1447237671892654,0.3483278307222839,0.7909330464456197,0.5030831326774526,1.2486824855198018,0.8850199455949748,1.7582574629134826,1.2486824855198018,0.8850199455949748,1.7582574629134826,False,False,False,False,0.0,-0.0,0.0,-0.0,0.0,-0.0,0.0,0.00013749423858929805,0.038818938105759794,0.03870997772808618,0.004841940566546109,"[1, 1, 1]",0.0389154000467579,0.00013237135901422725,-0.00013237135901422725,-0.00018802241535964548,0.00018802241535964548,-7.842985980843764e-05,7.842985980843764e-05,False,672,448,True,True
668,DSC08043.JPG,220.0,233.0,3.168653726577759,1.4315295010695237,1.4331749036900316,1.147848974506911,0.40861463406941456,0.7766507090391991,0.47942440172901923,1.247358304810309,0.87864376893585,1.7586661627514233,1.247358304810309,0.87864376893585,1.7586661627514233,False,False,False,False,0.0,-0.0,0.0,-0.0,0.0,-0.0,0.0,0.00013796794733966265,0.04223222322861634,0.04215746633102852,0.004817108945347138,"[1, 1, 1]",0.042332122486492554,0.0001424601252730806,-0.0001424601252730806,-0.0002043862490117565,0.0002043862490117565,-8.79232168062849e-05,8.79232168062849e-05,False,673,388,True,True
669,DSC08043.JPG,221.0,233.0,3.1886937618255615,1.4195623713184427,1.4481509183490568,1.1414888703133232,0.4490319305254648,0.6534316573036261,0.609423821820259,1.2299888412697102,0.8793394100723226,1.7689502258891572,1.2299888412697102,0.8793394100723226,1.7689502258891572,False,False,False,False,0.0,-0.0,0.0,-0.0,0.0,-0.0,0.0,0.00012731198014050488,0.03813274562992509,0.038131141789602134,0.0007863246011961261,"[1, 1, 1]",0.03813599724235134,0.0001196872824247297,-0.0001196872824247297,-0.0001726507824464374,0.0001726507824464374,-7.548256771672257e-05,7.548256771672257e-05,False,674,468,True,True
670,DSC08043.JPG,222.0,233.0,3.1892924308776855,1.4139423226132177,1.4467641031286294,1.1445313962965913,-0.23941589192253038,-0.8379112634711147,-0.49049438859499683,1.2284801558524012,0.8729975536557039,1.769469738897812,1.2284801558524012,0.8729975536557039,1.769469738897812,False,False,False,False,0.0,-0.0,0.0,-0.0,0.0,-0.0,0.0,0.00012791043070312582,0.041158039913473395,0.04115754558385976,0.0006153765673669875,"[1, 1, 1]",0.041160092898953324,0.00012850043180456794,-0.00012850043180456794,-0.00018565046309837463,0.00018565046309837463,-8.153749903927476e-05,8.153749903927476e-05,False,675,424,True,True
671,DSC08043.JPG,223.0,233.0,3.1898913383483887,1.408320158708391,1.445376778472744,1.1475750584232167,-0.06011533978911961,-0.8798062506564567,-0.4715157550155318,1.2269708927335201,0.8666533202874565,1.769989453840661,1.2269708927335201,0.8666533202874565,1.769989453840661,False,False,False,False,0.0,-0.0,0.0,-0.0,0.0,-0.0,0.0,0.00012863878305175314,0.044130854460952926,0.0441308082120478,0.0004331595162727212,"[1, 1, 1]",0.04413189423090954,0.0001371525107565219,-0.0001371525107565219,-0.0001982919279071016,0.0001982919279071016,-8.727355945348236e-05,8.727355945348236e-05,False,676,394,True,True
672,DSC08043.JPG,224.0,233.0,3.190490484237671,1.4026958783876422,1.4439889439574645,1.1506198574403257,0.06441503916000411,0.8876109408708073,0.45606745156441,1.225461051684298,0.8603067084969988,1.77050937076677,1.225461051684298,0.8603067084969988,1.77050937076677,False,False,False,False,0.0,-0.0,0.0,-0.0,0.0,-0.0,0.0,0.00012949499363369653,0.04705092032248048,0.04705095581545046,0.0002384567020462775,"[1, 1, 1]",0.04705124019202943,0.00014564353214208126,-0.00014564353214208126,-0.00021057438113158966,0.00021057438113158966,-9.268933468664642e-05,9.268933468664642e-05,False,677,362,True,True
673,DSC08043.JPG,225.0,233.0,3.1910898685455322,1.3970694804346497,1.4426005991588575,1.1536657940950434,-0.34460665141292446,-0.8582818785111657,-0.38026105877583094,1.2239506324759635,0.8539577168137485,1.7710294897252061,1.2239506324759635,0.8539577168137485,1.7710294897252061,False,False,False,False,0.0,-0.0,0.0,-0.0,0.0,-0.0,0.0,0.0001304766927962046,0.04991801806555814,0.0499180192775684,3.017338014464347e-05,"[1, 1, 1]",0.049918023234854725,0.00015397350812040855,-0.00015397350812040855,-0.00022249703343679705,0.00022249703343679705,-9.77834231621344e-05,9.77834231621344e-05,False,678,339,True,True
674,DSC08043.JPG,226.0,233.0,3.2081027030944824,1.3859133063177203,1.4549669585246334,1.148878700006823,0.06389604664883984,0.9977332489661006,0.021110640212896537,1.2090174835818603,0.8533431385964957,1.7798002760309863,1.2090174835818603,0.8533431385964957,1.7798002760309863,False,False,False,False,0.0,-0.0,0.0,-0.0,0.0,-0.0,0.0,0.00012256124787061464,0.046162345684285455,0.04619194108268674,0.003505452258903054,"[1, 1, 1]",0.046243625389817,0.00013498598335237588,-0.00013498598335237588,-0.00018920372513941963,0.00018920372513941963,-7.560368291992248e-05,7.560368291992248e-05,False,679,467,True,True
675,DSC08043.JPG,227.0,233.0,3.1987640857696533,1.3836187492787373,1.4452447381020863,1.1566773998543523,-0.3019548122878973,0.817675115228958,0.49013334641859574,1.2156311770034918,0.8435023438283813,1.7753254465461774,1.2156311770034918,0.8435023438283813,1.7753254465461774,False,False,False,False,0.0,-0.0,0.0,-0.0,0.0,-0.0,0.0,0.00012924180129879166,0.05276061172595118,0.05276940785172716,0.001833716386196936,"[1, 1, 1]",0.052780939126969476,0.00015894920191761308,-0.00015894920191761308,-0.0002263848776862254,0.0002263848776862254,-9.523869185601441e-05,9.523869185601441e-05,False,680,351,True,True
676,DSC08043.JPG,228.0,233.0,3.1980934143066406,1.3784072740753626,1.4427875495300648,1.1603374124454937,0.21242902165479638,-0.8627173033085911,-0.4589038737369065,1.2151569560985516,0.836693953224937,1.7752076604458635,1.2151569560985516,0.836693953224937,1.7752076604458635,False,False,False,False,0.0,-0.0,0.0,-0.0,0.0,-0.0,0.0,0.00013130054816471427,0.055935227931561714,0.05594549005105724,0.0018536458147165064,"[1, 1, 1]",0.055955712784074324,0.00016880382921558024,-0.00016880382921558024,-0.00024029499601585513,0.00024029499601585513,-0.00010092900530311866,0.00010092900530311866,False,681,325,True,True
677,DSC08043.JPG,229.0,233.0,3.197423219680786,1.3731979168566806,1.4403315547473112,1.1639957978211375,0.08800969674288191,0.941585845812336,0.3250698205695107,1.2146827738141612,0.8298884841781228,1.7750900221209274,1.2146827738141612,0.8298884841781228,1.7750900221209274,False,False,False,False,0.0,-0.0,0.0,-0.0,0.0,-0.0,0.0,0.00013346550562200809,0.059089664475434255,0.05910112185958895,0.001871104112999507,"[1, 1, 1]",0.05911020251464953,0.00017859009652809732,-0.00017859009652809732,-0.0002541500221804327,0.0002541500221804327,-0.00010665165196810378,0.00010665165196810378,False,682,304,True,True
678,DSC08043.JPG,230.0,233.0,3.1967532634735107,1.367990757106649,1.4378765536627303,1.167652670278634,0.013066879974124663,0.8872894877433718,0.46102778830331576,1.2142088249681926,0.823085852374776,1.7749724117576895,1.2142088249681926,0.823085852374776,1.7749724117576895,False,False,False,False,0.0,-0.0,0.0,-0.0,0.0,-0.0,0.0,0.00013573154528561318,0.06222398226319794,0.0622363955285024,0.0018857440215090005,"[1, 1, 1]",0.062244473356382106,0.0001883084741771679,-0.0001883084741771679,-0.0002679504531386545,0.0002679504531386545,-0.0001124066105884225,0.0001124066105884225,False,683,271,True,True
679,DSC08043.JPG,231.0,233.0,3.199010133743286,1.36177529056148,1.437866521841911,1.1699264295275171,-0.05740587382824123,0.9109691911709891,0.4084601552015694,1.2113371676060223,0.8172788804799553,1.7763269476710122,1.2113371676060223,0.8172788804799553,1.7763269476710122,False,False,False,False,0.0,-0.0,0.0,-0.0,0.0,-0.0,0.0,0.00013653648519771646,0.06395978094513152,0.06398563067249463,0.002617526586238788,"[1, 1, 1]",0.06399947640467606,0.00019252236849531812,-0.00019252236849531812,-0.00027182484447263455,0.00027182484447263455,-0.00011125706947101577,0.00011125706947101577,False,684,277,True,True
680,DSC08043.JPG,232.0,233.0,3.1942405700683594,1.3579902098077825,1.4319902468102557,1.1755146447058684,0.07082354650256992,0.8106215879702909,0.5812715943320491,1.2142235229211114,0.8090934071158293,1.774146908166906,1.2142235229211114,0.8090934071158293,1.774146908166906,False,False,False,False,0.0,-0.0,0.0,-0.0,0.0,-0.0,0.0,0.00014116791310292797,0.06900615701935855,0.06901572357527981,0.0016016591081986806,"[1, 1, 1]",0.06902023297981795,0.00020979252624453437,-0.00020979252624453437,-0.0002995315802170051,0.0002995315802170051,-0.00012698394635268784,0.00012698394635268784,False,685,225,True,True
681,DSC08043.JPG,233.0,233.0,3.198690891265869,1.3510065175283605,1.433808166427528,1.1767595792261205,-0.050062518530388074,-0.8922198369248431,-0.4488178994160115,1.2095525870730712,0.8040174140398038,1.7766052214390238,1.2095525870730712,0.8040174140398038,1.7766052214390238,False,False,False,False,0.0,-0.0,0.0,-0.0,0.0,-0.0,0.0,0.0001410237286981582,0.06953672910409653,0.06957183460377935,0.002955155660488159,"[1, 1, 1]",0.06958566595647181,0.0002094099239577929,-0.0002094099239577929,-0.00029470538076359354,0.00029470538076359354,-0.00011935686902653231,0.00011935686902653231,False,686,245,True,True
682,DSC08043.JPG,234.0,233.0,3.198787212371826,1.3455332669076765,1.4319925533546907,1.1800556291353925,0.25926516835516433,0.8981152116908484,0.3552050661340162,1.2084504943680636,0.7974729133202814,1.7768731210344495,1.2084504943680636,0.7974729133202814,1.7768731210344495,False,False,False,False,0.0,-0.0,0.0,-0.0,0.0,-0.0,0.0,0.00014326906604935063,0.07214336497652488,0.0721854923771702,0.003202847940838701,"[1, 1, 1]",0.07219996072545021,0.0002171906620871411,-0.0002171906620871411,-0.00030491517638320254,0.00030491517638320254,-0.0001225151075456843,0.0001225151075456843,False,687,237,True,True
683,DSC08043.JPG,235.0,233.0,3.2103137969970703,1.3360352549528076,1.4396950709625493,1.17800357203503,0.19208060721704162,0.9462619547690438,0.2601794636165597,1.1979681668267292,0.7947116483878698,1.7828937665336109,1.1979681668267292,0.7947116483878698,1.7828937665336109,False,False,False,False,0.0,-0.0,0.0,-0.0,0.0,-0.0,0.0,0.00013985479664410818,0.0688561774951152,0.06905685408243939,0.006557056533893323,"[1, 1, 1]",0.06911229006911469,0.0002026385345073045,-0.0002026385345073045,-0.0002718239259469346,0.0002718239259469346,-9.24244236633065e-05,9.24244236633065e-05,False,688,365,True,True
684,DSC08043.JPG,201.0,234.0,3.1757891178131104,1.5335213471251008,1.4788726009210704,1.086385414037735,0.9782713498932746,0.028058187404039345,0.20542128443175034,1.2639064265913573,1.0050031845717786,1.7639428288635168,1.2639064265913573,1.0050031845717786,1.7639428288635168,False,False,False,False,0.0,-0.0,0.0,-0.0,0.0,-0.0,0.0,0.00014445630347577343,0.03374327007779234,0.03368134793243552,0.002691801403979569,"[1, 1, 1]",0.033766013016295025,-9.661342836841946e-05,9.661342836841946e-05,0.00015644005160142527,-0.00015644005160142527,9.039721142212187e-05,-9.039721142212187e-05,False,689,374,True,True
685,DSC08043.JPG,202.0,234.0,3.175046443939209,1.528340198834324,1.4763564093339934,1.0900746418891631,0.7378927457804174,-0.017059682548065894,0.6747023513787362,1.2634915871895243,0.9981775259782095,1.7637872239523704,1.2634915871895243,0.9981775259782095,1.7637872239523704,False,False,False,False,0.0,-0.0,0.0,-0.0,0.0,-0.0,0.0,0.00014325347329971247,0.02943180673942316,0.029351553724952024,0.0026759269672022986,"[1, 1, 1]",0.029452551158281846,-8.298436610876259e-05,8.298436610876259e-05,0.00013651106231749033,-0.00013651106231749033,8.134347949084741e-05,-8.134347949084741e-05,False,690,425,True,True
686,DSC08043.JPG,203.0,234.0,3.1743040084838867,1.523161505595267,1.473841301473023,1.093762199057209,0.8617001693279335,-0.15389168246013565,0.4835185293758656,1.2630770298794565,0.9913550158801416,1.7636316370550777,1.2630770298794565,0.9913550158801416,1.7636316370550777,False,False,False,False,0.0,-0.0,0.0,-0.0,0.0,-0.0,0.0,0.00014217203804988137,0.025143556330911324,0.025039123136840518,0.002664895486507938,"[1, 1, 1]",0.02516205258526804,-6.942059212633467e-05,6.942059212633467e-05,0.00011660960904458229,-0.00011660960904458229,7.221521831013433e-05,-7.221521831013433e-05,False,691,496,True,True
687,DSC08043.JPG,204.0,234.0,3.1735620498657227,1.5179851949449494,1.471327480126493,1.0974479673873463,0.9276878184323543,-0.3733484123983628,-0.002504893578871178,1.2626625613701339,0.9845357469027899,1.7634761881451164,1.2626625613701339,0.9845357469027899,1.7634761881451164,False,False,False,False,0.0,-0.0,0.0,-0.0,0.0,-0.0,0.0,0.00014121448964387305,0.020881982363311808,0.02074411899950656,0.0026597850080621217,"[1, 1, 1]",0.02089796779835387,-5.592235286400182e-05,5.592235286400182e-05,9.673610575200442e-05,-9.673610575200442e-05,6.301268925357206e-05,-6.301268925357206e-05,False,692,559,True,True
688,DSC08043.JPG,205.0,234.0,3.172820568084717,1.5128112644507286,1.4688149444465346,1.1011319483738273,-0.5902606534735945,0.8070078588096643,0.018184520350178136,1.2622481812040165,0.977719716104989,1.7633208773206206,1.2622481812040165,0.977719716104989,1.7633208773206206,False,False,False,False,0.0,-0.0,0.0,-0.0,0.0,-0.0,0.0,0.00014038317416868458,0.016653932508336373,0.016466573652571464,0.0026617426901671833,"[1, 1, 1]",0.01666712916739163,-4.248965899344981e-05,4.248965899344981e-05,7.689093698926008e-05,-7.689093698926008e-05,5.373654186469068e-05,-5.373654186469068e-05,False,693,665,True,True
689,DSC08043.JPG,206.0,234.0,3.225477933883667,1.4915010562320783,1.5117536439309482,1.078295414348468,-0.3404723145627461,0.9098186770609754,-0.2372942854080204,1.218559771081701,0.9917618856931281,1.790032381738544,1.218559771081701,0.9917618856931281,1.790032381738544,False,False,False,False,0.0,-0.0,0.0,-0.0,0.0,-0.0,0.0,0.0001152430327088771,0.020796519430602893,0.0203298216538607,0.005600895354809281,"[1, 1, 1]",0.0209423840373668,-7.923070280435596e-05,7.923070280435596e-05,7.49459315299017e-05,-7.49459315299017e-05,-1.8029301140920495e-05,1.8029301140920495e-05,False,694,1126,True,True
690,DSC08043.JPG,207.0,234.0,3.224799871444702,1.4862220873970373,1.5092651581217953,1.0820006463686513,-0.4304454173058242,0.8826304028409451,-0.18889233626922466,1.2180778448978922,0.9848668019454169,1.789912443535747,1.2180778448978922,0.9848668019454169,1.789912443535747,False,False,False,False,0.0,-0.0,0.0,-0.0,0.0,-0.0,0.0,0.00011405185697509729,0.01742746717174381,0.016823471803647554,0.005381965665528356,"[1, 1, 1]",0.017545816753852358,-6.827291292887949e-05,6.827291292887949e-05,6.208411808006353e-05,-6.208411808006353e-05,-1.984835461721346e-05,1.984835461721346e-05,False,695,1088,True,True
691,DSC08043.JPG,208.0,234.0,3.2241218090057373,1.480945424706306,1.5067774760941675,1.0857044618370033,-0.5504281668165238,0.8273752149947288,-0.11170983299346288,1.2175963524608437,0.9779745064219891,1.7897924123033782,1.2175963524608437,0.9779745064219891,1.7897924123033782,False,False,False,False,0.0,-0.0,0.0,-0.0,0.0,-0.0,0.0,0.0001130170754733726,0.014131001069363824,0.013337571757122196,0.005192248981864929,"[1, 1, 1]",0.01422208599105117,-5.7383782169573294e-05,5.7383782169573294e-05,4.927111440689025e-05,-4.927111440689025e-05,-2.1711193464390988e-05,2.1711193464390988e-05,False,696,1050,True,True
692,DSC08043.JPG,209.0,234.0,3.2234442234039307,1.4756709216121593,1.5042910028594918,1.0894066254406367,-0.4962677978384305,0.8681176685454578,-0.009486115527108537,1.2171149068834843,0.971085182412499,1.789672528053818,1.2171149068834843,0.971085182412499,1.789672528053818,False,False,False,False,0.0,-0.0,0.0,-0.0,0.0,-0.0,0.0,0.00011214259835746813,0.010953968435321601,0.00987220292146473,0.005033694403167688,"[1, 1, 1]",0.011017892124753813,-4.656363002841779e-05,4.656363002841779e-05,3.650727458692771e-05,-3.650727458692771e-05,-2.3617796570452043e-05,2.3617796570452043e-05,False,697,1030,True,True
693,DSC08043.JPG,210.0,234.0,3.222766876220703,1.4703986493612586,1.5018055352054946,1.0931072560812056,-0.08021325701912237,0.8766053230396966,0.4744775453241738,1.216633701228068,0.9641987358211485,1.789552670862652,1.216633701228068,0.9641987358211485,1.789552670862652,False,False,False,False,0.0,-0.0,0.0,-0.0,0.0,-0.0,0.0,0.00011143208844946345,0.008013490569615915,0.006427353859914742,0.004907856523068837,"[1, 1, 1]",0.008050278394298373,-3.581224514226378e-05,3.581224514226378e-05,2.3792877917205857e-05,-2.3792877917205857e-05,-2.5567283653327166e-05,2.5567283653327166e-05,False,698,994,True,True
694,DSC08043.JPG,211.0,234.0,3.2220897674560547,1.4651286067372826,1.4993210727082422,1.0968063545058362,-0.08021321400035579,0.8766051752397076,0.47447782565963476,1.2161527352658241,0.9573151651773558,1.7894328407789477,1.2161527352658241,0.9573151651773558,1.7894328407789477,False,False,False,False,0.0,-0.0,0.0,-0.0,0.0,-0.0,0.0,0.00011088848277115221,0.005652850143280294,0.0030030423353325877,0.0048158642454897566,"[1, 1, 1]",0.005664164862568791,-2.5129587783556673e-05,2.5129587783556673e-05,1.1128212438871188e-05,-1.1128212438871188e-05,-2.755907888785103e-05,2.755907888785103e-05,False,699,973,True,True
695,DSC08043.JPG,212.0,234.0,3.2214131355285645,1.4598607180337284,1.4968378170255745,1.1005038045523394,-0.0802139042995301,0.8766059618033968,0.474476255768155,1.2156718150956811,0.9504345591847819,1.789313157907027,1.2156718150956811,0.9504345591847819,1.789313157907027,False,False,False,False,0.0,-0.0,0.0,-0.0,0.0,-0.0,0.0,0.00011051391504589202,0.00477464253766466,0.00040066643011105033,0.0047582770045804775,"[1, 1, 1]",0.004774879318014155,-1.4515841301854238e-05,1.4515841301854238e-05,-1.4862692789829879e-06,1.4862692789829879e-06,-2.9592737520456325e-05,2.9592737520456325e-05,False,700,947,True,True
696,DSC08043.JPG,213.0,234.0,3.220736503601074,1.4545951306091993,1.4943553634286924,1.1041998410355158,-0.08021330284438848,0.8766058800953017,0.47447650840598615,1.215191327757219,0.9435567355341627,1.7891933822017994,1.215191327757219,0.9435567355341627,1.7891933822017994,False,False,False,False,0.0,-0.0,0.0,-0.0,0.0,-0.0,0.0,0.00011031011801159838,0.00602794613985111,0.003783849863772452,0.0047348842417472,"[1, 1, 1]",0.006044533998854979,-3.970524478535964e-06,3.970524478535964e-06,-1.4050594471681777e-05,1.4050594471681777e-05,-3.166740649529487e-05,3.166740649529487e-05,False,701,916,True,True
697,DSC08043.JPG,214.0,234.0,3.220060348510742,1.44933169386157,1.4918741155159005,1.1078942311329023,-0.08021271337156133,0.8766060854705229,0.47447622862438343,1.2147108856008058,0.9366818726132095,1.7890737538391985,1.2147108856008058,0.9366818726132095,1.7890737538391985,False,False,False,False,0.0,-0.0,0.0,-0.0,0.0,-0.0,0.0,0.00011027759286585767,0.008495100601657545,0.007146392449262461,0.004744856392341416,"[1, 1, 1]",0.008536724261752266,6.505947382828836e-06,-6.505947382828836e-06,-2.6564119172567402e-05,2.6564119172567402e-05,-3.378274223875266e-05,3.378274223875266e-05,False,702,887,True,True
698,DSC08043.JPG,215.0,234.0,3.2193844318389893,1.4440704810647014,1.4893938707814878,1.1115870925009406,-0.08021407425414885,0.8766058694049207,0.4744763977442853,1.2142306820699749,0.9298098787770958,1.7889541528130346,1.2142306820699749,0.9298098787770958,1.7889541528130346,False,False,False,False,0.0,-0.0,0.0,-0.0,0.0,-0.0,0.0,0.00011041639024489855,0.011396746106518297,0.01048832542825883,0.004786607767756636,"[1, 1, 1]",0.01146303639714672,1.6913844070653994e-05,-1.6913844070653994e-05,-3.902674160483066e-05,3.902674160483066e-05,-3.5938062457496756e-05,3.5938062457496756e-05,False,703,860,True,True
699,DSC08043.JPG,216.0,234.0,3.2187087535858154,1.4388114910022731,1.486914628801518,1.1152784258867583,-0.31880523929319626,0.9277998670553378,0.19377983922819594,1.2137507169359578,0.922940752555239,1.788834579172374,1.2137507169359578,0.922940752555239,1.788834579172374,False,False,False,False,0.0,-0.0,0.0,-0.0,0.0,-0.0,0.0,0.00011072565198312493,0.01446002576075858,0.013809633709047331,0.00485801008566929,"[1, 1, 1]",0.01454988988153186,2.72532122633784e-05,-2.72532122633784e-05,-5.143819545971873e-05,5.143819545971873e-05,-3.813281598619156e-05,3.813281598619156e-05,False,704,830,True,True
700,DSC08043.JPG,217.0,234.0,3.2180335521698,1.43355464594058,1.4844365905272756,1.1189681163733747,-0.3319980051296196,0.9208731971360019,0.20437680735952252,1.2132707959163975,0.9160745802003312,1.7887151531033167,1.2132707959163975,0.9160745802003312,1.7887151531033167,False,False,False,False,0.0,-0.0,0.0,-0.0,0.0,-0.0,0.0,0.00011120362033299398,0.01758935380670047,0.017110242909157906,0.004956546782403566,"[1, 1, 1]",0.017701880343472757,3.752382423116707e-05,-3.752382423116707e-05,-6.379789376498302e-05,6.379789376498302e-05,-4.036640851001749e-05,4.036640851001749e-05,False,705,801,True,True
701,DSC08043.JPG,218.0,234.0,3.217358350753784,1.4283000972926294,1.4819593526430745,1.1226563962851723,0.4320606313097986,-0.8866809892666753,-0.16468282893261402,1.2127913068134428,0.9092111843050463,1.788595634397217,1.2127913068134428,0.9092111843050463,1.788595634397217,False,False,False,False,0.0,-0.0,0.0,-0.0,0.0,-0.0,0.0,0.00011184816357122719,0.02074538409114067,0.020390256288020363,0.005079377333356086,"[1, 1, 1]",0.020879817853823802,4.772627066151891e-05,-4.772627066151891e-05,-7.610619770348492e-05,7.610619770348492e-05,-4.2638360250979446e-05,4.2638360250979446e-05,False,706,772,True,True
702,DSC08043.JPG,219.0,234.0,3.2166836261749268,1.423047690401892,1.4794833173341049,1.1263430352901063,-0.6265092206141406,0.7638539815547523,0.15496222555324424,1.2123118612148942,0.9023507383551574,1.7884762633935625,1.2123118612148942,0.9023507383551574,1.7884762633935625,False,False,False,False,0.0,-0.0,0.0,-0.0,0.0,-0.0,0.0,0.00011265596888132232,0.023909196874044008,0.023649537134859587,0.00522368447473966,"[1, 1, 1]",0.024064882935406068,5.786004052610316e-05,-5.786004052610316e-05,-8.836217267638169e-05,8.836217267638169e-05,-4.4948003714129214e-05,4.4948003714129214e-05,False,707,753,True,True
703,DSC08043.JPG,220.0,234.0,3.1570868492126465,1.4370084529864853,1.4273455846629712,1.1584285023201664,-0.4001157924855887,-0.7922965049850609,-0.4606230571650608,1.2598472058677506,0.8741768354872569,1.7586543677379995,1.2598472058677506,0.8741768354872569,1.7586543677379995,False,False,False,False,0.0,-0.0,0.0,-0.0,0.0,-0.0,0.0,0.00014632377300177128,0.04753875123645867,0.047464066772839104,0.005116566879161486,"[1, 1, 1]",0.047639005877007694,0.00015954978865195812,-0.00015954978865195812,-0.0002291598559243102,0.0002291598559243102,-9.891547806706313e-05,9.891547806706313e-05,False,708,334,True,True
704,DSC08043.JPG,221.0,234.0,3.1574652194976807,1.4315156943687937,1.4257930500203007,1.1615442863544454,0.42645820169205884,0.727070416966822,0.5380539108502671,1.2585289872940932,0.8678218965956835,1.759061703807628,1.2585289872940932,0.8678218965956835,1.759061703807628,False,False,False,False,0.0,-0.0,0.0,-0.0,0.0,-0.0,0.0,0.00014691551456033386,0.05110612987560395,0.051058001359532736,0.005083305627461417,"[1, 1, 1]",0.05120837828879997,0.00017005822649540647,-0.00017005822649540647,-0.00024606724361064813,0.00024606724361064813,-0.0001085676678620473,0.0001085676678620473,False,709,293,True,True
705,DSC08043.JPG,222.0,234.0,3.1578433513641357,1.4260217274282407,1.4242398661853153,1.1646609752674493,-0.3689849527754582,-0.8154246979590136,-0.4460186841195606,1.2572107211172907,0.8614653165555991,1.7594689715705187,1.2572107211172907,0.8614653165555991,1.7594689715705187,False,False,False,False,0.0,-0.0,0.0,-0.0,0.0,-0.0,0.0,0.00014761932975211137,0.054630485608507064,0.05460421169432973,0.005049076443518715,"[1, 1, 1]",0.05473391575571612,0.0001804213223131068,-0.0001804213223131068,-0.00026267446720384946,0.00026267446720384946,-0.00011797211576425326,0.00011797211576425326,False,710,248,True,True
706,DSC08043.JPG,223.0,234.0,3.1774137020111084,1.4141711552411755,1.438828284523121,1.158588009301499,0.16941215750488556,0.8465251097139616,0.504672923301127,1.2402344564753307,0.8619319718349977,1.7695549815863576,1.2402344564753307,0.8619319718349977,1.7695549815863576,False,False,False,False,0.0,-0.0,0.0,-0.0,0.0,-0.0,0.0,0.00013749226558632042,0.04993658922346561,0.04993643957374245,0.0006408786916726056,"[1, 1, 1]",0.049938570594904946,0.00015548388785546763,-0.00015548388785546763,-0.0002250584955547641,0.0002250584955547641,-9.93976610859093e-05,9.93976610859093e-05,False,711,333,True,True
707,DSC08043.JPG,224.0,234.0,3.1780083179473877,1.4085699242925298,1.437444779409043,1.1616228854377568,-0.056781522031692344,-0.885022782127187,-0.4620720007440599,1.2387328826919792,0.8556093594139224,1.7700728580669876,1.2387328826919792,0.8556093594139224,1.7700728580669876,False,False,False,False,0.0,-0.0,0.0,-0.0,0.0,-0.0,0.0,0.0001383197200306472,0.05306170071515346,0.053061772822690936,0.0004395524911361964,"[1, 1, 1]",0.05306264704838297,0.00016456106461459896,-0.00016456106461459896,-0.00023827801946030291,0.00023827801946030291,-0.00010534188967836755,0.00010534188967836755,False,712,309,True,True
708,DSC08043.JPG,225.0,234.0,3.1829757690429688,1.4015037762212603,1.4397332579115103,1.1625741498839683,0.135076364347815,0.8798499636921778,0.4556516401654335,1.2336606027492234,0.8508213092652354,1.77279664925281,1.2336606027492234,0.8508213092652354,1.77279664925281,False,False,False,False,0.0,-0.0,0.0,-0.0,0.0,-0.0,0.0,0.00013682241395859832,0.05427913917087396,0.05427970531934453,0.0007340551976122611,"[1, 1, 1]",0.05428190396011727,0.0001656694465674846,-0.0001656694465674846,-0.00023861827399707103,0.00023861827399707103,-0.00010386653653382538,0.00010386653653382538,False,713,312,True,True
709,DSC08043.JPG,226.0,234.0,3.182178020477295,1.3963592358855406,1.4371771473448933,1.1662784668710053,0.14377034707299355,0.8724852073997938,0.46701140261352253,1.2332941505977035,0.8439982767010777,1.7726125289547459,1.2332941505977035,0.8439982767010777,1.7726125289547459,False,False,False,False,0.0,-0.0,0.0,-0.0,0.0,-0.0,0.0,0.00013866559206180169,0.0578512802771582,0.057851998469781084,0.0006789154137136055,"[1, 1, 1]",0.057853631179958356,0.0001768047636765413,-0.0001768047636765413,-0.00025475121630202935,0.00025475121630202935,-0.00011101384226019917,0.00011101384226019917,False,714,279,True,True
710,DSC08043.JPG,227.0,234.0,3.1853134632110596,1.3898882159847061,1.437920757204341,1.168114090994438,0.22615727517205922,0.8143676823432573,0.5344699849772868,1.2297143267057693,0.8385448280382376,1.7744128979966636,1.2297143267057693,0.8385448280382376,1.7744128979966636,False,False,False,False,0.0,-0.0,0.0,-0.0,0.0,-0.0,0.0,0.00013844654193995908,0.05965662248769421,0.0596613930176552,0.0015222827208749893,"[1, 1, 1]",0.059668717809272485,0.00018066737545896494,-0.00018066737545896494,-0.00025879601625766746,0.00025879601625766746,-0.0001108125587490072,0.0001108125587490072,False,715,280,True,True
711,DSC08043.JPG,228.0,234.0,3.1872332096099854,1.38381943507595,1.4376417640805952,1.1705320681762246,0.04554082888917796,0.7702917485707198,0.6360634048488797,1.22712625350374,0.8326586798146162,1.775600201127172,1.22712625350374,0.8326586798146162,1.775600201127172,False,False,False,False,0.0,-0.0,0.0,-0.0,0.0,-0.0,0.0,0.00013902458131371395,0.06190734671150462,0.06191849602931648,0.002125818543880497,"[1, 1, 1]",0.0619311667668609,0.00018649747899290858,-0.00018649747899290858,-0.0002658022613626354,0.0002658022613626354,-0.0001120659034548055,0.0001120659034548055,False,716,272,True,True
712,DSC08043.JPG,229.0,234.0,3.1868157386779785,1.378541919247801,1.435403037362225,1.174058614841649,-0.0578699347313629,-0.8655771924983124,-0.4974205408715319,1.2264482300834332,0.8259623507284665,1.7756081403227246,1.2264482300834332,0.8259623507284665,1.7756081403227246,False,False,False,False,0.0,-0.0,0.0,-0.0,0.0,-0.0,0.0,0.00014098888689397218,0.065156865957127,0.06517022640547673,0.0022063285238821365,"[1, 1, 1]",0.06518221950765134,0.00019646076231172316,-0.00019646076231172316,-0.0002797603273603233,0.0002797603273603233,-0.00011763757718741275,0.00011763757718741275,False,717,251,True,True
713,DSC08043.JPG,230.0,234.0,3.180356979370117,1.3753382521380593,1.4281087079592552,1.1804330659151152,-0.06177907617151959,0.8169621289585977,0.5733726760099658,1.2307127169596037,0.817206391646339,1.772566482368226,1.2307127169596037,0.817206391646339,1.772566482368226,False,False,False,False,0.0,-0.0,0.0,-0.0,0.0,-0.0,0.0,0.00014632070371837155,0.07130335581163343,0.07130494628846622,0.0007566120665411779,"[1, 1, 1]",0.07130615813928153,0.0002180641830575869,-0.0002180641830575869,-0.0003143265243348292,0.0003143265243348292,-0.00013715120621560217,0.00013715120621560217,False,718,193,True,True
714,DSC08043.JPG,231.0,234.0,3.2055811882019043,1.3612340155497233,1.4473194838344292,1.1718869781569339,-0.047494878001149377,0.9576286664996291,0.2840626227820163,1.2090520724163156,0.8192223888380984,1.785519136487309,1.2090520724163156,0.8192223888380984,1.785519136487309,False,False,False,False,0.0,-0.0,0.0,-0.0,0.0,-0.0,0.0,0.00013491235202837482,0.06227484987053197,0.06247064004337808,0.007119392118973808,"[1, 1, 1]",0.06257564841322114,0.00017950023037283103,-0.00017950023037283103,-0.00024104798011204132,0.00024104798011204132,-8.231858400531422e-05,8.231858400531422e-05,False,719,418,True,True
715,DSC08043.JPG,232.0,234.0,3.1794002056121826,1.3648530747266456,1.4235390707100537,1.1875263730089087,0.027512228852304775,0.8707611034977505,0.4909360222054993,1.2294616157832692,0.8038060895773699,1.7725197301283975,1.2294616157832692,0.8038060895773699,1.7725197301283975,False,False,False,False,0.0,-0.0,0.0,-0.0,0.0,-0.0,0.0,0.0001507423177300219,0.07789668319743308,0.07789856708421909,0.000783047286135559,"[1, 1, 1]",0.07789959297360283,0.00023827403485010556,-0.00023827403485010556,-0.00034364098103467633,0.00034364098103467633,-0.0001501855996748347,0.0001501855996748347,False,720,159,True,True
716,DSC08043.JPG,233.0,234.0,3.1840813159942627,1.3578166692281899,1.4255640341936502,1.18865472870852,0.2168654840922604,0.8413053211112497,0.4951512076924854,1.224610703929907,0.7988375360342478,1.7751017440542858,1.224610703929907,0.7988375360342478,1.7751017440542858,False,False,False,False,0.0,-0.0,0.0,-0.0,0.0,-0.0,0.0,0.00015035015379294116,0.07843801695668434,0.07845489891697806,0.0022501983132866077,"[1, 1, 1]",0.07846259319173417,0.00023759760318853296,-0.00023759760318853296,-0.0003384347848038871,0.0003384347848038871,-0.00014244869261137438,0.00014244869261137438,False,721,174,True,True
717,DSC08043.JPG,234.0,234.0,3.2021987438201904,1.346063696321438,1.4387967663908756,1.1835130927728899,0.04117282983052017,0.8643216845693643,0.5012512580202899,1.2087476560483277,0.7983238348937064,1.7844705122064934,1.2087476560483277,0.7983238348937064,1.7844705122064934,False,False,False,False,0.0,-0.0,0.0,-0.0,0.0,-0.0,0.0,0.00014324651884360136,0.07193647010988444,0.07215924804032782,0.007389228269703125,"[1, 1, 1]",0.07223715636901475,0.00021005382440386633,-0.00021005382440386633,-0.0002817535580723618,0.0002817535580723618,-9.577858695752894e-05,9.577858695752894e-05,False,722,348,True,True
718,DSC08043.JPG,235.0,234.0,3.2012689113616943,1.340945109662245,1.4361233650316156,1.1872915840931297,0.2783024020920172,0.9083031180457344,0.31230308794216244,1.2084856180705907,0.79143233067506,1.7842204990566555,1.2084856180705907,0.79143233067506,1.7842204990566555,False,False,False,False,0.0,-0.0,0.0,-0.0,0.0,-0.0,0.0,0.00014608201197257266,0.07504266838598367,0.07527420381347852,0.007510110875194502,"[1, 1, 1]",0.07534590107475093,0.00021979637258651152,-0.00021979637258651152,-0.0002947093889840158,0.0002947093889840158,-0.00010002984774670765,0.00010002984774670765,False,723,330,True,True
719,DSC08043.JPG,201.0,235.0,3.1863484382629395,1.5321370109330203,1.4918331668743439,1.0861185654109744,0.9891791093650295,0.14658494433647148,0.006127290566026209,1.2584464233435604,1.0089517629460365,1.775103516927783,1.2584464233435604,1.0089517629460365,1.775103516927783,False,False,False,False,0.0,-0.0,0.0,-0.0,0.0,-0.0,0.0,0.00014168177575063373,0.035263234745907625,0.03524700241649901,0.0014999109414059045,"[1, 1, 1]",0.03527106913845097,-0.00011374921116491521,0.00011374921116491521,0.0001517421916159556,-0.0001517421916159556,5.037592961310011e-05,-5.037592961310011e-05,False,724,698,True,True
720,DSC08043.JPG,202.0,235.0,3.1857409477233887,1.5268976416119406,1.4894253468288765,1.089750164014699,0.8579064553823127,-0.5014090649860953,0.1121849515894436,1.2579182395059785,1.0021583564799272,1.7750154993582792,1.2579182395059785,1.0021583564799272,1.7750154993582792,False,False,False,False,0.0,-0.0,0.0,-0.0,0.0,-0.0,0.0,0.00014031607945642544,0.031041727805606916,0.03102232862619936,0.0014236447066126104,"[1, 1, 1]",0.03104835343597188,-0.00010049331717620902,0.00010049331717620902,0.0001336687604760467,-0.0001336687604760467,4.383335471391803e-05,-4.383335471391803e-05,False,725,761,True,True
721,DSC08043.JPG,203.0,235.0,3.185133457183838,1.5216603384145246,1.4870182469083486,1.0933804934995532,0.827145605245161,-0.4264984484304147,0.36596341512515346,1.2573904442713302,0.9953674480431689,1.7749273984416063,1.2573904442713302,0.9953674480431689,1.7749273984416063,False,False,False,False,0.0,-0.0,0.0,-0.0,0.0,-0.0,0.0,0.00013907049261899137,0.02684228777930955,0.026819166073034226,0.001353180594498427,"[1, 1, 1]",0.026847785575326126,-8.73138237369453e-05,8.73138237369453e-05,0.00011565715515460262,-0.00011565715515460262,3.725486438677095e-05,-3.725486438677095e-05,False,726,840,True,True
722,DSC08043.JPG,204.0,235.0,3.1647214889526367,1.5223326031108653,1.4677073371174079,1.1068549609966305,-0.7365861505423611,0.0745113765028614,-0.672226820054686,1.2728808007648935,0.9807646410336277,1.7648412032100036,1.2728808007648935,0.9807646410336277,1.7648412032100036,False,False,False,False,0.0,-0.0,0.0,-0.0,0.0,-0.0,0.0,0.00014724375257513776,0.01935603675641616,0.01924272793951468,0.002254267856013441,"[1, 1, 1]",0.019365180862494343,-5.2459032027885044e-05,5.2459032027885044e-05,8.88074447009668e-05,-8.88074447009668e-05,5.576287936914781e-05,-5.576287936914781e-05,False,727,640,True,True
723,DSC08043.JPG,205.0,235.0,3.1654727458953857,1.5167254974175899,1.4664723979128191,1.1097880099731234,-0.7091151663587157,0.29112091558263226,-0.6421871170853407,1.2712607342593947,0.9745527843684418,1.7654376147139548,1.2712607342593947,0.9745527843684418,1.7654376147139548,False,False,False,False,0.0,-0.0,0.0,-0.0,0.0,-0.0,0.0,0.0001457732616019136,0.015205360171978372,0.01508535522901823,0.001999089251808489,"[1, 1, 1]",0.015211299706126212,-4.028935839950343e-05,4.028935839950343e-05,6.939961509799808e-05,-6.939961509799808e-05,4.489061389323368e-05,-4.489061389323368e-05,False,728,754,True,True
724,DSC08043.JPG,206.0,235.0,3.166224241256714,1.5111157647106241,1.4652367713858463,1.1127225103863077,-0.6241520722022025,0.48110296051601636,-0.6156087492461596,1.269639994201393,0.9683379315939303,1.7660342496846648,1.269639994201393,0.9683379315939303,1.7660342496846648,False,False,False,False,0.0,-0.0,0.0,-0.0,0.0,-0.0,0.0,0.00014440184577626248,0.011116319808782835,0.010983585708344248,0.0017575361330495495,"[1, 1, 1]",0.01111981688496948,-2.828960682266235e-05,2.828960682266235e-05,5.0365517957340344e-05,-5.0365517957340344e-05,3.434720453787676e-05,-3.434720453787676e-05,False,729,878,True,True
725,DSC08043.JPG,207.0,235.0,3.1669762134552,1.5055033314391588,1.4640006601958295,1.1156583452053217,-0.5399526464382578,0.5712022810768668,-0.6182063520353913,1.2680183873015882,0.9621201738434795,1.7666312285825192,1.2680183873015882,0.9621201738434795,1.7666312285825192,False,False,False,False,0.0,-0.0,0.0,-0.0,0.0,-0.0,0.0,0.00014313239802184443,0.0071003264947795556,0.0069374974634013155,0.0015279893708009691,"[1, 1, 1]",0.007102051099474125,-1.6460064669043817e-05,1.6460064669043817e-05,3.170642186511863e-05,-3.170642186511863e-05,2.4134331161107525e-05,-2.4134331161107525e-05,False,730,1020,True,True
726,DSC08043.JPG,208.0,235.0,3.1677284240722656,1.4998882679104815,1.4627638605529345,1.118595633453363,-0.39774841486808177,0.8620554123206764,-0.31409658476105246,1.266396106239228,0.9558994160621509,1.7672284310779753,1.266396106239228,0.9558994160621509,1.7672284310779753,False,False,False,False,0.0,-0.0,0.0,-0.0,0.0,-0.0,0.0,0.00014196794077175377,0.0032235528509823187,0.002947063881365418,0.0013087556348049536,"[1, 1, 1]",0.0032240749338728887,-4.800424508122347e-06,4.800424508122347e-06,1.3423202387397026e-05,-1.3423202387397026e-05,1.4254101681654419e-05,-1.4254101681654419e-05,False,731,1197,True,True
727,DSC08043.JPG,209.0,235.0,3.1684811115264893,1.4942704997629017,1.4615265748338773,1.121534258597656,-0.4493611337768451,0.8918676668346759,-0.051445469243267025,1.2647729575725,0.9496757484029416,1.7678259776641299,1.2647729575725,0.9496757484029416,1.7678259776641299,False,False,False,False,0.0,-0.0,0.0,-0.0,0.0,-0.0,0.0,0.00014091112191584278,0.0014765770234771915,0.0009876386229775832,0.00109790543931768,"[1, 1, 1]",0.0014766695821342127,6.689011494476205e-06,-6.689011494476205e-06,-4.482833065866387e-06,4.482833065866387e-06,4.708234840666847e-06,-4.708234840666847e-06,False,732,1413,True,True
728,DSC08043.JPG,210.0,235.0,3.169234275817871,1.488650024563778,1.460288802190787,1.1244742221324535,-0.4108954101314634,0.9103084237013633,0.050035344220215106,1.2631489408438654,0.9434491679246864,1.7684238684391154,1.2631489408438654,0.9434491679246864,1.7684238684391154,False,False,False,False,0.0,-0.0,0.0,-0.0,0.0,-0.0,0.0,0.0001399645477458235,0.004947006753259709,0.004866590368679231,0.000893427514894854,"[1, 1, 1]",0.004947463509650657,1.8008238093392137e-05,-1.8008238093392137e-05,-2.2010576284259287e-05,2.2010576284259287e-05,-4.501342298457445e-06,4.501342298457445e-06,False,733,1418,True,True
729,DSC08043.JPG,211.0,235.0,3.211347818374634,1.4701972054067298,1.494182559282368,1.1071566827212818,-0.08021417974034188,0.8766060480187085,0.4744760499178078,1.2279797722237102,0.9529440899548519,1.7899219267256559,1.2279797722237102,0.9529440899548519,1.7899219267256559,False,False,False,False,0.0,-0.0,0.0,-0.0,0.0,-0.0,0.0,0.00011828146416322928,0.005339898111346254,0.0008966119297581704,0.005266092185450589,"[1, 1, 1]",0.0053408872122461554,-2.018466468589608e-05,2.018466468589608e-05,3.3490501263333528e-06,-3.3490501263333528e-06,-3.1792759174642526e-05,3.1792759174642526e-05,False,734,913,True,True
730,DSC08043.JPG,212.0,235.0,3.2106757164001465,1.4649458062816145,1.4917086785224558,1.110839629429333,-0.0802129858449058,0.8766055340955785,0.47447720123821585,1.2274979582608578,0.9460873428664157,1.789802553737532,1.2274979582608578,0.9460873428664157,1.789802553737532,False,False,False,False,0.0,-0.0,0.0,-0.0,0.0,-0.0,0.0,0.0001180115133113876,0.005875287315672237,0.0027177569142445555,0.005227378550525939,"[1, 1, 1]",0.005883480634348573,-8.912909477576392e-06,8.912909477576392e-06,-1.016164246125939e-05,1.016164246125939e-05,-3.414990140493401e-05,3.414990140493401e-05,False,735,882,True,True
731,DSC08043.JPG,213.0,235.0,3.210003614425659,1.4596966930287938,1.4892355944784814,1.1145211720376598,-0.08021312331937265,0.8766062479517472,0.47447585913227586,1.2270165742319403,0.9392333594925567,1.7896830885376078,1.2270165742319403,0.9392333594925567,1.7896830885376078,False,False,False,False,0.0,-0.0,0.0,-0.0,0.0,-0.0,0.0,0.00011790076594229671,0.008127903102143612,0.006311524209490193,0.005221007560337796,"[1, 1, 1]",0.00815956696020405,2.2893959206182757e-06,-2.2893959206182757e-06,-2.36224070493396e-05,2.36224070493396e-05,-3.655038388661325e-05,3.655038388661325e-05,False,736,850,True,True
732,DSC08043.JPG,214.0,235.0,3.20933198928833,1.4544497153031266,1.4867637113386278,1.1182010784768788,-0.08021267753136936,0.8766058266797924,0.47447671280505066,1.2265352329483081,0.9323823181784916,1.7895637721774975,1.2265352329483081,0.9323823181784916,1.7895637721774975,False,False,False,False,0.0,-0.0,0.0,-0.0,0.0,-0.0,0.0,0.00011794923856824509,0.01107759417353308,0.009884566973564893,0.005245881053603764,"[1, 1, 1]",0.011134114807504232,1.3421788361611675e-05,-1.3421788361611675e-05,-3.703251403353036e-05,3.703251403353036e-05,-3.899380383254325e-05,3.899380383254325e-05,False,737,815,True,True
733,DSC08043.JPG,215.0,235.0,3.20866060256958,1.4492049462499816,1.4842928263022437,1.121879466026892,-0.080213885307159,0.8766057256139015,0.47447669534430814,1.2260541276230035,0.9255341273006411,1.78944448421317,1.2260541276230035,0.9255341273006411,1.78944448421317,False,False,False,False,0.0,-0.0,0.0,-0.0,0.0,-0.0,0.0,0.00011815665178571291,0.014284226455765518,0.013436917384517197,0.005300294942491562,"[1, 1, 1]",0.014364591913825974,2.44845604713273e-05,-2.44845604713273e-05,-5.03918749255039e-05,5.03918749255039e-05,-4.1479459072402136e-05,4.1479459072402136e-05,False,738,788,True,True
734,DSC08043.JPG,216.0,235.0,3.207989454269409,1.4439623846530387,1.481822938945395,1.1255563354348266,-0.08021309617505122,0.8766055483913809,0.4744771561745183,1.2255732580272567,0.9186887853884231,1.7893252246936928,1.2255732580272567,0.9186887853884231,1.7893252246936928,False,False,False,False,0.0,-0.0,0.0,-0.0,0.0,-0.0,0.0,0.00011852197332998432,0.01759579651281257,0.016968557457429187,0.005382154938564216,"[1, 1, 1]",0.017699033720967275,3.5477758213886545e-05,-3.5477758213886545e-05,-6.370020367163498e-05,6.370020367163498e-05,-4.400676533267145e-05,4.400676533267145e-05,False,739,760,True,True
735,DSC08043.JPG,217.0,235.0,3.2073185443878174,1.438722029295977,1.4793540488441441,1.1292316874478094,-0.08021416798581882,0.8766051858908953,0.47447764470365905,1.2250926239323003,0.9118462909712544,1.7892059936681308,1.2250926239323003,0.9118462909712544,1.7892059936681308,False,False,False,False,0.0,-0.0,0.0,-0.0,0.0,-0.0,0.0,0.00011904355269640914,0.020952444262022765,0.0204794702523314,0.005489077634992476,"[1, 1, 1]",0.02107775598628289,4.6401428942743905e-05,-4.6401428942743905e-05,-7.695721856149085e-05,7.695721856149085e-05,-4.657514326966705e-05,4.657514326966705e-05,False,740,734,True,True
736,DSC08043.JPG,218.0,235.0,3.2066478729248047,1.433483878962476,1.4768861555745572,1.132905522812967,-0.5764640855454976,0.8083004235624438,0.11974799933596979,1.224612225109364,0.9050066425785532,1.7890867911855513,1.224612225109364,0.9050066425785532,1.7890867911855513,False,False,False,False,0.0,-0.0,0.0,-0.0,0.0,-0.0,0.0,0.00011971915218507265,0.02432678940142089,0.023969639368408104,0.005618521550811407,"[1, 1, 1]",0.02447349667873151,5.725562139424767e-05,-5.725562139424767e-05,-9.016264222316828e-05,9.016264222316828e-05,-4.918401847264775e-05,4.918401847264775e-05,False,741,709,True,True
737,DSC08043.JPG,219.0,235.0,3.20597767829895,1.4282478552364417,1.4744194601002323,1.1365777274879434,-0.7098875129553242,0.6969839027227105,-0.10135658979821541,1.2241318673540693,0.8981699254613751,1.7889677379026048,1.2241318673540693,0.8981699254613751,1.7889677379026048,False,False,False,False,0.0,-0.0,0.0,-0.0,0.0,-0.0,0.0,0.00012054586325731695,0.027704665503437177,0.0274389772929337,0.005767938684172946,"[1, 1, 1]",0.027872164281511583,6.80400666979164e-05,-6.80400666979164e-05,-0.00010331578176514533,0.00010331578176514533,-5.1832689890396466e-05,5.1832689890396466e-05,False,742,686,True,True
738,DSC08043.JPG,220.0,235.0,3.2053074836730957,1.423014110895658,1.471953559080854,1.140248532047871,-0.7705828964576118,0.5723735066061358,0.2803400945679966,1.223651938312608,0.8913359642156666,1.7888485926695425,1.223651938312608,0.8913359642156666,1.7888485926695425,False,False,False,False,0.0,-0.0,0.0,-0.0,0.0,-0.0,0.0,0.00012152065633989712,0.031078255959031274,0.030887608582395303,0.005934744160252075,"[1, 1, 1]",0.031265984296595654,7.87554442003291e-05,-7.87554442003291e-05,-0.00011641717701471599,0.00011641717701471599,-5.4520821088477334e-05,5.4520821088477334e-05,False,743,653,True,True
739,DSC08043.JPG,221.0,235.0,3.2046377658843994,1.4177824899188196,1.4694888547262428,1.1439177079099556,-0.674537608003431,0.5753587827665234,0.46255949507326555,1.2231720497287382,0.8845049303239284,1.788729596766957,1.2231720497287382,0.8845049303239284,1.788729596766957,False,False,False,False,0.0,-0.0,0.0,-0.0,0.0,-0.0,0.0,0.00012263956281913715,0.034442615810259536,0.03431537251685857,0.006116608517652543,"[1, 1, 1]",0.03465004674596533,8.940115867295262e-05,-8.940115867295262e-05,-0.0001294656926733584,0.0001294656926733584,-5.7247554215322793e-05,5.7247554215322793e-05,False,744,625,True,True
740,DSC08043.JPG,222.0,235.0,3.1706302165985107,1.4235179906231274,1.4389244052251204,1.1635319131353872,0.40844530751688285,0.7952620366549419,0.4480298247024106,1.2498479935424096,0.8657560804592933,1.7717392101126066,1.2498479935424096,0.8657560804592933,1.7717392101126066,False,False,False,False,0.0,-0.0,0.0,-0.0,0.0,-0.0,0.0,0.0001421103288550059,0.05011974097170032,0.05011965195653232,0.0002653794390713227,"[1, 1, 1]",0.050120047749583216,0.00015386711741949277,-0.00015386711741949277,-0.00022222907188607088,0.00022222907188607088,-9.75184722240563e-05,9.75184722240563e-05,False,745,343,True,True
741,DSC08043.JPG,223.0,235.0,3.1687204837799072,1.4187575682785267,1.4354365714238508,1.167755306463876,0.35512678244219403,0.807036383435333,0.471780928190058,1.2503900782215667,0.8585582565041583,1.7709901231731375,1.2503900782215667,0.8585582565041583,1.7709901231731375,False,False,False,False,0.0,-0.0,0.0,-0.0,0.0,-0.0,0.0,0.00014420728586353565,0.054477646808664015,0.05447764573823664,4.8477505210612105e-05,"[1, 1, 1]",0.054477657051314896,0.00016801676885558336,-0.00016801676885558336,-0.0002429415628177889,0.0002429415628177889,-0.00010696706785751076,0.00010696706785751076,False,746,301,True,True
742,DSC08043.JPG,224.0,235.0,3.1668128967285156,1.4140029280444373,1.4319528075664119,1.1719736882384526,0.25414881700401665,0.7868601065551704,0.5623695862397299,1.2509316353172384,0.8513690438951956,1.770241860424257,1.2509316353172384,0.8513690438951956,1.770241860424257,False,False,False,False,0.0,-0.0,0.0,-0.0,0.0,-0.0,0.0,0.0001464147862803742,0.058852525376753013,0.058852554761812635,0.00038683955363633826,"[1, 1, 1]",0.058853175739934184,0.00018220845407102004,-0.00018220845407102004,-0.00026393952769399043,0.00026393952769399043,-0.0001168312718067277,0.0001168312718067277,False,747,255,True,True
743,DSC08043.JPG,225.0,235.0,3.164907693862915,1.4092539793415568,1.428473310377051,1.1761869518880252,0.25079671056896546,0.7270172272639266,0.6391767840193031,1.2514724683373504,0.844188513177639,1.7694945430132796,1.2514724683373504,0.844188513177639,1.7694945430132796,False,False,False,False,0.0,-0.0,0.0,-0.0,0.0,-0.0,0.0,0.00014872727244896874,0.06324394009646411,0.06324434036486956,0.0007508515717691829,"[1, 1, 1]",0.06324636877050699,0.00019644117452011223,-0.00019644117452011223,-0.00028522114886531114,0.00028522114886531114,-0.00012710981691066436,0.00012710981691066436,False,748,223,True,True
744,DSC08043.JPG,226.0,235.0,3.2012932300567627,1.3916571908434445,1.4571806480706613,1.1622406786520023,0.32904447105179674,0.884804422400092,0.3299255524682543,1.220775726281628,0.850392485460388,1.7881352912588677,1.220775726281628,0.850392485460388,1.7881352912588677,False,False,False,False,0.0,-0.0,0.0,-0.0,0.0,-0.0,0.0,0.0001302443801523578,0.05104776069881572,0.051141591380443434,0.007180580155077907,"[1, 1, 1]",0.051346358099573663,0.00014159073498642982,-0.00014159073498642982,-0.00019391114762989936,0.00019391114762989936,-7.144223030142172e-05,7.144223030142172e-05,False,749,500,True,True
745,DSC08043.JPG,227.0,235.0,3.20062518119812,1.3864386664519954,1.4547221064512266,1.1659006744545113,-0.13044949599799804,-0.8550514125534792,-0.5018665269612711,1.2202970447546184,0.8435785463001066,1.788016589495162,1.2202970447546184,0.8435785463001066,1.788016589495162,False,False,False,False,0.0,-0.0,0.0,-0.0,0.0,-0.0,0.0,0.00013213375066695879,0.05431747962233988,0.05444419999638031,0.0074128919872761025,"[1, 1, 1]",0.054632913530187004,0.0001518211502302691,-0.0001518211502302691,-0.00020663886299909784,0.00020663886299909784,-7.438940927828597e-05,7.438940927828597e-05,False,750,473,True,True
746,DSC08043.JPG,228.0,235.0,3.169650077819824,1.3914996627987932,1.4268262457664718,1.1838660517309858,0.17479757042261224,0.7745110501128631,0.6079296362470099,1.2445636294594828,0.8263043677787324,1.7725478102535748,1.2445636294594828,0.8263043677787324,1.7725478102535748,False,False,False,False,0.0,-0.0,0.0,-0.0,0.0,-0.0,0.0,0.00015044954039553988,0.07135531645413029,0.07135632845483311,0.0007297482596232769,"[1, 1, 1]",0.0713576881913411,0.00021814052552171503,-0.00021814052552171503,-0.0003148553888314698,0.0003148553888314698,-0.0001379229381268665,0.0001379229381268665,False,751,190,True,True
747,DSC08043.JPG,229.0,235.0,3.1881799697875977,1.379794472229659,1.4404895910307358,1.1784490538646109,-0.10700114075768964,0.7726762826189343,0.6257172829279513,1.228414788912118,0.8261465203503007,1.7821515797801555,1.228414788912118,0.8261465203503007,1.7821515797801555,False,False,False,False,0.0,-0.0,0.0,-0.0,0.0,-0.0,0.0,0.0001420956899189306,0.06581583081981551,0.06589335964750817,0.005423510586186696,"[1, 1, 1]",0.06596617657642134,0.00019217990578712651,-0.00019217990578712651,-0.0002669218914645999,0.0002669218914645999,-0.00010342274432906251,0.00010342274432906251,False,752,314,True,True
748,DSC08043.JPG,230.0,235.0,3.172151565551758,1.3798626579839885,1.4251655619946708,1.1893121931013944,0.11097824061818394,0.786199639107822,0.6079259474442781,1.240492057034616,0.8141239283907529,1.774249985855857,1.240492057034616,0.8141239283907529,1.774249985855857,False,False,False,False,0.0,-0.0,0.0,-0.0,0.0,-0.0,0.0,0.00015250259284441708,0.07672782665128121,0.07673466810491271,0.0016783398429019416,"[1, 1, 1]",0.07674042447758302,0.00023290234629191886,-0.00023290234629191886,-0.00033415156738425544,0.00033415156738425544,-0.00014378736856857088,0.00014378736856857088,False,753,171,True,True
749,DSC08043.JPG,231.0,235.0,3.178215980529785,1.3723808812794718,1.4283647734330558,1.189781921512845,0.01164793384007416,0.829101756377693,0.5589763887756636,1.2345202277418024,0.809658139660591,1.7775403607857578,1.2345202277418024,0.809658139660591,1.7775403607857578,False,False,False,False,0.0,-0.0,0.0,-0.0,0.0,-0.0,0.0,0.00015110587671503527,0.07685279836536109,0.07688626908476041,0.003478406593164665,"[1, 1, 1]",0.07690887564649455,0.00023017630461641403,-0.00023017630461641403,-0.0003255265736581414,0.0003255265736581414,-0.00013395821990158652,0.00013395821990158652,False,754,199,True,True
750,DSC08043.JPG,232.0,235.0,3.1689822673797607,1.37017019840243,1.4187526394671404,1.1974220490124532,-0.0050445482356998965,0.8512178246226705,0.5247883073942736,1.241054573011867,0.8000118128492605,1.7730791392812355,1.241054573011867,0.8000118128492605,1.7730791392812355,False,False,False,False,0.0,-0.0,0.0,-0.0,0.0,-0.0,0.0,0.00015799911996220136,0.08484318709875875,0.08484659116068613,0.0011307377010770653,"[1, 1, 1]",0.08484865643058401,0.0002588470305173729,-0.0002588470305173729,-0.0003730923336597858,0.0003730923336597858,-0.0001627817806513221,0.0001627817806513221,False,755,131,True,True
751,DSC08043.JPG,233.0,235.0,3.1794819831848145,1.3611314446122842,1.4256561493172764,1.1958305684912682,0.12700868802213247,0.8438336350468286,0.5213574489067478,1.2314514894424564,0.7970132186067472,1.7786180513681704,1.2314514894424564,0.7970132186067472,1.7786180513681704,False,False,False,False,0.0,-0.0,0.0,-0.0,0.0,-0.0,0.0,0.00015446694676733407,0.0823693268405272,0.08242612089614723,0.004305403662873546,"[1, 1, 1]",0.08245395053371339,0.00024609444591305873,-0.00024609444591305873,-0.0003455444536515362,0.0003455444536515362,-0.00013891772187246687,0.00013891772187246687,False,756,187,True,True
752,DSC08043.JPG,234.0,235.0,3.1742172241210938,1.3575636283624741,1.4193714227313226,1.2016040146690883,0.1886390206206721,0.8328975897877008,0.5202854263047474,1.2347431828851398,0.7887235095058621,1.7761674883465597,1.2347431828851398,0.7887235095058621,1.7761674883465597,False,False,False,False,0.0,-0.0,0.0,-0.0,0.0,-0.0,0.0,0.00015935864815462688,0.08827680505412132,0.0883044421564688,0.003032257847633738,"[1, 1, 1]",0.08831665586725256,0.00026639468890943263,-0.00026639468890943263,-0.0003785064352517242,0.0003785064352517242,-0.00015808814518614156,0.00015808814518614156,False,757,143,True,True
753,DSC08043.JPG,235.0,235.0,3.1731419563293457,1.3525431732290727,1.416591988692673,1.2054194000794507,0.20401129995333414,0.8661767864601188,0.456198601585946,1.2346082650645234,0.7818415029027057,1.7758401178422403,1.2346082650645234,0.7818415029027057,1.7758401178422403,False,False,False,False,0.0,-0.0,0.0,-0.0,0.0,-0.0,0.0,0.00016211857988517,0.09193761845133991,0.09196375507682641,0.0029284961272602657,"[1, 1, 1]",0.09197400183633997,0.0002778795986220217,-0.0002778795986220217,-0.0003953470266784276,0.0003953470266784276,-0.00016581072394883378,0.00016581072394883378,False,758,125,True,True
754,DSC07960.JPG,384.0,189.0,5.087779998779297,1.3836949877373002,1.4400648750582927,1.1580331216293025,0.15333621690311203,-0.9844019455723811,-0.0862601538321863,1.2182765203695802,0.8408443327376279,1.7715028936684503,1.2182765203695802,0.8408443327376279,1.7715028936684503,False,False,False,False,0.0,-0.0,0.0,-0.0,0.0,-0.0,0.0,0.0001315173072671881,0.054872372807959806,0.05487245471095688,0.0001777141688359154,"[1, 1, 1]",0.054872557655763744,0.00016875983083930457,-0.00016875983083930457,-0.00024366969471456557,0.00024366969471456557,-0.00010684197221388914,0.00010684197221388914,False,759,302,True,True
755,DSC07960.JPG,385.0,189.0,5.060842990875244,1.37157677434733,1.4483978365926164,1.1343338589443217,0.09538413177146264,0.8821547818016754,0.46119931521050933,1.191985795081363,0.8492177368736673,1.7674251170066961,1.191985795081363,0.8492177368736673,1.7674251170066961,False,False,False,False,0.0,-0.0,0.0,-0.0,0.0,-0.0,0.0,0.00011475349700964052,0.04316398753304871,0.04317288770960129,0.0014649399918767933,"[1, 1, 1]",0.0431808644096074,0.00013588006046960643,-0.00013588006046960643,-0.0001992724982196048,0.0001992724982196048,-9.133656842363891e-05,9.133656842363891e-05,False,760,372,True,True
756,DSC07960.JPG,386.0,189.0,5.058358192443848,1.3776756844651799,1.4520560626303334,1.126593916969448,0.09779824625879838,0.8859317623862718,0.4533877098288593,1.1900796763611172,0.8595155260360838,1.766526076443766,1.1900796763611172,0.8595155260360838,1.766526076443766,False,False,False,False,0.0,-0.0,0.0,-0.0,0.0,-0.0,0.0,0.00011022752882715039,0.0383251785734867,0.038335404427552754,0.0016922771474661871,"[1, 1, 1]",0.03834896575482104,0.00012161192758552986,-0.00012161192758552986,-0.0001784942347951013,0.0001784942347951013,-8.199617477133714e-05,8.199617477133714e-05,False,761,421,True,True
757,DSC07960.JPG,387.0,189.0,5.055875301361084,1.383768209960494,1.4557107986923128,1.1188612268523215,-0.050240655363017965,-0.8731896917382448,-0.4847841156543431,1.1881748982989015,0.8698031626804157,1.7656278493849449,1.1881748982989015,0.8698031626804157,1.7656278493849449,False,False,False,False,0.0,-0.0,0.0,-0.0,0.0,-0.0,0.0,0.00010592743326224756,0.03360260027142152,0.03361162685705982,0.0018727841663721456,"[1, 1, 1]",0.033633194359991514,0.00010766430354935963,-0.00010766430354935963,-0.00015788540201411294,0.00015788540201411294,-7.235246101533477e-05,7.235246101533477e-05,False,762,493,True,True
758,DSC07960.JPG,388.0,189.0,5.0533952713012695,1.389855076631863,1.4593618685835694,1.1111363992550856,0.07580701340549192,0.8520145046623289,0.51800056038922,1.1862724130330313,0.8800807420582492,1.7647305586971735,1.1862724130330313,0.8800807420582492,1.7647305586971735,False,False,False,False,0.0,-0.0,0.0,-0.0,0.0,-0.0,0.0,0.0001018810608044967,0.02899728133273879,0.0290009575613589,0.002010281619781461,"[1, 1, 1]",0.02903393786416144,9.403811864405753e-05,-9.403811864405753e-05,-0.00013744621971545357,0.00013744621971545357,-6.240404825863521e-05,6.240404825863521e-05,False,763,562,True,True
759,DSC07960.JPG,389.0,189.0,5.050917625427246,1.3959359388271737,1.463009367307287,1.1034191155737239,0.08470804573863497,0.8561046262430175,0.5098131186154832,1.1843717457348488,0.8903482393083355,1.7638341416973435,1.1843717457348488,0.8903482393083355,1.7638341416973435,False,False,False,False,0.0,-0.0,0.0,-0.0,0.0,-0.0,0.0,9.811821779626545e-05,0.024510601069625396,0.02450246062146714,0.002109941229889295,"[1, 1, 1]",0.024551904136236997,8.073342386905047e-05,-8.073342386905047e-05,-0.00011717583835246792,0.00011717583835246792,-5.2149347076202446e-05,5.2149347076202446e-05,False,764,681,True,True
760,DSC07960.JPG,390.0,189.0,5.048442363739014,1.4020108077945894,1.4666532993671777,1.0957093671519689,-0.03824815585677078,0.895325302431579,0.4437675984108776,1.1824728972133773,0.9006056692771168,1.7629385975704748,1.1824728972133773,0.9006056692771168,1.7629385975704748,False,False,False,False,0.0,-0.0,0.0,-0.0,0.0,-0.0,0.0,9.467135573087965e-05,0.020145359130860244,0.020115267812787056,0.0021786797923030385,"[1, 1, 1]",0.020189181997126836,6.775052006946503e-05,-6.775052006946503e-05,-9.70737415462164e-05,9.70737415462164e-05,-4.158687892319435e-05,4.158687892319435e-05,False,765,786,True,True
761,DSC07960.JPG,391.0,189.0,5.042771339416504,1.4056608174880247,1.4708905804297885,1.0859476783142799,-0.009026540605035441,0.895551778290997,0.4448657482483212,1.1773839576547303,0.9105535356303571,1.761630798000165,1.1773839576547303,0.9105535356303571,1.761630798000165,False,False,False,False,0.0,-0.0,0.0,-0.0,0.0,-0.0,0.0,8.971730203375667e-05,0.015665412164181554,0.01559537168206936,0.002293798240515743,"[1, 1, 1]",0.0157143607348282,5.445670937143099e-05,-5.445670937143099e-05,-7.640272939979376e-05,7.640272939979376e-05,-3.0620790296254086e-05,3.0620790296254086e-05,False,766,933,True,True
762,DSC07960.JPG,392.0,189.0,5.043333053588867,1.4140168439980578,1.4739613484100298,1.08020578459824,-0.1334562892744961,0.9194765686578433,0.3698002954870106,1.1785150252081693,0.921074501855252,1.7611287080128837,1.1785150252081693,0.921074501855252,1.7611287080128837,False,False,False,False,0.0,-0.0,0.0,-0.0,0.0,-0.0,0.0,8.876490227317758e-05,0.011802502274374484,0.011663415894681362,0.0022663456418740595,"[1, 1, 1]",0.011842099763169557,4.2732893618779855e-05,-4.2732893618779855e-05,-5.7352076647809724e-05,5.7352076647809724e-05,-1.9531972098807415e-05,1.9531972098807415e-05,False,767,1099,True,True
763,DSC07960.JPG,393.0,189.0,5.0438947677612305,1.422374637219447,1.4770328237732433,1.0744625312710208,-0.06497598908953052,0.8587486892202579,0.508260572545546,1.1796462198319853,0.9315977999613039,1.7606264900192234,1.1796462198319853,0.9315977999613039,1.7606264900192234,False,False,False,False,0.0,-0.0,0.0,-0.0,0.0,-0.0,0.0,8.830934757566299e-05,0.007934691858193918,0.007660732098539357,0.0022690531315451186,"[1, 1, 1]",0.007962246891185834,3.079549999762676e-05,-3.079549999762676e-05,-3.780622776150544e-05,3.780622776150544e-05,-7.985652221709216e-06,7.985652221709216e-06,False,768,1332,True,True
764,DSC07960.JPG,394.0,189.0,5.04298210144043,1.4296121125285643,1.480377403967099,1.0677738346573933,-0.057747440572813204,0.8625350349194687,0.5026913035290749,1.1793055356886244,0.9419761709945625,1.759934191728855,1.1793055356886244,0.9419761709945625,1.759934191728855,False,False,False,False,0.0,-0.0,0.0,-0.0,0.0,-0.0,0.0,8.74505745459845e-05,0.00426964518093767,0.003607401788904992,0.0023319846843689995,"[1, 1, 1]",0.004282602651329709,1.875351439828421e-05,-1.875351439828421e-05,-1.7915270972723718e-05,1.7915270972723718e-05,3.961730565382737e-06,-3.961730565382737e-06,False,769,1426,True,True
765,DSC07960.JPG,395.0,189.0,4.996623516082764,1.402188405517163,1.4920885268749922,1.032042158822063,-0.08161220718523775,0.8145810898162332,0.5742796320192384,1.1335867814465848,0.9477173503777355,1.7533922398902737,1.1335867814465848,0.9477173503777355,1.7533922398902737,False,False,False,False,0.0,-0.0,0.0,-0.0,0.0,-0.0,0.0,5.923123155467617e-05,0.0026105529234057073,0.0009352777576941919,0.0024537622438034054,"[1, 1, 1]",0.0026182703013118334,1.0917442954339052e-05,-1.0917442954339052e-05,-5.23991397005652e-06,5.23991397005652e-06,1.1272490406444291e-05,-1.1272490406444291e-05,False,770,1261,True,True
766,DSC07960.JPG,396.0,189.0,5.045581340789795,1.4474597103488969,1.4862512316697276,1.0572255261529937,-0.17603638260887094,0.9129212109348207,0.3682201170811883,1.1830419946567707,0.9631818343823569,1.75911925197439,1.1830419946567707,0.9631818343823569,1.75911925197439,False,False,False,False,0.0,-0.0,0.0,-0.0,0.0,-0.0,0.0,8.99622590099238e-05,0.005388395392742125,0.0047723955931995715,0.0025849621094413233,"[1, 1, 1]",0.005407984513317203,-6.300200304343306e-06,6.300200304343306e-06,2.3796227792471925e-05,-2.3796227792471925e-05,2.938336186275592e-05,-2.938336186275592e-05,False,771,952,True,True
767,DSC07960.JPG,397.0,189.0,5.025421142578125,1.4399562956758976,1.4931148466499933,1.0382832953341605,0.3105754538112877,0.6755414759126606,0.6687201221824096,1.1634781287773026,0.9715157525019041,1.7559538907986099,1.1634781287773026,0.9715157525019041,1.7559538907986099,False,False,False,False,0.0,-0.0,0.0,-0.0,0.0,-0.0,0.0,7.862203395453715e-05,0.007482460696993166,0.0070202168245662765,0.0029415298742886866,"[1, 1, 1]",0.007547292976812728,-1.2368539848317539e-05,1.2368539848317539e-05,3.6665355288123536e-05,-3.6665355288123536e-05,4.031939941562257e-05,-4.031939941562257e-05,False,772,804,True,True
768,DSC07960.JPG,398.0,189.0,5.081078052520752,1.49056738302739,1.4861365293283542,1.0675704763406895,-0.42026158295441235,0.8773684168273151,0.23152724039858089,1.2196390009830849,0.9879679685889281,1.762526490418452,1.2196390009830849,0.9879679685889281,1.762526490418452,False,False,False,False,0.0,-0.0,0.0,-0.0,0.0,-0.0,0.0,0.00011490678758206002,0.018544321457120216,0.01843003968753449,0.002505656200512065,"[1, 1, 1]",0.018571975306406627,-4.9488647415163456e-05,4.9488647415163456e-05,8.758760642035845e-05,-8.758760642035845e-05,5.9185803460870545e-05,-5.9185803460870545e-05,False,773,605,True,True
769,DSC07960.JPG,399.0,189.0,5.022572994232178,1.4535723287057747,1.499960744897089,1.0243129164054854,-0.6145615101227487,-0.5006891815009562,-0.6096101162247469,1.1617698022997,0.9920640871942378,1.7544433519183373,1.1617698022997,0.9920640871942378,1.7544433519183373,False,False,False,False,0.0,-0.0,0.0,-0.0,0.0,-0.0,0.0,8.084189443017072e-05,0.014122838452794766,0.013971629703995715,0.003715759447635321,"[1, 1, 1]",0.014291043890452491,-3.28412041894488e-05,3.28412041894488e-05,7.410167133636847e-05,-7.410167133636847e-05,6.688138432675572e-05,-6.688138432675572e-05,False,774,533,True,True
770,DSC07960.JPG,400.0,189.0,5.022067070007324,1.461081052622664,1.503214840990034,1.0179141452519012,-0.5950458180457937,-0.4384445181345455,-0.6735628247936332,1.1618324501051491,1.0024325249558899,1.7538062317151177,1.1618324501051491,1.0024325249558899,1.7538062317151177,False,False,False,False,0.0,-0.0,0.0,-0.0,0.0,-0.0,0.0,8.324506914418499e-05,0.01759215476065712,0.017545514848505687,0.004224219124127688,"[1, 1, 1]",0.017820957135468142,-4.3364331681505774e-05,4.3364331681505774e-05,9.356210334332538e-05,-9.356210334332538e-05,8.091023361123106e-05,-8.091023361123106e-05,False,775,429,True,True
771,DSC07960.JPG,401.0,189.0,5.021695613861084,1.4686920031591943,1.506444049153394,1.0116015628691883,-0.6487043705323691,0.017480789934202417,-0.7608397082404935,1.162029341430898,1.0128142467064558,1.7531864437916849,1.162029341430898,1.0128142467064558,1.7531864437916849,False,False,False,False,0.0,-0.0,0.0,-0.0,0.0,-0.0,0.0,8.615837030634552e-05,0.02110734915246893,0.021156875372049907,0.004802707995853324,"[1, 1, 1]",0.021403265744871617,-5.398800088141087e-05,5.398800088141087e-05,0.00011338712917607907,-0.00011338712917607907,9.538137005060676e-05,-9.538137005060676e-05,False,776,350,True,True
772,DSC07960.JPG,402.0,189.0,5.021324634552002,1.476302154284918,1.5096727038357263,1.0052901802985867,-0.49743979793975507,0.8328715426204062,-0.242649213719642,1.162226625226873,1.0231944819504746,1.752566801516445,1.162226625226873,1.0231944819504746,1.752566801516445,False,False,False,False,0.0,-0.0,0.0,-0.0,0.0,-0.0,0.0,8.945881543669589e-05,0.02464182653984823,0.024786067416482867,0.005445361022342695,"[1, 1, 1]",0.025012204143413583,-6.464965144714618e-05,6.464965144714618e-05,0.00013349467460543885,-0.00013349467460543885,0.00011026946134995441,-0.00011026946134995441,False,777,283,True,True
773,DSC07960.JPG,403.0,189.0,5.02095365524292,1.4839111386012749,1.5129008913330395,0.9989796956715319,0.05495793333692066,0.7488173969456466,0.6604938543202961,1.1624238251003078,1.033573177123577,1.7519472437819208,1.1624238251003078,1.033573177123577,1.7519472437819208,False,False,False,False,0.0,-0.0,0.0,-0.0,0.0,-0.0,0.0,9.31047842700908e-05,0.028192064963832097,0.028433202152079364,0.006147083929351469,"[1, 1, 1]",0.028644599431383647,-7.534870185188502e-05,7.534870185188502e-05,0.00015388384033032665,-0.00015388384033032665,0.0001255740252701365,-0.0001255740252701365,False,778,229,True,True
774,DSC07960.JPG,404.0,189.0,5.020583152770996,1.4915193265063353,1.5161285265503146,0.9926704085482502,-0.22576930258123037,0.8904359098248888,0.39516086914863857,1.1626214176597083,1.0439503897491837,1.751327831478261,1.1626214176597083,1.0439503897491837,1.751327831478261,False,False,False,False,0.0,-0.0,0.0,-0.0,0.0,-0.0,0.0,9.705740197489329e-05,0.03175623397093028,0.032098611723534544,0.006903989902748754,"[1, 1, 1]",0.03229895004598484,-8.608527072762051e-05,8.608527072762051e-05,0.00017455463381810254,-0.00017455463381810254,0.0001412948424999172,-0.0001412948424999172,False,779,177,True,True
775,DSC07960.JPG,405.0,189.0,5.020212173461914,1.499125977953836,1.5193557799778368,0.9863617192312037,-0.08423814498731524,0.9198913502595436,0.3830193711116579,1.1628184497419973,1.0543260057702157,1.7507084427708355,1.1628184497419973,1.0543260057702157,1.7507084427708355,False,False,False,False,0.0,-0.0,0.0,-0.0,0.0,-0.0,0.0,0.00010128010014706495,0.035332823551053015,0.03578222323305993,0.007713182310772349,"[1, 1, 1]",0.035974081664810136,-9.685820466942552e-05,9.685820466942552e-05,0.00019550547449154188,-0.00019550547449154188,0.00015743131860013193,-0.00015743131860013193,False,780,145,True,True
776,DSC07960.JPG,406.0,189.0,5.019841194152832,1.5067314625919686,1.5225825662203392,0.9800539278577035,-0.16872462903701987,0.953303429474206,0.2504886642326111,1.1630153979017452,1.0647000817203305,1.7500891386041248,1.1630153979017452,1.0647000817203305,1.7500891386041248,False,False,False,False,0.0,-0.0,0.0,-0.0,0.0,-0.0,0.0,0.00010574057602438661,0.038921127773988394,0.03948435131248012,0.008572458634826047,"[1, 1, 1]",0.03966960574030246,-0.00010766757432012497,0.00010766757432012497,0.00021673634402619157,-0.00021673634402619157,0.00017398327904283306,-0.00017398327904283306,False,781,110,True,True
777,DSC07960.JPG,407.0,189.0,5.019470691680908,1.5143361530684383,1.5258088010835462,0.973747332256723,0.21273682646575223,0.8835561960093402,0.41721875695944555,1.1632127389092644,1.0750726780922386,1.7494699797052826,1.1632127389092644,1.0750726780922386,1.7494699797052826,False,False,False,False,0.0,-0.0,0.0,-0.0,0.0,-0.0,0.0,0.0001104100732851424,0.042520733267313135,0.043205362379594,0.009480144801585273,"[1, 1, 1]",0.043385419499915395,-0.0001185136212979998,0.0001185136212979998,0.00023824744550293708,-0.00023824744550293708,0.0001909506133745964,-0.0001909506133745964,False,782,92,True,True
778,DSC07960.JPG,408.0,189.0,5.019099712371826,1.5219393048377141,1.5290346532562578,0.9674413361932312,0.0006713050360991013,0.9324920757279156,0.3611898089013474,1.163409519277866,1.0854436748902825,1.7488508445656705,1.163409519277866,1.0854436748902825,1.7488508445656705,False,False,False,False,0.0,-0.0,0.0,-0.0,0.0,-0.0,0.0,0.00011526258438443435,0.046130826920285056,0.04694509743551296,0.010435010965244188,"[1, 1, 1]",0.0471210400559206,-0.00012939492527497265,0.00012939492527497265,0.0002600369258753954,-0.0002600369258753954,0.00020833275349829705,-0.00020833275349829705,False,783,75,True,True
779,DSC07960.JPG,409.0,189.0,5.018729209899902,1.529541663945082,1.5322599546501685,0.9611365347480898,0.09349804798818254,0.8989511095720634,0.4279544574152202,1.163606692602108,1.0958131940896458,1.7482318545852626,1.163606692602108,1.0958131940896458,1.7482318545852626,False,False,False,False,0.0,-0.0,0.0,-0.0,0.0,-0.0,0.0,0.00012027622909537509,0.049751433787418815,0.05070411159912375,0.011436056089496991,"[1, 1, 1]",0.05087678986394278,-0.00014031233453870584,0.00014031233453870584,0.0002821057740229893,-0.0002821057740229893,0.000226129816835563,-0.000226129816835563,False,784,61,True,True
780,DSC07960.JPG,410.0,189.0,5.0183587074279785,1.5371428577428377,1.5354847894595547,0.954832630092326,0.21719051230940237,0.7215588073451231,0.6574048744156548,1.1638037821116791,1.1061811751976172,1.7476129490369057,1.1638037821116791,1.1061811751976172,1.7476129490369057,False,False,False,False,0.0,-0.0,0.0,-0.0,0.0,-0.0,0.0,0.00012543133051739054,0.05338206769977774,0.05448240829636025,0.012482550954194071,"[1, 1, 1]",0.05465250252763408,-0.00015126494865835838,0.00015126494865835838,0.0003044528188798079,-0.0003044528188798079,0.0002443414454176285,-0.0002443414454176285,False,785,40,True,True
781,DSC07960.JPG,411.0,189.0,5.017988204956055,1.5447428862309809,1.5387091576844167,0.9485296222259395,0.1316287316849237,0.6968292434969984,0.7050552335827452,1.1640007878065792,1.1165476182141978,1.7469941279206003,1.1640007878065792,1.1165476182141978,1.7469941279206003,False,False,False,False,0.0,-0.0,0.0,-0.0,0.0,-0.0,0.0,0.0001307110067222166,0.057022471175026304,0.05828016838890591,0.013573916805558308,"[1, 1, 1]",0.05844823133961349,-0.00016225243270073797,0.00016225243270073797,0.0003270776101014228,-0.0003270776101014228,0.00026296747342602345,-0.00026296747342602345,False,786,33,True,True
782,DSC07960.JPG,412.0,189.0,5.017617702484131,1.5523417494095129,1.5419330593247538,0.9422275111489306,0.12418272989387194,0.6986484155739009,0.704605592521223,1.1641977096868092,1.1269125231393875,1.7463753912363456,1.1641977096868092,1.1269125231393875,1.7463753912363456,False,False,False,False,0.0,-0.0,0.0,-0.0,0.0,-0.0,0.0,0.0001361006203123943,0.060672416639340455,0.06209757153465302,0.014709702341594277,"[1, 1, 1]",0.06226405831117179,-0.00017327444956349858,0.00017327444956349858,0.00034997971099781644,-0.00034997971099781644,0.0002820077626606299,-0.0002820077626606299,False,787,24,True,True
783,DSC07960.JPG,413.0,189.0,5.017247200012207,1.559939447278432,1.545156494380567,0.9359262968612988,0.11109370901606964,0.6987278611044554,0.7067089669258809,1.1643945477523676,1.1372758899731856,1.745756738984142,1.1643945477523676,1.1372758899731856,1.745756738984142,False,False,False,False,0.0,-0.0,0.0,-0.0,0.0,-0.0,0.0,0.00014158748231871845,0.06433169786531,0.06593479606248692,0.01588955518684412,"[1, 1, 1]",0.066100085854047,-0.0001843306600113337,0.0001843306600113337,0.00037315869863285833,-0.00037315869863285833,0.0003014622026462632,-0.0003014622026462632,False,788,18,True,True
784,DSC07960.JPG,414.0,189.0,5.036300182342529,1.5829292299558886,1.545035505166879,0.9415931960236413,0.23957479643054502,0.6437090633795567,0.7268029709888898,1.184027442697094,1.1503840477518088,1.7475963388870372,1.184027442697094,1.1503840477518088,1.7475963388870372,False,False,False,False,0.0,-0.0,0.0,-0.0,0.0,-0.0,0.0,0.00015522839781540438,0.07981075297592881,0.08106820217701678,0.01589978565664912,"[1, 1, 1]",0.08122380488415469,-0.00023171857096571102,0.00023171857096571102,0.00044071307755144673,-0.00044071307755144673,0.00032991849075614255,-0.00032991849075614255,False,789,14,True,True
785,DSC07960.JPG,384.0,190.0,5.014243125915527,1.3277010499013528,1.4638443353847297,1.1135785374585987,0.04614892658553949,0.8531533251294618,0.5196149347310423,1.1431104017770626,0.8356874369994411,1.7721773591336552,1.1431104017770626,0.8356874369994411,1.7721773591336552,False,False,False,False,0.0,-0.0,0.0,-0.0,0.0,-0.0,0.0,9.71039044019178e-05,0.0329840258202174,0.0329860405452392,0.0004319765614072188,"[1, 1, 1]",0.03298644746855832,0.00010130075355907486,-0.00010130075355907486,-0.00014441427042055643,0.00014441427042055643,-6.092327237361417e-05,6.092327237361417e-05,False,790,583,True,True
786,DSC07960.JPG,385.0,190.0,5.01645040512085,1.3372345827350942,1.466585597742456,1.108949100195525,0.04620722315528545,0.8531548298223528,0.5196072833198838,1.1458782313288898,0.84627493286135,1.7718971664771792,1.1458782313288898,0.84627493286135,1.7718971664771792,False,False,False,False,0.0,-0.0,0.0,-0.0,0.0,-0.0,0.0,9.34162504918638e-05,0.03078211481645113,0.030783033680956084,0.00029587907264311025,"[1, 1, 1]",0.030783285228163735,9.465049819956661e-05,-9.465049819956661e-05,-0.00013537113364425757,0.00013537113364425757,-5.767869343564769e-05,5.767869343564769e-05,False,791,619,True,True
787,DSC07960.JPG,386.0,190.0,5.018659591674805,1.346776485085025,1.4693292814943442,1.1043155614148352,0.07973712326616668,0.861138036965886,0.502078950428891,1.1486484620633308,0.8568717510296385,1.7716167221790864,1.1486484620633308,0.8568717510296385,1.7716167221790864,False,False,False,False,0.0,-0.0,0.0,-0.0,0.0,-0.0,0.0,9.010509904089179e-05,0.028412529301288517,0.02841283827815687,0.00017672702021565205,"[1, 1, 1]",0.028412958599538952,8.748880601050502e-05,-8.748880601050502e-05,-0.000125471336875016,0.000125471336875016,-5.3906206281872926e-05,5.3906206281872926e-05,False,792,663,True,True
788,DSC07960.JPG,387.0,190.0,5.020870685577393,1.3563267659496763,1.4720753902433634,1.0996779141915152,0.1054121634342676,0.8554599939279648,0.5070270945313218,1.1514210946276042,0.8674779033814614,1.7713360255873911,1.1514210946276042,0.8674779033814614,1.7713360255873911,False,False,False,False,0.0,-0.0,0.0,-0.0,0.0,-0.0,0.0,8.721478404456054e-05,0.02587485404032926,0.02587490200200124,7.386499070038738e-05,"[1, 1, 1]",0.025874930722619233,7.981374042387301e-05,-7.981374042387301e-05,-0.00011471339045665552,0.00011471339045665552,-4.9606875887509005e-05,4.9606875887509005e-05,False,793,703,True,True
789,DSC07960.JPG,388.0,190.0,5.023083686828613,1.3658854343275757,1.4748239275924828,1.0950361516005498,0.10605378874966313,0.8588925799417023,0.5010550169521588,1.1541961296689258,0.8780934017939703,1.7710550760501085,1.1541961296689258,0.8780934017939703,1.7710550760501085,False,False,False,False,0.0,-0.0,0.0,-0.0,0.0,-0.0,0.0,8.478983894291455e-05,0.023168692136821708,0.023168693363833055,1.3553236463535334e-05,"[1, 1, 1]",0.02316869474815347,7.162334679500226e-05,-7.162334679500226e-05,-0.00010309588822843274,0.00010309588822843274,-4.478194790991097e-05,4.478194790991097e-05,False,794,756,True,True
790,DSC07960.JPG,389.0,190.0,5.011415958404541,1.3649994890060033,1.48015653512741,1.0814070979535946,0.07771826520474459,0.8381957923524903,0.5398033761807589,1.1431262106466473,0.887473929195908,1.7689490598945068,1.1431262106466473,0.887473929195908,1.7689490598945068,False,False,False,False,0.0,-0.0,0.0,-0.0,0.0,-0.0,0.0,7.57306147839213e-05,0.01821646646726055,0.0182188601392867,0.0005500356788023136,"[1, 1, 1]",0.018221814569273576,5.739336576771059e-05,-5.739336576771059e-05,-8.35706232418243e-05,8.35706232418243e-05,-3.753812274487345e-05,3.753812274487345e-05,False,795,837,True,True
791,DSC07960.JPG,390.0,190.0,4.95965051651001,1.333821987666591,1.492905837701533,1.0419084079664207,0.04608237011060029,0.8804783644152172,0.47184135571364844,1.0920533032653497,0.8931287499561372,1.7615795992365262,1.0920533032653497,0.8931287499561372,1.7615795992365262,False,False,False,False,0.0,-0.0,0.0,-0.0,0.0,-0.0,0.0,4.8985163729677195e-05,0.008288836861367808,0.008446734315237332,0.0019196849353246763,"[1, 1, 1]",0.008477538796704506,2.7937916898146398e-05,-2.7937916898146398e-05,-4.716550920669249e-05,4.716550920669249e-05,-2.947602642855429e-05,2.947602642855429e-05,False,796,950,True,True
792,DSC07960.JPG,391.0,190.0,5.055148601531982,1.4138277552947902,1.4783900364471256,1.0974697660330852,-0.07964074046895644,0.8955429648145795,0.43779007598239283,1.1878912866343028,0.9123795471971067,1.7735455341939939,1.1878912866343028,0.9123795471971067,1.7735455341939939,False,False,False,False,0.0,-0.0,0.0,-0.0,0.0,-0.0,0.0,9.559808253500876e-05,0.01600775844610679,0.0160016810811343,0.000617323217915641,"[1, 1, 1]",0.01601067166601244,4.769553725347819e-05,-4.769553725347819e-05,-6.931392245168588e-05,6.931392245168588e-05,-3.096018390369437e-05,3.096018390369437e-05,False,797,925,True,True
793,DSC07960.JPG,392.0,190.0,4.962637901306152,1.3516846128376976,1.4986017738216393,1.0318259615258727,-0.006202810522801579,0.844002445406408,0.5363034563468909,1.096156076755937,0.9140044427920966,1.760841025734491,1.096156076755937,0.9140044427920966,1.760841025734491,False,False,False,False,0.0,-0.0,0.0,-0.0,0.0,-0.0,0.0,4.22482180044702e-05,0.005782582436808563,0.005851407370762757,0.0014885351930564617,"[1, 1, 1]",0.005911554993477069,2.0488329652623705e-05,-2.0488329652623705e-05,-3.264902498956168e-05,3.264902498956168e-05,-1.8264428065073446e-05,1.8264428065073446e-05,False,798,1115,True,True
794,DSC07960.JPG,393.0,190.0,5.073698997497559,1.4438115958264892,1.481353191914967,1.0971477188547536,-0.3102591813105855,0.9472452566195522,-0.08040935408423629,1.2075465038076052,0.9351820482155456,1.774823455520377,1.2075465038076052,0.9351820482155456,1.774823455520377,False,False,False,False,0.0,-0.0,0.0,-0.0,0.0,-0.0,0.0,0.00010530265146656256,0.0075599441696606205,0.007505373059347497,0.0009466124583021706,"[1, 1, 1]",0.0075623890324797586,2.015010092315528e-05,-2.015010092315528e-05,-3.2198774519986983e-05,3.2198774519986983e-05,-1.811620518044066e-05,1.811620518044066e-05,False,799,1119,True,True
795,DSC07960.JPG,394.0,190.0,5.224630355834961,1.5666219308275173,1.4569556574863165,1.1877586208677309,-0.08803374535729433,0.9954033165853571,0.037713353195367345,1.358753543663656,0.9608081516014038,1.7939986362521265,1.358753543663656,0.9608081516014038,1.7939986362521265,False,True,False,False,-0.01627788251210216,0.01627788251210216,0.0,-0.0,-0.030305406385903844,0.030305406385903844,-0.00942166315407668,0.00020079739788324912,0.013872825881880418,0.008591058113412677,0.010938288645229792,"[1, 1, 1]",0.013890783544023427,-0.016351727100406555,0.016351727100406555,3.3832858408411326e-05,-3.3832858408411326e-05,-0.030384986740687125,0.030384986740687125,True,4,4,True,True
796,DSC07960.JPG,395.0,190.0,5.073080539703369,1.459297958787846,1.4878553213341332,1.0844712923464326,0.059177763260508644,0.8373164760672129,0.5435063120533816,1.20807696470693,0.9561816941261086,1.7735863635106215,1.20807696470693,0.9561816941261086,1.7735863635106215,False,False,False,False,0.0,-0.0,0.0,-0.0,0.0,-0.0,0.0,0.00010517991492882082,0.002394242689664289,0.002312713645605604,0.000621984502364952,"[1, 1, 1]",0.0023945676689882205,-9.215088914160674e-06,9.215088914160674e-06,1.0033990264668446e-05,-1.0033990264668446e-05,1.7948750574703354e-07,-1.7948750574703354e-07,False,800,1576,True,True
797,DSC07960.JPG,396.0,190.0,5.0457000732421875,1.446358232725765,1.4960206931281388,1.0608462987363472,0.34030089467805835,0.8082843518109304,0.4804911109468074,1.1813182144931402,0.9638598023405494,1.7694311172584762,1.1813182144931402,0.9638598023405494,1.7694311172584762,False,False,False,False,0.0,-0.0,0.0,-0.0,0.0,-0.0,0.0,8.860402910347798e-05,0.004971166029120716,0.004959264514779369,0.00035689066027125277,"[1, 1, 1]",0.004971627823522801,-1.4201416620007734e-05,1.4201416620007734e-05,2.241149727000291e-05,-2.241149727000291e-05,1.2280665620867381e-05,-1.2280665620867381e-05,False,801,1238,True,True
798,DSC07960.JPG,397.0,190.0,4.987061023712158,1.4094028022399465,1.5098070219877375,1.0173634343550122,-0.05504517547220289,0.8982576288087135,0.43600832669133954,1.1233458392894071,0.9681034106524353,1.7612017975809078,1.1233458392894071,0.9681034106524353,1.7612017975809078,False,False,False,False,0.0,-0.0,0.0,-0.0,0.0,-0.0,0.0,5.311585801594117e-05,0.004063606593142254,0.003914603562495508,0.0013282179966602982,"[1, 1, 1]",0.004098852484066838,-7.990990368522688e-06,7.990990368522688e-06,2.0374336840545126e-05,-2.0374336840545126e-05,2.032348621527902e-05,-2.032348621527902e-05,False,802,1075,True,True
799,DSC07960.JPG,398.0,190.0,5.03765344619751,1.4560553988504061,1.5038256536884556,1.043514181094136,-0.5762373244758547,-0.4751445209312486,-0.6649723528913987,1.1744252777770474,0.9839347946812314,1.7672318337137887,1.1744252777770474,0.9839347946812314,1.7672318337137887,False,False,False,False,0.0,-0.0,0.0,-0.0,0.0,-0.0,0.0,8.642311974039892e-05,0.01224041230945879,0.012222843365586187,0.0008722119979839805,"[1, 1, 1]",0.012247170054307636,-3.531218617824905e-05,3.531218617824905e-05,5.659904634680579e-05,-5.659904634680579e-05,3.2042034991075496e-05,-3.2042034991075496e-05,False,803,908,True,True
800,DSC07960.JPG,399.0,190.0,5.0214362144470215,1.4515117583938875,1.5099113542400175,1.0271198710914846,0.5886809908330761,0.525044710025114,0.6146403367062984,1.1588007217992997,0.9926011647352667,1.7645446231062683,1.1588007217992997,0.9926011647352667,1.7645446231062683,False,False,False,False,0.0,-0.0,0.0,-0.0,0.0,-0.0,0.0,7.860507852389553e-05,0.013684409559250932,0.013663551587208831,0.0014459404709031636,"[1, 1, 1]",0.013712156118328335,-3.845421121195791e-05,3.845421121195791e-05,6.563247234336878e-05,-6.563247234336878e-05,4.179895544176304e-05,-4.179895544176304e-05,False,804,783,True,True
801,DSC07960.JPG,400.0,190.0,5.028378486633301,1.4647558197856085,1.511830262467774,1.0254425402273237,-0.6520041365269631,0.0378911891649073,-0.7572680263522278,1.1663019611981973,1.0038048341760715,1.764876298103367,1.1663019611981973,1.0038048341760715,1.764876298103367,False,False,False,False,0.0,-0.0,0.0,-0.0,0.0,-0.0,0.0,8.555134207132806e-05,0.018475154761094712,0.018468368135846132,0.0015699752913110477,"[1, 1, 1]",0.018505091012699114,-5.3326904538408826e-05,5.3326904538408826e-05,8.797695913753678e-05,-8.797695913753678e-05,5.271224528513585e-05,-5.271224528513585e-05,False,805,674,True,True
802,DSC07960.JPG,401.0,190.0,5.035340309143066,1.4780368055765154,1.5137544254120139,1.023760772501943,-0.5744488943553401,0.14606654684948886,-0.8054024035632085,1.1738242982467662,1.0150395628285784,1.7652089341336674,1.1738242982467662,1.0150395628285784,1.7652089341336674,False,False,False,False,0.0,-0.0,0.0,-0.0,0.0,-0.0,0.0,9.277884417783649e-05,0.02375771525994055,0.023759693202546103,0.0016820989790890368,"[1, 1, 1]",0.023788458459713568,-6.975311724799482e-05,6.975311724799482e-05,0.0001123301591743342,-0.0001123301591743342,6.420275855312241e-05,-6.420275855312241e-05,False,806,548,True,True
803,DSC07960.JPG,402.0,190.0,5.203602313995361,1.6160891775591018,1.4870120537736997,1.1238984403790215,0.09634940592617933,-0.9088828155886635,-0.4057694166707194,1.3424756611515538,1.0451133601335936,1.7865032733987076,1.3424756611515538,1.0451133601335936,1.7865032733987076,False,False,False,False,0.0,-0.0,0.0,-0.0,0.0,-0.0,0.0,0.0001991729059681082,0.0799721065915893,0.07980467624011213,0.008381047860484448,"[1, 1, 1]",0.08010794644856851,-0.0002713936298348596,0.0002713936298348596,0.0003244516664999697,-0.0003244516664999697,5.520160796468332e-05,-5.520160796468332e-05,False,807,644,True,True
804,DSC07960.JPG,403.0,190.0,4.958468437194824,1.4343004680404985,1.5337131464180584,0.9631331471652496,3.8616233417250905e-05,0.8912436962953021,0.4535247207404177,1.098165140346252,1.0268190587876358,1.754079602618987,1.098165140346252,1.0268190587876358,1.754079602618987,False,False,False,False,0.0,-0.0,0.0,-0.0,0.0,-0.0,0.0,6.05698927949523e-05,0.012119906047701134,0.012723962116621478,0.0043809614169020026,"[1, 1, 1]",0.012805939215038965,-3.251315662744503e-05,3.251315662744503e-05,7.774938304616619e-05,-7.774938304616619e-05,7.379421435649292e-05,-7.379421435649292e-05,False,808,480,True,True
805,DSC07960.JPG,404.0,190.0,5.043852806091309,1.5084029758610717,1.5217635532186973,1.010832682287692,-0.6621485571056169,0.5013198583670408,-0.5569898454458571,1.1840382390193,1.0474229052722435,1.7645920965263873,1.1840382390193,1.0474229052722435,1.7645920965263873,False,False,False,False,0.0,-0.0,0.0,-0.0,0.0,-0.0,0.0,0.00010858572328011702,0.038555584376726314,0.03858307561655242,0.0024483596459259475,"[1, 1, 1]",0.03860816801754876,-0.00011509269934428801,0.00011509269934428801,0.00018253873907192464,-0.00018253873907192464,0.00010107837779171902,-0.00010107837779171902,False,809,324,True,True
806,DSC07960.JPG,405.0,190.0,5.046175479888916,1.518142287282476,1.524530960239903,1.0061864188910064,-0.7384169662604594,0.3043122299093795,-0.6017760801712548,1.1869297211658634,1.058177669098206,1.7643184577510351,1.1869297211658634,1.058177669098206,1.7643184577510351,False,False,False,False,0.0,-0.0,0.0,-0.0,0.0,-0.0,0.0,0.00011398833954585158,0.04372995749651891,0.0437671984577109,0.0027635862975520513,"[1, 1, 1]",0.04379220395748043,-0.00013093639069383656,0.00013093639069383656,0.00020727868052961007,-0.00020727868052961007,0.00011431859092780883,-0.00011431859092780883,False,810,264,True,True
807,DSC07960.JPG,406.0,190.0,5.193151473999023,1.6406736493749208,1.5019497353248554,1.0921606264344264,-0.09915622995461364,0.9363199367990966,0.33685756339100303,1.3343855909228577,1.0870119715765716,1.7827781503922284,1.3343855909228577,1.0870119715765716,1.7827781503922284,False,False,False,False,0.0,-0.0,0.0,-0.0,0.0,-0.0,0.0,0.00020383034653583793,0.11217070884823457,0.11216970128660213,0.00724954311059534,"[1, 1, 1]",0.11228727826225574,-0.00036724606906157753,0.00036724606906157753,0.00046382728858884725,-0.00046382728858884725,0.00011746607238372064,-0.00011746607238372064,False,811,252,True,True
808,DSC07960.JPG,407.0,190.0,4.995206832885742,1.494193692384923,1.5397862922249024,0.9621018617053608,-0.6785445755161704,-0.4107624961116326,-0.6089757226899289,1.1371283701225117,1.0726534618323422,1.7565734340087058,1.1371283701225117,1.0726534618323422,1.7565734340087058,False,False,False,False,0.0,-0.0,0.0,-0.0,0.0,-0.0,0.0,9.795137663867564e-05,0.03267561087614304,0.03309909574665823,0.006044556007066152,"[1, 1, 1]",0.03316460722425106,-9.436258083006521e-05,9.436258083006521e-05,0.00017791853746929043,-0.00017791853746929043,0.00013169461148443418,-0.00013169461148443418,False,812,208,True,True
809,DSC07960.JPG,408.0,190.0,4.9961628913879395,1.502797626205725,1.5427652444692255,0.9566531543070155,-0.5692602864395693,-0.4836744217687359,-0.6648321442359858,1.1386490588063134,1.083145326393101,1.7561278670158373,1.1386490588063134,1.083145326393101,1.7561278670158373,False,False,False,False,0.0,-0.0,0.0,-0.0,0.0,-0.0,0.0,0.00010379948495050335,0.03605215823773036,0.03654283715109585,0.006718588726103804,"[1, 1, 1]",0.03660789872982904,-0.00010455679586529598,0.00010455679586529598,0.00019685473501129813,-0.00019685473501129813,0.00014542792067873123,-0.00014542792067873123,False,813,167,True,True
810,DSC07960.JPG,409.0,190.0,5.185340881347656,1.659047319655468,1.513113674637249,1.068440820093183,-0.02357589858761115,0.9495683660770656,0.3126725046298745,1.3283393619447768,1.1183256552488143,1.7799941167296258,1.3283393619447768,1.1183256552488143,1.7799941167296258,False,False,False,False,0.0,-0.0,0.0,-0.0,0.0,-0.0,0.0,0.00020953136301261294,0.13501939434813318,0.13505020798897593,0.0061383993600421525,"[1, 1, 1]",0.13510454379635095,-0.00043535288997698096,0.00043535288997698096,0.0005658459165462926,-0.0005658459165462926,0.00016685034587915482,-0.00016685034587915482,False,814,122,True,True
811,DSC07960.JPG,410.0,190.0,4.998076438903809,1.5200156392274795,1.5487265138299209,0.9457496864815051,0.20326368514650484,0.7224631797093329,0.6608561328042154,1.1416925152835156,1.1041411529358076,1.755236264026856,1.1416925152835156,1.1041411529358076,1.755236264026856,False,False,False,False,0.0,-0.0,0.0,-0.0,0.0,-0.0,0.0,0.00011577823972239225,0.04307528927914433,0.043712165721218686,0.008163290056988097,"[1, 1, 1]",0.04377712466513663,-0.00012578292855192075,0.00012578292855192075,0.00023643799301331647,-0.00023643799301331647,0.00017428924463569473,-0.00017428924463569473,False,815,108,True,True
812,DSC07960.JPG,411.0,190.0,4.999033451080322,1.5286293473931514,1.5517089148157555,0.9402946267361799,0.2266002424420817,0.6455387986164263,0.7293366778148833,1.1432148065885837,1.1146450563416672,1.7547901662218603,1.1432148065885837,1.1146450563416672,1.7547901662218603,False,False,False,False,0.0,-0.0,0.0,-0.0,0.0,-0.0,0.0,0.00012188178609088479,0.046721473196328335,0.047437568398420636,0.008933622960605096,"[1, 1, 1]",0.04750278192887325,-0.0001368149053166956,0.0001368149053166956,0.00025708363920307065,-0.00025708363920307065,0.00018941463660171465,-0.00018941463660171465,False,816,95,True,True
813,DSC07960.JPG,412.0,190.0,4.999990940093994,1.5372464418514713,1.5546924392270913,0.9348375458520742,0.20687605567735995,0.6478624825080972,0.7331278888064642,1.1447377912537926,1.1251529981598334,1.7543439117564574,1.1447377912537926,1.1251529981598334,1.7543439117564574,False,False,False,False,0.0,-0.0,0.0,-0.0,0.0,-0.0,0.0,0.00012804763311170716,0.05045743212742252,0.051256938362321994,0.00973578732182515,"[1, 1, 1]",0.05132256694503591,-0.00014812707250877466,0.00014812707250877466,0.0002782987075191645,-0.0002782987075191645,0.0002050015604875277,-0.0002050015604875277,False,817,79,True,True
814,DSC07960.JPG,413.0,190.0,5.000948905944824,1.5458669248520724,1.5576770879646704,0.9293784420979349,-0.1280923079605636,-0.6615617391558234,-0.7388696948220699,1.1462614694409483,1.1356649813595943,1.7538975004676511,1.1462614694409483,1.1356649813595943,1.7538975004676511,False,False,False,False,0.0,-0.0,0.0,-0.0,0.0,-0.0,0.0,0.00013426758721938448,0.05428309370019846,0.05517028015334509,0.01056972875532603,"[1, 1, 1]",0.055236461040397915,-0.00015971981271456492,0.00015971981271456492,0.00030008286438065745,-0.00030008286438065745,0.00022104869046302156,-0.00022104869046302156,False,818,67,True,True
815,DSC07960.JPG,414.0,190.0,5.0019073486328125,1.5544907986445868,1.5606628619292355,0.9239173137425082,0.08055561509103341,0.6564555840325184,0.7500512376296906,1.1477858413118547,1.1461810089102384,1.7534509321924459,1.1477858413118547,1.1461810089102384,1.7534509321924459,False,False,False,False,0.0,-0.0,0.0,-0.0,0.0,-0.0,0.0,0.00014053483663483145,0.058198384723757,0.05917759165534752,0.01143542316979548,"[1, 1, 1]",0.05924444389812168,-0.00017159350313411537,0.00017159350313411537,0.0003224357505378084,-0.0003224357505378084,0.0002375546654072025,-0.0002375546654072025,False,819,48,True,True
816,DSC07960.JPG,384.0,191.0,4.9621758460998535,1.2877336257585812,1.4833199451879588,1.0830581537621307,0.11781728175077319,0.901441976219391,0.41655906139530535,1.0893930357917965,0.8322155147467071,1.7754298256240921,1.0893930357917965,0.8322155147467071,1.7754298256240921,False,False,False,False,0.0,-0.0,0.0,-0.0,0.0,-0.0,0.0,8.100524220478783e-05,0.01601700266062533,0.01609944550528723,0.001685554607228205,"[1, 1, 1]",0.0161024472504659,4.848952047065147e-05,-4.848952047065147e-05,-6.14220425354528e-05,6.14220425354528e-05,-1.584679132937694e-05,1.584679132937694e-05,False,820,1167,True,True
817,DSC07960.JPG,385.0,191.0,4.962848663330078,1.2960393888288422,1.48631894409184,1.0774918558000135,0.06199698405013345,0.9011788332635609,0.4289907743138712,1.0906248621639718,0.8425702274794253,1.7749545408467695,1.0906248621639718,0.8425702274794253,1.7749545408467695,False,False,False,False,0.0,-0.0,0.0,-0.0,0.0,-0.0,0.0,7.52951892909796e-05,0.015001138098967201,0.015058748864068907,0.0013758415951484332,"[1, 1, 1]",0.015061424252092153,4.544262326966475e-05,-4.544262326966475e-05,-5.873216115892532e-05,5.873216115892532e-05,-1.6871724294098556e-05,1.6871724294098556e-05,False,821,1150,True,True
818,DSC07960.JPG,386.0,191.0,4.962430000305176,1.3035308391174278,1.4895217075221714,1.0712129251939149,0.11232457122974725,0.890285464207517,0.4413331881003959,1.0907689031601486,0.8528365544467708,1.7743330319054038,1.0907689031601486,0.8528365544467708,1.7743330319054038,False,False,False,False,0.0,-0.0,0.0,-0.0,0.0,-0.0,0.0,6.947655386323163e-05,0.01362490559110359,0.013661115612714828,0.0010497854384304108,"[1, 1, 1]",0.013663202043622766,4.1342563753099526e-05,-4.1342563753099526e-05,-5.4521042401889375e-05,5.4521042401889375e-05,-1.7229026525455993e-05,1.7229026525455993e-05,False,822,1145,True,True
819,DSC07960.JPG,387.0,191.0,4.933229923248291,1.2894471681079624,1.4980565772972125,1.0462212612686614,0.04100888724654771,0.8894653842577442,0.4551588748712073,1.0622215973209113,0.8606370922164912,1.7698631329404622,1.0622215973209113,0.8606370922164912,1.7698631329404622,False,False,False,False,0.0,-0.0,0.0,-0.0,0.0,-0.0,0.0,5.8653758494661775e-05,0.0052814925663940615,0.00529366760598579,0.00036294017118206545,"[1, 1, 1]",0.005293808056467582,1.647305115426434e-05,-1.647305115426434e-05,-2.5585433370833854e-05,2.5585433370833854e-05,-1.353581628604772e-05,1.353581628604772e-05,False,823,1210,True,True
820,DSC07960.JPG,388.0,191.0,4.901247501373291,1.273181707262603,1.5070684367459957,1.0194945549927301,0.010947316889387713,0.8496931871593039,0.5271637733645852,1.030893742438064,0.8680724307867068,1.7650281660965252,1.030893742438064,0.8680724307867068,1.7650281660965252,False,False,False,False,0.0,-0.0,0.0,-0.0,0.0,-0.0,0.0,5.303601753046014e-05,0.0024687078684122485,0.002953346568964855,0.0016267242586783144,"[1, 1, 1]",0.002954911700082451,-7.957816975379117e-06,7.957816975379117e-06,1.3843938810875756e-06,-1.3843938810875756e-06,-1.2423677087536333e-05,1.2423677087536333e-05,False,824,1233,True,True
821,DSC07960.JPG,389.0,191.0,4.94045352935791,1.3104005809351953,1.5029398408767298,1.0389598581746953,-0.15616636656553706,-0.8465878095641404,-0.5088232960970922,1.070540198534313,0.8817651549453459,1.769703175550797,1.070540198534313,0.8817651549453459,1.769703175550797,False,False,False,False,0.0,-0.0,0.0,-0.0,0.0,-0.0,0.0,4.753000094208116e-05,0.00567378493505771,0.005682052330405914,0.0003183018842543623,"[1, 1, 1]",0.005682379386901846,1.7760183123494144e-05,-1.7760183123494144e-05,-2.7042162131563074e-05,2.7042162131563074e-05,-1.365635439887214e-05,1.365635439887214e-05,False,825,1207,True,True
822,DSC07960.JPG,390.0,191.0,4.942098140716553,1.31941049024972,1.5057490615055824,1.034044112621443,0.11426574856676763,0.7801816624833675,0.6150283832711829,1.0727390280182065,0.8921710110247076,1.769359593103313,1.0727390280182065,0.8921710110247076,1.769359593103313,False,False,False,False,0.0,-0.0,0.0,-0.0,0.0,-0.0,0.0,4.218849478015219e-05,0.005189508025063403,0.0051994011063114355,0.00034076907451306465,"[1, 1, 1]",0.005200042808798413,1.632964116149438e-05,-1.632964116149438e-05,-2.499744473727361e-05,2.499744473727361e-05,-1.2786924437513392e-05,1.2786924437513392e-05,False,826,1223,True,True
823,DSC07960.JPG,391.0,191.0,4.94374418258667,1.328426653492118,1.5085600917984363,1.0291253095361133,0.117768797275217,0.7814120612069263,0.61280151842884,1.0749396562217235,0.9025838288347986,1.769015826500943,1.0749396562217235,0.9025838288347986,1.769015826500943,False,False,False,False,0.0,-0.0,0.0,-0.0,0.0,-0.0,0.0,3.729024933003151e-05,0.004576440900313278,0.004586861947839097,0.0003426452232670967,"[1, 1, 1]",0.004588056290500693,1.4507315095224627e-05,-1.4507315095224627e-05,-2.2244095419177157e-05,2.2244095419177157e-05,-1.142257749853215e-05,1.142257749853215e-05,False,827,1256,True,True
824,DSC07960.JPG,392.0,191.0,4.933061122894287,1.3281094736659316,1.5136187205969374,1.0162607153801633,0.08762906590812337,0.8193633669126061,0.5665375713663728,1.0648432052166763,0.9118199972117202,1.7670301321699085,1.0648432052166763,0.9118199972117202,1.7670301321699085,False,False,False,False,0.0,-0.0,0.0,-0.0,0.0,-0.0,0.0,2.903498629203139e-05,0.0025929978514261094,0.0026399675170068666,0.0005352711388604877,"[1, 1, 1]",0.00264382117508136,8.486957808528928e-06,-8.486957808528928e-06,-1.4537877493836504e-05,1.4537877493836504e-05,-9.316705917417067e-06,9.316705917417067e-06,False,828,1303,True,True
825,DSC07960.JPG,393.0,191.0,4.9320573806762695,1.3351053902626875,1.516907075868366,1.0096452099859792,0.08311653926854942,0.8168139183226519,0.5708823554239664,1.0643999020603057,0.9219610348303074,1.7663345177865581,1.0643999020603057,0.9219610348303074,1.7663345177865581,False,False,False,False,0.0,-0.0,0.0,-0.0,0.0,-0.0,0.0,2.366295033048521e-05,0.0018938368070621125,0.0019393392732879884,0.0004776503029547969,"[1, 1, 1]",0.00194625338543761,6.3832851120437795e-06,-6.3832851120437795e-06,-1.1022089648982103e-05,1.1022089648982103e-05,-7.158918433614048e-06,7.158918433614048e-06,False,829,1350,True,True
826,DSC07960.JPG,394.0,191.0,4.93105411529541,1.3420985125491904,1.5201940808511905,1.0030324401188244,-0.04059837909299928,0.7877592994420619,0.6146438462699947,1.0639568475593915,0.9320979532991074,1.7656391955208648,1.0639568475593915,0.9320979532991074,1.7656391955208648,False,False,False,False,0.0,-0.0,0.0,-0.0,0.0,-0.0,0.0,1.8955732826854708e-05,0.0012237980843414137,0.0012556819121994427,0.0003832797107039908,"[1, 1, 1]",0.0012691183714375208,4.355100611919127e-06,-4.355100611919127e-06,-7.352966849394349e-06,7.352966849394349e-06,-4.59568719657355e-06,4.59568719657355e-06,False,830,1414,True,True
827,DSC07960.JPG,395.0,191.0,4.987006664276123,1.3924976395157271,1.5132139274566796,1.0329034712656955,0.24354846047353265,-0.8642719491268832,-0.44013423560703663,1.1203424961401058,0.9480526189250084,1.7725079887973583,1.1203424961401058,0.9480526189250084,1.7725079887973583,False,False,False,False,0.0,-0.0,0.0,-0.0,0.0,-0.0,0.0,4.981783071163515e-05,0.0007270177126276135,0.0007079081062087079,0.0001668379440024425,"[1, 1, 1]",0.0007271605733016728,1.6414134988984586e-06,-1.6414134988984586e-06,-3.0578676921688697e-06,3.0578676921688697e-06,-2.227199906279509e-06,2.227199906279509e-06,False,831,1484,True,True
828,DSC07960.JPG,396.0,191.0,4.984557151794434,1.3984694810746747,1.5167940340837935,1.025302027509186,0.23387812873448696,-0.8716362102878249,-0.4307567037374272,1.118462241182988,0.9581485952637994,1.771614733339572,1.118462241182988,0.9581485952637994,1.771614733339572,False,False,False,False,0.0,-0.0,0.0,-0.0,0.0,-0.0,0.0,4.8778715855755966e-05,0.001494171449540504,0.001493042873452085,6.024400116982051e-05,"[1, 1, 1]",0.0014942146235172157,-4.8191682777698475e-06,4.8191682777698475e-06,6.561902725188418e-06,-6.561902725188418e-06,2.364916111385895e-06,-2.364916111385895e-06,False,832,1479,True,True
829,DSC07960.JPG,397.0,191.0,4.982110023498535,1.4044354430102968,1.5203706292380277,1.017708034068533,-0.24224695604120552,0.9064105799005557,0.3460292949059495,1.116583811513517,0.9682346563840258,1.770722352172598,1.116583811513517,0.9682346563840258,1.770722352172598,False,False,False,False,0.0,-0.0,0.0,-0.0,0.0,-0.0,0.0,4.85950684369864e-05,0.003585255791398284,0.0035850604021929948,4.7513097906657564e-05,"[1, 1, 1]",0.0035853154632941196,-1.0962325022401131e-05,1.0962325022401131e-05,1.603738624322837e-05,-1.603738624322837e-05,7.2985961190319415e-06,-7.2985961190319415e-06,False,833,1346,True,True
830,DSC07960.JPG,398.0,191.0,4.984892845153809,1.4144044148121802,1.5230113593826038,1.013450866137873,-0.2326780336473622,0.9087915939161817,0.3463506481663963,1.1199249017655082,0.9788777210011713,1.7705232924921683,1.1199249017655082,0.9788777210011713,1.7705232924921683,False,False,False,False,0.0,-0.0,0.0,-0.0,0.0,-0.0,0.0,5.2486700919291587e-05,0.006090720606121652,0.006090556943319338,8.529194452911767e-05,"[1, 1, 1]",0.006090937400203478,-1.8642366786725262e-05,1.8642366786725262e-05,2.733594274650919e-05,-2.733594274650919e-05,1.2520523016146257e-05,-1.2520523016146257e-05,False,834,1228,True,True
831,DSC07960.JPG,399.0,191.0,4.968812942504883,1.4098871644410014,1.5290079619575203,0.9971963121445514,-0.3655806315739049,0.8820108923725402,0.2973341345258232,1.1044373847973286,0.9874476151529351,1.7678271746781389,1.1044373847973286,0.9874476151529351,1.7678271746781389,False,False,False,False,0.0,-0.0,0.0,-0.0,0.0,-0.0,0.0,4.587752467284244e-05,0.0064109420835770405,0.006414811178626638,0.0004906376489785196,"[1, 1, 1]",0.00642225448851803,-1.881562502714651e-05,1.881562502714651e-05,3.0667251529337136e-05,-3.0667251529337136e-05,1.795342017762991e-05,-1.795342017762991e-05,False,835,1127,True,True
832,DSC07960.JPG,400.0,191.0,4.957730770111084,1.4091676818938863,1.5340992425070727,0.9841515861295811,-0.38905657723630555,0.8781729735854479,0.2782933850691803,1.0939356531769735,0.9965134824853978,1.7657955861224222,1.0939356531769735,0.9965134824853978,1.7657955861224222,False,False,False,False,0.0,-0.0,0.0,-0.0,0.0,-0.0,0.0,4.3852531035431685e-05,0.006684329267859518,0.006715806298567614,0.0008775738260895065,"[1, 1, 1]",0.0067287610033677624,-1.9287808585177757e-05,1.9287808585177757e-05,3.415866759559627e-05,-3.415866759559627e-05,2.3106396276340035e-05,-2.3106396276340035e-05,False,836,1032,True,True
833,DSC07960.JPG,401.0,191.0,4.956655502319336,1.4161345777501393,1.5374106969846744,0.9774706485656071,0.037441308647983305,-0.9181499182691154,-0.3944602337234305,1.0934228173565121,1.0066808568757144,1.7650886258751606,1.0934228173565121,1.0066808568757144,1.7650886258751606,False,False,False,False,0.0,-0.0,0.0,-0.0,0.0,-0.0,0.0,4.808808408544664e-05,0.00810299683390817,0.00816009298844603,0.0011692728544118994,"[1, 1, 1]",0.008173520486394817,-2.351590323801389e-05,2.351590323801389e-05,4.221374387713972e-05,-4.221374387713972e-05,2.9151211464295557e-05,-2.9151211464295557e-05,False,837,953,True,True
834,DSC07960.JPG,402.0,191.0,4.955581188201904,1.4230988290048925,1.540720629656522,0.9707929164217809,0.16330248784786572,-0.8988139115329836,-0.4067749376466988,1.0929106905949661,1.016843878775208,1.7643820365554672,1.0929106905949661,1.016843878775208,1.7643820365554672,False,False,False,False,0.0,-0.0,0.0,-0.0,0.0,-0.0,0.0,5.276919714585647e-05,0.009491742694129817,0.009582912227101162,0.0015086622430120237,"[1, 1, 1]",0.009596912247062793,-2.7655629783351898e-05,2.7655629783351898e-05,5.0405911981021845e-05,-5.0405911981021845e-05,3.55973334635884e-05,-3.55973334635884e-05,False,838,865,True,True
835,DSC07960.JPG,403.0,191.0,4.954506874084473,1.4300597013116967,1.5440292094133974,0.9641177846208984,-0.0904843258185004,0.897611951720535,0.4313993172336083,1.0923983208032355,1.027002440803525,1.7636756920561232,1.0923983208032355,1.027002440803525,1.7636756920561232,False,False,False,False,0.0,-0.0,0.0,-0.0,0.0,-0.0,0.0,5.778638253603811e-05,0.010850341441783967,0.010985395043603461,0.0018952207708255472,"[1, 1, 1]",0.011000015367895714,-3.170637765803619e-05,3.170637765803619e-05,5.873434153502721e-05,-5.873434153502721e-05,4.2444464884106026e-05,-4.2444464884106026e-05,False,839,776,True,True
836,DSC07960.JPG,404.0,191.0,5.025793075561523,1.493191277225128,1.5347040152130815,1.0030054959442263,0.13974062520928196,0.6501812479092332,0.7468178509739248,1.1641586830891475,1.0459048709579966,1.7725050609465596,1.1641586830891475,1.0459048709579966,1.7725050609465596,False,False,False,False,0.0,-0.0,0.0,-0.0,0.0,-0.0,0.0,9.777660231178688e-05,0.03262799228409497,0.03262976776749242,0.0004990662992985751,"[1, 1, 1]",0.032630788304744855,-0.00010215798701618262,0.00010215798701618262,0.00014205822171375893,-0.00014205822171375893,5.5227609115249265e-05,-5.5227609115249265e-05,False,840,643,True,True
837,DSC07960.JPG,405.0,191.0,4.513711929321289,1.1027566314113888,1.6269433002667688,0.6751219651052494,0.0759784806156686,0.8750641784721204,0.4780062280329069,0.6532075871965339,0.9933637085032349,1.7045101198965869,0.6532075871965339,0.9933637085032349,1.7045101198965869,False,False,False,False,0.0,-0.0,0.0,-0.0,0.0,-0.0,0.0,0.000249946629846156,0.060429966631333466,0.04712987952976427,0.03993474970347611,"[1, 1, 1]",0.061105608685557505,1.3593038864279094e-05,-1.3593038864279094e-05,-0.00015250913686970513,0.00015250913686970513,-0.00023818643511486215,0.00023818643511486215,False,841,46,True,True
838,DSC07960.JPG,406.0,191.0,5.038490295410156,1.5188953676865893,1.5388325004890655,0.9988045228815831,0.5798661050500704,0.5640401217291935,0.5878894805095406,1.1779803439206349,1.0683565722624635,1.7730300677964095,1.1779803439206349,1.0683565722624635,1.7730300677964095,False,False,False,False,0.0,-0.0,0.0,-0.0,0.0,-0.0,0.0,0.00011348880343356853,0.04491180658578731,0.04491594902619897,0.0008267959154450289,"[1, 1, 1]",0.044917682717755265,-0.00014089265852801347,0.00014089265852801347,0.00019456585206589772,-0.00019456585206589772,7.38181458110887e-05,-7.38181458110887e-05,False,842,479,True,True
839,DSC07960.JPG,407.0,191.0,4.883061408996582,1.40542488341759,1.5688456332557101,0.8954086302158998,0.011485205237260628,0.8542545752240092,0.5197280161483561,1.0232566521517694,1.0590557907264175,1.7520271102171814,1.0232566521517694,1.0590557907264175,1.7520271102171814,False,False,False,False,0.0,-0.0,0.0,-0.0,0.0,-0.0,0.0,7.002300840965553e-05,0.005532151765765832,0.00860529475092786,0.006632333447327363,"[1, 1, 1]",0.008621010590579403,1.5325195769744226e-05,-1.5325195769744226e-05,1.4476237851557272e-05,-1.4476237851557272e-05,5.354267176027605e-05,-5.354267176027605e-05,False,843,669,True,True
840,DSC07960.JPG,408.0,191.0,4.920154571533203,1.4421330891575481,1.5655381668560981,0.9126743298786134,-0.00035917534199359186,0.6195992094130469,0.7849182700688021,1.060874042830497,1.0739839864928842,1.7563418497408048,1.060874042830497,1.0739839864928842,1.7563418497408048,False,False,False,False,0.0,-0.0,0.0,-0.0,0.0,-0.0,0.0,7.895091096045328e-05,0.006701149863031278,0.00886917677422186,0.005841728300016174,"[1, 1, 1]",0.00887956912660208,-1.9298532953460068e-05,1.9298532953460068e-05,6.399505514065318e-05,-6.399505514065318e-05,7.463441850674712e-05,-7.463441850674712e-05,False,844,472,True,True
841,DSC07960.JPG,409.0,191.0,4.910287380218506,1.4421329885539607,1.57032772491813,0.9005668347304624,-0.07937837853652864,0.6270246993572925,0.7749445782872532,1.0515697243464193,1.0829013265860772,1.7544865846892883,1.0515697243464193,1.0829013265860772,1.7544865846892883,False,False,False,False,0.0,-0.0,0.0,-0.0,0.0,-0.0,0.0,8.396455100206926e-05,0.003743699794537953,0.007965539611387065,0.007039980074977109,"[1, 1, 1]",0.007969517808958404,-1.0737050575082563e-05,1.0737050575082563e-05,5.801648665082482e-05,-5.801648665082482e-05,8.024518081750642e-05,-8.024518081750642e-05,False,845,435,True,True
842,DSC07960.JPG,410.0,191.0,4.92833137512207,1.4640329043040339,1.5703376772947357,0.9058542266725912,0.02537054309651795,0.619916077220063,0.7842578611318325,1.0701595355857019,1.0954997529218409,1.7562925454889655,1.0701595355857019,1.0954997529218409,1.7562925454889655,False,False,False,False,0.0,-0.0,0.0,-0.0,0.0,-0.0,0.0,9.326464738125632e-05,0.011632968135107957,0.013496297528311036,0.00690186069402286,"[1, 1, 1]",0.013511322571146943,-3.3896162421998e-05,3.3896162421998e-05,9.201403854386392e-05,-9.201403854386392e-05,9.586396627092597e-05,-9.586396627092597e-05,False,846,347,True,True
843,DSC07960.JPG,411.0,191.0,4.93494176864624,1.476987706530122,1.572315991904777,0.903995883765941,-0.075024683388933,0.6128969255517429,0.7865930685758753,1.0773246067702271,1.106624645570064,1.7565968253901305,1.0773246067702271,1.106624645570064,1.7565968253901305,False,False,False,False,0.0,-0.0,0.0,-0.0,0.0,-0.0,0.0,0.00010102352978383827,0.015651922702860463,0.01723262433941287,0.007293596330652984,"[1, 1, 1]",0.017250254694000614,-4.589188883752371e-05,4.589188883752371e-05,0.00011205388037693886,-0.00011205388037693886,0.00010815185040868869,-0.00010815185040868869,False,847,295,True,True
844,DSC07960.JPG,412.0,191.0,4.935159683227539,1.4849203413270586,1.5753864046727983,0.8981585448579815,-0.13208536956606112,0.5810285933437052,0.803093536808529,1.0781006435184062,1.116897984750419,1.756063042695738,1.0781006435184062,1.116897984750419,1.756063042695738,False,False,False,False,0.0,-0.0,0.0,-0.0,0.0,-0.0,0.0,0.00010745802837102623,0.017043996419275297,0.018817343454551605,0.008059704262995442,"[1, 1, 1]",0.018835459419944075,-5.0060244883853855e-05,5.0060244883853855e-05,0.00012272620068931595,-0.00012272620068931595,0.0001188290500402367,-0.0001188290500402367,False,848,247,True,True
845,DSC07960.JPG,413.0,191.0,4.950964450836182,1.5051744757975807,1.5758243292940903,0.901964831706604,-0.16710195428878957,0.6302867888957144,0.7581658793538498,1.0944605930731512,1.1293478468362956,1.7575672186517943,1.0944605930731512,1.1293478468362956,1.7575672186517943,False,False,False,False,0.0,-0.0,0.0,-0.0,0.0,-0.0,0.0,0.00011754759002648164,0.026493747507828763,0.02758587006966988,0.00783414203428542,"[1, 1, 1]",0.027606816784291843,-7.859980241509135e-05,7.859980241509135e-05,0.0001630485673869142,-0.0001630485673869142,0.00013535402842013156,-0.00013535402842013156,False,849,195,True,True
846,DSC07960.JPG,414.0,191.0,5.000979900360107,1.552574362047976,1.570525200321123,0.9268588546022123,0.12473629162915197,0.6866086407229213,0.716246767556566,1.1450321079142582,1.1467094694814635,1.7635370014076484,1.1450321079142582,1.1467094694814635,1.7635370014076484,False,False,False,False,0.0,-0.0,0.0,-0.0,0.0,-0.0,0.0,0.00013964542485128356,0.0567889108836661,0.056976221669104835,0.004906031059031761,"[1, 1, 1]",0.05698832941810494,-0.00017277080054922678,0.00017277080054922678,0.00027925725165789395,-0.00027925725165789395,0.0001607700714836291,-0.0001607700714836291,False,850,135,True,True
847,DSC07960.JPG,384.0,192.0,4.876992225646973,1.223131715117777,1.5087275851121036,1.0307887774018156,-0.02855464995319468,0.872079995444025,0.4885295421081513,1.0027244229105103,0.826096528340753,1.7739627616680191,1.0027244229105103,0.826096528340753,1.7739627616680191,False,False,False,False,0.0,-0.0,0.0,-0.0,0.0,-0.0,0.0,8.267397961359844e-05,0.013604928358751387,0.013652553803887574,0.0011633153902694882,"[1, 1, 1]",0.013653563665541123,-4.162220321823895e-05,4.162220321823895e-05,6.713754671383576e-05,-6.713754671383576e-05,3.8500993331691546e-05,-3.8500993331691546e-05,False,851,826,True,True
848,DSC07960.JPG,385.0,192.0,4.8788323402404785,1.232174387587895,1.5114587702773452,1.0260886694323912,-0.027458722428360907,0.8728633118360708,0.48719160236314496,1.0051093188960045,0.8363697590837225,1.7736572883091284,1.0051093188960045,0.8363697590837225,1.7736572883091284,False,False,False,False,0.0,-0.0,0.0,-0.0,0.0,-0.0,0.0,7.603624418750195e-05,0.011720493653784629,0.011757615574448247,0.0009540980662039048,"[1, 1, 1]",0.011758439477291766,-3.586411502309872e-05,3.586411502309872e-05,5.756181150684547e-05,-5.756181150684547e-05,3.267779074844768e-05,-3.267779074844768e-05,False,852,901,True,True
849,DSC07960.JPG,386.0,192.0,4.895503044128418,1.252312647357278,1.5114638950327992,1.0310553616421467,0.0015010044080664086,0.8488577468341306,0.5286192132579464,1.022271668889674,0.8478914866727059,1.775366410998925,1.022271668889674,0.8478914866727059,1.775366410998925,False,False,False,False,0.0,-0.0,0.0,-0.0,0.0,-0.0,0.0,6.63768529169313e-05,0.0055675030534960744,0.005743687950032456,0.0014222972097585494,"[1, 1, 1]",0.0057449966201889744,-1.683747064751273e-05,1.683747064751273e-05,3.3054757219153075e-05,-3.3054757219153075e-05,2.5761189288875386e-05,-2.5761189288875386e-05,False,853,991,True,True
850,DSC07960.JPG,387.0,192.0,4.899229526519775,1.2628037444842204,1.513863206545424,1.0275562436594863,0.0036513492830283984,0.8501264941131947,0.5265658663977583,1.0265388445990264,0.8583725246599407,1.77531449285392,1.0265388445990264,0.8583725246599407,1.77531449285392,False,False,False,False,0.0,-0.0,0.0,-0.0,0.0,-0.0,0.0,5.940630810578864e-05,0.0038908130611435294,0.004087938920523911,0.0012611736695034982,"[1, 1, 1]",0.004089023717256397,-1.173630955086935e-05,1.173630955086935e-05,2.4676310769633503e-05,-2.4676310769633503e-05,2.0783052581574424e-05,-2.0783052581574424e-05,False,854,1061,True,True
851,DSC07960.JPG,388.0,192.0,4.909128189086914,1.2779413170571698,1.515139490155303,1.0280581393790005,0.013964733125942402,0.8494739721621748,0.5274456908988241,1.0369581527150757,0.8694110746306614,1.776098926085086,1.0369581527150757,0.8694110746306614,1.776098926085086,False,False,False,False,0.0,-0.0,0.0,-0.0,0.0,-0.0,0.0,5.180522045051341e-05,0.0010344432271068502,0.001672288687973013,0.0013148180680211323,"[1, 1, 1]",0.0016726277739323233,-3.0901304182151534e-06,3.0901304182151534e-06,1.2333656888019462e-05,-1.2333656888019462e-05,1.555585774504209e-05,-1.555585774504209e-05,False,855,1172,True,True
852,DSC07960.JPG,389.0,192.0,4.907529354095459,1.28445835043348,1.5185217108743563,1.0210801256739237,0.0416727794435797,0.8568959753526328,0.5138021670622913,1.0359198172535022,0.8794571400760651,1.7753228817406863,1.0359198172535022,0.8794571400760651,1.7753228817406863,False,False,False,False,0.0,-0.0,0.0,-0.0,0.0,-0.0,0.0,4.550556709988637e-05,0.001116875605258898,0.0014814227535553494,0.0009745047348310825,"[1, 1, 1]",0.0014818372450631759,-3.340990303968283e-06,3.340990303968283e-06,1.0693774705083925e-05,-1.0693774705083925e-05,1.2255583318410146e-05,-1.2255583318410146e-05,False,856,1240,True,True
853,DSC07960.JPG,390.0,192.0,4.9059319496154785,1.290971433816716,1.521901658566397,1.0141069078311795,0.045112210485746956,0.859866687193307,0.5085215518739568,1.0348825460984754,0.8894966997384883,1.774547395457199,1.0348825460984754,0.8894966997384883,1.774547395457199,False,False,False,False,0.0,-0.0,0.0,-0.0,0.0,-0.0,0.0,3.923941628945645e-05,0.0011406224196859342,0.0013294135737524754,0.0006845635679040255,"[1, 1, 1]",0.0013298472154537088,-3.4182354027301187e-06,3.4182354027301187e-06,9.090139514222884e-06,-9.090139514222884e-06,9.341163334841696e-06,-9.341163334841696e-06,False,857,1302,True,True
854,DSC07960.JPG,391.0,192.0,4.9043354988098145,1.2974802136441173,1.5252794221559616,1.0071381725896262,0.015856440712323377,0.8475616694679973,0.5304599793919971,1.0338458643503805,0.8995297176805813,1.7737724022299732,1.0338458643503805,0.8995297176805813,1.7737724022299732,False,False,False,False,0.0,-0.0,0.0,-0.0,0.0,-0.0,0.0,3.3023489857732325e-05,0.0011058896786810461,0.001191225060192341,0.0004448373725612167,"[1, 1, 1]",0.0011916141750905635,-3.322472704292423e-06,3.322472704292423e-06,7.522893868294744e-06,-7.522893868294744e-06,6.811713169518896e-06,-6.811713169518896e-06,False,858,1360,True,True
855,DSC07960.JPG,392.0,192.0,4.884970664978027,1.2905297362885588,1.5318568890509605,0.9887152905691322,0.008566448616294655,0.8972312880666683,0.44147778162930446,1.0150925393860988,0.9078481594018087,1.7705957501746519,1.0150925393860988,0.9078481594018087,1.7705957501746519,False,False,False,False,0.0,-0.0,0.0,-0.0,0.0,-0.0,0.0,3.203924615424581e-05,0.0032132232546556437,0.0032139367416555,7.338977875032091e-05,"[1, 1, 1]",0.0032139988849867345,-1.0017963736785873e-05,1.0017963736785873e-05,1.3848781531988763e-05,-1.3848781531988763e-05,5.275531413495571e-06,-5.275531413495571e-06,False,859,1398,True,True
856,DSC07960.JPG,393.0,192.0,4.856689453125,1.2767528407694797,1.5400110115416101,0.9646003103495391,0.05196480153913696,0.9092767378348185,0.4129351927766251,0.987443592038817,0.915210634788736,1.7662191645772207,0.987443592038817,0.915210634788736,1.7662191645772207,False,False,False,False,0.0,-0.0,0.0,-0.0,0.0,-0.0,0.0,4.108232442354952e-05,0.005480964887758242,0.005495862588284073,0.0006899373308550534,"[1, 1, 1]",0.005510058799155451,-1.8242346929930875e-05,1.8242346929930875e-05,2.0934192755062142e-05,-2.0934192755062142e-05,2.2050346677460197e-06,-2.2050346677460197e-06,False,860,1487,True,True
857,DSC07960.JPG,394.0,192.0,4.930794715881348,1.3407361551073969,1.529809271985384,1.0063302772841554,0.1437579770245835,0.8497426071365677,0.5072190312464115,1.0618976627852088,0.9327224346327839,1.7756668288131718,1.0618976627852088,0.9327224346327839,1.7756668288131718,False,False,False,False,0.0,-0.0,0.0,-0.0,0.0,-0.0,0.0,1.7640166217055308e-05,0.001072429083907918,0.001097441920188214,0.00030556390620538337,"[1, 1, 1]",0.0011063121028688817,2.8294107661253065e-06,-2.8294107661253065e-06,-3.121028917307811e-06,3.121028917307811e-06,-1.2456967946050668e-07,1.2456967946050668e-07,False,861,1578,True,True
858,DSC07960.JPG,395.0,192.0,5.0167694091796875,1.413996087962036,1.5175845046723666,1.0554918289092614,-0.28721162589974913,0.6746309024694541,0.679987225895658,1.148207151839862,0.9517567083388224,1.7866981197403422,1.148207151839862,0.9517567083388224,1.7866981197403422,False,False,False,False,0.0,-0.0,0.0,-0.0,0.0,-0.0,0.0,6.80651413635733e-05,0.0025002781275799543,0.0001551403272765332,0.0024957218808844394,"[1, 1, 1]",0.0025004084422696675,-8.731984214360722e-06,8.731984214360722e-06,5.287935425091206e-07,-5.287935425091206e-07,-1.534320685614432e-05,1.534320685614432e-05,False,862,1177,True,True
859,DSC07960.JPG,396.0,192.0,5.015778064727783,1.421128612079509,1.5209195214963496,1.0487858907066276,-0.08424925662047954,0.7848448174239772,0.6139386576211183,1.1477857098055146,0.9620664097086665,1.7859929325620356,1.1477857098055146,0.9620664097086665,1.7859929325620356,False,False,False,False,0.0,-0.0,0.0,-0.0,0.0,-0.0,0.0,6.808125527093113e-05,0.004010247706366156,0.00327376930231954,0.002429190980814958,"[1, 1, 1]",0.004043551669434638,-1.7865348006296244e-05,1.7865348006296244e-05,1.1299180533663744e-05,-1.1299180533663744e-05,-1.3739393599720984e-05,1.3739393599720984e-05,False,863,1204,True,True
860,DSC07960.JPG,397.0,192.0,4.840747833251953,1.2951071386326245,1.5550657087157176,0.9309058373736446,0.14415836719173178,0.8372162643009916,0.52752942283678,0.9737370510287439,0.953836622695197,1.7618596396070532,0.9737370510287439,0.953836622695197,1.7618596396070532,False,False,False,False,0.0,-0.0,0.0,-0.0,0.0,-0.0,0.0,4.31534242547607e-05,0.001059587099463961,0.0004986659380416707,0.0009412187476238219,"[1, 1, 1]",0.001062375767107319,-1.578277763147895e-06,1.578277763147895e-06,-1.7345915892530428e-06,1.7345915892530428e-06,-5.935229283160481e-06,5.935229283160481e-06,False,864,1378,True,True
861,DSC07960.JPG,398.0,192.0,4.831025123596191,1.2952659481658182,1.5598289744443457,0.9188482731263938,0.1426436408156838,0.7892546889975194,0.5972686394163643,0.9645837865807055,0.962828818078234,1.7600003524900363,0.9645837865807055,0.962828818078234,1.7600003524900363,False,False,False,False,0.0,-0.0,0.0,-0.0,0.0,-0.0,0.0,4.954630850900356e-05,0.002809257044623821,0.0025350642993131407,0.0013442158368782813,"[1, 1, 1]",0.002839488653982755,3.5105274207580806e-06,-3.5105274207580806e-06,-8.673213258481027e-06,8.673213258481027e-06,-8.449073042982036e-06,8.449073042982036e-06,False,865,1321,True,True
862,DSC07960.JPG,399.0,192.0,5.012805938720703,1.4425089417311385,1.5309167461138082,1.0286836870066862,0.17829904257756468,0.9632625686088881,0.2008349454973682,1.1465219414032404,0.9929710322691349,1.7838789828278612,1.1465219414032404,0.9929710322691349,1.7838789828278612,False,False,False,False,0.0,-0.0,0.0,-0.0,0.0,-0.0,0.0,7.177618865616049e-05,0.012479613851059815,0.012434986034576103,0.002643121880597354,"[1, 1, 1]",0.012596740281197876,-4.4833346820594144e-05,4.4833346820594144e-05,4.454764425809721e-05,-4.454764425809721e-05,-6.505322131644675e-06,6.505322131644675e-06,False,866,1364,True,True
863,DSC07960.JPG,400.0,192.0,4.821470260620117,1.3031053972637239,1.567586400097994,0.9010859497945533,0.03972790024123977,0.764596645835747,0.6432835013577973,0.9561411639912121,0.9818070676480737,1.7576164665549223,0.9561411639912121,0.9818070676480737,1.7576164665549223,False,False,False,False,0.0,-0.0,0.0,-0.0,0.0,-0.0,0.0,5.780652612248045e-05,0.0075246761922541485,0.007443220639020446,0.0021745155532131564,"[1, 1, 1]",0.007640379675897197,1.6958965466828957e-05,-1.6958965466828957e-05,-2.4734430847273003e-05,2.4734430847273003e-05,-1.1160877723348506e-05,1.1160877723348506e-05,False,867,1264,True,True
864,DSC07960.JPG,401.0,192.0,4.850403308868408,1.333005309118442,1.5655727789950868,0.9135932894765891,-0.08392498457817857,0.7962929755672563,0.5990610102700705,0.9855641812567977,0.9951365431449034,1.7609487454682597,0.9855641812567977,0.9951365431449034,1.7609487454682597,False,False,False,False,0.0,-0.0,0.0,-0.0,0.0,-0.0,0.0,4.5292417872318494e-05,0.006941975980422669,0.007036957777358697,0.001665687002425112,"[1, 1, 1]",0.00708817032145973,1.8506574554377764e-05,-1.8506574554377764e-05,-2.2169203995003883e-05,2.2169203995003883e-05,-3.847638862186642e-06,3.847638862186642e-06,False,868,1429,True,True
865,DSC07960.JPG,402.0,192.0,4.852024555206299,1.3418861927002446,1.5683449792859312,0.908749012612831,-0.09790814371777196,0.7839524458921128,0.6130518395482673,0.9877311340239332,1.0053939338673943,1.7606133990056372,0.9877311340239332,1.0053939338673943,1.7606133990056372,False,False,False,False,0.0,-0.0,0.0,-0.0,0.0,-0.0,0.0,4.8578688583328995e-05,0.008213347302529391,0.008371238897302135,0.0020112390201388153,"[1, 1, 1]",0.008413732711130615,2.248516426694991e-05,-2.248516426694991e-05,-2.554308615820844e-05,2.554308615820844e-05,-2.269732301218852e-06,2.269732301218852e-06,False,869,1482,True,True
866,DSC07960.JPG,403.0,192.0,4.8924055099487305,1.3807915540803992,1.5644035082701968,0.9283791688792153,0.012622291704903272,0.7882423771580493,0.6152354285997711,1.0285927346220696,1.0202687326897866,1.7654688422894917,1.0285927346220696,1.0202687326897866,1.7654688422894917,False,False,False,False,0.0,-0.0,0.0,-0.0,0.0,-0.0,0.0,4.4439535473512264e-05,0.0024956088466222773,0.0027888926182836836,0.0012543733529425363,"[1, 1, 1]",0.0027910068130270133,7.359072572432623e-06,-7.359072572432623e-06,-3.7109913895161384e-06,3.7109913895161384e-06,7.289243157071468e-06,-7.289243157071468e-06,False,870,1348,True,True
867,DSC07960.JPG,404.0,192.0,4.892191410064697,1.3883192285953445,1.5675210437238376,0.9223232595763993,0.01710221771236733,0.7914537685726211,0.6109897268870523,1.0289323492842901,1.0303979030626844,1.7648827383485315,1.0289323492842901,1.0303979030626844,1.7648827383485315,False,False,False,False,0.0,-0.0,0.0,-0.0,0.0,-0.0,0.0,5.0711278173077546e-05,0.0027859013474159254,0.003201756129380003,0.0015865859695626252,"[1, 1, 1]",0.0032038838672274884,8.230383182317169e-06,-8.230383182317169e-06,-3.0407381947927803e-06,3.0407381947927803e-06,1.0069412891500207e-05,-1.0069412891500207e-05,False,871,1286,True,True
868,DSC07960.JPG,405.0,192.0,5.006872177124023,1.4851936270985624,1.550875704972671,0.9885506247701993,-0.4917556027098566,0.7912278932460916,0.3635035737827308,1.1439988285208762,1.0546705233841585,1.7796585817031492,1.1439988285208762,1.0546705233841585,1.7796585817031492,False,False,False,False,0.0,-0.0,0.0,-0.0,0.0,-0.0,0.0,9.204500134604017e-05,0.02981102757769585,0.029917698484808776,0.0031354230099733963,"[1, 1, 1]",0.02994659351045581,-9.679821576624725e-05,9.679821576624725e-05,0.00011522006386655015,-0.00011522006386655015,1.8841042642048222e-05,-1.8841042642048222e-05,False,872,1108,True,True
869,DSC07960.JPG,406.0,192.0,5.005884647369385,1.4922979692845961,1.554197593967665,0.9818710574108305,0.5058427880421288,0.6634313680821448,0.5513455301627281,1.1435789552639495,1.0649395816019689,1.7789561614108735,1.1435789552639495,1.0649395816019689,1.7789561614108735,False,False,False,False,0.0,-0.0,0.0,-0.0,0.0,-0.0,0.0,9.654524159590636e-05,0.03262350024861837,0.032727627494490125,0.0031138257920539747,"[1, 1, 1]",0.032749704437420264,-0.00010520026465066223,0.00010520026465066223,0.00012753538294885125,-0.00012753538294885125,2.4473509133482452e-05,-2.4473509133482452e-05,False,873,1015,True,True
870,DSC07960.JPG,407.0,192.0,4.81912088394165,1.3543469748511685,1.589238909706295,0.8587678438513231,0.07385136776907726,0.9119379633465947,0.4036274600245891,0.9576121675355075,1.0515629984768546,1.7534572840158755,0.9576121675355075,1.0515629984768546,1.7534572840158755,False,False,False,False,0.0,-0.0,0.0,-0.0,0.0,-0.0,0.0,8.323515229237489e-05,0.023721063796406403,0.024293431554997733,0.006108726278370595,"[1, 1, 1]",0.02439442787695931,6.564670995801158e-05,-6.564670995801158e-05,-7.150030506486438e-05,7.150030506486438e-05,-1.3183419356188608e-06,1.3183419356188608e-06,False,874,1527,True,True
871,DSC07960.JPG,408.0,192.0,4.910956382751465,1.4337742212244602,1.5766505605363634,0.9103777795867601,0.03928748478233576,0.6125364427298954,0.7894653886442923,1.049889671282574,1.0734434039676235,1.7651555584892022,1.049889671282574,1.0734434039676235,1.7651555584892022,False,False,False,False,0.0,-0.0,0.0,-0.0,0.0,-0.0,0.0,7.737013502028804e-05,0.00289218768360035,0.0037174682067470624,0.0023379716391998635,"[1, 1, 1]",0.003718227457631458,-8.706010207193415e-06,8.706010207193415e-06,2.660098756845919e-05,-2.660098756845919e-05,2.9750060760669328e-05,-2.9750060760669328e-05,False,875,945,True,True
872,DSC07960.JPG,409.0,192.0,4.914710998535156,1.4444406015747076,1.5791064557573182,0.9067783044148023,-0.09927681263853427,0.6066198664551798,0.7887689472172654,1.0541959729153914,1.0841303851016453,1.7650962869593425,1.0541959729153914,1.0841303851016453,1.7650962869593425,False,False,False,False,0.0,-0.0,0.0,-0.0,0.0,-0.0,0.0,8.430787147247597e-05,0.004750679822009854,0.005398572864331793,0.002569419696173087,"[1, 1, 1]",0.005399790091027954,-1.4332469776778822e-05,1.4332469776778822e-05,3.6202894642345385e-05,-3.6202894642345385e-05,3.5863983475881156e-05,-3.5863983475881156e-05,False,876,861,True,True
873,DSC07960.JPG,410.0,192.0,4.855954170227051,1.4060155610180955,1.5921226155001205,0.864220755891021,-0.1308629973689754,0.7414974092025908,0.6580702607362326,0.9960477062081605,1.0864885998083773,1.7567137458814164,0.9960477062081605,1.0864885998083773,1.7567137458814164,False,False,False,False,0.0,-0.0,0.0,-0.0,0.0,-0.0,0.0,9.04644150506434e-05,0.01726090038292632,0.018334614956853575,0.006335396380694075,"[1, 1, 1]",0.01836074668606594,5.004478425396641e-05,-5.004478425396641e-05,-3.9740649417696616e-05,3.9740649417696616e-05,2.450883180049601e-05,-2.450883180049601e-05,False,877,1013,True,True
874,DSC07960.JPG,411.0,192.0,4.92043399810791,1.4644028811943959,1.5843329253187801,0.8984413050514094,0.010518574151448272,0.6827545668931653,0.7305720778844116,1.0610262911669452,1.105308964519911,1.7647375719144567,1.0610262911669452,1.105308964519911,1.7647375719144567,False,False,False,False,0.0,-0.0,0.0,-0.0,0.0,-0.0,0.0,9.806341693374472e-05,0.008458475301999146,0.009025728550610415,0.0031603240824324475,"[1, 1, 1]",0.00902765833713188,-2.5586099070107338e-05,2.5586099070107338e-05,5.611304051966748e-05,-5.611304051966748e-05,4.9310499471211244e-05,-4.9310499471211244e-05,False,878,707,True,True
875,DSC07960.JPG,412.0,192.0,4.946837902069092,1.492964310211288,1.5830058977880606,0.908873990700508,-0.11602279056730408,0.5603184040980732,0.8201109669416474,1.087969051123128,1.119156368820484,1.7676861714951295,1.087969051123128,1.119156368820484,1.7676861714951295,False,False,False,False,0.0,-0.0,0.0,-0.0,0.0,-0.0,0.0,0.0001099469802522797,0.021904989603850924,0.0219813470611437,0.0018613040918738911,"[1, 1, 1]",0.02198263679786948,-6.716107109849823e-05,6.716107109849823e-05,0.00010800014659673174,-0.00010800014659673174,6.154809454361754e-05,-6.154809454361754e-05,False,879,570,True,True
876,DSC07960.JPG,413.0,192.0,4.958334922790527,1.5098289833635123,1.5842011038882469,0.9100088620358493,-0.1405463970739504,0.7047941279540685,0.6953502336743662,1.1000192029881708,1.1310307110656268,1.7686492329551025,1.1000192029881708,1.1310307110656268,1.7686492329551025,False,False,False,False,0.0,-0.0,0.0,-0.0,0.0,-0.0,0.0,0.00011930420759354349,0.029525551516980574,0.029558879995722483,0.0014359325521341084,"[1, 1, 1]",0.02955966409507042,-9.093723529951525e-05,9.093723529951525e-05,0.00013921859763654787,-0.00013921859763654787,7.121369511198239e-05,-7.121369511198239e-05,False,880,501,True,True
877,DSC07960.JPG,414.0,192.0,4.969885349273682,1.5267721036979485,1.585401905059423,0.9111489221773879,-0.052203720722056944,0.7418048757264604,0.668580808796681,1.1121253377560414,1.1429603539455366,1.7696167602085568,1.1121253377560414,1.1429603539455366,1.7696167602085568,False,False,False,False,0.0,-0.0,0.0,-0.0,0.0,-0.0,0.0,0.0001289140044961353,0.03798747252426811,0.037998213970980056,0.0009304331029112504,"[1, 1, 1]",0.03799853971087412,-0.00011748158712920898,0.00011748158712920898,0.00017367195570128224,-0.00017367195570128224,8.131225068597203e-05,-8.131225068597203e-05,False,881,426,True,True
878,DSC07960.JPG,384.0,193.0,4.392606735229492,0.8614106615597501,1.6069737071845562,0.7168273297207154,-0.46106127238092964,0.882420586464999,0.09357570033531983,0.5185936872948379,0.7881588908186569,1.7170033181060724,0.5185936872948379,0.7881588908186569,1.7170033181060724,False,False,False,False,0.0,-0.0,0.0,-0.0,0.0,-0.0,0.0,0.00034723923499855377,0.2460994287852292,0.24405895567226843,0.05143351790091429,"[1, 1, 1]",0.24776512811829784,-0.0009074724646715993,0.0009074724646715993,0.0008897666075140531,-0.0008897666075140531,-0.00015304070942612213,0.00015304070942612213,False,882,153,True,True
879,DSC07960.JPG,385.0,193.0,4.393592357635498,0.8690537372894975,1.6095595432418446,0.7121558724636876,-0.45420402046503267,0.8840854314329661,0.10996207401366362,0.5200721247521215,0.7973571001421452,1.7166388519810967,0.5200721247521215,0.7973571001421452,1.7166388519810967,False,False,False,False,0.0,-0.0,0.0,-0.0,0.0,-0.0,0.0,0.00034469656807762213,0.23205921454813014,0.229688253602788,0.05078209197750615,"[1, 1, 1]",0.23365252047075044,-0.0008619889155687677,0.0008619889155687677,0.0008367211607678282,-0.0008367211607678282,-0.00015992239482098825,0.00015992239482098825,False,883,137,True,True
880,DSC07960.JPG,386.0,193.0,4.806313514709473,1.1844841639669077,1.5371987733267605,0.9762703484848492,0.09916626987927155,0.9869227828144065,0.1270805716075411,0.9316492521494019,0.8410631412401225,1.7730564176452956,0.9316492521494019,0.8410631412401225,1.7730564176452956,False,False,False,False,0.0,-0.0,0.0,-0.0,0.0,-0.0,0.0,9.815186155650892e-05,0.0339793212947907,0.03398485797601514,0.0007637319041428612,"[1, 1, 1]",0.03398638061407144,-0.00010444722525670969,0.00010444722525670969,0.0001546291728689031,-0.0001546291728689031,7.268290585926707e-05,-7.268290585926707e-05,False,884,487,True,True
881,DSC07960.JPG,387.0,193.0,4.807748317718506,1.19311741980557,1.5399648659828582,0.9713885130651397,0.025261239719567608,0.9891082967305891,0.14500567956650418,0.9336221521842153,0.8511627404077374,1.772706483181159,0.9336221521842153,0.8511627404077374,1.772706483181159,False,False,False,False,0.0,-0.0,0.0,-0.0,0.0,-0.0,0.0,9.282811500516415e-05,0.03031245565080453,0.03031574548899795,0.0005779120592600481,"[1, 1, 1]",0.030316854849714938,-9.323864523169689e-05,9.323864523169689e-05,0.00013737718737294458,-0.00013737718737294458,6.374746898796246e-05,-6.374746898796246e-05,False,885,552,True,True
882,DSC07960.JPG,388.0,193.0,4.7599778175354,1.1648180362859792,1.5516275967224298,0.9345002028879107,0.1434175659789724,0.7873103902842279,0.5996446873934297,0.8865745835826659,0.8569405862084188,1.7655815543948372,0.8865745835826659,0.8569405862084188,1.7655815543948372,False,False,False,False,0.0,-0.0,0.0,-0.0,0.0,-0.0,0.0,0.0001144603275179535,0.041069563563188846,0.041083710150162725,0.002109525929495752,"[1, 1, 1]",0.041103712677387653,-0.00013178752824360984,0.00013178752824360984,0.0001719264333541748,-0.0001719264333541748,5.166010592683179e-05,-5.166010592683179e-05,False,886,687,True,True
883,DSC07960.JPG,389.0,193.0,5.10774040222168,1.4339069086078635,1.4919787982328039,1.1545025269292801,-0.27628138256863766,0.9150753790671916,0.2937782297431136,1.233610862392762,0.8981290860245368,1.8128800916329166,1.233610862392762,0.8981290860245368,1.8128800916329166,False,False,False,False,0.0,-0.0,0.0,-0.0,0.0,-0.0,0.0,0.00012851076437001815,0.031132086688291153,0.029583895523402407,0.01399923044497149,"[1, 1, 1]",0.031940508435709794,4.8809416596684585e-05,-4.8809416596684585e-05,-8.563929695237782e-05,8.563929695237782e-05,-5.7092768685595985e-05,5.7092768685595985e-05,False,887,629,True,True
884,DSC07960.JPG,390.0,193.0,4.759389877319336,1.1793459850491728,1.557727516451443,0.9225978571932426,0.017120521507123034,0.8550617105928653,0.518243532348767,0.8870655120849245,0.8766468452869662,1.7644160110294478,0.8870655120849245,0.8766468452869662,1.7644160110294478,False,False,False,False,0.0,-0.0,0.0,-0.0,0.0,-0.0,0.0,0.00010826574699408326,0.032410886849711364,0.03241364171154446,0.00222950968701591,"[1, 1, 1]",0.032450581420819496,-0.00010563703543065017,0.00010563703543065017,0.00013399967618465958,-0.00013399967618465958,3.4828021926003316e-05,-3.4828021926003316e-05,False,888,872,True,True
885,DSC07960.JPG,391.0,193.0,4.782272815704346,1.2041162245250796,1.5566310176907798,0.9316378045224353,0.001132585654861356,0.7537165212170468,0.657198693618762,0.9104087409210493,0.8886809257866598,1.7670164523327065,0.9104087409210493,0.8886809257866598,1.7670164523327065,False,False,False,False,0.0,-0.0,0.0,-0.0,0.0,-0.0,0.0,9.165686807108015e-05,0.02305470201207221,0.023055382787619382,0.0011489737948866374,"[1, 1, 1]",0.02306935304368311,-7.413719482274317e-05,7.413719482274317e-05,9.731554845315848e-05,-9.731554845315848e-05,3.0100444424085993e-05,-3.0100444424085993e-05,False,889,939,True,True
886,DSC07960.JPG,392.0,193.0,4.799655914306641,1.2247952515084242,1.556543688619296,0.9370719072417149,0.005260455376118357,0.8176177324053057,0.5757374152038774,0.928275441483917,0.9002806155838708,1.768856958598275,0.928275441483917,0.9002806155838708,1.768856958598275,False,False,False,False,0.0,-0.0,0.0,-0.0,0.0,-0.0,0.0,7.832736554423527e-05,0.01621215295217894,0.016211851816954108,0.0005295792139154923,"[1, 1, 1]",0.016216326589248656,-5.1513877560971366e-05,5.1513877560971366e-05,6.972647885628014e-05,-6.972647885628014e-05,2.455725422789712e-05,-2.455725422789712e-05,False,890,1011,True,True
887,DSC07960.JPG,393.0,193.0,4.802447319030762,1.2344606087742764,1.5590700483318036,0.933061831609341,-0.0063579385454216085,0.7255337386413491,0.688157228190302,0.9316008441742621,0.9105176602067452,1.7686928080965063,0.9316008441742621,0.9105176602067452,1.7686928080965063,False,False,False,False,0.0,-0.0,0.0,-0.0,0.0,-0.0,0.0,7.39364455383655e-05,0.012578028265916254,0.012575726380833534,0.0005068928269039517,"[1, 1, 1]",0.01258198377821634,-4.02807479824574e-05,4.02807479824574e-05,5.3920159528209055e-05,-5.3920159528209055e-05,1.8163289746908617e-05,-1.8163289746908617e-05,False,891,1118,True,True
888,DSC07960.JPG,394.0,193.0,4.805241584777832,1.2441369202974586,1.5615994169638152,0.929046839498035,0.06432272573196386,0.67685943254783,0.7332965945137343,0.9349297305695244,0.9207665802369194,1.7685284134291612,0.9349297305695244,0.9207665802369194,1.7685284134291612,False,False,False,False,0.0,-0.0,0.0,-0.0,0.0,-0.0,0.0,6.992632791704564e-05,0.009132406967682208,0.009126639181836442,0.00048218335903933116,"[1, 1, 1]",0.00913588804034726,-2.9630051615159303e-05,2.9630051615159303e-05,3.900106553778038e-05,-3.900106553778038e-05,1.2217440827022585e-05,-1.2217440827022585e-05,False,892,1241,True,True
889,DSC07960.JPG,395.0,193.0,4.80803918838501,1.2538245627742661,1.5641317158237749,0.9250272266143376,0.15083199384948187,0.6749561431966842,0.722276895928734,0.9382625770671895,0.9310274423572938,1.7683638388896648,0.9382625770671895,0.9310274423572938,1.7683638388896648,False,False,False,False,0.0,-0.0,0.0,-0.0,0.0,-0.0,0.0,6.636817300577842e-05,0.005877799074066948,0.0058652177190188885,0.0004594444671470474,"[1, 1, 1]",0.005880492785230056,-1.9562824221663888e-05,1.9562824221663888e-05,2.4973606467026954e-05,-2.4973606467026954e-05,6.725451909161961e-06,-6.725451909161961e-06,False,893,1363,True,True
890,DSC07960.JPG,396.0,193.0,4.810840129852295,1.263523551952125,1.566666951216878,0.921002980839473,0.18434140056853085,0.6793714550851631,0.7102623980275887,0.9415993847998876,0.9413002673528864,1.768199083337042,0.9415993847998876,0.9413002673528864,1.768199083337042,False,False,False,False,0.0,-0.0,0.0,-0.0,0.0,-0.0,0.0,6.334075411436316e-05,0.0028242416687100608,0.0027921562501312487,0.0004443315637711082,"[1, 1, 1]",0.0028257660967485085,-1.0080425265623916e-05,1.0080425265623916e-05,1.1842408240259061e-05,-1.1842408240259061e-05,1.6928356725287586e-06,-1.6928356725287586e-06,False,894,1508,True,True
891,DSC07960.JPG,397.0,193.0,4.821438312530518,1.2791948965497042,1.5678403952553046,0.9219583326035262,0.2481578606848962,0.7404348625362362,0.6246390081649085,0.9527127667613015,0.9524161652343023,1.769099230586178,0.9527127667613015,0.9524161652343023,1.769099230586178,False,False,False,False,0.0,-0.0,0.0,-0.0,0.0,-0.0,0.0,5.601004420467288e-05,0.00039499005229707223,0.0002917121040382484,0.0002665223702317804,"[1, 1, 1]",0.00039506017269652844,2.1474451106229253e-08,-2.1474451106229253e-08,-1.2505491422398762e-06,1.2505491422398762e-06,-2.120603608712912e-06,2.120603608712912e-06,False,895,1492,True,True
892,DSC07960.JPG,398.0,193.0,4.816389083862305,1.2829073942472733,1.5717572385986232,0.9129003662504415,0.2814959876765691,0.7504399326098834,0.5979965856645562,0.9482221108238085,0.9618750466974071,1.7678604303189185,0.9482221108238085,0.9618750466974071,1.7678604303189185,False,False,False,False,0.0,-0.0,0.0,-0.0,0.0,-0.0,0.0,5.924043757375235e-05,0.0028207050685588983,0.0027862892156632723,0.0004663659904952865,"[1, 1, 1]",0.0028228780690425013,7.119605124339401e-06,-7.119605124339401e-06,-1.1712202396152449e-05,1.1712202396152449e-05,-6.9803983211436105e-06,6.9803983211436105e-06,False,896,1356,True,True
893,DSC07960.JPG,399.0,193.0,4.810754776000977,1.2861546860817308,1.5757694354913285,0.9034818763106951,-0.2740254260665843,-0.7048847757065719,-0.6542534056817151,0.9431466994333256,0.9712481491915719,1.7665429593475843,0.9431466994333256,0.9712481491915719,1.7665429593475843,False,False,False,False,0.0,-0.0,0.0,-0.0,0.0,-0.0,0.0,6.336231429690422e-05,0.005565416688270228,0.005532486234436896,0.0007330038324923945,"[1, 1, 1]",0.005573130278242339,1.4875578293160885e-05,-1.4875578293160885e-05,-2.2813621980866117e-05,2.2813621980866117e-05,-1.1720954406602146e-05,1.1720954406602146e-05,False,897,1253,True,True
894,DSC07960.JPG,400.0,193.0,4.810898303985596,1.2938305643587673,1.578773736075737,0.8977510031144992,0.3018817586293121,0.687248033980802,0.6607250135997549,0.9438340259159341,0.9812499498789997,1.766014374225289,0.9438340259159341,0.9812499498789997,1.766014374225289,False,False,False,False,0.0,-0.0,0.0,-0.0,0.0,-0.0,0.0,6.451580148941267e-05,0.008262758676467868,0.008243765558257996,0.0008916495755584215,"[1, 1, 1]",0.008277315032865764,2.2999344440277625e-05,-2.2999344440277625e-05,-3.36689684157232e-05,3.36689684157232e-05,-1.5351807066910084e-05,1.5351807066910084e-05,False,898,1176,True,True
895,DSC07960.JPG,401.0,193.0,4.811041831970215,1.3015068940620493,1.5817782174091055,0.8920197825134087,0.06781963647079382,0.7432759760714251,0.665538368769254,0.9445213848672882,0.9912523464036327,1.7654857563950814,0.9445213848672882,0.9912523464036327,1.7654857563950814,False,False,False,False,0.0,-0.0,0.0,-0.0,0.0,-0.0,0.0,6.625744436645491e-05,0.010925359874866546,0.010918754194841375,0.001089779771996412,"[1, 1, 1]",0.010949207751988444,3.1003146387043046e-05,-3.1003146387043046e-05,-4.415577011274152e-05,4.415577011274152e-05,-1.8569425434211695e-05,1.8569425434211695e-05,False,899,1111,True,True
896,DSC07960.JPG,402.0,193.0,4.841338157653809,1.3324824618343556,1.5795979713339765,0.905388628927792,-0.0379668033278882,0.7109134532108354,0.7022539312021734,0.9752962550026144,1.0047835677608723,1.7690604931618124,0.9752962550026144,1.0047835677608723,1.7690604931618124,False,False,False,False,0.0,-0.0,0.0,-0.0,0.0,-0.0,0.0,5.371234816685035e-05,0.009950124383454478,0.009954265986739005,0.0004054687811270719,"[1, 1, 1]",0.00995632442830156,3.0106933323281737e-05,-3.0106933323281737e-05,-4.213175764977706e-05,4.213175764977706e-05,-1.6740950361526785e-05,1.6740950361526785e-05,False,900,1156,True,True
897,DSC07960.JPG,403.0,193.0,4.843967914581299,1.3421321087595817,1.5821958476378912,0.9011921246645357,-0.04079482274152931,0.849579247283809,0.5258810559643349,0.9784682137835913,1.0151458220164016,1.768866433018955,0.9784682137835913,1.0151458220164016,1.768866433018955,False,False,False,False,0.0,-0.0,0.0,-0.0,0.0,-0.0,0.0,5.6627477806228e-05,0.01130536709115858,0.011312720103930899,0.0005053741443522188,"[1, 1, 1]",0.011314688793159538,3.426748454127271e-05,-3.426748454127271e-05,-4.752260693741128e-05,4.752260693741128e-05,-1.8309202444832806e-05,1.8309202444832806e-05,False,901,1114,True,True
898,DSC07960.JPG,404.0,193.0,4.8459343910217285,1.3512754300042644,1.5849102544231422,0.8965707028399941,-0.06614674140140715,0.8805551041434176,0.469305142917644,0.9809787737737344,1.0254386282828425,1.7685816612558847,0.9809787737737344,1.0254386282828425,1.7685816612558847,False,False,False,False,0.0,-0.0,0.0,-0.0,0.0,-0.0,0.0,6.0411877945793384e-05,0.012602052204099582,0.012614311691938237,0.0006430604740413267,"[1, 1, 1]",0.012616380373361609,3.8216506696331365e-05,-3.8216506696331365e-05,-5.245268280895665e-05,5.245268280895665e-05,-1.947520367551192e-05,1.947520367551192e-05,False,902,1100,True,True
899,DSC07960.JPG,405.0,193.0,4.847902297973633,1.3604260483302688,1.587626894368686,0.891945422191804,0.013747375830910513,0.8790178101498259,0.4765907039558874,0.9834912065160824,1.035739774407249,1.7682966355460694,0.9834912065160824,1.035739774407249,1.7682966355460694,False,False,False,False,0.0,-0.0,0.0,-0.0,0.0,-0.0,0.0,6.467161096483836e-05,0.01375417160814239,0.013773109572095406,0.0008000761080661923,"[1, 1, 1]",0.013775266007483874,4.172516527933823e-05,-4.172516527933823e-05,-5.6628676295078506e-05,5.6628676295078506e-05,-2.015820143030922e-05,2.015820143030922e-05,False,903,1078,True,True
900,DSC07960.JPG,406.0,193.0,4.849871635437012,1.3695839704864923,1.5903457701767503,0.8873162775262049,0.06383066442240028,0.8966578773792866,0.43809850172428944,0.9860055124960484,1.0460492692974863,1.7680113554005212,0.9860055124960484,1.0460492692974863,1.7680113554005212,False,False,False,False,0.0,-0.0,0.0,-0.0,0.0,-0.0,0.0,6.932067000206413e-05,0.014761393019718065,0.014789192801665347,0.0009764535698958668,"[1, 1, 1]",0.014791423333526624,4.479271792723338e-05,-4.479271792723338e-05,-6.004848980523114e-05,6.004848980523114e-05,-2.0355940189009658e-05,2.0355940189009658e-05,False,904,1074,True,True
901,DSC07960.JPG,407.0,193.0,4.851842880249023,1.3787495754188615,1.5930668040565203,0.8826835628184835,-0.07632592326425439,-0.8392782933172432,-0.5383180284964965,0.988522168272922,1.0563671826057424,1.7677258849496682,0.988522168272922,1.0563671826057424,1.7677258849496682,False,False,False,False,0.0,-0.0,0.0,-0.0,0.0,-0.0,0.0,7.428735849866904e-05,0.015623261272334312,0.01566259461328253,0.001172207897438095,"[1, 1, 1]",0.015664884841190052,4.7418033124024817e-05,-4.7418033124024817e-05,-6.270962722365603e-05,6.270962722365603e-05,-2.0066202323754112e-05,2.0066202323754112e-05,False,905,1081,True,True
902,DSC07960.JPG,408.0,193.0,4.85381555557251,1.3879224991790002,1.5957900798037592,0.8780469725516622,-0.013340480187436934,0.8327033423056359,0.5535586466684371,0.9910406983661103,1.0666934644750854,1.7674401589764397,0.9910406983661103,1.0666934644750854,1.7674401589764397,False,False,False,False,0.0,-0.0,0.0,-0.0,0.0,-0.0,0.0,7.951366354963627e-05,0.016339564217981592,0.016393690655075066,0.0013873947847154397,"[1, 1, 1]",0.01639602569483708,4.960064647030471e-05,-4.960064647030471e-05,-6.461047407646525e-05,6.461047407646525e-05,-1.9287053476091387e-05,1.9287053476091387e-05,False,906,1101,True,True
903,DSC07960.JPG,409.0,193.0,4.796108722686768,1.3503308589788987,1.6085149511430201,0.8361069593555827,0.23650605400268965,0.6283695511781717,0.7410914879906664,0.9339621959829639,1.0691776069547154,1.7590800111153073,0.9339621959829639,1.0691776069547154,1.7590800111153073,False,False,False,False,0.0,-0.0,0.0,-0.0,0.0,-0.0,0.0,0.000100961554231421,0.03564949403847413,0.035887823231186326,0.004955363290887777,"[1, 1, 1]",0.03594007450317276,0.00010348118349101654,-0.00010348118349101654,-0.0001315553688783222,0.0001315553688783222,-3.464640666006602e-05,3.464640666006602e-05,False,907,877,True,True
904,DSC07960.JPG,410.0,193.0,4.79728364944458,1.3587958900298875,1.6113387752308792,0.8310354322346512,0.018427409531675137,0.838235682649815,0.5449966705499685,0.9356781259787592,1.0792897988046728,1.7586923505022547,0.9356781259787592,1.0792897988046728,1.7586923505022547,False,False,False,False,0.0,-0.0,0.0,-0.0,0.0,-0.0,0.0,0.00010507818638099434,0.038077725719786584,0.03836896342822108,0.005478040058868429,"[1, 1, 1]",0.03841939273103019,0.00011085817850720048,-0.00011085817850720048,-0.00013914900803690955,0.00013914900803690955,-3.4033662811072674e-05,3.4033662811072674e-05,False,908,884,True,True
905,DSC07960.JPG,411.0,193.0,4.9092183113098145,1.454415268644713,1.5957461213698036,0.8949158667935937,-0.009313987239872368,0.7005978614803956,0.7134955403720418,1.0480268735790925,1.104436167905281,1.7732637393944835,1.0480268735790925,1.104436167905281,1.7732637393944835,False,False,False,False,0.0,-0.0,0.0,-0.0,0.0,-0.0,0.0,9.674803516003397e-05,0.0028226150576040666,0.003016911595442361,0.001065601861857457,"[1, 1, 1]",0.0030169867366009184,-8.811957921572855e-06,8.811957921572855e-06,6.254025480822989e-06,-6.254025480822989e-06,-5.600619842560661e-06,5.600619842560661e-06,False,909,1389,True,True
906,DSC07960.JPG,412.0,193.0,4.907283306121826,1.4606099494996674,1.5991578307139567,0.8877722449295687,0.009469189384961307,0.7112314323728416,0.7028941485439097,1.0466491504973887,1.114359566322734,1.7724432469578764,1.0466491504973887,1.114359566322734,1.7724432469578764,False,False,False,False,0.0,-0.0,0.0,-0.0,0.0,-0.0,0.0,0.00010296600817398429,0.0023746611622458393,0.0024767796897124665,0.0007040170066510204,"[1, 1, 1]",0.0024768016153617614,-7.3886588016769394e-06,7.3886588016769394e-06,6.39545738079228e-06,-6.39545738079228e-06,-2.706426703635856e-06,2.706426703635856e-06,False,910,1465,True,True
907,DSC07960.JPG,413.0,193.0,4.901438236236572,1.4637096347352627,1.6032123740086883,0.8782085130540322,0.004515555190266354,0.7017006487855185,0.7124575841797925,1.0413645303057888,1.1237281320490469,1.7710959893959872,1.0413645303057888,1.1237281320490469,1.7710959893959872,False,False,False,False,0.0,-0.0,0.0,-0.0,0.0,-0.0,0.0,0.00010882121853497917,4.539475216529435e-05,4.550701634138376e-05,3.1945284701301985e-06,"[1, 1, 1]",4.5499006657903374e-05,1.405524800990321e-07,-1.405524800990321e-07,-1.8154855796481684e-07,1.8154855796481684e-07,-5.1988830129801045e-08,5.1988830129801045e-08,False,911,1585,True,True
908,DSC07960.JPG,414.0,193.0,4.895606994628906,1.4668018819134117,1.6072572830891914,0.8686674877373274,-0.04180738309390666,0.634660372406245,0.7716594808696423,1.0360924049399305,1.1330743952577622,1.7697519267730446,1.0360924049399305,1.1330743952577622,1.7697519267730446,False,False,False,False,0.0,-0.0,0.0,-0.0,0.0,-0.0,0.0,0.00011477100375366661,0.002735601879073339,0.002847446726138465,0.0007903620178358328,"[1, 1, 1]",0.002847467589577671,8.432474578601301e-06,-8.432474578601301e-06,-7.493518405121691e-06,7.493518405121691e-06,2.7525152601626246e-06,-2.7525152601626246e-06,False,912,1462,True,True
909,DSC07960.JPG,385.0,194.0,4.762183666229248,1.1428815560461065,1.551474192495048,0.9565707891307608,0.03651410258513611,0.9929097195842412,0.11312386603871641,0.8854173894487124,0.828108459142871,1.7772311391894486,0.8854173894487124,0.828108459142871,1.7772311391894486,False,False,False,False,0.0,-0.0,0.0,-0.0,0.0,-0.0,0.0,0.0001254701320122689,0.05400342793780791,0.05403901125657368,0.0028210263967764406,"[1, 1, 1]",0.05405803898801937,-0.00016318080971333693,0.00016318080971333693,0.0002532002513710996,-0.0002532002513710996,0.00013361231449149358,-0.00013361231449149358,False,913,201,True,True
910,DSC07960.JPG,386.0,194.0,4.745762348175049,1.138099068414087,1.5574300624966015,0.9400757651307411,-0.07575589791859116,0.9683714656772076,0.2377346175733035,0.8696060068312119,0.8366149582220512,1.7743903566694448,0.8696060068312119,0.8366149582220512,1.7743903566694448,False,False,False,False,0.0,-0.0,0.0,-0.0,0.0,-0.0,0.0,0.00013034835926528724,0.05537346436145449,0.055380272353518036,0.0014800552161280307,"[1, 1, 1]",0.05538675692073848,-0.00016944024689680148,0.00016944024689680148,0.00025213320051764576,-0.00025213320051764576,0.00012011382842169738,-0.00012011382842169738,False,914,244,True,True
911,DSC07960.JPG,387.0,194.0,4.741970539093018,1.1427227335028058,1.5610987746375051,0.931858846321563,0.13850642795479548,0.8451438598886188,0.5162826992140737,0.8663670202990617,0.8461395294338853,1.7733193796307896,0.8663670202990617,0.8461395294338853,1.7733193796307896,False,False,False,False,0.0,-0.0,0.0,-0.0,0.0,-0.0,0.0,0.00012885094642271476,0.05173489962438757,0.05173706144738672,0.000949603573170541,"[1, 1, 1]",0.05174033780314433,-0.0001589581036061105,0.0001589581036061105,0.00023337148061242097,-0.00023337148061242097,0.00010721984867290146,-0.00010721984867290146,False,915,300,True,True
912,DSC07960.JPG,388.0,194.0,4.765626430511475,1.167932268016207,1.5598542598467677,0.9415223031804384,-0.0606235856766982,0.9642026159366536,0.2581435575035992,0.890461931097041,0.8580660631968975,1.7760843230203047,0.890461931097041,0.8580660631968975,1.7760843230203047,False,False,False,False,0.0,-0.0,0.0,-0.0,0.0,-0.0,0.0,0.00011198933596757924,0.03955586336258675,0.03956797785538007,0.0018717835976674528,"[1, 1, 1]",0.03958405468941554,-0.0001191102350717177,0.0001191102350717177,0.00018393085726864378,-0.00018393085726864378,9.600299071399476e-05,-9.600299071399476e-05,False,916,346,True,True
913,DSC07960.JPG,389.0,194.0,4.756251811981201,1.1683769139325275,1.5645255589104259,0.9296623114263861,0.06353067001281383,0.8627086032510167,0.5016948473369075,0.8816638655599742,0.8671127803303502,1.774232539757611,0.8816638655599742,0.8671127803303502,1.774232539757611,False,False,False,False,0.0,-0.0,0.0,-0.0,0.0,-0.0,0.0,0.00011395407229922515,0.037796618951291876,0.0377986745254431,0.0011317168220020474,"[1, 1, 1]",0.03780611712769162,-0.0001149035003176202,0.0001149035003176202,0.00017238806139974194,-0.00017238806139974194,8.389441394074382e-05,-8.389441394074382e-05,False,917,412,True,True
914,DSC07960.JPG,390.0,194.0,4.756353378295898,1.1759331678116267,1.567502366815729,0.9239720177591351,0.1124796466361745,0.7441264109790845,0.6585014909443926,0.882303013998109,0.8769946195370728,1.7737047678593996,0.882303013998109,0.8769946195370728,1.7737047678593996,False,False,False,False,0.0,-0.0,0.0,-0.0,0.0,-0.0,0.0,0.00011081593003968367,0.03322532478444597,0.033225335304181515,0.0008788532924771939,"[1, 1, 1]",0.033231141229292216,-0.00010109517688094982,0.00010109517688094982,0.0001508590930010545,-0.0001508590930010545,7.24108964238468e-05,-7.24108964238468e-05,False,918,491,True,True
915,DSC07960.JPG,391.0,194.0,4.751380443572998,1.1796577025085617,1.5713771861600796,0.9149958946442162,0.1769810125460293,0.7394488493153409,0.6495330018131493,0.877886843673822,0.8863982987760047,1.7724696863752953,0.877886843673822,0.8863982987760047,1.7724696863752953,False,False,False,False,0.0,-0.0,0.0,-0.0,0.0,-0.0,0.0,0.0001110173679819284,0.029823328668817442,0.029822806677503925,0.0004403783999184789,"[1, 1, 1]",0.029824693321365628,-9.146198440035391e-05,9.146198440035391e-05,0.0001338485895669983,-0.0001338485895669983,6.095935394556662e-05,-6.095935394556662e-05,False,919,580,True,True
916,DSC07960.JPG,392.0,194.0,4.733039855957031,1.1732509142675929,1.5776026017867728,0.8973928415512618,0.035281053051823004,0.7955937517482368,0.6048023061089626,0.8601508544205673,0.8944928689260823,1.769374071286663,0.8601508544205673,0.8944928689260823,1.769374071286663,False,False,False,False,0.0,-0.0,0.0,-0.0,0.0,-0.0,0.0,0.00011986781266842954,0.028942835002622312,0.028940740467287913,0.000566038406003523,"[1, 1, 1]",0.02894455523536077,-9.138010470177704e-05,9.138010470177704e-05,0.00012640379493289444,-0.00012640379493289444,4.825005401798421e-05,-4.825005401798421e-05,False,920,716,True,True
917,DSC07960.JPG,393.0,194.0,4.764571666717529,1.204604728655532,1.5750432911964467,0.912004313339704,-0.055069907827380846,0.7985458410011423,0.599409580396962,0.8921060982826416,0.9074218582642979,1.7732225098795467,0.8921060982826416,0.9074218582642979,1.7732225098795467,False,False,False,False,0.0,-0.0,0.0,-0.0,0.0,-0.0,0.0,9.82105668136604e-05,0.018405676859622556,0.0184019774999961,0.0005610722127396603,"[1, 1, 1]",0.018408103088104005,-5.548969192936681e-05,5.548969192936681e-05,8.336668064479191e-05,-8.336668064479191e-05,4.07205187280546e-05,-4.07205187280546e-05,False,921,796,True,True
918,DSC07960.JPG,394.0,194.0,4.788286209106445,1.2301175817165404,1.5738921122607963,0.921506404319188,-0.044734111423341716,0.7581102586398388,0.6505902666196295,0.9162780691426313,0.9196958142576157,1.77597686030293,0.9162780691426313,0.9196958142576157,1.77597686030293,False,False,False,False,0.0,-0.0,0.0,-0.0,0.0,-0.0,0.0,8.150609286945456e-05,0.011137047588944309,0.011110420911162057,0.0010399204841112005,"[1, 1, 1]",0.011148020388628988,-3.137379656714678e-05,3.137379656714678e-05,5.2164718587155434e-05,-5.2164718587155434e-05,3.1713484655693236e-05,-3.1713484655693236e-05,False,922,914,True,True
919,DSC07960.JPG,395.0,194.0,4.799600601196289,1.246262975053256,1.5749336518179,0.9229824067687513,0.10518629079635745,0.7026361848954872,0.7037316504918754,0.9280964621233295,0.9307957914669549,1.777003119131551,0.9280964621233295,0.9307957914669549,1.777003119131551,False,False,False,False,0.0,-0.0,0.0,-0.0,0.0,-0.0,0.0,7.277153199320568e-05,0.006591255917410524,0.006526068721254142,0.0010752186805814644,"[1, 1, 1]",0.00660266323031208,-1.6865083656725233e-05,1.6865083656725233e-05,3.1200992907320924e-05,-3.1200992907320924e-05,2.2507047646502798e-05,-2.2507047646502798e-05,False,923,1040,True,True
920,DSC07960.JPG,396.0,194.0,4.801008224487305,1.254884903893955,1.5777111564616917,0.9180766420258659,0.14893308010231818,0.7060387469425031,0.6923353417723933,0.9300424471096834,0.9409056043653083,1.7766516333052764,0.9300424471096834,0.9409056043653083,1.7766516333052764,False,False,False,False,0.0,-0.0,0.0,-0.0,0.0,-0.0,0.0,7.068285710281201e-05,0.003367569427832935,0.0032427588663431267,0.0009450394998319423,"[1, 1, 1]",0.003372618367246047,-6.9609925597013955e-06,6.9609925597013955e-06,1.545985395789984e-05,-1.545985395789984e-05,1.3750352300334612e-05,-1.3750352300334612e-05,False,924,1203,True,True
921,DSC07960.JPG,397.0,194.0,4.794598579406738,1.2575342439129797,1.581844089726216,0.9081627932777463,0.1694584808171438,0.7179394665446973,0.6751642360616129,0.9241956918115816,0.9501866488749583,1.7752155963280287,0.9241956918115816,0.9501866488749583,1.7752155963280287,False,False,False,False,0.0,-0.0,0.0,-0.0,0.0,-0.0,0.0,7.403129637043887e-05,0.000803026650758485,0.0003495408116294584,0.0007232314491294606,"[1, 1, 1]",0.0008031482770435713,1.3107159031466864e-06,-1.3107159031466864e-06,1.6334137573625895e-06,-1.6334137573625895e-06,5.2622941590918515e-06,-5.2622941590918515e-06,False,925,1399,True,True
922,DSC07960.JPG,398.0,194.0,4.795208930969238,1.2655418929204358,1.5847577728062217,0.9027502202779984,0.23569753154372763,0.7105521134694772,0.6629949982226508,0.9253465366527713,0.9602051469899905,1.7747538714472506,0.9253465366527713,0.9602051469899905,1.7747538714472506,False,False,False,False,0.0,-0.0,0.0,-0.0,0.0,-0.0,0.0,7.351052083163248e-05,0.002991422442322857,0.0029250039656572536,0.0006442688171075694,"[1, 1, 1]",0.0029932707416261586,1.1151542144816062e-05,-1.1151542144816062e-05,-1.3601929450768324e-05,1.3601929450768324e-05,-2.7388898411473406e-06,2.7388898411473406e-06,False,926,1463,True,True
923,DSC07960.JPG,399.0,194.0,4.795819282531738,1.2735514616142534,1.587672224519678,0.897336169941824,0.24127637896549856,0.7182639445786912,0.6525968241353586,0.9264975195670344,0.9702261788977901,1.774292007476349,0.9264975195670344,0.9702261788977901,1.774292007476349,False,False,False,False,0.0,-0.0,0.0,-0.0,0.0,-0.0,0.0,7.353989001265068e-05,0.006155922201818215,0.006134415816179764,0.0005831649002252185,"[1, 1, 1]",0.006158998108632618,2.0793455977496933e-05,-2.0793455977496933e-05,-2.8383097753659214e-05,2.8383097753659214e-05,-1.0326002808813683e-05,1.0326002808813683e-05,False,927,1281,True,True
924,DSC07960.JPG,400.0,194.0,4.796429634094238,1.2815629499944334,1.5905874448665855,0.8919206422692237,-0.24918467224065596,-0.7047303754846675,-0.6642756182410705,0.9276486405543721,0.9802497445983579,1.7738300044153255,0.9276486405543721,0.9802497445983579,1.7738300044153255,False,False,False,False,0.0,-0.0,0.0,-0.0,0.0,-0.0,0.0,7.411916262388285e-05,0.009286927939297368,0.009278746008237231,0.0005303666354693291,"[1, 1, 1]",0.009290410272840466,3.023640772559233e-05,-3.023640772559233e-05,-4.270905117542689e-05,4.270905117542689e-05,-1.74973184616789e-05,1.74973184616789e-05,False,928,1136,True,True
925,DSC07960.JPG,401.0,194.0,4.7970404624938965,1.2895767256460722,1.5935033524777273,0.8865039402267705,0.24763768125928787,0.7025615352083462,0.6671453125565788,0.9288003751909426,0.9902758989603431,1.7733679281826547,0.9288003751909426,0.9902758989603431,1.7733679281826547,False,False,False,False,0.0,-0.0,0.0,-0.0,0.0,-0.0,0.0,7.523577319943848e-05,0.012360675932602929,0.012358022365845966,0.00047670931482813434,"[1, 1, 1]",0.012363945124396663,3.9480276884829024e-05,-3.9480276884829024e-05,-5.6578657849915004e-05,5.6578657849915004e-05,-2.425108411685528e-05,2.425108411685528e-05,False,929,1018,True,True
926,DSC07960.JPG,402.0,194.0,4.797651290893555,1.2975924224838271,1.596420029322815,0.8810857596937218,0.1741313020406711,0.6716151201498813,0.7201468045028603,0.9299522480084561,1.0003045890946212,1.7729057127511967,0.9299522480084561,1.0003045890946212,1.7729057127511967,False,False,False,False,0.0,-0.0,0.0,-0.0,0.0,-0.0,0.0,7.686698334705128e-05,0.01537265125326881,0.015372327081554294,0.00041450160976618466,"[1, 1, 1]",0.015375283066864231,4.852502013386051e-05,-4.852502013386051e-05,-6.999091159376469e-05,6.999091159376469e-05,-3.058562104563123e-05,3.058562104563123e-05,False,930,934,True,True
927,DSC07960.JPG,403.0,194.0,4.796121597290039,1.3039532186115579,1.5997000461927182,0.8743112647876755,0.18007426595309314,0.7271384354971123,0.6624522279864915,0.9289689134045136,1.0100806235448831,1.7721479378760312,0.9289689134045136,1.0100806235448831,1.7721479378760312,False,False,False,False,0.0,-0.0,0.0,-0.0,0.0,-0.0,0.0,8.00949429064005e-05,0.018595113382622326,0.01859532947166536,0.00026503037298448393,"[1, 1, 1]",0.018596165756697442,5.806670530250635e-05,-5.806670530250635e-05,-8.382995509959024e-05,8.382995509959024e-05,-3.673265148851357e-05,3.673265148851357e-05,False,931,849,True,True
928,DSC07960.JPG,404.0,194.0,4.795216083526611,1.3107933171849304,1.6028728034424768,0.8679347894894656,0.19104919857347152,0.7315896643879177,0.6544285802784044,0.928607973748433,1.019926017537231,1.7714765855183683,0.928607973748433,1.019926017537231,1.7714765855183683,False,False,False,False,0.0,-0.0,0.0,-0.0,0.0,-0.0,0.0,8.334818895558501e-05,0.021774358623116937,0.021774423450275148,0.00010417438019175989,"[1, 1, 1]",0.02177451562736608,6.750546209222108e-05,-6.750546209222108e-05,-9.730838957322518e-05,9.730838957322518e-05,-4.244851181267606e-05,4.244851181267606e-05,False,932,775,True,True
929,DSC07960.JPG,405.0,194.0,4.794310569763184,1.3176305677236146,1.6060444203524515,0.8615605059583438,0.38751079784412945,0.5709913182615096,0.7237432528350021,0.9282468292480027,1.029767652410465,1.7708054395139416,0.9282468292480027,1.029767652410465,1.7708054395139416,False,False,False,False,0.0,-0.0,0.0,-0.0,0.0,-0.0,0.0,8.692557363481632e-05,0.024972518354904327,0.024972579973367243,9.025804900751391e-05,"[1, 1, 1]",0.0249726307187281,7.699280016426613e-05,-7.699280016426613e-05,-0.00011062343418788423,0.00011062343418788423,-4.779188303949411e-05,4.779188303949411e-05,False,933,721,True,True
930,DSC07960.JPG,406.0,194.0,4.793405055999756,1.3244649702276092,1.6092148969226425,0.8551884141943099,0.40990561352602856,0.5837490348147959,0.7008669291332302,0.9278854799032219,1.0396055281645846,1.7701344998627522,0.9278854799032219,1.0396055281645846,1.7701344998627522,False,False,False,False,0.0,-0.0,0.0,-0.0,0.0,-0.0,0.0,9.078830109523348e-05,0.028189273028534974,0.028190132639114303,0.0003205394205863454,"[1, 1, 1]",0.02819061401320936,8.652836371814132e-05,-8.652836371814132e-05,-0.00012377496687521194,0.00012377496687521194,-5.2763213919337915e-05,5.2763213919337915e-05,False,934,673,True,True
931,DSC07960.JPG,407.0,194.0,4.7925004959106445,1.3312972688656366,1.6123840740175863,0.8488191132054969,0.4430683371031758,0.47094565725189486,0.7628241190288935,0.9275248775136261,1.0494397664140416,1.7694638977497663,0.9275248775136261,1.0494397664140416,1.7694638977497663,False,False,False,False,0.0,-0.0,0.0,-0.0,0.0,-0.0,0.0,9.490066343372425e-05,0.03142417027685314,0.0314271838974812,0.000588209148932248,"[1, 1, 1]",0.031428429461180955,9.611118651853268e-05,-9.611118651853268e-05,-0.0001367620903298672,0.0001367620903298672,-5.736275006951175e-05,5.736275006951175e-05,False,935,622,True,True
932,DSC07960.JPG,408.0,194.0,4.791595935821533,1.3381267224684852,1.6155521119737362,0.8424520016754335,0.27587094552272473,0.6063291583874909,0.745828514543065,0.9271640704954193,1.0592702495034354,1.7687935017726888,0.9271640704954193,1.0592702495034354,1.7687935017726888,False,False,False,False,0.0,-0.0,0.0,-0.0,0.0,-0.0,0.0,9.923157941819497e-05,0.03467720458315488,0.03468422701589875,0.0008944386336580457,"[1, 1, 1]",0.034686482534134755,0.00010574136568264336,-0.00010574136568264336,-0.00014958522264252316,0.00014958522264252316,-6.15910301933198e-05,6.15910301933198e-05,False,936,569,True,True
933,DSC07960.JPG,409.0,194.0,4.801931381225586,1.3537594558164423,1.6168575950837771,0.8431197833747927,0.25230501644341663,0.6150357686225363,0.7470429585990174,0.9380235108662148,1.0705769867395531,1.7696668965193316,0.9380235108662148,1.0705769867395531,1.7696668965193316,False,False,False,False,0.0,-0.0,0.0,-0.0,0.0,-0.0,0.0,9.963779480332752e-05,0.03465726827591611,0.03466093293464906,0.0005941970165938734,"[1, 1, 1]",0.0346616472841905,0.00010625695808519353,-0.00010625695808519353,-0.00015098369181010263,0.00015098369181010263,-6.304749622865202e-05,6.304749622865202e-05,False,937,558,True,True
934,DSC07960.JPG,410.0,194.0,4.789787769317627,1.3517778432366325,1.621884613135675,0.8297249425371828,0.01484757934399565,0.8263725913644385,0.562927961314098,0.9264427946963176,1.0789200777550632,1.7674534590852338,0.9264427946963176,1.0789200777550632,1.7674534590852338,False,False,False,False,0.0,-0.0,0.0,-0.0,0.0,-0.0,0.0,0.00010844108894453883,0.041236800626535994,0.04125923681124379,0.00162557246697427,"[1, 1, 1]",0.04126403297202349,0.00012514150691300685,-0.00012514150691300685,-0.00017473776814092012,0.00017473776814092012,-6.893505029426095e-05,6.893505029426095e-05,False,938,518,True,True
935,DSC07960.JPG,411.0,194.0,4.819697380065918,1.3828374331378959,1.6199850186757907,0.8425697805547927,-0.16776412637744287,0.7732762729518942,0.611472815087017,0.9568489101621578,1.0929246237037211,1.771008354680782,0.9568489101621578,1.0929246237037211,1.771008354680782,False,False,False,False,0.0,-0.0,0.0,-0.0,0.0,-0.0,0.0,0.00010411328664248198,0.0336425898616393,0.033642614897693456,4.434694607876774e-05,"[1, 1, 1]",0.03364261698854439,0.0001038319945361188,-0.0001038319945361188,-0.00014945599905558105,0.00014945599905558105,-6.492224914911304e-05,6.492224914911304e-05,False,939,542,True,True
936,DSC07960.JPG,412.0,194.0,4.865304946899414,1.4263639179997158,1.615553063190821,0.8651072056732819,-0.13414396227285397,0.736345755694881,0.6631744306408939,1.0029377659253373,1.1092180899857806,1.7767068611320131,1.0029377659253373,1.1092180899857806,1.7767068611320131,False,False,False,False,0.0,-0.0,0.0,-0.0,0.0,-0.0,0.0,0.00010264785700624453,0.017072334846886455,0.017305395381768438,0.0028673148680106305,"[1, 1, 1]",0.01730842022134773,5.384483245496341e-05,-5.384483245496341e-05,-9.266421443343553e-05,9.266421443343553e-05,-5.985588047652257e-05,5.985588047652257e-05,False,940,596,True,True
937,DSC07960.JPG,413.0,194.0,4.804380893707275,1.3859001708226462,1.6285525332017605,0.8213947063652055,-0.11908315153260712,0.8084686084283471,0.5763659533725027,0.9426424458576798,1.1107890099507176,1.7678135917480242,0.9426424458576798,1.1107890099507176,1.7678135917480242,False,False,False,False,0.0,-0.0,0.0,-0.0,0.0,-0.0,0.0,0.00011841921356233633,0.044242329403595716,0.044271870310147635,0.0017576657361040614,"[1, 1, 1]",0.044274550261355634,0.00013485674545310466,-0.00013485674545310466,-0.00018704737257557724,0.00018704737257557724,-7.211842928489531e-05,7.211842928489531e-05,False,941,497,True,True
938,DSC07960.JPG,414.0,194.0,4.763566017150879,1.3611577129550572,1.638208383645537,0.7902899995856906,0.004566965127768496,0.751615276835887,0.6595859447080681,0.9024189103714371,1.1149635561373525,1.7616843332215604,0.9024189103714371,1.1149635561373525,1.7616843332215604,False,False,False,False,0.0,-0.0,0.0,-0.0,0.0,-0.0,0.0,0.00013564512556594387,0.06393199488151192,0.06409444483407406,0.005339294241826613,"[1, 1, 1]",0.06412451129261572,0.00019030019058452474,-0.00019030019058452474,-0.00025565669879612507,0.00025565669879612507,-8.745670222598534e-05,8.745670222598534e-05,False,942,391,True,True
939,DSC07960.JPG,385.0,195.0,4.742428779602051,1.1270293847464483,1.5642470072067416,0.9469686171110239,-0.21908580880531564,0.9514167673796673,0.21635050988834015,0.8640188821207248,0.8271169934443466,1.7841419074515372,0.8640188821207248,0.8271169934443466,1.7841419074515372,False,False,False,False,0.0,-0.0,0.0,-0.0,0.0,-0.0,0.0,0.0001368706480473414,0.06199949524207417,0.06212127839022942,0.0062611675924760905,"[1, 1, 1]",0.062218135889391256,-0.00018121089637124221,0.00018121089637124221,0.000304490036829419,-0.000304490036829419,0.0001886446472991743,-0.0001886446472991743,False,943,98,True,True
940,DSC07960.JPG,386.0,195.0,4.798394680023193,1.1762970475530483,1.5572629292481182,0.9778433506247132,-0.016386332951462804,0.9143599370570928,0.40457062868843197,0.920257804792105,0.8416655217192636,1.7915481895616627,0.920257804792105,0.8416655217192636,1.7915481895616627,False,False,False,False,0.0,-0.0,0.0,-0.0,0.0,-0.0,0.0,0.00010389161411946861,0.03748653519006671,0.037991955790971574,0.008108742843336965,"[1, 1, 1]",0.03817316294926345,-0.00010358713214175808,0.00010358713214175808,0.00020769576803814083,-0.00020769576803814083,0.00016596240265132067,-0.00016596240265132067,False,944,123,True,True
941,DSC07960.JPG,387.0,195.0,4.659897327423096,1.0801598971835895,1.5848701372619693,0.8815956240144198,0.011732579927672326,0.6972525872415365,0.7167294999881229,0.7829393382955296,0.8396952712642588,1.7713518689734158,0.7829393382955296,0.8396952712642588,1.7713518689734158,False,False,False,False,0.0,-0.0,0.0,-0.0,0.0,-0.0,0.0,0.00017764016315061754,0.08120226215008623,0.08120225394985532,0.00013213095395971713,"[1, 1, 1]",0.08120231180028978,-0.00025284478111609054,0.00025284478111609054,0.0003592307080275692,-0.0003592307080275692,0.00014982024556919882,-0.00014982024556919882,False,945,160,True,True
942,DSC07960.JPG,388.0,195.0,4.661838054656982,1.0889440214190425,1.5874610164937464,0.8772210288531614,0.008454585909851209,0.7091352722592853,0.7050217625115144,0.7853984494302894,0.8495389441620536,1.7710960313089619,0.7853984494302894,0.8495389441620536,1.7710960313089619,False,False,False,False,0.0,-0.0,0.0,-0.0,0.0,-0.0,0.0,0.0001738294829415111,0.07333542061100214,0.0733354205911228,2.9575586669421963e-06,"[1, 1, 1]",0.07333542063088147,-0.00022849480391351484,0.00022849480391351484,0.00032410248041148115,-0.00032410248041148115,0.0001344793584032722,-0.0001344793584032722,False,946,197,True,True
943,DSC07960.JPG,389.0,195.0,4.754087924957275,1.165626338092005,1.574136533641404,0.9315961736520195,0.13888533360395272,0.7645043275883254,0.6294791475564868,0.8777727668062619,0.8675448324063663,1.7836319550231563,0.8777727668062619,0.8675448324063663,1.7836319550231563,False,False,False,False,0.0,-0.0,0.0,-0.0,0.0,-0.0,0.0,0.00011625956287805505,0.03863547945362739,0.03866041628634947,0.004565853984216288,"[1, 1, 1]",0.038782567512246166,-0.00010947033950170493,0.00010947033950170493,0.00019047518759562898,-0.00019047518759562898,0.00012525784932782003,-0.00012525784932782003,False,947,231,True,True
944,DSC07960.JPG,390.0,195.0,4.762081623077393,1.1791246777319153,1.5757260856514494,0.9310335793886917,0.12619293255698893,0.739095444517987,0.6616745934864255,0.8862701933084742,0.8781511683847546,1.7842216506100363,0.8862701933084742,0.8781511683847546,1.7842216506100363,False,False,False,False,0.0,-0.0,0.0,-0.0,0.0,-0.0,0.0,0.00010854380846281465,0.032030872431835444,0.032033936459309784,0.004340273354965723,"[1, 1, 1]",0.032179091407280806,-8.88995510874846e-05,8.88995510874846e-05,0.00015947109328706688,-0.00015947109328706688,0.00010999624240426442,-0.00010999624240426442,False,948,284,True,True
945,DSC07960.JPG,391.0,195.0,4.668205261230469,1.115744468026795,1.5951529390595574,0.8644223283561706,0.036580247551201595,0.7312514504853246,0.6811264211966834,0.7933211850782772,0.8791697766460567,1.7704029427849368,0.7933211850782772,0.8791697766460567,1.7704029427849368,False,False,False,False,0.0,-0.0,0.0,-0.0,0.0,-0.0,0.0,0.00016302479664877335,0.050365928080595486,0.050365516519553954,0.00030686482472313436,"[1, 1, 1]",0.05036618970963536,-0.00015747712566938077,0.00015747712566938077,0.00022196594532775116,-0.00022196594532775116,9.027377220727217e-05,-9.027377220727217e-05,False,949,376,True,True
946,DSC07960.JPG,392.0,195.0,4.70684289932251,1.1523147875410358,1.5913550941648156,0.8837697775644002,-0.04693138051004181,0.8729633044158367,0.4855229290845129,0.8323312234252667,0.8925887444545096,1.7753308122236835,0.8323312234252667,0.8925887444545096,1.7753308122236835,False,False,False,False,0.0,-0.0,0.0,-0.0,0.0,-0.0,0.0,0.00013705931039313232,0.03454278710595535,0.034526532029314314,0.00154848839374572,"[1, 1, 1]",0.03455201421189665,-0.00010280286264485738,0.00010280286264485738,0.0001576392837725482,-0.0001576392837725482,8.094484128751134e-05,-8.094484128751134e-05,False,950,428,True,True
947,DSC07960.JPG,393.0,195.0,3.5003018379211426,0.24508063857708232,1.8039437742119995,0.09894780228800001,-0.3279975651824696,0.8237863980801297,0.46237816511221425,-0.3689544252907394,0.7834005261465414,1.6044390219615428,-0.3689544252907394,0.7834005261465414,1.6044390219615428,True,False,False,False,-0.4529345800300153,0.4529345800300153,0.0,-0.0,-0.8432525854534836,0.8432525854534836,-0.2621592237628736,0.0009022772810571471,0.8229224352802983,0.7408051704633765,0.38379524634245954,"[1, 1, 1]",0.8286424216122141,-0.45507041294784933,0.45507041294784933,0.002517316542145265,-0.002517316542145265,-0.8440253485078122,0.8440253485078122,True,2,2,True,True
948,DSC07960.JPG,394.0,195.0,4.674490451812744,1.1425426909138685,1.602883114699922,0.8515245303163048,-0.0011013654069830698,0.8782458382622478,0.4782081498356987,0.80116653765905,0.9088716503934856,1.7696939305223556,0.80116653765905,0.9088716503934856,1.7696939305223556,False,False,False,False,0.0,-0.0,0.0,-0.0,0.0,-0.0,0.0,0.00015394552412007688,0.028678114166732157,0.028674261269965504,0.0005429812449332904,"[1, 1, 1]",0.02867875800058253,-9.067989085065342e-05,9.067989085065342e-05,0.00012595658347724914,-0.00012595658347724914,4.8781157944155495e-05,-4.8781157944155495e-05,False,951,712,True,True
949,DSC07960.JPG,395.0,195.0,4.740350723266602,1.2000273178854746,1.594466824176533,0.8882372536405068,0.03142529295905028,0.8467678665199602,0.5310335499680533,0.8673126259724722,0.92534127170607,1.778445325426667,0.8673126259724722,0.92534127170607,1.778445325426667,False,False,False,False,0.0,-0.0,0.0,-0.0,0.0,-0.0,0.0,0.0001111766981738914,0.012831578947144212,0.012702194420922438,0.0020131117200991753,"[1, 1, 1]",0.012846162480356292,-3.298322961375888e-05,3.298322961375888e-05,5.9898085318810246e-05,-5.9898085318810246e-05,4.207777718745476e-05,-4.207777718745476e-05,False,952,779,True,True
950,DSC07960.JPG,396.0,195.0,4.626771450042725,1.1208457448457902,1.616970414715932,0.809568716465128,0.10185105469504108,0.9395615775517605,0.3268798015264252,0.754675598474293,0.9232751989024134,1.76190739275471,0.754675598474293,0.9232751989024134,1.76190739275471,False,False,False,False,0.0,-0.0,0.0,-0.0,0.0,-0.0,0.0,0.00018188663162585538,0.022961564038870976,0.02263269456032933,0.004045854949055176,"[1, 1, 1]",0.02297652312248011,-8.327142469743976e-05,8.327142469743976e-05,9.539725617790928e-05,-9.539725617790928e-05,9.779781046770353e-06,-9.779781046770353e-06,False,953,1293,True,True
951,DSC07960.JPG,397.0,195.0,4.022568702697754,0.6662963820865813,1.7233363861535524,0.4167293699792335,-0.3335579108737303,0.8151761743575875,0.4735260550944169,0.15308797985357112,0.8682913989127681,1.6763462212276448,0.15308797985357112,0.8682913989127681,1.6763462212276448,False,False,False,False,0.0,-0.0,0.0,-0.0,0.0,-0.0,0.0,0.0005660899602800587,0.25071933729767626,0.21669052322330049,0.1313781568560982,"[1, 1, 1]",0.2520666877749484,-0.0011086002471416556,0.0011086002471416556,0.0007870203851256807,-0.0007870203851256807,-0.0007050716022272141,0.0007050716022272141,False,954,6,True,True
952,DSC07960.JPG,398.0,195.0,3.9527721405029297,0.6191631806534474,1.7377759967358135,0.36721224284435605,-0.29724496259032224,0.8097077790632339,0.5059829490597122,0.08398015473927568,0.8690350521130021,1.6660728382071852,0.08398015473927568,0.8690350521130021,1.6660728382071852,False,False,False,False,0.0,-0.0,0.0,-0.0,0.0,-0.0,0.0,0.000609920224103271,0.2780423208927041,0.2330388207109687,0.15700695543122814,"[1, 1, 1]",0.27952269688891207,-0.0012470088856633144,0.0012470088856633144,0.000840226405268707,-0.000840226405268707,-0.0008710051972267152,0.0008710051972267152,False,955,5,True,True
953,DSC07960.JPG,399.0,195.0,4.722744941711426,1.2163337110775447,1.609398468309593,0.8540484035625981,-0.028193717748027484,0.8387127210506661,0.5438438064622345,0.8519085283348298,0.9627440392909464,1.7738110317305213,0.8519085283348298,0.9627440392909464,1.7738110317305213,False,False,False,False,0.0,-0.0,0.0,-0.0,0.0,-0.0,0.0,0.00011982180251671715,0.006179204860637424,0.0061318364478706346,0.0007766830056227547,"[1, 1, 1]",0.006180017290652779,2.1521827636039603e-05,-2.1521827636039603e-05,-2.782551463842431e-05,2.782551463842431e-05,-8.006622132405994e-06,8.006622132405994e-06,False,956,1330,True,True
954,DSC07960.JPG,400.0,195.0,4.72033166885376,1.221904750327341,1.612780859418615,0.8467948470786107,0.06123182579452344,0.9143647504000186,0.40023463960004885,0.8500369786657592,0.9722739614508311,1.7729340966894265,0.8500369786657592,0.9722739614508311,1.7729340966894265,False,False,False,False,0.0,-0.0,0.0,-0.0,0.0,-0.0,0.0,0.00012150257130648651,0.011335971078500477,0.011324438535886045,0.0005404225325544998,"[1, 1, 1]",0.01133664864413761,3.6768735335757086e-05,-3.6768735335757086e-05,-5.1049035797889886e-05,5.1049035797889886e-05,-1.9745377543234355e-05,1.9745377543234355e-05,False,957,1091,True,True
955,DSC07960.JPG,401.0,195.0,4.735360622406006,1.2409099732439068,1.6132176537291927,0.8506416007724394,0.11334978643042197,0.8791344947301236,0.4628977922736163,0.8655546146521462,0.9838032064829824,1.774504537309666,0.8655546146521462,0.9838032064829824,1.774504537309666,False,False,False,False,0.0,-0.0,0.0,-0.0,0.0,-0.0,0.0,0.00011288554324189776,0.016131235927432687,0.016110184947652265,0.0009657599016603451,"[1, 1, 1]",0.01613517159070411,5.277157416094802e-05,-5.277157416094802e-05,-7.369207776064535e-05,7.369207776064535e-05,-2.9074610610635432e-05,2.9074610610635432e-05,False,958,956,True,True
956,DSC07960.JPG,402.0,195.0,4.770334243774414,1.27536409978957,1.610321205566655,0.8671140353320899,-0.017661258265428068,0.8420543681116909,0.5391034419297497,0.9009625479442478,0.9977338630493903,1.7788671530291287,0.9009625479442478,0.9977338630493903,1.7788671530291287,False,False,False,False,0.0,-0.0,0.0,-0.0,0.0,-0.0,0.0,9.349563410502515e-05,0.018430248556027786,0.018394187007214624,0.002005767975997616,"[1, 1, 1]",0.018466771286080708,6.216293183647359e-05,-6.216293183647359e-05,-8.845134006518762e-05,8.845134006518762e-05,-3.709152128594795e-05,3.709152128594795e-05,False,959,844,True,True
957,DSC07960.JPG,403.0,195.0,4.681987285614014,1.2145039020805055,1.6281180637689263,0.805359846590839,0.1333337371827768,0.911789841688351,0.38840880412627893,0.8134010665321196,0.9970912511340768,1.7659502773624642,0.8134010665321196,0.9970912511340768,1.7659502773624642,False,False,False,False,0.0,-0.0,0.0,-0.0,0.0,-0.0,0.0,0.0001467991432677765,0.029486068538318,0.02944313355346149,0.0019200851111787409,"[1, 1, 1]",0.029495873256184246,8.507462364626406e-05,-8.507462364626406e-05,-0.00012645890614204625,0.00012645890614204625,-6.010683139123785e-05,6.010683139123785e-05,False,960,591,True,True
958,DSC07960.JPG,404.0,195.0,4.750638961791992,1.2750968225205852,1.6196140769343077,0.8431115326938327,-0.018658109570906616,0.8733006808728601,0.48682419386698444,0.882398998390477,1.0151457304523515,1.7750239083322377,0.882398998390477,1.0151457304523515,1.7750239083322377,False,False,False,False,0.0,-0.0,0.0,-0.0,0.0,-0.0,0.0,0.00010817637099626617,0.028587850657735496,0.028583912800539145,0.0012348684045246775,"[1, 1, 1]",0.028599214829391716,9.134959651846408e-05,-9.134959651846408e-05,-0.00013185617692790252,0.00013185617692790252,-5.775057236157011e-05,5.775057236157011e-05,False,961,617,True,True
959,DSC07960.JPG,405.0,195.0,4.798814296722412,1.319996861244089,1.6145993945244796,0.8677717973119768,0.34128200982382917,0.6310514665797249,0.6966352247038519,0.9309884814584142,1.0309563277146334,1.7812187705164226,0.9309884814584142,1.0309563277146334,1.7812187705164226,False,False,False,False,0.0,-0.0,0.0,-0.0,0.0,-0.0,0.0,8.618305393716224e-05,0.024792186611079015,0.024871071067620185,0.0030872445607792154,"[1, 1, 1]",0.024927432416337256,8.196897570100781e-05,-8.196897570100781e-05,-0.0001252903340136502,0.0001252903340136502,-6.386934273505673e-05,6.386934273505673e-05,False,962,549,True,True
960,DSC07960.JPG,406.0,195.0,4.685640335083008,1.2394366112974808,1.6363575278432898,0.7906624342577457,0.09359107368332859,0.8759498179804786,0.47323633346010985,0.8186339188035321,1.02670495936379,1.764860218459961,0.8186339188035321,1.02670495936379,1.764860218459961,False,False,False,False,0.0,-0.0,0.0,-0.0,0.0,-0.0,0.0,0.0001484778365759892,0.04736645880047541,0.047344759207093565,0.002579908589623869,"[1, 1, 1]",0.04739073524166793,0.00013902761844386546,-0.00013902761844386546,-0.00020181721206280478,0.00020181721206280478,-8.987409442307026e-05,8.987409442307026e-05,False,963,379,True,True
961,DSC07960.JPG,407.0,195.0,4.722956657409668,1.2759150431136346,1.6331535105991781,0.8084565200937828,-0.04765744285080927,0.9036441726862258,0.4256242207759663,0.8563932476592785,1.0411944380803366,1.7695356110523472,0.8563932476592785,1.0411944380803366,1.7695356110523472,False,False,False,False,0.0,-0.0,0.0,-0.0,0.0,-0.0,0.0,0.00012982471158203563,0.04680948655412211,0.046809663914047464,0.0006283066385286851,"[1, 1, 1]",0.04681168357722961,0.00014291755285777974,-0.00014291755285777974,-0.00020579269476805884,0.00020579269476805884,-8.95018213920018e-05,8.95018213920018e-05,False,964,381,True,True
962,DSC07960.JPG,408.0,195.0,4.703490257263184,1.2681264127640637,1.639325629820118,0.7905235654752141,0.019668493921280703,0.913577586156821,0.40618855771518836,0.8375042326241446,1.0484724308648925,1.7662822110182537,0.8375042326241446,1.0484724308648925,1.7662822110182537,False,False,False,False,0.0,-0.0,0.0,-0.0,0.0,-0.0,0.0,0.00014258312633104372,0.055794683462671586,0.0557955951743098,0.002109905645786625,"[1, 1, 1]",0.05581508239755921,0.0001670034036136414,-0.0001670034036136414,-0.00023965375309731307,0.00023965375309731307,-0.0001031725339273315,0.0001031725339273315,False,965,317,True,True
963,DSC07960.JPG,409.0,195.0,4.696196556091309,1.269810535527151,1.6434809800998422,0.7802625571785078,-0.06915069047152499,-0.8993814477856864,-0.43166097042266205,0.8307578922303531,1.0572740374813563,1.764729758457449,0.8307578922303531,1.0572740374813563,1.764729758457449,False,False,False,False,0.0,-0.0,0.0,-0.0,0.0,-0.0,0.0,0.0001488706827863508,0.06287162815221249,0.062877008673124,0.0029652362596532924,"[1, 1, 1]",0.06290926988143104,0.0001868716024611139,-0.0001868716024611139,-0.00026732767915871314,0.00026732767915871314,-0.00011400523872273638,0.00011400523872273638,False,966,266,True,True
964,DSC07960.JPG,410.0,195.0,4.749422073364258,1.3189671401517251,1.6377603265961946,0.8078544527433855,-0.001102024230071842,0.8986189432423957,0.43872859536223113,0.8844085868994535,1.0741477364636036,1.771606647272029,0.8844085868994535,1.0741477364636036,1.771606647272029,False,False,False,False,0.0,-0.0,0.0,-0.0,0.0,-0.0,0.0,0.00012581903427253533,0.05423008620170421,0.05423032330789407,0.00023228292463578005,"[1, 1, 1]",0.054230453494074626,0.00016753367256150398,-0.00016753367256150398,-0.00024281334151710077,0.00024281334151710077,-0.00010764480631397788,0.00010764480631397788,False,967,298,True,True
965,DSC07960.JPG,411.0,195.0,4.79425573348999,1.3616920322348605,1.6334695933139225,0.8300812740404677,0.03687976685710995,0.8367320024349885,0.5463693246309677,0.9296952295270735,1.0901014653083954,1.7773037444322213,0.9296952295270735,1.0901014653083954,1.7773037444322213,False,False,False,False,0.0,-0.0,0.0,-0.0,0.0,-0.0,0.0,0.00011252619622116849,0.04357933814708603,0.043654994139050676,0.00295958599505584,"[1, 1, 1]",0.04366735837709548,0.00013783293768820926,-0.00013783293768820926,-0.0002103237884478748,0.0002103237884478748,-0.00010679610681041396,0.00010679610681041396,False,968,303,True,True
966,DSC07960.JPG,412.0,195.0,4.684255599975586,1.2825575439351946,1.6542838347639233,0.7557757533458757,0.11507746865438806,0.8756005661201884,0.469127727615949,0.820431569913876,1.0848692460769978,1.7614643359480249,0.820431569913876,1.0848692460769978,1.7614643359480249,False,False,False,False,0.0,-0.0,0.0,-0.0,0.0,-0.0,0.0,0.00016306526772684162,0.08312788551634931,0.08316999203981082,0.0052380665071258764,"[1, 1, 1]",0.08323139514614111,0.00024481885957694516,-0.00024481885957694516,-0.00034634883001327665,0.00034634883001327665,-0.0001426820329322176,0.0001426820329322176,False,969,173,True,True
967,DSC07960.JPG,413.0,195.0,4.681302547454834,1.2875925527610224,1.657709220262093,0.7482712478095792,0.10988383526762589,0.8739996457531587,0.4733393729347165,0.8180132304333687,1.0941785296442241,1.760520377975693,0.8180132304333687,1.0941785296442241,1.760520377975693,False,False,False,False,0.0,-0.0,0.0,-0.0,0.0,-0.0,0.0,0.00016748295316196108,0.0898890186813586,0.089951134827511,0.006029010427824315,"[1, 1, 1]",0.090021084524395,0.00026425881362035497,-0.00026425881362035497,-0.00037239318096360385,0.00037239318096360385,-0.00015150027662347298,0.00015150027662347298,False,970,156,True,True
968,DSC07960.JPG,385.0,196.0,4.606610298156738,1.0246904403781534,1.5974675162006375,0.8611851984986134,0.15131058079073606,0.9200531993529035,0.3613962070930692,0.727172940759916,0.8165890800271943,1.7742420067844809,0.727172940759916,0.8165890800271943,1.7742420067844809,False,False,False,False,0.0,-0.0,0.0,-0.0,0.0,-0.0,0.0,0.00021573027599783423,0.11932959764818624,0.11932819280333008,0.0020153565183915166,"[1, 1, 1]",0.11933740431222972,-0.00036830339507432086,0.00036830339507432086,0.0005338440215845175,-0.0005338440215845175,0.00023643978161169699,-0.00023643978161169699,False,971,50,True,True
969,DSC07960.JPG,386.0,196.0,4.617778778076172,1.04027567411161,1.598400164724381,0.8629246458911962,-0.1031410295074759,0.8212745348921374,0.5611328419989704,0.7388058319026389,0.8270912896456935,1.7753257308349402,0.7388058319026389,0.8270912896456935,1.7753257308349402,False,False,False,False,0.0,-0.0,0.0,-0.0,0.0,-0.0,0.0,0.00020640745536054165,0.10593655968251524,0.10593267066402107,0.0025594866609618583,"[1, 1, 1]",0.10595007401384512,-0.0003245675873648768,0.0003245675873648768,0.0004771217924222082,-0.0004771217924222082,0.00021990739006927384,-0.00021990739006927384,False,972,68,True,True
970,DSC07960.JPG,387.0,196.0,4.621459007263184,1.0502918825145366,1.600661649314511,0.8597418755065782,-0.046142960433329855,0.7050774859489302,0.707627420335295,0.7429901278658582,0.8369938360742807,1.7753292187167105,0.7429901278658582,0.8369938360742807,1.7753292187167105,False,False,False,False,0.0,-0.0,0.0,-0.0,0.0,-0.0,0.0,0.0002016509247550718,0.09614155590792538,0.09613550335534837,0.002453455355390356,"[1, 1, 1]",0.09615418145629188,-0.0002937963634055407,0.0002937963634055407,0.0004333929926143565,-0.0004333929926143565,0.00020167276017035718,-0.00020167276017035718,False,973,83,True,True
971,DSC07960.JPG,388.0,196.0,4.625145435333252,1.0603243149738977,1.6029266840405507,0.8565542420482016,-0.04875996507711294,0.6997093547389024,0.7127617306621812,0.7471814252148227,0.8469122081394557,1.7753327593505306,0.7471814252148227,0.8469122081394557,1.7753327593505306,False,False,False,False,0.0,-0.0,0.0,-0.0,0.0,-0.0,0.0,0.00019700559305918072,0.08656463768889827,0.08655614849205723,0.0023503005285530278,"[1, 1, 1]",0.08657634565496444,-0.00026376033598141113,0.00026376033598141113,0.0003905643950243842,-0.0003905643950243842,0.00018362144692529725,-0.00018362144692529725,False,974,102,True,True
972,DSC07960.JPG,389.0,196.0,4.6296586990356445,1.0709897404103856,1.605052228393656,0.8538961995662483,-0.031922372635957375,0.6817260644066883,0.7309107573663554,0.7521964794784851,0.8569206493184834,1.775454267673823,0.7521964794784851,0.8569206493184834,1.775454267673823,False,False,False,False,0.0,-0.0,0.0,-0.0,0.0,-0.0,0.0,0.00019197729587900182,0.07692884948157823,0.07691700485854713,0.002308140537776469,"[1, 1, 1]",0.07694023990037134,-0.00023343133080278022,0.00023343133080278022,0.0003476215152307116,-0.0003476215152307116,0.00016591569554913477,-0.00016591569554913477,False,975,124,True,True
973,DSC07960.JPG,390.0,196.0,4.6556878089904785,1.0978731723839528,1.6034463928054552,0.865214355304663,0.13123887350456584,0.6697976297538188,0.7308539479659524,0.7786290197885996,0.8689380256792655,1.7786639016233954,0.7786290197885996,0.8689380256792655,1.7786639016233954,False,False,False,False,0.0,-0.0,0.0,-0.0,0.0,-0.0,0.0,0.00017382950840137907,0.061010957795744857,0.06097095526633441,0.0035952824895166234,"[1, 1, 1]",0.06104392032213621,-0.00017979664349243585,0.00017979664349243585,0.00028136134313583305,-0.00028136134313583305,0.00015132259837091766,-0.00015132259837091766,False,976,157,True,True
974,DSC07960.JPG,391.0,196.0,4.657375335693359,1.1064682879616718,1.6060858721709468,0.8606748766100316,0.08252796650707409,0.6442031671098751,0.7603889887615508,0.7808355450655321,0.8787613555553858,1.778375515976396,0.7808355450655321,0.8787613555553858,1.778375515976396,False,False,False,False,0.0,-0.0,0.0,-0.0,0.0,-0.0,0.0,0.0001707336027201676,0.05329163647323386,0.0532427094927027,0.003314277596802921,"[1, 1, 1]",0.05331870717187285,-0.00015610895815298953,0.00015610895815298953,0.0002455112332786502,-0.0002455112332786502,0.00013349697268827398,-0.00013349697268827398,False,977,203,True,True
975,DSC07960.JPG,392.0,196.0,4.72790002822876,1.1671272163839628,1.5968579138544952,0.9007146833712911,-0.03946507094648543,0.8710874769181349,0.48953969780967366,0.8515772329328094,0.895244843316871,1.7879544076876248,0.8515772329328094,0.895244843316871,1.7879544076876248,False,False,False,False,0.0,-0.0,0.0,-0.0,0.0,-0.0,0.0,0.00012535221727728944,0.030293032269294185,0.030064150096722912,0.005679908390232869,"[1, 1, 1]",0.030444886969533895,-7.697753169155774e-05,7.697753169155774e-05,0.00015045683682934907,-0.00015045683682934907,0.00011662069734397207,-0.00011662069734397207,False,978,256,True,True
976,DSC07960.JPG,393.0,196.0,4.6607537269592285,1.1236769715408057,1.6113706329120607,0.8515858231806244,-0.16950775888168854,-0.8583344746287245,-0.4842819936181182,0.7852530644460662,0.8984293614653923,1.7777980690898796,0.7852530644460662,0.8984293614653923,1.7777980690898796,False,False,False,False,0.0,-0.0,0.0,-0.0,0.0,-0.0,0.0,0.00016509686548702563,0.038206181648606015,0.03813631396872214,0.002816036188566541,"[1, 1, 1]",0.03822316586986316,-0.00010989590692100926,0.00010989590692100926,0.0001755700633923052,-0.0001755700633923052,9.87154027400905e-05,-9.87154027400905e-05,False,979,335,True,True
977,DSC07960.JPG,394.0,196.0,4.662445068359375,1.1322909121511222,1.6140158368708162,0.8470365480428664,0.02079684062226474,0.8711261146608837,0.49061877642010915,0.7874645341551527,0.9082740994220739,1.7775090753346456,0.7874645341551527,0.9082740994220739,1.7775090753346456,False,False,False,False,0.0,-0.0,0.0,-0.0,0.0,-0.0,0.0,0.00016257605635305658,0.030843044610878945,0.03075894766066621,0.0025987801152709817,"[1, 1, 1]",0.030855792988756833,-8.737021452209781e-05,8.737021452209781e-05,0.00014148599356933467,-0.00014148599356933467,8.177230540429292e-05,-8.177230540429292e-05,False,980,422,True,True
978,DSC07960.JPG,395.0,196.0,4.664137363433838,1.1409108981133074,1.6166630081447566,0.8424837932656069,0.02494203712755935,0.8715407964422132,0.4896882017373915,0.7896773362863372,0.9181259568678157,1.7772198325288424,0.7896773362863372,0.9181259568678157,1.7772198325288424,False,False,False,False,0.0,-0.0,0.0,-0.0,0.0,-0.0,0.0,0.00016026738560976674,0.023603936237956286,0.023499488938380875,0.002402437879282331,"[1, 1, 1]",0.023612957171417037,-6.52321866041472e-05,6.52321866041472e-05,0.00010799820983353747,-0.00010799820983353747,6.513606448210751e-05,-6.513606448210751e-05,False,981,540,True,True
979,DSC07960.JPG,396.0,196.0,4.654849052429199,1.1411629870685307,1.6211780353558893,0.830868352963469,-0.03342727777919662,-0.8580126568866379,-0.5125396547805886,0.7809531822680762,0.926832388618189,1.7753611620865903,0.7809531822680762,0.926832388618189,1.7753611620865903,False,False,False,False,0.0,-0.0,0.0,-0.0,0.0,-0.0,0.0,0.00016509866800045595,0.017997089283511788,0.017922979256933785,0.0016989527084141191,"[1, 1, 1]",0.01800020621752353,-5.0060941534813e-05,5.0060941534813e-05,8.145531722525412e-05,-8.145531722525412e-05,4.75257847747379e-05,-4.75257847747379e-05,False,982,725,True,True
980,DSC07960.JPG,397.0,196.0,4.600470066070557,1.1069312284220776,1.6333143712499307,0.7903446284929295,0.1165772633722086,0.928026485103118,0.35380303081205966,0.7273088232067623,0.9306742512910213,1.7670666442567144,0.7273088232067623,0.9306742512910213,1.7670666442567144,False,False,False,False,0.0,-0.0,0.0,-0.0,0.0,-0.0,0.0,0.00019864245794746517,0.018336382965190825,0.01823915563136677,0.001923413324508874,"[1, 1, 1]",0.018338337683656995,-6.285855961563058e-05,6.285855961563058e-05,7.930706326253478e-05,-7.930706326253478e-05,1.9987310338365205e-05,-1.9987310338365205e-05,False,983,1084,True,True
981,DSC07960.JPG,398.0,196.0,4.5988240242004395,1.112905600007046,1.6364887316045125,0.7837228533353312,0.08571938403986369,0.9152993460419121,0.39354706749647433,0.7261892515983842,0.9400437780857763,1.7663076233150503,0.7261892515983842,0.9400437780857763,1.7663076233150503,False,False,False,False,0.0,-0.0,0.0,-0.0,0.0,-0.0,0.0,0.00019905649123572002,0.010222507304524116,0.00996855288491036,0.0022776351127115216,"[1, 1, 1]",0.010223974897293878,-3.8402491665978644e-05,3.8402491665978644e-05,4.320786551637035e-05,-4.320786551637035e-05,3.152937132266942e-06,-3.152937132266942e-06,False,984,1440,True,True
982,DSC07960.JPG,399.0,196.0,4.666086673736572,1.171745955344891,1.6280828486016752,0.8211509874966253,-0.10847032846927085,0.8405197436882775,0.5308114055970922,0.7937298594185536,0.9570677651032212,1.7753719309802296,0.7937298594185536,0.9570677651032212,1.7753719309802296,False,False,False,False,0.0,-0.0,0.0,-0.0,0.0,-0.0,0.0,0.00015636195165429087,0.0043612578861388475,0.004062801904822107,0.0015896616467525903,"[1, 1, 1]",0.004361992309742665,1.782502132741115e-05,-1.782502132741115e-05,-1.8513609105541562e-05,1.8513609105541562e-05,1.1993576554125696e-06,-1.1993576554125696e-06,False,985,1534,True,True
983,DSC07960.JPG,400.0,196.0,4.595535755157471,1.124841744593561,1.6428305950378939,0.7704936893047168,-0.042300519820280685,0.9247094063802631,0.37831624307554595,0.7239527926762139,0.9587627637457147,1.7647912501092673,0.7239527926762139,0.9587627637457147,1.7647912501092673,False,False,False,False,0.0,-0.0,0.0,-0.0,0.0,-0.0,0.0,0.0002004146610108179,0.00737735616433755,0.006736833709546134,0.003014508991106162,"[1, 1, 1]",0.007378942230562754,1.0879449566347787e-05,-1.0879449566347787e-05,-2.901707737001935e-05,2.901707737001935e-05,-2.9878497089352862e-05,2.9878497089352862e-05,False,986,942,True,True
984,DSC07960.JPG,401.0,196.0,4.593893051147461,1.1308031622333878,1.6459981824392513,0.7638859875617371,-0.21767309165240864,0.9243460512567405,0.3133732641699888,0.7228354309974365,0.9681121834526476,1.7640338291112272,0.7228354309974365,0.9681121834526476,1.7640338291112272,False,False,False,False,0.0,-0.0,0.0,-0.0,0.0,-0.0,0.0,0.00020135476086923944,0.015539313854318984,0.01517126994121419,0.0034056628371453425,"[1, 1, 1]",0.015544070351553122,3.570170608790946e-05,-3.570170608790946e-05,-6.514229869902799e-05,6.514229869902799e-05,-4.608141439321756e-05,4.608141439321756e-05,False,987,739,True,True
985,DSC07960.JPG,402.0,196.0,4.592251777648926,1.1367605175462503,1.6491634634806815,0.7572831711098252,0.19576806268518912,-0.9134020433328174,-0.35689154216361285,0.7217191235535518,0.977454951646543,1.76327698589204,0.7217191235535518,0.977454951646543,1.76327698589204,False,False,False,False,0.0,-0.0,0.0,-0.0,0.0,-0.0,0.0,0.0002024649896445913,0.02394769980725051,0.02366002338560382,0.003817177670561512,"[1, 1, 1]",0.02395683492426714,6.06428013534277e-05,-6.06428013534277e-05,-0.00010127591897401977,0.00010127591897401977,-6.207940012670221e-05,6.207940012670221e-05,False,988,564,True,True
986,DSC07960.JPG,403.0,196.0,4.590611934661865,1.1427138172810467,1.6523264408644112,0.7506852347552206,-0.3599900497801361,0.8562128989548345,0.3705491002858508,0.7206038708299739,0.9867910772352666,1.7625207199627175,0.7206038708299739,0.9867910772352666,1.7625207199627175,False,False,False,False,0.0,-0.0,0.0,-0.0,0.0,-0.0,0.0,0.00020374219280036555,0.032452669367858816,0.03220290879463176,0.0042526105375278005,"[1, 1, 1]",0.03246758214951436,8.570098479654398e-05,-8.570098479654398e-05,-0.0001374176420421147,0.0001374176420421147,-7.787521499169614e-05,7.787521499169614e-05,False,989,452,True,True
987,DSC07960.JPG,404.0,196.0,4.588973045349121,1.1486626985772825,1.6554871959105237,0.7440918713988057,-0.31379290982050145,0.8749638399407249,0.3687442047579383,0.7194891979223701,0.9961205111629399,1.761764963132659,0.7194891979223701,0.9961205111629399,1.761764963132659,False,False,False,False,0.0,-0.0,0.0,-0.0,0.0,-0.0,0.0,0.00020518317554477208,0.041026798153169876,0.04079974423865718,0.004715205648118529,"[1, 1, 1]",0.0410490588459802,0.00011087439644641428,-0.00011087439644641428,-0.00017356713627680875,0.00017356713627680875,-9.34717617866454e-05,9.34717617866454e-05,False,990,358,True,True
988,DSC07960.JPG,405.0,196.0,4.587335109710693,1.1546071659342227,1.6586457304205044,0.7375030775780734,-0.26468104569419776,0.894173560758005,0.3611060610008868,0.718375105154349,1.0054432593681393,1.7610097150758732,0.718375105154349,1.0054432593681393,1.7610097150758732,False,False,False,False,0.0,-0.0,0.0,-0.0,0.0,-0.0,0.0,0.00020678414794648796,0.04966117189518819,0.04945036976176667,0.005207803906565,"[1, 1, 1]",0.04969251597813641,0.00013616137845096077,-0.00013616137845096077,-0.00020972417939635335,0.00020972417939635335,-0.00010887175569118668,0.00010887175569118668,False,991,288,True,True
989,DSC07960.JPG,406.0,196.0,4.705035209655762,1.2534239677171404,1.6422767971750722,0.8061872480765292,0.05463082202697414,0.8932363888279969,0.44625578647024444,0.8362634300136367,1.0297612099525817,1.7771713272634755,0.8362634300136367,1.0297612099525817,1.7771713272634755,False,False,False,False,0.0,-0.0,0.0,-0.0,0.0,-0.0,0.0,0.00013866692618393382,0.04536215027341202,0.04534961240705904,0.0024174562727595737,"[1, 1, 1]",0.04538808278798915,0.0001459756623343189,-0.0001459756623343189,-0.00021088080356479466,0.00021088080356479466,-9.260051325332697e-05,9.260051325332697e-05,False,992,363,True,True
990,DSC07960.JPG,407.0,196.0,4.67006778717041,1.2335539733990355,1.6509385423317895,0.7784806871599819,0.09265172913359815,0.85400030027613,0.5119561936502324,0.8019224677517077,1.035059030596447,1.771682481434525,0.8019224677517077,1.035059030596447,1.771682481434525,False,False,False,False,0.0,-0.0,0.0,-0.0,0.0,-0.0,0.0,0.00016011112704452786,0.05651942090589801,0.056519252980585834,0.00026093088227273,"[1, 1, 1]",0.05651963809698783,0.0001748519630515588,-0.0001748519630515588,-0.00025279720525372973,0.00025279720525372973,-0.0001112726762557692,0.0001112726762557692,False,993,276,True,True
991,DSC07960.JPG,408.0,196.0,4.666793346405029,1.2383394496829472,1.6544107399599344,0.7707714796137264,0.10444129109604854,0.8717361224656447,0.4787151026474442,0.7991847137444386,1.0443273872431873,1.7706869470611721,0.7991847137444386,1.0443273872431873,1.7706869470611721,False,False,False,False,0.0,-0.0,0.0,-0.0,0.0,-0.0,0.0,0.00016374731591069507,0.0634857334449515,0.06348567601877421,0.00019567814007456387,"[1, 1, 1]",0.06348585551343912,0.0001950134563835082,-0.0001950134563835082,-0.0002823107256022528,0.0002823107256022528,-0.00012473854004113605,0.00012473854004113605,False,994,233,True,True
992,DSC07960.JPG,409.0,196.0,4.661435127258301,1.2414830492856186,1.6582158136153846,0.7617634806346045,-0.13242395700318982,-0.8367907240234715,-0.5312675218756477,0.7943675873330619,1.0533072226097515,1.7693974899973666,0.7943675873330619,1.0533072226097515,1.7693974899973666,False,False,False,False,0.0,-0.0,0.0,-0.0,0.0,-0.0,0.0,0.00016867169269849696,0.07099917481051206,0.07099857333136646,0.0008449741315806166,"[1, 1, 1]",0.0710013880887471,0.0002164123555414843,-0.0002164123555414843,-0.0003133771404557617,0.0003133771404557617,-0.0001385855192772567,0.0001385855192772567,False,995,188,True,True
993,DSC07960.JPG,410.0,196.0,4.651191234588623,1.2407766788482115,1.662801200054314,0.7497106056170277,-0.1025329345858938,-0.8522299254668785,-0.5130215896664814,0.7846750897620167,1.0616100708695881,1.7674189233980595,0.7846750897620167,1.0616100708695881,1.7674189233980595,False,False,False,False,0.0,-0.0,0.0,-0.0,0.0,-0.0,0.0,0.00017635320747447567,0.07980834213308051,0.07980646805341161,0.0019319843102790016,"[1, 1, 1]",0.07981909665541512,0.00024070480962490315,-0.00024070480962490315,-0.0003484066106791417,0.0003484066106791417,-0.00015389569472201714,0.00015389569472201714,False,996,149,True,True
994,DSC07960.JPG,411.0,196.0,4.656256198883057,1.2520729224051612,1.6649171358922021,0.7472455059993016,0.1166226576997085,0.8727085256129434,0.47410862155579836,0.7902547836479046,1.071953753320688,1.767604041154902,0.7902547836479046,1.071953753320688,1.767604041154902,False,False,False,False,0.0,-0.0,0.0,-0.0,0.0,-0.0,0.0,0.0001758495776314097,0.08536630844732958,0.08536696758814591,0.0018953540350736388,"[1, 1, 1]",0.0853771577826772,0.00025801380978185406,-0.00025801380978185406,-0.0003730581814103129,0.0003730581814103129,-0.00016427370756266768,0.00016427370756266768,False,997,128,True,True
995,DSC07960.JPG,412.0,196.0,4.677872180938721,1.2764224643180817,1.6643939971022816,0.7550870368964234,-0.1578524181737217,-0.8391254817056927,-0.5205295765169333,0.8123513780089398,1.084605221176658,1.770122840691653,0.8123513780089398,1.084605221176658,1.770122840691653,False,False,False,False,0.0,-0.0,0.0,-0.0,0.0,-0.0,0.0,0.00016725255771715754,0.08594958784016897,0.08594995877689787,0.0005389699309509156,"[1, 1, 1]",0.08595061824193233,0.0002630708012134608,-0.0002630708012134608,-0.00038126216638967314,0.00038126216638967314,-0.0001690369705609207,0.0001690369705609207,False,998,117,True,True
996,DSC07960.JPG,413.0,196.0,4.651088237762451,1.2626388740878771,1.6716036681596858,0.7327594265915218,0.12119098430377177,0.8535053283361184,0.5067952247459895,0.7861505819481803,1.090558822823551,1.7658144986056163,0.7861505819481803,1.090558822823551,1.7658144986056163,False,False,False,False,0.0,-0.0,0.0,-0.0,0.0,-0.0,0.0,0.0001835278505862572,0.1001286592608762,0.10013632341078958,0.0031223278501614354,"[1, 1, 1]",0.10015682854348017,0.0003006333738804212,-0.0003006333738804212,-0.0004333601599622039,0.0004333601599622039,-0.00018914481787524196,0.00018914481787524196,False,999,96,True,True
997,DSC07960.JPG,385.0,197.0,4.5983076095581055,1.0174163803543899,1.6078588177510968,0.8589682080595985,0.09989677281579722,0.9126972309139926,0.3962378067056689,0.7172343068601761,0.8165138538965726,1.7824288279615181,0.7172343068601761,0.8165138538965726,1.7824288279615181,False,False,False,False,0.0,-0.0,0.0,-0.0,0.0,-0.0,0.0,0.00022163207132165494,0.1233236576756918,0.12329862977316432,0.0073987059226637095,"[1, 1, 1]",0.12342207569556118,-0.00036723193863696935,0.00036723193863696935,0.0005718136979890875,-0.0005718136979890875,0.0003040217103076337,-0.0003040217103076337,False,1000,17,True,True
998,DSC07960.JPG,386.0,197.0,4.6450653076171875,1.0595562543087318,1.6026058831503518,0.8840588461821283,-0.06080571437209178,0.6325174783991282,0.7721556220214343,0.7642579166052388,0.8300014850579122,1.788734884764544,0.7642579166052388,0.8300014850579122,1.788734884764544,False,False,False,False,0.0,-0.0,0.0,-0.0,0.0,-0.0,0.0,0.00019121130275756047,0.09495536649396752,0.09492201009462062,0.010070165672260344,"[1, 1, 1]",0.09520535150611385,-0.00027124498733055447,0.00027124498733055447,0.00045847728998205106,-0.00045847728998205106,0.00028699917586516577,-0.00028699917586516577,False,1001,21,True,True
999,DSC07960.JPG,387.0,197.0,4.795665740966797,1.1795338056572453,1.5793808515698422,0.9769928624495886,0.13813488356636222,0.9014327684493735,0.4102897974697956,0.914582038818251,0.8526556613055127,1.8101869913867727,0.914582038818251,0.8526556613055127,1.8101869913867727,False,False,False,False,0.0,-0.0,0.0,-0.0,0.0,-0.0,0.0,0.0001043308678749813,0.03591515169577364,0.037259306616904964,0.014453218686732975,"[1, 1, 1]",0.03799374681993391,-8.455579970334526e-05,8.455579970334526e-05,0.00022866144167554836,-0.00022866144167554836,0.00023761879572914424,-0.00023761879572914424,False,1002,47,True,True
1000,DSC07960.JPG,388.0,197.0,4.564429759979248,1.0137111645498178,1.6224061205548637,0.8201438494666876,0.09291059775139328,0.8716852493739107,0.48117818617371055,0.6850933082920565,0.8421502368380751,1.7759161062651265,0.6850933082920565,0.8421502368380751,1.7759161062651265,False,False,False,False,0.0,-0.0,0.0,-0.0,0.0,-0.0,0.0,0.00023515545687851708,0.10983024781307192,0.10981306128657035,0.0030874915220042384,"[1, 1, 1]",0.10984335294926113,-0.0003346242235888752,0.0003346242235888752,0.0004941474462405449,-0.0004941474462405449,0.00023058927370600557,-0.00023058927370600557,False,1003,55,True,True
1001,DSC07960.JPG,389.0,197.0,4.560700416564941,1.0180873570583193,1.6259230369847553,0.8121882987308509,0.059096862456170934,0.8901811693975337,0.4517577298706421,0.6818992543522303,0.8512868338739605,1.7748525445179266,0.6818992543522303,0.8512868338739605,1.7748525445179266,False,False,False,False,0.0,-0.0,0.0,-0.0,0.0,-0.0,0.0,0.0002354663162535147,0.1015474894935431,0.10153446616136723,0.002361881118753949,"[1, 1, 1]",0.10155471167418538,-0.00031037198426320245,0.00031037198426320245,0.0004550447554649839,-0.0004550447554649839,0.00020820705770807635,-0.00020820705770807635,False,1004,76,True,True
1002,DSC07960.JPG,390.0,197.0,4.556976795196533,1.0224561279644557,1.6294342741920234,0.8042454985861192,0.05732612718279947,0.8887330630097767,0.45482662395189877,0.6787100502909457,0.8604084790797433,1.7737906658570326,0.6787100502909457,0.8604084790797433,1.7737906658570326,False,False,False,False,0.0,-0.0,0.0,-0.0,0.0,-0.0,0.0,0.00023593610749086545,0.09311110112060846,0.09310289364388574,0.0016653322777833604,"[1, 1, 1]",0.0931144437993239,-0.000285699868389111,0.000285699868389111,0.0004155972019561638,-0.0004155972019561638,0.00018600910280897054,-0.00018600910280897054,False,1005,100,True,True
1003,DSC07960.JPG,391.0,197.0,4.55325984954834,1.0268182237604464,1.6329396797940474,0.7963160477423972,0.04969522070138609,0.8646929937819031,0.49983638477398823,0.6755266470788232,0.869515298406345,1.7727306070884783,0.6755266470788232,0.869515298406345,1.7727306070884783,False,False,False,False,0.0,-0.0,0.0,-0.0,0.0,-0.0,0.0,0.00023656250566540736,0.08452215787897131,0.08451850056259977,0.0009939850447614053,"[1, 1, 1]",0.08452325157918854,-0.0002606111805909528,0.0002606111805909528,0.000375803307371525,-0.000375803307371525,0.0001639866263980494,-0.0001639866263980494,False,1006,129,True,True
1004,DSC07960.JPG,392.0,197.0,4.639470100402832,1.0991553437139134,1.6211088017300066,0.8467014036865127,0.045959693805661464,0.8752032601298193,0.4815671915770694,0.7618417358107996,0.8873100664487498,1.7847457799982507,0.7618417358107996,0.8873100664487498,1.7847457799982507,False,False,False,False,0.0,-0.0,0.0,-0.0,0.0,-0.0,0.0,0.00018117199039314856,0.050713018440047,0.050466801158598334,0.0063815543526428075,"[1, 1, 1]",0.050790907157189334,-0.00013774816072276153,0.00013774816072276153,0.0002396023186554963,-0.0002396023186554963,0.000157476696265757,-0.000157476696265757,False,1007,144,True,True
1005,DSC07960.JPG,393.0,197.0,4.551356792449951,1.039697459953932,1.6389969842959817,0.7840634520523909,0.0006059995684395115,0.8718916913970803,0.4896983880280407,0.6746624628108115,0.888229414086552,1.7714165204253358,0.6746624628108115,0.888229414086552,1.7714165204253358,False,False,False,False,0.0,-0.0,0.0,-0.0,0.0,-0.0,0.0,0.00023480756541771906,0.06533031229632899,0.06533011342851419,0.00018486318965723966,"[1, 1, 1]",0.06533034363802435,-0.00020283402203369327,0.00020283402203369327,0.00028925966967530137,-0.00028925966967530137,0.0001220705937372557,-0.0001220705937372557,False,1008,238,True,True
1006,DSC07960.JPG,394.0,197.0,4.609658718109131,1.09111572093744,1.6319963932599664,0.8162151612575311,0.051147095011293865,0.9284941074803654,0.3678079214021163,0.733214984835927,0.9035612270694627,1.7793610731118643,0.733214984835927,0.9035612270694627,1.7793610731118643,False,False,False,False,0.0,-0.0,0.0,-0.0,0.0,-0.0,0.0,0.00019685765019016138,0.04164256001601727,0.04148601355038858,0.004029872026023829,"[1, 1, 1]",0.04166192502889608,-0.00011619977527033143,0.00011619977527033143,0.0001911311896447554,-0.0001911311896447554,0.00011386132000223981,-0.00011386132000223981,False,1009,267,True,True
1007,DSC07960.JPG,395.0,197.0,4.609170913696289,1.0979938117928818,1.6349811756718853,0.8103218904261201,0.1912703203400708,0.93743308193116,0.29092074772702925,0.7332507318365131,0.913079168956267,1.7787650820499024,0.7332507318365131,0.913079168956267,1.7787650820499024,False,False,False,False,0.0,-0.0,0.0,-0.0,0.0,-0.0,0.0,0.0001959977547596995,0.03337647377424395,0.033200749718245534,0.003671301929950776,"[1, 1, 1]",0.03338979816351408,-9.131509391302473e-05,9.131509391302473e-05,0.00015261550961809256,-0.00015261550961809256,9.365489112234116e-05,-9.365489112234116e-05,False,1010,356,True,True
1008,DSC07960.JPG,396.0,197.0,4.608683109283447,1.1048703683989884,1.6379653437775379,0.8044298003096814,-0.16204393115620402,-0.9417062622063459,-0.294840770750581,0.7332863684865097,0.9225950857883816,1.7781692021513742,0.7332863684865097,0.9225950857883816,1.7781692021513742,False,False,False,False,0.0,-0.0,0.0,-0.0,0.0,-0.0,0.0,0.00019531969510403692,0.025124877130725577,0.024919494652862913,0.003336306540160102,"[1, 1, 1]",0.025133360377462558,-6.647504377266245e-05,6.647504377266245e-05,0.00011428961010673255,-0.00011428961010673255,7.36913206131895e-05,-7.36913206131895e-05,False,1011,482,True,True
1009,DSC07960.JPG,397.0,197.0,4.634817600250244,1.1320816974278403,1.6364939031531756,0.8156388077545483,-0.050851108084842535,0.9040186439804052,0.4244578378854289,0.759832580378358,0.9349618471686365,1.781428843248715,0.759832580378358,0.9349618471686365,1.781428843248715,False,False,False,False,0.0,-0.0,0.0,-0.0,0.0,-0.0,0.0,0.0001780979076183414,0.013647054766744177,0.012940752264447707,0.004400736404207945,"[1, 1, 1]",0.013657811954504717,-2.5634442434974147e-05,2.5634442434974147e-05,6.056004847354579e-05,-6.056004847354579e-05,5.690351040810171e-05,-5.690351040810171e-05,False,1012,631,True,True
1010,DSC07960.JPG,398.0,197.0,4.555166721343994,1.0784012689474,1.652690966496257,0.7589649843978531,0.059991950232179424,0.835111472980596,0.546799591809942,0.6810308577164209,0.9358814681807958,1.7693748679975998,0.6810308577164209,0.9358814681807958,1.7693748679975998,False,False,False,False,0.0,-0.0,0.0,-0.0,0.0,-0.0,0.0,0.00022760821349389858,0.015679751151450094,0.015652017847614528,0.0009400094372394508,"[1, 1, 1]",0.015679985289461584,-5.1625028788970795e-05,5.1625028788970795e-05,6.892526048773995e-05,-6.892526048773995e-05,2.296608028151681e-05,-2.296608028151681e-05,False,1013,1036,True,True
1011,DSC07960.JPG,399.0,197.0,4.558770656585693,1.08832907469138,1.6549606467519369,0.7557583075368836,0.07534582247043706,0.7814448175090688,0.6194085923075912,0.685135731763751,0.9457377127303044,1.7693769367512966,0.685135731763751,0.9457377127303044,1.7693769367512966,False,False,False,False,0.0,-0.0,0.0,-0.0,0.0,-0.0,0.0,0.0002248387432756614,0.0056234285865508545,0.005547039197204997,0.000924762590792071,"[1, 1, 1]",0.0056235121931952105,-2.024145243018083e-05,2.024145243018083e-05,2.4440998211749942e-05,-2.4440998211749942e-05,4.541815703973384e-06,-4.541815703973384e-06,False,1014,1415,True,True
1012,DSC07960.JPG,400.0,197.0,4.562380313873291,1.098272613549985,1.6572339188254988,0.7525465620505486,0.07012791142293406,0.7676900627356835,0.6369725611173055,0.6892471210882111,0.9556095673454481,1.7693790109253569,0.6892471210882111,0.9556095673454481,1.7693790109253569,False,False,False,False,0.0,-0.0,0.0,-0.0,0.0,-0.0,0.0,0.00022223501523433665,0.0044367694554891335,0.004342004024329783,0.0009127435265087735,"[1, 1, 1]",0.004436835829298698,1.0420275632583298e-05,-1.0420275632583298e-05,-1.9142141102657106e-05,1.9142141102657106e-05,-1.367224350845575e-05,1.367224350845575e-05,False,1015,1206,True,True
1013,DSC07960.JPG,401.0,197.0,4.631102561950684,1.1583754630132128,1.6487797443267984,0.7908337094146294,0.2207517745802846,-0.9032367885165655,-0.3680108121916206,0.7582284028774642,0.9730145443493783,1.778780115729424,0.7582284028774642,0.9730145443493783,1.778780115729424,False,False,False,False,0.0,-0.0,0.0,-0.0,0.0,-0.0,0.0,0.0001792864347034291,0.01768613858196808,0.017390375364649272,0.003309780810878038,"[1, 1, 1]",0.017694339524947377,6.45424856526855e-05,-6.45424856526855e-05,-8.044539184237642e-05,8.044539184237642e-05,-1.8829131606779015e-05,1.8829131606779015e-05,False,1016,1109,True,True
1014,DSC07960.JPG,402.0,197.0,4.587612152099609,1.132094836169498,1.6588365805354994,0.7575575888145956,-0.17726297283713088,0.8962661411858167,0.40655238607690924,0.7154195453679036,0.9775154116146001,1.7719789822502006,0.7154195453679036,0.9775154116146001,1.7719789822502006,False,False,False,False,0.0,-0.0,0.0,-0.0,0.0,-0.0,0.0,0.0002063700571586229,0.02418109966441184,0.02417739709712662,0.00043600005796748327,"[1, 1, 1]",0.024181213866941043,7.612871651363484e-05,-7.612871651363484e-05,-0.00010796113231115179,0.00010796113231115179,-4.4800615453866044e-05,4.4800615453866044e-05,False,1017,755,True,True
1015,DSC07960.JPG,403.0,197.0,4.667827606201172,1.2013414168031598,1.6486049772168685,0.8029466689839486,-0.07962687326144194,-0.9405539988604774,-0.33017834011662744,0.7958720498971618,0.9966328131469796,1.7830181266085048,0.7958720498971618,0.9966328131469796,1.7830181266085048,False,False,False,False,0.0,-0.0,0.0,-0.0,0.0,-0.0,0.0,0.0001577470695412408,0.0316971915502907,0.0314396829999991,0.004725087045891945,"[1, 1, 1]",0.031745015886738254,0.00011146457354271888,-0.00011146457354271888,-0.0001499396764865768,0.0001499396764865768,-5.154911569738019e-05,5.154911569738019e-05,False,1018,689,True,True
1016,DSC07960.JPG,404.0,197.0,4.57792329788208,1.1390160548461137,1.6661925286424224,0.7403121982149852,0.2011147477915007,0.7509394776544752,0.6290013983456515,0.7068014435291511,0.9953812256084881,1.7695381322984232,0.7068014435291511,0.9953812256084881,1.7695381322984232,False,False,False,False,0.0,-0.0,0.0,-0.0,0.0,-0.0,0.0,0.00021297051659225193,0.041710794673658125,0.04170397103019215,0.0008175724132809813,"[1, 1, 1]",0.0417113894407931,0.00012606801409020818,-0.00012606801409020818,-0.0001843592564994001,0.0001843592564994001,-8.383461918848312e-05,8.383461918848312e-05,False,1019,413,True,True
1017,DSC07960.JPG,405.0,197.0,4.5564165115356445,1.1295160969597902,1.6725657094412163,0.7211659203834159,0.06296883715207771,0.7789540745957644,0.6239114321907969,0.6858831664775548,1.0022217262026039,1.7659215282346308,0.6858831664775548,1.0022217262026039,1.7659215282346308,False,False,False,False,0.0,-0.0,0.0,-0.0,0.0,-0.0,0.0,0.0002266548180494696,0.0512873667864074,0.051219627193587636,0.0028979250900322147,"[1, 1, 1]",0.05129445473639653,0.00014871773062008486,-0.00014871773062008486,-0.0002231175635720728,0.0002231175635720728,-0.00010863940359895352,0.00010863940359895352,False,1020,292,True,True
1018,DSC07960.JPG,406.0,197.0,4.5607404708862305,1.1400457458326145,1.674735652537147,0.7183818399206036,0.06037063044590831,0.7729828445180593,0.6315480259333675,0.6907087738571144,1.012223538631797,1.7660241147714555,0.6907087738571144,1.012223538631797,1.7660241147714555,False,False,False,False,0.0,-0.0,0.0,-0.0,0.0,-0.0,0.0,0.00022463515772320341,0.06047531667008341,0.060424276873818406,0.002858260500827237,"[1, 1, 1]",0.06048357966478793,0.0001772492550451421,-0.0001772492550451421,-0.0002634088320954131,0.0002634088320954131,-0.0001251457884432483,0.0001251457884432483,False,1021,232,True,True
1019,DSC07960.JPG,407.0,197.0,4.565073013305664,1.1505956859179092,1.6769096586681878,0.7155927026167394,-0.03973704663905485,0.7414452913093638,0.6698356866572417,0.6955439161920531,1.0222443993259684,1.7661269491519584,0.6955439161920531,1.0222443993259684,1.7661269491519584,False,False,False,False,0.0,-0.0,0.0,-0.0,0.0,-0.0,0.0,0.00022281413286123042,0.06940712094063203,0.06936826237341212,0.002827304785220868,"[1, 1, 1]",0.0694164890913767,0.00020493455486958467,-0.00020493455486958467,-0.0003026184318219993,0.0003026184318219993,-0.00014136064765768452,0.00014136064765768452,False,1022,176,True,True
1020,DSC07960.JPG,408.0,197.0,4.581040382385254,1.1702481608603774,1.6772227268871234,0.7201114202402981,-0.01376024733437141,0.7401171095810393,0.6723372068379861,0.7119805642078424,1.0337956970268551,1.7678991555355512,0.7119805642078424,1.0337956970268551,1.7678991555355512,False,False,False,False,0.0,-0.0,0.0,-0.0,0.0,-0.0,0.0,0.00021430706350599767,0.07677930427343718,0.07676766581188454,0.0018009688772678365,"[1, 1, 1]",0.0767840464184636,0.00023088820916417063,-0.00023088820916417063,-0.00033749609707434125,0.00033749609707434125,-0.00015331566540277564,0.00015331566540277564,False,1023,150,True,True
1021,DSC07960.JPG,409.0,197.0,4.58401346206665,1.1797795268428415,1.6796321926743978,0.7164337675430167,-0.02517087101712455,0.7659231363292835,0.6424392395298976,0.7154633741364781,1.0436971368331172,1.7678036725658217,0.7154633741364781,1.0436971368331172,1.7678036725658217,False,False,False,False,0.0,-0.0,0.0,-0.0,0.0,-0.0,0.0,0.0002137961187976554,0.08506003801257785,0.08505038304091671,0.0018920284740168596,"[1, 1, 1]",0.08506573192507623,0.00025608027099588426,-0.00025608027099588426,-0.00037387879973627136,0.00037387879973627136,-0.00016929075800353743,0.00016929075800353743,False,1024,116,True,True
1022,DSC07960.JPG,410.0,197.0,4.650219440460205,1.2389154777571492,1.6719815645942324,0.7523695529148124,-0.079899404533476,-0.8618913466882666,-0.5007588158575764,0.7820076404686193,1.0620932833500025,1.77677116287775,0.7820076404686193,1.0620932833500025,1.77677116287775,False,False,False,False,0.0,-0.0,0.0,-0.0,0.0,-0.0,0.0,0.00017804079870054407,0.08101271369894182,0.08100794531158281,0.002996473300365208,"[1, 1, 1]",0.08103803378344195,0.0002563239302888487,-0.0002563239302888487,-0.00037339939791158905,0.00037339939791158905,-0.00016800882630141345,0.00016800882630141345,False,1025,121,True,True
1023,DSC07960.JPG,411.0,197.0,4.610063552856445,1.2146699721550556,1.6812753721374527,0.7216293166521472,-0.06160971948140646,0.8642283648480987,0.4993131040313324,0.7424824957783903,1.066275610663814,1.7704900322874293,0.7424824957783903,1.066275610663814,1.7704900322874293,False,False,False,False,0.0,-0.0,0.0,-0.0,0.0,-0.0,0.0,0.00020210817175256285,0.09694171678549644,0.09694159319137266,0.0003565954048792113,"[1, 1, 1]",0.09694198291423223,0.00029678210511763226,-0.00029678210511763226,-0.0004317842149117457,0.0004317842149117457,-0.0001935900218423825,0.0001935900218423825,False,1026,90,True,True
1024,DSC07960.JPG,412.0,197.0,4.575588703155518,1.1947718239682046,1.6896215983783367,0.6945321651807645,-0.010055179769975692,0.8243692416900862,0.5659631142708027,0.7086151267983204,1.0710769019331323,1.7650310642431994,0.7086151267983204,1.0710769019331323,1.7650310642431994,False,False,False,False,0.0,-0.0,0.0,-0.0,0.0,-0.0,0.0,0.00022322334494958478,0.11258019384511248,0.11256373723338,0.003839594559816232,"[1, 1, 1]",0.11260470123847917,0.0003350849665006983,-0.0003350849665006983,-0.000489455069373923,0.000489455069373923,-0.00022195378976608282,0.00022195378976608282,False,1027,66,True,True
1025,DSC07960.JPG,413.0,197.0,4.572285175323486,1.1993607974451017,1.6930222171968308,0.6869366932159966,-0.10828946279795766,0.8020307317927585,0.5873841141083934,0.7058370123016172,1.0801106514808883,1.7640373191855694,0.7058370123016172,1.0801106514808883,1.7640373191855694,False,False,False,False,0.0,-0.0,0.0,-0.0,0.0,-0.0,0.0,0.00022686417969110104,0.12208295416278642,0.12206634344706409,0.004620302561905277,"[1, 1, 1]",0.12211835879758026,0.0003621475658444062,-0.0003621475658444062,-0.0005287464069450021,0.0005287464069450021,-0.0002394813302029064,0.0002394813302029064,False,1028,44,True,True
1026,DSC07960.JPG,385.0,198.0,4.547045707702637,0.9781512969468777,1.625647958367272,0.8284921052333236,0.09463739008689402,0.9002446313455786,0.42497454998035405,0.6645966175302584,0.8128972579609652,1.784214055729684,0.6645966175302584,0.8128972579609652,1.784214055729684,False,False,False,False,0.0,-0.0,0.0,-0.0,0.0,-0.0,0.0,0.00025341833672798387,0.1474927228922458,0.14742207029603357,0.00946897054166349,"[1, 1, 1]",0.14760933510203159,-0.0004372669965813092,0.0004372669965813092,0.0006825471320637266,-0.0006825471320637266,0.0003648602583723459,-0.0003648602583723459,False,1029,9,True,True
1027,DSC07960.JPG,386.0,198.0,4.557406902313232,0.9930350657034605,1.626725563025279,0.8297894871122713,0.05671549675972762,0.8644089487122784,0.4995803457037027,0.6754120137094275,0.8232105934289078,1.7852305796848864,0.6754120137094275,0.8232105934289078,1.7852305796848864,False,False,False,False,0.0,-0.0,0.0,-0.0,0.0,-0.0,0.0,0.00024482646240565746,0.1326058689622637,0.13250665412976206,0.009730386267190897,"[1, 1, 1]",0.13273471733715755,-0.0003888055448826311,0.0003888055448826311,0.0006173300602569931,-0.0006173300602569931,0.00034246591990072517,-0.00034246591990072517,False,1030,11,True,True
1028,DSC07960.JPG,387.0,198.0,4.524130344390869,0.9753138665361475,1.635308681139398,0.8024738007140451,0.09984798752226878,0.9136078642920411,0.3941459751050216,0.6428402376514112,0.8297907052453668,1.7797864018035106,0.6428402376514112,0.8297907052453668,1.7797864018035106,False,False,False,False,0.0,-0.0,0.0,-0.0,0.0,-0.0,0.0,0.00026296614672924025,0.13702718497300478,0.1369706337213264,0.006227489064191391,"[1, 1, 1]",0.13706966400452095,-0.00041169639906168953,0.00041169639906168953,0.0006228352622945632,-0.0006228352622945632,0.00030934377344626895,-0.00030934377344626895,False,1031,15,True,True
1029,DSC07960.JPG,388.0,198.0,4.548295021057129,1.0005397969604837,1.634023581928198,0.8128000762014593,-0.07953576669378538,-0.8834798418759098,-0.46166809594702246,0.6673819070745814,0.8413226386373389,1.782844503398455,0.6673819070745814,0.8413226386373389,1.782844503398455,False,False,False,False,0.0,-0.0,0.0,-0.0,0.0,-0.0,0.0,0.0002461007440210759,0.11639147341687255,0.11627867774905601,0.007813919166005328,"[1, 1, 1]",0.116466225485866,-0.00034152821391231214,0.00034152821391231214,0.000536776108871484,-0.000536776108871484,0.0002913676545124311,-0.0002913676545124311,False,1032,20,True,True
1030,DSC07960.JPG,389.0,198.0,4.486065864562988,0.9609543113806059,1.6474936660362216,0.7666785980983022,-0.03121505277605293,0.8986717480028638,0.4375096682607893,0.6060071232673143,0.8451200588581838,1.7731305912530066,0.6060071232673143,0.8451200588581838,1.7731305912530066,False,False,False,False,0.0,-0.0,0.0,-0.0,0.0,-0.0,0.0,0.0002827770819768577,0.13092980502288187,0.1309249023554613,0.0015019040864800322,"[1, 1, 1]",0.13093166083628113,-0.0004054952251852928,0.0004054952251852928,0.0005806067462212905,-0.0005806067462212905,0.00024795127327648103,-0.00024795127327648103,False,1033,38,True,True
1031,DSC07960.JPG,390.0,198.0,4.486499786376953,0.9683357163170457,1.650244699219119,0.7615321043273526,-0.0021847415928007373,0.9025097328966707,0.4306639164487233,0.6069461404270969,0.8544719615820241,1.772683508753921,0.6069461404270969,0.8544719615820241,1.772683508753921,False,False,False,False,0.0,-0.0,0.0,-0.0,0.0,-0.0,0.0,0.00028085895159297357,0.11913962399263207,0.11913616000585957,0.0011473621950256066,"[1, 1, 1]",0.11914065441414315,-0.00036919658784340115,0.00036919658784340115,0.0005279092748755598,-0.0005279092748755598,0.00022452508183690156,-0.00022452508183690156,False,1034,63,True,True
1032,DSC07960.JPG,391.0,198.0,4.6312665939331055,1.084575880804881,1.6285783000537526,0.8502412964572527,0.009094249360903932,0.8448135651620207,0.5349834901628256,0.751462395468211,0.8775140142591005,1.7935316573194415,0.751462395468211,0.8775140142591005,1.7935316573194415,False,False,False,False,0.0,-0.0,0.0,-0.0,0.0,-0.0,0.0,0.00018931360337035792,0.06106484161302151,0.06051377412427505,0.011129292789976236,"[1, 1, 1]",0.061297197822199063,-0.00015531524499001748,0.00015531524499001748,0.0002980641408181217,-0.0002980641408181217,0.00022576278077313106,-0.00022576278077313106,False,1035,62,True,True
1033,DSC07960.JPG,392.0,198.0,4.560054302215576,1.0380379879737232,1.6434971722886016,0.7984146606639831,-0.029001703931361204,0.8763972672643882,0.4807148126494443,0.6811387659912399,0.8802255578129714,1.7825051862469077,0.6811387659912399,0.8802255578129714,1.7825051862469077,False,False,False,False,0.0,-0.0,0.0,-0.0,0.0,-0.0,0.0,0.00023181654496528823,0.0725701361710821,0.07235396229743632,0.006709099286097785,"[1, 1, 1]",0.0726172587955128,-0.00020483795521597514,0.00020483795521597514,0.00033501877263830693,-0.00033501877263830693,0.00019738817790182495,-0.00019738817790182495,False,1036,86,True,True
1034,DSC07960.JPG,393.0,198.0,4.53839111328125,1.0288024191445253,1.6500061350807658,0.7788612323767113,-0.02729284875361046,0.8798049100988152,0.47455075658240015,0.6600998930382035,0.8875463438645511,1.7787942830593944,0.6600998930382035,0.8875463438645511,1.7787942830593944,False,False,False,False,0.0,-0.0,0.0,-0.0,0.0,-0.0,0.0,0.00024398642094557228,0.06883811082076091,0.06871477272344743,0.004688272365186601,"[1, 1, 1]",0.06885631923444664,-0.00019935909603496782,0.00019935909603496782,0.00031304555539457546,-0.00031304555539457546,0.00016963137725811706,-0.00016963137725811706,False,1037,114,True,True
1035,DSC07960.JPG,394.0,198.0,4.527063846588135,1.0273429402687013,1.6547587284896634,0.7660439522292872,0.014746471582686976,0.8754104536899014,0.48315533645640496,0.6493414287230942,0.8958218061945838,1.7766097781082542,0.6493414287230942,0.8958218061945838,1.7766097781082542,False,False,False,False,0.0,-0.0,0.0,-0.0,0.0,-0.0,0.0,0.00024987567871955516,0.06157234168476552,0.061494455258658445,0.003395941318976205,"[1, 1, 1]",0.06158024726445475,-0.00018063253987454786,0.00018063253987454786,0.00027777629541159143,-0.00027777629541159143,0.00014357286213639853,-0.00014357286213639853,False,1038,172,True,True
1036,DSC07960.JPG,395.0,198.0,4.4886698722839355,1.005263575289749,1.6640079824193004,0.7357841888337795,-0.011713587481863508,0.8939605116595716,0.44799262880282054,0.6116431732020182,0.9012585449073484,1.7704466831294634,0.6116431732020182,0.9012585449073484,1.7704466831294634,False,False,False,False,0.0,-0.0,0.0,-0.0,0.0,-0.0,0.0,0.0002730049030152846,0.060883090045075965,0.06088170445695412,0.00043726215461605916,"[1, 1, 1]",0.06088318235982596,-0.00019088928356558732,0.00019088928356558732,0.000268662268927633,-0.000268662268927633,0.00010872984713738987,-0.00010872984713738987,False,1039,289,True,True
1037,DSC07960.JPG,396.0,198.0,4.510383129119873,1.0288695901926572,1.6632292890743152,0.7443401460504896,0.006581531513774569,0.8900739670806233,0.455768599805093,0.6337627274722184,0.9128602078610238,1.7731265044692177,0.6337627274722184,0.9128602078610238,1.7731265044692177,False,False,False,False,0.0,-0.0,0.0,-0.0,0.0,-0.0,0.0,0.00025836201347305865,0.044324766693047454,0.044308069148891474,0.0012673708300261208,"[1, 1, 1]",0.044325478920576436,-0.00013359849043359517,0.00013359849043359517,0.0001976693143126429,-0.0001976693143126429,9.276097056165611e-05,-9.276097056165611e-05,False,1040,361,True,True
1038,DSC07960.JPG,397.0,198.0,4.548345565795898,1.0649525233373331,1.6597903219487316,0.7632920658925675,0.07094838036664325,0.8777391764541645,0.4738567984538317,0.6720623182997628,0.9262954310666268,1.778187724161432,0.6720623182997628,0.9262954310666268,1.778187724161432,False,False,False,False,0.0,-0.0,0.0,-0.0,0.0,-0.0,0.0,0.00023363127487160555,0.0263526581036854,0.026063265816384032,0.003977544130166148,"[1, 1, 1]",0.026358843594411853,-6.784162377293512e-05,6.784162377293512e-05,0.00011888037398022355,-0.00011888037398022355,7.907811707363877e-05,-7.907811707363877e-05,False,1041,444,True,True
1039,DSC07960.JPG,398.0,198.0,4.5498456954956055,1.073253211269715,1.6624070765860945,0.7587502986812592,0.06571309278690693,0.862450959007361,0.5018566854627552,0.6740702417964388,0.9359004217595165,1.7778896110861415,0.6740702417964388,0.9359004217595165,1.7778896110861415,False,False,False,False,0.0,-0.0,0.0,-0.0,0.0,-0.0,0.0,0.0002320322718023984,0.016373557899653956,0.015941876479390216,0.003765141780646995,"[1, 1, 1]",0.016377013098544745,-3.7014402724855344e-05,3.7014402724855344e-05,7.268548304617539e-05,-7.268548304617539e-05,5.666490030931115e-05,-5.666490030931115e-05,False,1042,633,True,True
1040,DSC07960.JPG,399.0,198.0,4.704599857330322,1.1990725025217943,1.6398704670482729,0.8523790905419915,-0.07995751975456952,0.8732795979921834,0.4806137105465349,0.8286687543142791,0.9625909132379741,1.8000630428874143,0.8286687543142791,0.9625909132379741,1.8000630428874143,False,False,False,False,0.0,-0.0,0.0,-0.0,0.0,-0.0,0.0,0.00013567875310243862,0.011473449894522699,0.006875728604062707,0.009305945274755898,"[1, 1, 1]",0.011522072583838019,5.1590551044533584e-05,-5.1590551044533584e-05,-3.64136712951435e-05,3.64136712951435e-05,3.3134825515368505e-05,-3.3134825515368505e-05,False,1043,895,True,True
1041,DSC07960.JPG,400.0,198.0,4.719569683074951,1.2179732659010267,1.6403850521104575,0.8562569437229793,0.03723658631777809,0.9009910712904476,0.4322366551951491,0.8441075698985576,0.9740555442368038,1.8017203324856927,0.8441075698985576,0.9740555442368038,1.8017203324856927,False,False,False,False,0.0,-0.0,0.0,-0.0,0.0,-0.0,0.0,0.00012682026791731155,0.015573952688845214,0.012862384303053956,0.009338453526669097,"[1, 1, 1]",0.01573524143216309,6.913762061300233e-05,-6.913762061300233e-05,-6.952683654559699e-05,6.952683654559699e-05,8.590337674529991e-06,-8.590337674529991e-06,False,1044,1319,True,True
1042,DSC07960.JPG,401.0,198.0,4.528788089752197,1.0785055465550246,1.6744316015513165,0.7287926789489223,0.043591063828745696,0.8463192895797791,0.5308893286170446,0.6546429701109303,0.9617983684502692,1.773251434863073,0.6546429701109303,0.9617983684502692,1.773251434863073,False,False,False,False,0.0,-0.0,0.0,-0.0,0.0,-0.0,0.0,0.00024414212978073123,0.011614540485773523,0.011547228457811216,0.0012529191528258968,"[1, 1, 1]",0.0116147717229718,3.985610010071028e-05,-3.985610010071028e-05,-5.174368667537621e-05,5.174368667537621e-05,-1.5197804223543443e-05,1.5197804223543443e-05,False,1045,1179,True,True
1043,DSC07960.JPG,402.0,198.0,4.510392189025879,1.071434942323135,1.6802679885348977,0.7115942028110771,0.011111617376720454,0.8657458663998221,0.5003604968129427,0.6368327532779694,0.9690340284198393,1.7700442803831895,0.6368327532779694,0.9690340284198393,1.7700442803831895,False,False,False,False,0.0,-0.0,0.0,-0.0,0.0,-0.0,0.0,0.0002555317320035604,0.020385446544892136,0.020375356918724365,0.0006470404564190079,"[1, 1, 1]",0.0203855373147115,6.084836455477749e-05,-6.084836455477749e-05,-9.023318386858215e-05,9.023318386858215e-05,-4.261741954181275e-05,4.261741954181275e-05,False,1046,773,True,True
1044,DSC07960.JPG,403.0,198.0,4.625522136688232,1.1675328958260676,1.6645004633040372,0.7793302229965983,-0.1286587632587216,0.9363078003660961,0.3267638682754549,0.75202630082643,0.9921826311430053,1.7863595721395917,0.75202630082643,0.9921826311430053,1.7863595721395917,False,False,False,False,0.0,-0.0,0.0,-0.0,0.0,-0.0,0.0,0.00018467544623494621,0.03405933951804808,0.033468004074172615,0.006930978583356318,"[1, 1, 1]",0.03411879520124089,0.00012507596691113676,-0.00012507596691113676,-0.0001605323775903944,0.0001605323775903944,-4.4512514967287586e-05,4.4512514967287586e-05,False,1047,757,True,True
1045,DSC07960.JPG,404.0,198.0,4.529546737670898,1.1004592490636416,1.6828643164506696,0.7128313964227363,0.022623004080140865,0.8807008800000932,0.47313228557502984,0.6569355075411739,0.9900917747524991,1.7718141783657082,0.6569355075411739,0.9900917747524991,1.7718141783657082,False,False,False,False,0.0,-0.0,0.0,-0.0,0.0,-0.0,0.0,0.00024383637981301,0.04225222427565137,0.04225031095780319,0.0004214910234893558,"[1, 1, 1]",0.042252318789866794,0.00013171420654711774,-0.00013171420654711774,-0.0001886419153345198,0.0001886419153345198,-8.072358886179742e-05,8.072358886179742e-05,False,1048,432,True,True
1046,DSC07960.JPG,405.0,198.0,4.529799938201904,1.1077789873959076,1.6856758073640332,0.7075099460575405,-0.009707287274163224,0.8830006389827774,0.46927139283125274,0.6577001178285753,0.9995250491896044,1.7713350240057442,0.6577001178285753,0.9995250491896044,1.7713350240057442,False,False,False,False,0.0,-0.0,0.0,-0.0,0.0,-0.0,0.0,0.00024402728185611097,0.052402453763891674,0.05240229383091943,0.00013928290667003455,"[1, 1, 1]",0.05240246635263719,0.00016197783903848517,-0.00016197783903848517,-0.0002336806739127173,0.0002336806739127173,-0.00010220698846463705,0.00010220698846463705,False,1049,321,True,True
1047,DSC07960.JPG,406.0,198.0,4.53005313873291,1.1150995220980624,1.6884876171401797,0.7021878828285611,-0.0002449045793600427,0.8741245379963853,0.4857017933818578,0.6584647853947277,1.008959374754803,1.7708558119451114,0.6584647853947277,1.008959374754803,1.7708558119451114,False,False,False,False,0.0,-0.0,0.0,-0.0,0.0,-0.0,0.0,0.00024436442134009574,0.06251286578816681,0.0625127215829309,0.00014915403608123503,"[1, 1, 1]",0.06251288266086898,0.0001920632634488939,-0.0001920632634488939,-0.00027841902007863517,0.00027841902007863517,-0.0001235057613904189,0.0001235057613904189,False,1050,236,True,True
1048,DSC07960.JPG,407.0,198.0,4.530306339263916,1.1224208531701068,1.6912997457791092,0.696865206735799,-0.0037409770587433643,0.8729943740892895,0.48771592951132514,0.6592295102396325,1.018394751448095,1.7703765421838107,0.6592295102396325,1.018394751448095,1.7703765421838107,False,False,False,False,0.0,-0.0,0.0,-0.0,0.0,-0.0,0.0,0.00024484724289959266,0.07258241621737034,0.07258138794936932,0.00044591919979473753,"[1, 1, 1]",0.07258258697967199,0.00022197034456317155,-0.00022197034456317155,-0.00032285494225470224,0.00032285494225470224,-0.00014461663243503509,0.00014461663243503509,False,1051,169,True,True
1049,DSC07960.JPG,408.0,198.0,4.553614139556885,1.147747353568762,1.690458640714097,0.7060595296588923,-0.04155549531444309,0.8352025959617903,0.5483700981160968,0.6829725059883582,1.0308311670993964,1.7732541058775713,0.6829725059883582,1.0308311670993964,1.7732541058775713,False,False,False,False,0.0,-0.0,0.0,-0.0,0.0,-0.0,0.0,0.00023168449253406075,0.08061137248016605,0.08060492403977944,0.0012851349643364085,"[1, 1, 1]",0.08061327038260563,0.00025170139646757406,-0.00025170139646757406,-0.00036301637985869384,0.00036301637985869384,-0.00015867168278616006,0.00015867168278616006,False,1052,140,True,True
1050,DSC07960.JPG,409.0,198.0,4.514543533325195,1.1243349645190899,1.6994929603481261,0.6759928938304264,-0.15383648708200331,0.892845214053915,0.42327503940497985,0.6445419888555168,1.0351178522702376,1.7670507869712861,0.6445419888555168,1.0351178522702376,1.7670507869712861,False,False,False,False,0.0,-0.0,0.0,-0.0,0.0,-0.0,0.0,0.0002559628810493119,0.09421332664482443,0.0941886560985049,0.0026575090973618206,"[1, 1, 1]",0.09421973310347803,0.0002812825744569203,-0.0002812825744569203,-0.0004142384289254064,0.0004142384289254064,-0.00019212070681895455,0.00019212070681895455,False,1053,91,True,True
1051,DSC07960.JPG,410.0,198.0,4.515137195587158,1.1319000523209364,1.702242275884592,0.6709016352948819,0.14601618867107313,-0.8833795818532492,-0.44533109818510586,0.6456444560432826,1.0445683287135281,1.7666226935946006,0.6456444560432826,1.0445683287135281,1.7666226935946006,False,False,False,False,0.0,-0.0,0.0,-0.0,0.0,-0.0,0.0,0.00025658747420970234,0.1045242686288788,0.10449895727421957,0.002990871933939298,"[1, 1, 1]",0.1045330094329722,0.00031184026608044313,-0.00031184026608044313,-0.0004590972867906107,0.0004590972867906107,-0.00021275946757670638,0.00021275946757670638,False,1054,72,True,True
1052,DSC07960.JPG,411.0,198.0,4.515730857849121,1.1394670073177207,1.7049923390371884,0.6658089398188294,-0.15764346238995766,0.8780431351445275,0.4518725390984442,0.6467470575286864,1.0540212696661906,1.7661944649310386,0.6467470575286864,1.0540212696661906,1.7661944649310386,False,False,False,False,0.0,-0.0,0.0,-0.0,0.0,-0.0,0.0,0.0002573512043283857,0.11477534577966687,0.11474992147340199,0.0033401827063506157,"[1, 1, 1]",0.11478693589797762,0.00034216498831796116,-0.00034216498831796116,-0.0005035915996383089,0.0005035915996383089,-0.00023320463202125552,0.00023320463202125552,False,1055,53,True,True
1053,DSC07960.JPG,412.0,198.0,4.59739351272583,1.2108562075158984,1.6951000146443842,0.7113719608178023,-0.037015954960432626,0.8802522707793271,0.4730599949966238,0.7286868610646365,1.0746989001802552,1.7775332947734226,0.7286868610646365,1.0746989001802552,1.7775332947734226,False,False,False,False,0.0,-0.0,0.0,-0.0,0.0,-0.0,0.0,0.00021218620845217957,0.10891690430148705,0.10890512126393313,0.003962423280662684,"[1, 1, 1]",0.1089470474342839,0.00034398375266242454,-0.00034398375266242454,-0.0005019263619352454,0.0005019263619352454,-0.0002269418396032563,0.0002269418396032563,False,1056,60,True,True
1054,DSC07960.JPG,413.0,198.0,4.599064350128174,1.219404070911587,1.697735306436452,0.7068500641186072,0.002432520644959951,0.8970248144870238,0.44197348906674555,0.7308731161762189,1.0844763908457642,1.7772517879496177,0.7308731161762189,1.0844763908457642,1.7772517879496177,False,False,False,False,0.0,-0.0,0.0,-0.0,0.0,-0.0,0.0,0.00021325595278605695,0.11668960789819573,0.11668429471652292,0.00390251986186018,"[1, 1, 1]",0.11671957611143526,0.00036710422257657527,-0.00036710422257657527,-0.000537451658149779,0.000537451658149779,-0.000245299205109184,0.000245299205109184,False,1057,39,True,True
1055,DSC07960.JPG,385.0,199.0,4.472218036651611,0.9213648112096232,1.6472682662357914,0.7824319534295217,-0.04511220435966175,0.8944980502180235,0.4447899809730051,0.5885785849287278,0.8073225712199015,1.7822488977111297,0.5885785849287278,0.8073225712199015,1.7822488977111297,False,False,False,False,0.0,-0.0,0.0,-0.0,0.0,-0.0,0.0,0.0002998926504310869,0.18486774560043417,0.18478440949080233,0.009214280325929145,"[1, 1, 1]",0.18494088847970042,-0.0005557864978591454,0.0005557864978591454,0.000841220552705968,-0.000841220552705968,0.0004181783996770605,-0.0004181783996770605,False,1058,7,True,True
1056,DSC07960.JPG,386.0,199.0,4.480278968811035,0.9344122054637948,1.6487107931553033,0.7823158246838443,-0.04268263084497662,0.8943768585775621,0.4452732058692538,0.5970956570168703,0.8172873706318262,1.7829496989299993,0.5970956570168703,0.8172873706318262,1.7829496989299993,False,False,False,False,0.0,-0.0,0.0,-0.0,0.0,-0.0,0.0,0.00029291280171082716,0.1688351778879655,0.16872720547765047,0.00945220566734281,"[1, 1, 1]",0.16891348596304645,-0.0005034835176387364,0.0005034835176387364,0.0007711614046401749,-0.0007711614046401749,0.00039459118500984047,-0.00039459118500984047,False,1059,8,True,True
1057,DSC07960.JPG,387.0,199.0,4.4563984870910645,0.9236028719985491,1.6555857293263991,0.7612322658706421,-0.020037152479652025,0.8941452549994087,0.44732848722448876,0.5738665025636543,0.8245173379467365,1.778856186310836,0.5738665025636543,0.8245173379467365,1.778856186310836,False,False,False,False,0.0,-0.0,0.0,-0.0,0.0,-0.0,0.0,0.0003056927718059266,0.1681680483501995,0.1681094321521865,0.006326009491311623,"[1, 1, 1]",0.16819823440881396,-0.0005098085190531343,0.0005098085190531343,0.0007571451298182819,-0.0007571451298182819,0.0003586018291636961,-0.0003586018291636961,False,1060,10,True,True
1058,DSC07960.JPG,388.0,199.0,4.468626022338867,0.9397725961743857,1.656323762826026,0.7638432834734745,-0.028157682115828142,0.8949219876138095,0.4453333369771599,0.5865254598434201,0.8348525242484756,1.7801816337782679,0.5865254598434201,0.8348525242484756,1.7801816337782679,False,False,False,False,0.0,-0.0,0.0,-0.0,0.0,-0.0,0.0,0.00029632449153471787,0.15025360295571272,0.15016370719965158,0.007103901547879788,"[1, 1, 1]",0.1502926306190908,-0.0004502026268764503,0.0004502026268764503,0.0006804444054429037,-0.0006804444054429037,0.00033713652202349564,-0.00033713652202349564,False,1061,13,True,True
1059,DSC07960.JPG,389.0,199.0,4.46364688873291,0.9430615105392417,1.6599764672861343,0.7551818210478121,-0.04735429979721664,0.9106093193084271,0.4105462676475799,0.5820807859416605,0.8436757741040855,1.778926534253962,0.5820807859416605,0.8436757741040855,1.778926534253962,False,False,False,False,0.0,-0.0,0.0,-0.0,0.0,-0.0,0.0,0.0002977092230272132,0.140246775863201,0.1401686894757417,0.006064526454907083,"[1, 1, 1]",0.14027330139133087,-0.0004211957081294848,0.0004211957081294848,0.000632825717931329,-0.000632825717931329,0.0003089088659562478,-0.0003089088659562478,False,1062,16,True,True
1060,DSC07960.JPG,390.0,199.0,4.494500160217285,0.9732951279253527,1.6576078102037288,0.7699020346437384,0.01506335095083872,0.8947481013932332,0.4463170739634956,0.6132626310041192,0.855807004000829,1.783036600509712,0.6132626310041192,0.855807004000829,1.783036600509712,False,False,False,False,0.0,-0.0,0.0,-0.0,0.0,-0.0,0.0,0.00027688661377086747,0.11600878338870872,0.11581199133934225,0.00853284418369308,"[1, 1, 1]",0.11606736113140541,-0.0003365077734995836,0.0003365077734995836,0.0005319550195908018,-0.0005319550195908018,0.0002923893603474781,-0.0002923893603474781,False,1063,19,True,True
1061,DSC07960.JPG,391.0,199.0,4.489049911499023,0.9762538629979729,1.661349324527713,0.7609146227288394,0.025937721751029354,0.8977474936502953,0.4397461452190108,0.6083512810658426,0.864618548048628,1.7817092162879877,0.6083512810658426,0.864618548048628,1.7817092162879877,False,False,False,False,0.0,-0.0,0.0,-0.0,0.0,-0.0,0.0,0.00027874633801155057,0.10652713060749797,0.10634384469335709,0.007530822478590213,"[1, 1, 1]",0.1065686543487202,-0.0003092550755814383,0.0003092550755814383,0.00048638017979540926,-0.00048638017979540926,0.000264415746399127,-0.000264415746399127,False,1064,32,True,True
1062,DSC07960.JPG,392.0,199.0,4.496218681335449,0.9887297167369349,1.662981545385869,0.7601398877069616,-0.007799208778022835,0.8983907710163405,0.439127766026133,0.6159884616064,0.8746320956525198,1.7822692373370774,0.6159884616064,0.8746320956525198,1.7822692373370774,False,False,False,False,0.0,-0.0,0.0,-0.0,0.0,-0.0,0.0,0.00027284358625806205,0.09261099741744698,0.09237577145949469,0.0076710931223604294,"[1, 1, 1]",0.09265237636071158,-0.00026449512765180927,0.00026449512765180927,0.0004239270589416755,-0.0004239270589416755,0.00023988527495655276,-0.00023988527495655276,False,1065,43,True,True
1063,DSC07960.JPG,393.0,199.0,4.457918167114258,0.9668024340017919,1.6721697114859269,0.7298581624026167,-0.013416663490239506,0.8990144479614048,0.43771339424038674,0.5784023792611241,0.8801683961357444,1.7760365170055892,0.5784023792611241,0.8801683961357444,1.7760365170055892,False,False,False,False,0.0,-0.0,0.0,-0.0,0.0,-0.0,0.0,0.00029558700430218403,0.0934512267597371,0.09339467958942878,0.0036260812102353306,"[1, 1, 1]",0.09345813616073692,-0.00028006977428085555,0.00028006977428085555,0.0004189178015450157,-0.0004189178015450157,0.00020222938701319748,-0.00020222938701319748,False,1066,82,True,True
1064,DSC07960.JPG,394.0,199.0,4.45962381362915,0.975107048249898,1.6746946779680894,0.7255671911262113,-0.023868855523193327,0.9062247338158056,0.42212203159333606,0.5806032835009295,0.8895942287593034,1.7757831241866593,0.5806032835009295,0.8895942287593034,1.7757831241866593,False,False,False,False,0.0,-0.0,0.0,-0.0,0.0,-0.0,0.0,0.0002933654490327158,0.08068086996724248,0.08062077145649572,0.0033826409511224184,"[1, 1, 1]",0.08068628703965619,-0.00024057291669565828,0.00024057291669565828,0.00036164353197798427,-0.00036164353197798427,0.00017683991648409503,-0.00017683991648409503,False,1067,107,True,True
1065,DSC07960.JPG,395.0,199.0,4.4496660232543945,0.9745497270497724,1.6791429824947246,0.7137358633059706,-0.008930439659061646,0.9106965124785117,0.41297955083390236,0.5712011897117845,0.8978226195187546,1.773789997005144,0.5712011897117845,0.8978226195187546,1.773789997005144,False,False,False,False,0.0,-0.0,0.0,-0.0,0.0,-0.0,0.0,0.00029860550645117946,0.07134101726117437,0.07131709127238363,0.001961201880008106,"[1, 1, 1]",0.07134253487653777,-0.0002158547596118332,0.0002158547596118332,0.0003179765040064453,-0.0003179765040064453,0.00014743352713875169,-0.00014743352713875169,False,1068,165,True,True
1066,DSC07960.JPG,396.0,199.0,4.460300922393799,0.9896493668694238,1.680199705419022,0.7152095028575365,0.03579533120588045,0.9042572122356939,0.4254851212246941,0.5822858338418404,0.9081790925270455,1.7748677404293567,0.5822858338418404,0.9081790925270455,1.7748677404293567,False,False,False,False,0.0,-0.0,0.0,-0.0,0.0,-0.0,0.0,0.00029097995196370493,0.05617020469249117,0.05611220289244911,0.002657908434293414,"[1, 1, 1]",0.056172660993961995,-0.00016594628073329787,0.00016594628073329787,0.0002513596628725967,-0.0002513596628725967,0.0001252832946656568,-0.0001252832946656568,False,1069,230,True,True
1067,DSC07960.JPG,397.0,199.0,4.461095809936523,0.997270492705351,1.6828782665871267,0.710323180687244,0.03605807992914012,0.9046288818114896,0.42467211006177225,0.5835813107048053,0.9175226540825799,1.7744778809089252,0.5835813107048053,0.9175226540825799,1.7744778809089252,False,False,False,False,0.0,-0.0,0.0,-0.0,0.0,-0.0,0.0,0.0002896717537556438,0.04387353867251142,0.04381322642922557,0.002358070879342154,"[1, 1, 1]",0.04387508805616193,-0.00012845758834334475,0.00012845758834334475,0.00019617495724610912,-0.00019617495724610912,9.975145908880378e-05,-9.975145908880378e-05,False,1070,331,True,True
1068,DSC07960.JPG,398.0,199.0,4.461890697479248,1.0048941186328142,1.6855578287802013,0.7054349345170904,-0.045249908228296117,0.9014080659279806,0.43059951751634407,0.584876967386376,0.9268695155072891,1.774087840245341,0.584876967386376,0.9268695155072891,1.774087840245341,False,False,False,False,0.0,-0.0,0.0,-0.0,0.0,-0.0,0.0,0.0002884804092000208,0.03164502467322192,0.03157916979161363,0.002067545406453142,"[1, 1, 1]",0.03164590255450475,-9.124533851001537e-05,9.124533851001537e-05,0.0001413297741310604,-0.0001413297741310604,7.428734377512569e-05,-7.428734377512569e-05,False,1071,475,True,True
1069,DSC07960.JPG,399.0,199.0,4.462686061859131,1.0125206101738116,1.6882383146550808,0.7005450701429112,-0.023350211549015207,0.8806388421174766,0.4732124230983442,0.5861732784842971,0.9362197300048131,1.773697689331076,0.5861732784842971,0.9362197300048131,1.773697689331076,False,False,False,False,0.0,-0.0,0.0,-0.0,0.0,-0.0,0.0,0.00028740720072416385,0.019491356606650627,0.0194102717711,0.0017850032470413046,"[1, 1, 1]",0.019491765825309516,-5.4308942766922996e-05,5.4308942766922996e-05,8.682679874172372e-05,-8.682679874172372e-05,4.889676686259392e-05,-4.889676686259392e-05,False,1072,711,True,True
1070,DSC07960.JPG,400.0,199.0,4.447147846221924,1.007603326463847,1.693558830321631,0.6851983175289414,-0.05506351528924498,0.8909272944187877,0.45079548061577757,0.5712110508464942,0.9437169055523529,1.770880867582969,0.5712110508464942,0.9437169055523529,1.770880867582969,False,False,False,False,0.0,-0.0,0.0,-0.0,0.0,-0.0,0.0,0.00029672407736155125,0.010053714965781483,0.010052493280217399,0.00015690631537124315,"[1, 1, 1]",0.010053716343347736,-3.167141259430295e-05,3.167141259430295e-05,4.457665083634765e-05,-4.457665083634765e-05,1.80496566231092e-05,-1.80496566231092e-05,False,1073,1124,True,True
1071,DSC07960.JPG,401.0,199.0,4.445075035095215,1.013001499036525,1.6966926419442927,0.6784919506787657,-0.0731099327577611,0.8922656529706041,0.44555240125163403,0.5696505200392019,0.9527078936749009,1.7700664506629769,0.5696505200392019,0.9527078936749009,1.7700664506629769,False,False,False,False,0.0,-0.0,0.0,-0.0,0.0,-0.0,0.0,0.0002976727210200279,0.00209160394615744,0.0019576409755018274,0.0007365434535216681,"[1, 1, 1]",0.0020916095221918053,3.623610680181244e-06,-3.623610680181244e-06,-8.664822130244332e-06,8.664822130244332e-06,-8.224043408944226e-06,8.224043408944226e-06,False,1074,1326,True,True
1072,DSC07960.JPG,402.0,199.0,4.502129554748535,1.0639964666493924,1.6903450589996882,0.7094943050549412,-0.05130567975748465,0.8787983318967948,0.47442725372814887,0.6269592297683592,0.9686556636729411,1.7780228901437254,0.6269592297683592,0.9686556636729411,1.7780228901437254,False,False,False,False,0.0,-0.0,0.0,-0.0,0.0,-0.0,0.0,0.00026178063716778195,0.020887845008170258,0.02044032449571551,0.004335765287567792,"[1, 1, 1]",0.020891479071658933,7.745041572082556e-05,-7.745041572082556e-05,-9.316546637916368e-05,9.316546637916368e-05,-1.6776344020197342e-05,1.6776344020197342e-05,False,1075,1153,True,True
1073,DSC07960.JPG,403.0,199.0,4.504847049713135,1.0731767514851116,1.6927459559899785,0.7057752500401321,-0.007701483385853199,-0.8980469536817506,-0.43983219088259723,0.6301744252721172,0.9783264277870445,1.7779126833014531,0.6301744252721172,0.9783264277870445,1.7779126833014531,False,False,False,False,0.0,-0.0,0.0,-0.0,0.0,-0.0,0.0,0.00026008249791581065,0.03181831514764957,0.03154337459581916,0.004258180976158879,"[1, 1, 1]",0.031823904274914966,0.00011133395492901599,-0.00011133395492901599,-0.00014384301381897835,0.00014384301381897835,-4.12583443463177e-05,4.12583443463177e-05,False,1076,790,True,True
1074,DSC07960.JPG,404.0,199.0,4.542418003082275,1.1093567368407296,1.6896067610271048,0.7241902481975592,-0.01840644214507688,0.7981154083676301,0.6022233786675265,0.6680997198277099,0.9922590104933169,1.7829637440306572,0.6680997198277099,0.9922590104933169,1.7829637440306572,False,False,False,False,0.0,-0.0,0.0,-0.0,0.0,-0.0,0.0,0.00023709256507694856,0.04380298003361272,0.04332209534069202,0.006843693568669353,"[1, 1, 1]",0.043831159875796354,0.0001555823197449957,-0.0001555823197449957,-0.00020204595851214258,0.00020204595851214258,-5.945190333589423e-05,5.945190333589423e-05,False,1077,601,True,True
1075,DSC07960.JPG,405.0,199.0,4.479127407073975,1.0673872531967228,1.702493607988919,0.6785641568653304,-0.005525875355833498,0.8935809358249331,0.4488681051620718,0.6055771989132869,0.9938376841273193,1.7730798803993897,0.6055771989132869,0.9938376841273193,1.7730798803993897,False,False,False,False,0.0,-0.0,0.0,-0.0,0.0,-0.0,0.0,0.00027631643939472837,0.05263639091594569,0.052621082785793485,0.0013266312839005955,"[1, 1, 1]",0.05263709696471372,0.0001664968572621106,-0.0001664968572621106,-0.00023605087056366436,0.00023605087056366436,-9.789014829264531e-05,9.789014829264531e-05,False,1078,338,True,True
1076,DSC07960.JPG,406.0,199.0,4.476356506347656,1.0722766095153162,1.7057511835890522,0.6713898590554249,0.06050373754843311,0.8880375344931227,0.45577256946205763,0.6033237492007526,1.0027855059701092,1.772159770770739,0.6033237492007526,1.0027855059701092,1.772159770770739,False,False,False,False,0.0,-0.0,0.0,-0.0,0.0,-0.0,0.0,0.0002783323803748422,0.06401174058965661,0.06400817879669683,0.0007198901727142578,"[1, 1, 1]",0.06401198375080654,0.00019942125829208734,-0.00019942125829208734,-0.00028642499914610653,0.00028642499914610653,-0.00012364262699637862,0.00012364262699637862,False,1079,235,True,True
1077,DSC07960.JPG,407.0,199.0,4.551987648010254,1.1382431081319988,1.6966833647307007,0.7137424466057638,0.029960942561064196,0.8361177487050898,0.5477311860951364,0.6791744526996879,1.0217715226967956,1.7828250367483118,0.6791744526996879,1.0217715226967956,1.7828250367483118,False,False,False,False,0.0,-0.0,0.0,-0.0,0.0,-0.0,0.0,0.00023297835822479323,0.07248033873150737,0.07224779959749643,0.006922187335495284,"[1, 1, 1]",0.07252951378410476,0.0002432927802673568,-0.0002432927802673568,-0.00033782583376629205,0.00033782583376629205,-0.00013079536590776542,0.00013079536590776542,False,1080,211,True,True
1078,DSC07960.JPG,408.0,199.0,4.487617015838623,1.0951468864840985,1.7096257435587296,0.6676536993590246,0.06764266503601397,0.8976119975343707,0.43556534727774526,0.6155554745520843,1.0228352636732072,1.7728022533316752,0.6155554745520843,1.0228352636732072,1.7728022533316752,False,False,False,False,0.0,-0.0,0.0,-0.0,0.0,-0.0,0.0,0.0002724800728967688,0.08637730975916613,0.08637132659776096,0.001159244789685482,"[1, 1, 1]",0.08637820775501559,0.00026907555762867297,-0.00026907555762867297,-0.0003879605969712152,0.0003879605969712152,-0.0001694346173466421,0.0001694346173466421,False,1081,115,True,True
1079,DSC07960.JPG,409.0,199.0,4.4680657386779785,1.0869095469698702,1.715499553862987,0.6499210080344829,0.012855416822292954,0.8892300120170984,0.45727969995003753,0.5965814953883564,1.0295628560172103,1.7694064666302067,0.5965814953883564,1.0295628560172103,1.7694064666302067,False,False,False,False,0.0,-0.0,0.0,-0.0,0.0,-0.0,0.0,0.00028499741068296484,0.09877874570134809,0.09877314548195049,0.001214988594576102,"[1, 1, 1]",0.098779681794722,0.0002995070674929323,-0.0002995070674929323,-0.0004388160493491444,0.0004388160493491444,-0.00020066905240057054,0.00020066905240057054,False,1082,84,True,True
1080,DSC07960.JPG,410.0,199.0,4.536314964294434,1.1474334782238902,1.7077156014736388,0.6873732821949935,-0.12566913795216414,0.8622823257799221,0.4905878702270657,0.665100492605713,1.048010429332809,1.7789585903798506,0.665100492605713,1.048010429332809,1.7789585903798506,False,False,False,False,0.0,-0.0,0.0,-0.0,0.0,-0.0,0.0,0.00024522242980908315,0.10303483794545229,0.10296812069926116,0.005081149415310353,"[1, 1, 1]",0.10306413004370275,0.00033064805425842003,-0.00033064805425842003,-0.00047459513701109124,0.00047459513701109124,-0.00020453351847304901,0.00020453351847304901,False,1083,80,True,True
1081,DSC07960.JPG,411.0,199.0,4.466673851013184,1.0998693450691508,1.7213415664636191,0.6382337939645144,-0.06406777134637465,0.8642571293635576,0.4989538405694175,0.5962050163683076,1.0479214616930226,1.7681832283440064,0.5962050163683076,1.0479214616930226,1.7681832283440064,False,False,False,False,0.0,-0.0,0.0,-0.0,0.0,-0.0,0.0,0.0002874681718380659,0.12202723405793559,0.12201495101656305,0.002160618906657009,"[1, 1, 1]",0.12203065680596968,0.0003673974237266009,-0.0003673974237266009,-0.0005406054495826762,0.0005406054495826762,-0.00025020348367954526,0.00025020348367954526,False,1084,37,True,True
1082,DSC07960.JPG,412.0,199.0,4.524663925170898,1.1525318030775837,1.7152227464137382,0.6691047678341874,0.026051199525614965,0.9065316184011915,0.4213333120490157,0.6545132396262393,1.0652279654027448,1.7762099026119322,0.6545132396262393,1.0652279654027448,1.7762099026119322,False,False,False,False,0.0,-0.0,0.0,-0.0,0.0,-0.0,0.0,0.0002545210831783037,0.12472883667485106,0.12470759765219447,0.003519410415082316,"[1, 1, 1]",0.12474304363494815,0.00039183107923479454,-0.00039183107923479454,-0.0005692092719919994,0.0005692092719919994,-0.0002541575063013113,0.0002541575063013113,False,1085,35,True,True
1083,DSC07960.JPG,413.0,199.0,4.524771690368652,1.1597323021305603,1.71805523719279,0.6636961496756757,0.058431788823447586,0.9300206731082221,0.36283229410599827,0.6551324516706517,1.0746348891855675,1.7757102003024212,0.6551324516706517,1.0746348891855675,1.7757102003024212,False,False,False,False,0.0,-0.0,0.0,-0.0,0.0,-0.0,0.0,0.00025588527749176553,0.13477682960778617,0.13476276004260276,0.0032488014628737566,"[1, 1, 1]",0.1347893727526445,0.00042130718894295427,-0.00042130718894295427,-0.0006143468379393724,0.0006143468379393724,-0.0002773005801466333,0.0002773005801466333,False,1086,25,True,True
1084,DSC08003.JPG,240.0,158.0,4.738083839416504,1.6321612955848626,1.5422555352809637,0.9833198792993425,-0.16594132144174584,0.7753580496979956,0.6093302656250451,1.2457438407135,1.1600510867574987,1.7640363872019276,1.2457438407135,1.1600510867574987,1.7640363872019276,False,False,False,False,0.0,-0.0,0.0,-0.0,0.0,-0.0,0.0,0.00018435436723128658,0.11979755299930361,0.11987250162747942,0.005229128635259511,"[1, 1, 1]",0.11989206429001865,-0.00036750195891488424,0.00036750195891488424,0.0005558415260495941,-0.0005558415260495941,0.00027592946574461763,-0.00027592946574461763,False,1087,26,True,True
1085,DSC08003.JPG,241.0,158.0,4.738544464111328,1.6257604607875966,1.5456518373900887,0.9767277859681263,-0.15166668410503642,0.7478314824352963,0.6463321830229486,1.235963825138423,1.1606037207161208,1.7639518906645242,1.235963825138423,1.1606037207161208,1.7639518906645242,False,False,False,False,0.0,-0.0,0.0,-0.0,0.0,-0.0,0.0,0.00018035109189032516,0.11434147277079489,0.1144243593739687,0.005260096664860154,"[1, 1, 1]",0.11444338130452456,-0.000350535196837809,0.000350535196837809,0.0005323842473128337,-0.0005323842473128337,0.00026700772217091995,-0.00026700772217091995,False,1088,29,True,True
1086,DSC08003.JPG,242.0,158.0,4.7235493659973145,1.6067100472186575,1.541472296628146,0.9757119967506402,-0.034546453170678885,0.8703913325826023,0.4911470968441207,1.2234660567755589,1.1459887323281852,1.7605421184974415,1.2234660567755589,1.1459887323281852,1.7605421184974415,False,False,False,False,0.0,-0.0,0.0,-0.0,0.0,-0.0,0.0,0.0001683051284787432,0.09955631381453028,0.09973516993357284,0.007229722372709547,"[1, 1, 1]",0.099776832612693,-0.0003012206628372205,0.0003012206628372205,0.0004781382709415638,-0.0004781382709415638,0.0002651406220648411,-0.0002651406220648411,False,1089,30,True,True
1087,DSC08003.JPG,243.0,158.0,4.7299933433532715,1.6052166317154795,1.5477965569677763,0.9669710215272099,-0.03131937139531281,0.8680639430429826,0.49546350800444616,1.2147532996913946,1.152413032579274,1.76174521319088,1.2147532996913946,1.152413032579274,1.76174521319088,False,False,False,False,0.0,-0.0,0.0,-0.0,0.0,-0.0,0.0,0.00016762237787870367,0.0978797716071127,0.09803755504891828,0.006537834122733557,"[1, 1, 1]",0.0980677194229451,-0.00029746797589447205,0.00029746797589447205,0.00046753048747771864,-0.00046753048747771864,0.0002538049982501178,-0.0002538049982501178,False,1090,36,True,True
1088,DSC08003.JPG,244.0,158.0,4.733755588531494,1.6015178437646467,1.5528112566008105,0.9591876053142889,-0.02513288901242116,0.8785070255473448,0.47706786095255477,1.2055536547404377,1.1562057455198451,1.7623710518163267,1.2055536547404377,1.1562057455198451,1.7623710518163267,False,False,False,False,0.0,-0.0,0.0,-0.0,0.0,-0.0,0.0,0.0001657419026928774,0.09440498251395325,0.09455669156836533,0.0061564780575711206,"[1, 1, 1]",0.09458110509585911,-0.00028748670835998524,0.00028748670835998524,0.00045055165775709227,-0.00045055165775709227,0.00024306274734930966,-0.00024306274734930966,False,1091,41,True,True
1089,DSC08003.JPG,245.0,158.0,4.737523555755615,1.597812949150876,1.5578338082155319,0.9513918950577396,-0.037680650544732984,0.8743188937676776,0.48388701219953206,1.1963393179416624,1.1600042339859729,1.762997829254642,1.1963393179416624,1.1600042339859729,1.762997829254642,False,False,False,False,0.0,-0.0,0.0,-0.0,0.0,-0.0,0.0,0.0001640785728511014,0.09073131481313196,0.09087561169757093,0.005769968116444698,"[1, 1, 1]",0.09089510667150365,-0.0002768279110778593,0.0002768279110778593,0.00043259699276498864,-0.00043259699276498864,0.0002318961564777844,-0.0002318961564777844,False,1092,54,True,True
1090,DSC08003.JPG,246.0,158.0,4.681758403778076,1.545718755129045,1.5335186587023186,0.9653928515895008,-0.10267238778768771,-0.8420080086609211,-0.5296044695212128,1.1771439590407877,1.1053743512425518,1.7508252190766616,1.1771439590407877,1.1053743512425518,1.7508252190766616,False,False,False,False,0.0,-0.0,0.0,-0.0,0.0,-0.0,0.0,0.0001301843698418721,0.058857936154323644,0.059569118816738854,0.010874653366730682,"[1, 1, 1]",0.059711785568596625,-0.0001690781530809815,0.0001690781530809815,0.00031899324217321556,-0.00031899324217321556,0.00023629137138359013,-0.00023629137138359013,False,1093,51,True,True
1091,DSC08003.JPG,247.0,158.0,4.697492599487305,1.5517844891863695,1.5444173909285763,0.9532580051788181,-0.11333211230643399,0.829945414179907,0.5462109865261815,1.1700003024849643,1.120916354709413,1.7540258893897738,1.1700003024849643,1.120916354709413,1.7540258893897738,False,False,False,False,0.0,-0.0,0.0,-0.0,0.0,-0.0,0.0,0.00013473019280359715,0.06129881172243686,0.061917396624131454,0.00989352659370043,"[1, 1, 1]",0.06200479904983118,-0.0001796464321099922,0.0001796464321099922,0.0003256883243267783,-0.0003256883243267783,0.0002281784126760833,-0.0002281784126760833,False,1094,59,True,True
1092,DSC08003.JPG,248.0,158.0,4.731834411621094,1.572873107064832,1.5645334283601686,0.934214059168554,-0.013934154328578701,0.863252515354237,0.5045799580618818,1.1658284432537587,1.154722183981139,1.7612243714117564,1.1658284432537587,1.154722183981139,1.7612243714117564,False,False,False,False,0.0,-0.0,0.0,-0.0,0.0,-0.0,0.0,0.00015058633114876425,0.0710007380267202,0.07127173267328453,0.006733558546905748,"[1, 1, 1]",0.07129553107438523,-0.0002150149603357132,0.0002150149603357132,0.0003518888037354895,-0.0003518888037354895,0.00020758055233782713,-0.00020758055233782713,False,1095,77,True,True
1093,DSC08003.JPG,249.0,158.0,4.734710216522217,1.5684282280710082,1.5691232596270712,0.9267309399026672,-0.014845257749390713,0.8461424767249615,0.5327499670615686,1.1564429649299466,1.15764528586204,1.7616589359098318,1.1564429649299466,1.15764528586204,1.7616589359098318,False,False,False,False,0.0,-0.0,0.0,-0.0,0.0,-0.0,0.0,0.00014918311012972988,0.06657205767873436,0.06684784897185173,0.006488186529616662,"[1, 1, 1]",0.06686766912962801,-0.00020186105943942323,0.00020186105943942323,0.00033125829298596976,-0.00033125829298596976,0.00019643517008205436,-0.00019643517008205436,False,1096,87,True,True
1094,DSC08003.JPG,250.0,158.0,4.7375898361206055,1.5639781987631762,1.573718830377183,0.9192386014378374,-0.010697570121276326,0.844962960451096,0.534717829756237,1.1470461219129926,1.160572254110713,1.7620940970494094,1.1470461219129926,1.160572254110713,1.7620940970494094,False,False,False,False,0.0,-0.0,0.0,-0.0,0.0,-0.0,0.0,0.00014802608479111122,0.06198645083265872,0.06226721332126203,0.006241193391902657,"[1, 1, 1]",0.06228353892771672,-0.00018818522748276223,0.00018818522748276223,0.00030987374275825985,-0.00030987374275825985,0.00018495849612421011,-0.00018495849612421011,False,1097,101,True,True
1095,DSC08003.JPG,251.0,158.0,4.740472316741943,1.5595222346045683,1.5783196750300477,0.9117373840488703,-0.030985036174560873,0.8165518633611296,0.5764399205248785,1.137637740671007,1.163502152889228,1.762529649540216,1.137637740671007,1.163502152889228,1.762529649540216,False,False,False,False,0.0,-0.0,0.0,-0.0,0.0,-0.0,0.0,0.0001471214467716654,0.05724291297776029,0.05752913131590414,0.005992116351338152,"[1, 1, 1]",0.05754240827951143,-0.00017398535088752887,0.00017398535088752887,0.0002877301121715359,-0.0002877301121715359,0.00017314569332116392,-0.00017314569332116392,False,1098,111,True,True
1096,DSC08003.JPG,252.0,158.0,4.743358612060547,1.5550610901161248,1.5829262732068692,0.9042269190036444,-0.04703644715615521,0.8044356500959653,0.5921746849482914,1.1282179510660761,1.1664359184810043,1.7629657978594493,1.1282179510660761,1.1664359184810043,1.7629657978594493,False,False,False,False,0.0,-0.0,0.0,-0.0,0.0,-0.0,0.0,0.00014647540249398258,0.05234116143038005,0.052633718087043965,0.00574027274777211,"[1, 1, 1]",0.052644354850968265,-0.00015926181853043175,0.00015926181853043175,0.0002648241801999074,-0.0002648241801999074,0.00016099040594896863,-0.00016099040594896863,False,1099,134,True,True
1097,DSC08003.JPG,253.0,158.0,4.767681121826172,1.5677967700557351,1.5982026561515779,0.8886530478209215,-0.15719108622718284,0.795141199322405,0.5856973924740023,1.1220620624334303,1.1904114759075284,1.7680045044636807,1.1220620624334303,1.1904114759075284,1.7680045044636807,False,False,False,False,0.0,-0.0,0.0,-0.0,0.0,-0.0,0.0,0.00015924372887128643,0.0540041196638546,0.054055623542563075,0.0024177867242656964,"[1, 1, 1]",0.054056919410056435,-0.00016674431906560372,0.00016674431906560372,0.0002530394199178332,-0.0002530394199178332,0.00012669919287500164,-0.00012669919287500164,False,1100,228,True,True
1098,DSC08003.JPG,254.0,158.0,4.7779669761657715,1.5692168715960235,1.6065180435742321,0.8783071106413776,-0.12333608914948649,0.7797035188748107,0.6138816105468121,1.1136890356323128,1.2006094650298655,1.7700279205220086,1.1136890356323128,1.2006094650298655,1.7700279205220086,False,False,False,False,0.0,-0.0,0.0,-0.0,0.0,-0.0,0.0,0.00016379537559240023,0.05044126136405272,0.05044852389179439,0.0008716493735454813,"[1, 1, 1]",0.050448657978117574,-0.00015646918998268866,0.00015646918998268866,0.00022834716378472564,-0.00022834716378472564,0.0001031744073447527,-0.0001031744073447527,False,1101,316,True,True
1099,DSC08003.JPG,255.0,158.0,4.759373664855957,1.5475112469965033,1.6004392673536172,0.8788641959371756,-0.1272977118011121,0.8093410899326087,0.5733779667173288,1.1009800499149973,1.1824590356586464,1.765851845893859,1.1009800499149973,1.1824590356586464,1.765851845893859,False,False,False,False,0.0,-0.0,0.0,-0.0,0.0,-0.0,0.0,0.00015066798043693362,0.03855663809424382,0.038751829792059427,0.003940664475826234,"[1, 1, 1]",0.03875466094283661,-0.000118221719143774,0.000118221719143774,0.00019382095362541207,-0.00019382095362541207,0.00011474338093320213,-0.00011474338093320213,False,1102,263,True,True
1100,DSC08003.JPG,256.0,158.0,4.683176040649414,1.4798718191650422,1.5655580345458078,0.9013534036642978,-0.04489092551913068,0.7360733625967413,0.6754115853918721,1.0799049782118813,1.1077600731293833,1.7493151166672571,1.0799049782118813,1.1077600731293833,1.7493151166672571,False,False,False,False,0.0,-0.0,0.0,-0.0,0.0,-0.0,0.0,0.00010260720525587637,0.01692591365577781,0.020131927194052407,0.011043545564111901,"[1, 1, 1]",0.020171030557307963,-4.8191911506734186e-05,4.8191911506734186e-05,0.00013947646326850638,-0.00013947646326850638,0.0001512464106396827,-0.0001512464106396827,False,1103,158,True,True
1101,DSC08003.JPG,257.0,158.0,4.73006534576416,1.5105377800216013,1.5921481186239375,0.8771263273827287,-0.13127210590371666,0.8427858570829987,0.5219958173323602,1.0769326634840477,1.153889776337234,1.7591944273114921,1.0769326634840477,1.153889776337234,1.7591944273114921,False,False,False,False,0.0,-0.0,0.0,-0.0,0.0,-0.0,0.0,0.00013001209687685548,0.020158287523545027,0.021595172277982994,0.007797217624892893,"[1, 1, 1]",0.02160445122586866,-6.040319358402435e-05,6.040319358402435e-05,0.00013511971264712486,-0.00013511971264712486,0.00012098337946531146,-0.00012098337946531146,False,1104,242,True,True
1102,DSC08003.JPG,258.0,158.0,4.754837989807129,1.5234765608841139,1.60772246825979,0.8612333276010337,0.15448272589887685,-0.8455784816624525,-0.5110108792856313,1.0706154232334284,1.1783095308288298,1.764325501763787,1.0706154232334284,1.1783095308288298,1.764325501763787,False,False,False,False,0.0,-0.0,0.0,-0.0,0.0,-0.0,0.0,0.0001444969386628229,0.018548506576637452,0.019197567162357276,0.004967383990953739,"[1, 1, 1]",0.01919985137079665,-5.6538715310416876e-05,5.6538715310416876e-05,0.00011146081977231326,-0.00011146081977231326,8.73042878621888e-05,-8.73042878621888e-05,False,1105,393,True,True
1103,DSC08003.JPG,259.0,158.0,4.719509601593018,1.4886222090868202,1.593184447733715,0.8683477739416298,-0.047877631120550546,0.8507290928941917,0.5234192802540905,1.0557608948992256,1.1437278404237912,1.7565637427197482,1.0557608948992256,1.1437278404237912,1.7565637427197482,False,False,False,False,0.0,-0.0,0.0,-0.0,0.0,-0.0,0.0,0.00012211907307822307,0.007723427388129701,0.011863248676694148,0.009015518870359337,"[1, 1, 1]",0.011867341300284918,-2.2881665583174282e-05,2.2881665583174282e-05,8.730934999578999e-05,-8.730934999578999e-05,0.00010824303866874274,-0.00010824303866874274,False,1106,294,True,True
1104,DSC08003.JPG,260.0,158.0,4.841243743896484,1.578357202141764,1.65748380879744,0.8150438564835812,-0.35958436177045705,0.6378425811997934,0.6810696942152968,1.0627675913278287,1.2633397035700187,1.7824865671799432,1.0627675913278287,1.2633397035700187,1.7824865671799432,False,False,False,True,0.0,-0.0,-0.029082681550244738,0.029082681550244738,-0.050246380672920754,0.050246380672920754,-0.015621122758874003,0.00019749331166747777,0.018591576495768453,0.02184679468262053,0.011484782889358038,"[1, 1, 1]",0.021849821458788124,-5.884306661818606e-05,5.884306661818606e-05,-0.029089205509887917,0.029089205509887917,-0.05036549176310645,0.05036549176310645,True,3,3,True,True
1105,DSC08003.JPG,261.0,158.0,4.766524791717529,1.5123155864742543,1.6231460535372588,0.8373670532485267,-0.23786819174900808,0.7357199338564676,0.6341410744308337,1.0425164592649745,1.190086097248166,1.7662784716377307,1.0425164592649745,1.190086097248166,1.7662784716377307,False,False,False,False,0.0,-0.0,0.0,-0.0,0.0,-0.0,0.0,0.00015071963320046258,0.0007077479705237268,0.0037804527297716456,0.0037136283061629635,"[1, 1, 1]",0.0037804607316015556,-2.1662033846681084e-06,2.1662033846681084e-06,2.5016754394036056e-05,-2.5016754394036056e-05,3.9188654780364374e-05,-3.9188654780364374e-05,False,1107,813,True,True
1106,DSC08003.JPG,262.0,158.0,4.7173991203308105,1.4666998479266566,1.6015967737003303,0.8499627468729559,-0.0714013383763513,0.8927080668091915,0.4449428686155809,1.0260081429957753,1.1419564312694976,1.7555626277908176,1.0260081429957753,1.1419564312694976,1.7555626277908176,False,False,False,False,0.0,-0.0,0.0,-0.0,0.0,-0.0,0.0,0.00012111338731699748,0.008267802979031557,0.012620169764901804,0.009548354686757963,"[1, 1, 1]",0.01262529859576575,2.4369630321263713e-05,-2.4369630321263713e-05,1.949037976478607e-05,-1.949037976478607e-05,7.90444064202589e-05,-7.90444064202589e-05,False,1108,445,True,True
1107,DSC08003.JPG,263.0,158.0,4.762841701507568,1.495773891715395,1.6276685137166682,0.8258709540093074,-0.2784553272041618,0.7288434768134858,0.6254996539232082,1.022188041217026,1.1866724314195367,1.7651196297305276,1.022188041217026,1.1866724314195367,1.7651196297305276,False,False,False,False,0.0,-0.0,0.0,-0.0,0.0,-0.0,0.0,0.0001490782353438206,0.012707365434425142,0.013492787150804304,0.004542893631144426,"[1, 1, 1]",0.013493893509547515,3.87302864759409e-05,-3.87302864759409e-05,-2.972768778009005e-05,2.972768778009005e-05,2.074433588195035e-05,-2.074433588195035e-05,False,1109,1063,True,True
1108,DSC08003.JPG,264.0,158.0,4.762772083282471,1.488905243036116,1.6308207402350703,0.8194380833887642,-0.2981456091010159,0.7450434336899577,0.5966736777244844,1.0122655506612581,1.1867052086621541,1.7649201355040753,1.0122655506612581,1.1867052086621541,1.7649201355040753,False,False,False,False,0.0,-0.0,0.0,-0.0,0.0,-0.0,0.0,0.000149742592610421,0.0192537490360228,0.019815296681087512,0.004699518611657014,"[1, 1, 1]",0.019817142967990732,5.862055654115572e-05,-5.862055654115572e-05,-5.7956434326378314e-05,5.7956434326378314e-05,9.001841365208207e-06,-9.001841365208207e-06,False,1110,1311,True,True
1109,DSC08003.JPG,265.0,158.0,4.713253021240234,1.443196726605034,1.6089714248885933,0.8323929978255062,0.010430406816834048,0.9411202238399127,0.3379111286908853,0.996021505035472,1.1381860833940716,1.754125862558154,0.996021505035472,1.1381860833940716,1.754125862558154,False,False,False,False,0.0,-0.0,0.0,-0.0,0.0,-0.0,0.0,0.00012184842361785198,0.023842890318778384,0.025914190679459784,0.010282752408843318,"[1, 1, 1]",0.025939966243982142,6.97718871183195e-05,-6.97718871183195e-05,-4.574085814024187e-05,4.574085814024187e-05,5.0868025559314134e-05,-5.0868025559314134e-05,False,1111,696,True,True
1110,DSC08003.JPG,266.0,158.0,4.714896202087402,1.4377420879023788,1.6129575034597539,0.8253537169228532,0.03466472293540902,0.9223466487276424,0.38480516701923134,0.9864179259472369,1.1398995516145827,1.7542952046135816,0.9864179259472369,1.1398995516145827,1.7542952046135816,False,False,False,False,0.0,-0.0,0.0,-0.0,0.0,-0.0,0.0,0.00012443887404512395,0.029146252673098484,0.03085137275160139,0.010302817650079425,"[1, 1, 1]",0.03088251367401145,8.534292954265332e-05,-8.534292954265332e-05,-6.939653262616474e-05,6.939653262616474e-05,3.898464146878666e-05,-3.898464146878666e-05,False,1112,816,True,True
1111,DSC08003.JPG,267.0,158.0,4.7239603996276855,1.4380903519185453,1.6207077513862225,0.8153802966793252,0.018330747346231288,0.8600167826333762,0.5099363855332003,0.9777253511517296,1.1488997244677308,1.7560538330958582,0.9777253511517296,1.1488997244677308,1.7560538330958582,False,False,False,False,0.0,-0.0,0.0,-0.0,0.0,-0.0,0.0,0.00013136843121916363,0.03534450326237457,0.03659137145314828,0.00968647125902345,"[1, 1, 1]",0.0366195993089001,0.0001042736051397597,-0.0001042736051397597,-0.00010075612925697364,0.00010075612925697364,2.0044086229908942e-05,-2.0044086229908942e-05,False,1113,1082,True,True
1112,DSC08003.JPG,268.0,158.0,4.761944770812988,1.4610039097845506,1.6431501214577047,0.7939259056957036,-0.2673738130624362,0.667993134000615,0.6944756417733381,0.9725117474313262,1.1862973753855808,1.7640046848147282,0.9725117474313262,1.1862973753855808,1.7640046848147282,False,False,False,False,0.0,-0.0,0.0,-0.0,0.0,-0.0,0.0,0.0001546100694218475,0.04540456075585692,0.045716056235695544,0.005427691020627179,"[1, 1, 1]",0.045721940947844625,0.0001376076981021157,-0.0001376076981021157,-0.0001704961511730385,0.0001704961511730385,-3.8399393154087136e-05,3.8399393154087136e-05,False,1114,827,True,True
1113,DSC08003.JPG,269.0,158.0,4.726590156555176,1.426624360399992,1.6283671030491464,0.8015203133999914,0.11533379726261273,0.812428602816526,0.5715399203332817,0.9583746224481684,1.1516825822842687,1.7562507262582263,0.9583746224481684,1.1516825822842687,1.7562507262582263,False,False,False,False,0.0,-0.0,0.0,-0.0,0.0,-0.0,0.0,0.0001372121354263209,0.04672649773977349,0.04766430077363987,0.00976537146414711,"[1, 1, 1]",0.04770017635679721,0.00013788740654985254,-0.00013788740654985254,-0.0001514713006758317,0.0001514713006758317,-5.00668353398126e-06,5.00668353398126e-06,False,1115,1406,True,True
1114,DSC08003.JPG,270.0,158.0,4.727906227111816,1.4208866491264904,1.6322000254074187,0.7945844959943756,0.07767850177023986,0.7998872942951095,0.595101980158006,0.9486911876735675,1.1530752655318472,1.7563492751527807,0.9486911876735675,1.1530752655318472,1.7563492751527807,False,False,False,False,0.0,-0.0,0.0,-0.0,0.0,-0.0,0.0,0.00014045223836178252,0.05253681975450357,0.05336587003294057,0.009809028767787964,"[1, 1, 1]",0.05340529268311891,0.00015504917812725338,-0.00015504917812725338,-0.0001773978842101176,0.0001773978842101176,-1.785587788871723e-05,1.785587788871723e-05,False,1116,1128,True,True
1115,DSC08003.JPG,271.0,158.0,4.7491888999938965,1.430656551550498,1.6462099186544197,0.7796543318070398,-0.29894095903326157,0.7305034722881496,0.6140024266949036,0.94130554422656,1.1740747420082187,1.7607210211906688,0.94130554422656,1.1740747420082187,1.7607210211906688,False,False,False,False,0.0,-0.0,0.0,-0.0,0.0,-0.0,0.0,0.00015427224991734144,0.06256993936241736,0.06299334012108337,0.00761726943448632,"[1, 1, 1]",0.06301262181447531,0.00018750472817519181,-0.00018750472817519181,-0.00023494313733740668,0.00023494313733740668,-5.6869580666418784e-05,5.6869580666418784e-05,False,1117,632,True,True
1116,DSC08003.JPG,272.0,158.0,4.756401538848877,1.4294551532442548,1.653068630853912,0.7703164460434734,-0.43415528287881994,0.7684663212803297,0.4700730830480396,0.9322375256145402,1.181258378597928,1.7620803611989737,0.9322375256145402,1.181258378597928,1.7620803611989737,False,False,False,False,0.0,-0.0,0.0,-0.0,0.0,-0.0,0.0,0.00016074843095251152,0.07042394971196568,0.07072560426448112,0.006851537238873734,"[1, 1, 1]",0.07074103253212675,0.00021183000234481497,-0.00021183000234481497,-0.00027463960234697105,0.00027463960234697105,-8.017993677711388e-05,8.017993677711388e-05,False,1118,436,True,True
1117,DSC08003.JPG,273.0,158.0,4.779822826385498,1.4407786925066264,1.6682188041006938,0.7544282086151507,-0.570465435446658,0.7341582263620254,0.3682130981179515,0.9249417751387048,1.204359524400973,1.7669068989843362,0.9249417751387048,1.204359524400973,1.7669068989843362,False,False,False,False,0.0,-0.0,0.0,-0.0,0.0,-0.0,0.0,0.00017582036346775528,0.0826203664117334,0.08268811727132876,0.0035034544102807946,"[1, 1, 1]",0.08269136557607956,0.0002515982735797895,-0.0002515982735797895,-0.00034860592585483907,0.00034860592585483907,-0.00013396295289469506,0.00013396295289469506,False,1119,198,True,True
1118,DSC08003.JPG,274.0,158.0,4.787296772003174,1.4397147100231453,1.6752413602583747,0.7449235667859561,-0.524661326451585,0.6130135841889951,0.5907155306285972,0.9158084813423243,1.2118007315273316,1.7683203879110143,0.9158084813423243,1.2118007315273316,1.7683203879110143,False,False,False,False,0.0,-0.0,0.0,-0.0,0.0,-0.0,0.0,0.00018251236182928644,0.09170663952015642,0.09173496876651702,0.002397117720420456,"[1, 1, 1]",0.09173646603857379,0.0002800099504547404,-0.0002800099504547404,-0.0003958114000230939,0.0003958114000230939,-0.00016264780753827424,0.00016264780753827424,False,1120,132,True,True
1119,DSC08003.JPG,275.0,158.0,4.773307800292969,1.4220783487271274,1.6712787176530985,0.74410470778223,-0.1230286105785144,0.7739501123592373,0.6211804766396349,0.9043468886558046,1.1981643494004446,1.765143080587722,0.9043468886558046,1.1981643494004446,1.765143080587722,False,False,False,False,0.0,-0.0,0.0,-0.0,0.0,-0.0,0.0,0.00017823034896074442,0.09488690585597884,0.09499768711935269,0.004902876620446247,"[1, 1, 1]",0.09500558843992586,0.0002873683862882892,-0.0002873683862882892,-0.0003958861384087964,0.0003958861384087964,-0.00014908027326088202,0.00014908027326088202,False,1121,162,True,True
1120,DSC08003.JPG,276.0,158.0,4.735816955566406,1.386392314261298,1.655241888465285,0.7528887974459685,-0.11230935700305787,0.9216571964496296,0.37139550422988243,0.8904770302523365,1.161446587489058,1.7569414852793364,0.8904770302523365,1.161446587489058,1.7569414852793364,False,False,False,False,0.0,-0.0,0.0,-0.0,0.0,-0.0,0.0,0.00016352742462647394,0.08908821519576043,0.08954613984853493,0.010117390671953493,"[1, 1, 1]",0.08960352360403559,0.0002629984131490293,-0.0002629984131490293,-0.0003410566698727191,0.0003410566698727191,-9.969778099172544e-05,9.969778099172544e-05,False,1122,332,True,True
1121,DSC08003.JPG,277.0,158.0,4.726000785827637,1.3720755182302211,1.6533693341062554,0.7504737670767148,-0.025474401876076323,0.9201056751264668,0.39084089019590174,0.8796100683601715,1.1519066439483698,1.754659359826581,0.8796100683601715,1.1519066439483698,1.754659359826581,False,False,False,False,0.0,-0.0,0.0,-0.0,0.0,-0.0,0.0,0.0001629785303082514,0.09122677036208694,0.0917578911980508,0.011359900468348514,"[1, 1, 1]",0.09184465586440592,0.0002668334558935115,-0.0002668334558935115,-0.00034440478647135286,0.00034440478647135286,-9.834464543656551e-05,9.834464543656551e-05,False,1123,337,True,True
1122,DSC08003.JPG,278.0,158.0,4.724125862121582,1.363876567859295,1.6555677924051129,0.7448318240245869,0.31429479871209914,0.6981962092375384,0.6432268906916538,0.869584337731654,1.1501655820832177,1.7540754450842637,0.869584337731654,1.1501655820832177,1.7540754450842637,False,False,False,False,0.0,-0.0,0.0,-0.0,0.0,-0.0,0.0,0.00016620670737870738,0.09606451385745579,0.09658334551457724,0.011767978504983453,"[1, 1, 1]",0.09668303583278419,0.0002802193855471202,-0.0002802193855471202,-0.0003644155597000154,0.0003644155597000154,-0.00010800633265617421,0.00010800633265617421,False,1124,296,True,True
1123,DSC08003.JPG,279.0,158.0,4.773411273956299,1.3948421873961205,1.6841095339318854,0.71816510604026,-0.1674797891128894,0.6838615166559845,0.7101295278156505,0.864616183520712,1.198671386081066,1.7644252698651368,0.864616183520712,1.198671386081066,1.7644252698651368,False,False,False,False,0.0,-0.0,0.0,-0.0,0.0,-0.0,0.0,0.00019192342426445314,0.1227090953924312,0.12281214113778786,0.005619122913922806,"[1, 1, 1]",0.12282491332614243,0.00037010685793470444,-0.00037010685793470444,-0.0005176702562728064,0.0005176702562728064,-0.0002055268447973546,0.0002055268447973546,False,1125,78,True,True
1124,DSC08003.JPG,241.0,159.0,4.629032135009766,1.5333367657758084,1.4989139839323822,1.0222821313591184,-0.05373140793113396,0.8836230809247672,0.4651055650696522,1.2162919771350416,1.0501212535171098,1.7495155626265777,1.2162919771350416,1.0501212535171098,1.7495155626265777,False,False,False,False,0.0,-0.0,0.0,-0.0,0.0,-0.0,0.0,0.00012745256620273215,0.04892301688827997,0.04907761309275022,0.00890097362156715,"[1, 1, 1]",0.049402940351650666,-0.00013237928355769313,0.00013237928355769313,0.00025557929124686574,-0.00025557929124686574,0.00019507493690307243,-0.00019507493690307243,False,1126,88,True,True
1125,DSC08003.JPG,242.0,159.0,4.686862468719482,1.5740069757908917,1.53044633897764,0.9952113860785501,-0.07591955023342699,0.9034352929309146,0.4219489227136227,1.2168163177626388,1.10693432075596,1.7618921980836268,1.2168163177626388,1.10693432075596,1.7618921980836268,False,False,False,False,0.0,-0.0,0.0,-0.0,0.0,-0.0,0.0,0.00014806203590986454,0.07673178125439797,0.07683249010116973,0.005215443741994608,"[1, 1, 1]",0.07687066622312491,-0.00023101540569858692,0.00023101540569858692,0.00036609671572462865,-0.00036609671572462865,0.00020232987570523164,-0.00020232987570523164,False,1127,81,True,True
1126,DSC08003.JPG,243.0,159.0,4.690556049346924,1.5703170686886132,1.5354014347855738,0.9875213789638484,-0.0702754712863198,0.8972610370502618,0.43587152869506707,1.2077021940347032,1.11065624718168,1.7625123679529546,1.2077021940347032,1.11065624718168,1.7625123679529546,False,False,False,False,0.0,-0.0,0.0,-0.0,0.0,-0.0,0.0,0.00014541491505177897,0.07446081292886557,0.07456057040745062,0.0049029914696339305,"[1, 1, 1]",0.07459132206593062,-0.00022484427668056917,0.00022484427668056917,0.00035491505910134613,-0.00035491505910134613,0.00019450513348484577,-0.00019450513348484577,False,1128,89,True,True
1127,DSC08003.JPG,244.0,159.0,4.694255828857422,1.5666216448894181,1.5403645304314382,0.9798191067411138,-0.055655446411488195,0.8650367518592439,0.4986119625696388,1.1985737577422908,1.1143844100294023,1.763133596956621,1.1985737577422908,1.1143844100294023,1.763133596956621,False,False,False,False,0.0,-0.0,0.0,-0.0,0.0,-0.0,0.0,0.00014298638519826,0.07199806419194583,0.07209526684345621,0.004588736862388526,"[1, 1, 1]",0.07211971041061155,-0.0002180164126230899,0.0002180164126230899,0.00034279232348666255,-0.00034279232348666255,0.00018627745332233658,-0.00018627745332233658,False,1129,99,True,True
1128,DSC08003.JPG,245.0,159.0,4.69796085357666,1.5629199019830977,1.545335167534868,0.9721048909489179,0.09111250086781815,-0.8259673751169271,-0.5563060375621187,1.1894308085974852,1.118117874355447,1.7637556774246466,1.1894308085974852,1.118117874355447,1.7637556774246466,False,False,False,False,0.0,-0.0,0.0,-0.0,0.0,-0.0,0.0,0.00014078854899618974,0.06934207709008604,0.0694352653198622,0.004271648921133289,"[1, 1, 1]",0.0694543976825639,-0.00021052797123255473,0.00021052797123255473,0.0003297218725946127,-0.0003297218725946127,0.00017764248255947024,-0.00017764248255947024,False,1130,106,True,True
1129,DSC08003.JPG,246.0,159.0,4.701672554016113,1.5592129791191567,1.5503140638221102,0.9643781881608495,-0.1134186193292244,0.8225639549957503,0.5572474824808111,1.180273553241333,1.1218580435321261,1.7643789191157366,1.180273553241333,1.1218580435321261,1.7643789191157366,False,False,False,False,0.0,-0.0,0.0,-0.0,0.0,-0.0,0.0,0.00013883444199156648,0.0664925834746969,0.06658042632424177,0.00395047266019354,"[1, 1, 1]",0.0665951314451707,-0.0002023792587262374,0.0002023792587262374,0.000315700928831264,-0.000315700928831264,0.00016859480549769046,-0.00016859480549769046,False,1131,119,True,True
1130,DSC08003.JPG,247.0,159.0,4.705389499664307,1.555499688031283,1.5553005245426885,0.9566394952368028,0.13867601298757143,-0.8323913527921205,-0.5365571723672832,1.171101713573109,1.1256035149161112,1.7650030109406984,1.171101713573109,1.1256035149161112,1.7650030109406984,False,False,False,False,0.0,-0.0,0.0,-0.0,0.0,-0.0,0.0,0.00013713504012831726,0.06344792726672906,0.06352923512303728,0.0036242727491820528,"[1, 1, 1]",0.06354029644516278,-0.00019356582051854865,0.00019356582051854865,0.00030072204849207473,-0.00030072204849207473,0.00015912980670096388,-0.00015912980670096388,False,1132,138,True,True
1131,DSC08003.JPG,248.0,159.0,4.709112644195557,1.5517807779198136,1.5602950329673875,0.9488884401911456,-0.10535123962903785,0.8311777065413125,0.5459347364450708,1.1619154124660787,1.1293552242408167,1.765628159128152,1.1619154124660787,1.1293552242408167,1.765628159128152,False,False,False,False,0.0,-0.0,0.0,-0.0,0.0,-0.0,0.0,0.00013570179847152307,0.0602075706330231,0.0602812861549929,0.0032918882403848463,"[1, 1, 1]",0.06028939190662398,-0.00018408710376260906,0.00018408710376260906,0.0002847812604309663,-0.0002847812604309663,0.0001492416001438457,-0.0001492416001438457,False,1133,161,True,True
1132,DSC08003.JPG,249.0,159.0,4.712841510772705,1.548055837005885,1.5652973648521966,0.9411251737684286,-0.09325935277985284,0.8317740818925455,0.547224423624253,1.1527145343926024,1.1331127041913343,1.766254259556683,1.1527145343926024,1.1331127041913343,1.766254259556683,False,False,False,False,0.0,-0.0,0.0,-0.0,0.0,-0.0,0.0,0.00013454432792562137,0.05677032563537216,0.05683553926888907,0.0029523432200548694,"[1, 1, 1]",0.05684129102204078,-0.0001739403578249199,0.0001739403578249199,0.00026787245218140576,-0.00026787245218140576,0.00013892468890208676,-0.00013892468890208676,False,1134,186,True,True
1133,DSC08003.JPG,250.0,159.0,4.71657657623291,1.5443252252228437,1.57030776869333,0.9333494960705558,-0.08376532376611488,0.8628047161868523,0.49854928769388795,1.14349911945066,1.136876422852056,1.7668814149433039,1.14349911945066,1.136876422852056,1.7668814149433039,False,False,False,False,0.0,-0.0,0.0,-0.0,0.0,-0.0,0.0,0.00013367145939356917,0.053135392409294976,0.0531913531170073,0.002604584245528695,"[1, 1, 1]",0.05319527155107675,-0.00016312421404318656,0.00016312421404318656,0.00024999051507035297,-0.00024999051507035297,0.00012817273261500617,-0.00012817273261500617,False,1135,221,True,True
1134,DSC08003.JPG,251.0,159.0,4.683762073516846,1.511164922961412,1.5571320237939006,0.9391507874577145,0.04841739570392399,0.5810595140448814,0.8124195941329677,1.128532028607833,1.1047887939121446,1.759585447413209,1.128532028607833,1.1047887939121446,1.759585447413209,False,False,False,False,0.0,-0.0,0.0,-0.0,0.0,-0.0,0.0,0.00011160182661815948,0.037545921821102946,0.03794498965807981,0.005885997874865983,"[1, 1, 1]",0.037974751196180115,-0.00011156623226726836,0.00011156623226726836,0.00019970663577506542,-0.00019970663577506542,0.00013730363087516295,-0.00013730363087516295,False,1136,192,True,True
1135,DSC08003.JPG,252.0,159.0,4.684045314788818,1.5046917669289692,1.5604076429781222,0.9326922980561273,0.16615628183785627,0.9838513946192429,-0.06654715104037043,1.1188270433542726,1.1051660828128806,1.7594653236255478,1.1188270433542726,1.1051660828128806,1.7594653236255478,False,False,False,False,0.0,-0.0,0.0,-0.0,0.0,-0.0,0.0,0.00010893572475881846,0.03344076113121497,0.0339070359785878,0.005919870441780366,"[1, 1, 1]",0.03393388029229083,-9.929516706996822e-05,9.929516706996822e-05,0.00018200358663844618,-0.00018200358663844618,0.00012956784006812327,-0.00012956784006812327,False,1137,215,True,True
1136,DSC08003.JPG,253.0,159.0,4.684328556060791,1.498217800469221,1.5636836412625676,0.9262330403070118,0.19302447334938208,0.948454223698206,0.25134863882111497,1.1091208790160216,1.1055433837418525,1.7593451778848594,1.1091208790160216,1.1055433837418525,1.7593451778848594,False,False,False,False,0.0,-0.0,0.0,-0.0,0.0,-0.0,0.0,0.00010655544218188666,0.029315381975196356,0.02986714838580118,0.005958043228403197,"[1, 1, 1]",0.029890938863253492,-8.698197094902937e-05,8.698197094902937e-05,0.00016420412559692288,-0.00016420412559692288,0.00012174349588134348,-0.00012174349588134348,False,1138,240,True,True
1137,DSC08003.JPG,254.0,159.0,4.7784295082092285,1.5668549008387336,1.6138425449221991,0.884515047158651,-0.061042915150337496,0.8248580172724939,0.5620347087602677,1.1135515647983856,1.1979525547527279,1.7795509258882898,1.1135515647983856,1.1979525547527279,1.7795509258882898,False,False,False,False,0.0,-0.0,0.0,-0.0,0.0,-0.0,0.0,0.00016224778421541065,0.04982009612989621,0.050263181254070186,0.006783280517780221,"[1, 1, 1]",0.05027147435948472,-0.00015789894078621636,0.00015789894078621636,0.00018086642557801902,-0.00018086642557801902,1.8486884544977045e-05,-1.8486884544977045e-05,False,1139,1112,True,True
1138,DSC08003.JPG,255.0,159.0,4.721800804138184,1.514761951414731,1.5887039985982199,0.8993924759109843,0.09591694881923565,-0.8317289660815392,-0.5468334901138938,1.095189777830855,1.142502056736528,1.7670991458400498,1.095189777830855,1.142502056736528,1.7670991458400498,False,False,False,False,0.0,-0.0,0.0,-0.0,0.0,-0.0,0.0,0.00012536289420600344,0.028813431169360356,0.028916903540801318,0.002486232689822483,"[1, 1, 1]",0.028918700531367386,-8.836475631568419e-05,8.836475631568419e-05,0.0001422224237812575,-0.0001422224237812575,8.119284419594308e-05,-8.119284419594308e-05,False,1140,427,True,True
1139,DSC08003.JPG,256.0,159.0,4.721787929534912,1.5079965275725593,1.5918574610128247,0.8929929436848534,0.030811937114749558,0.8596024577563596,0.5100335666899415,1.0853598690253223,1.1425896855963495,1.7669133724951556,1.0853598690253223,1.1425896855963495,1.7669133724951556,False,False,False,False,0.0,-0.0,0.0,-0.0,0.0,-0.0,0.0,0.00012388617991112717,0.023551929532793326,0.02369129942019165,0.00259542217450354,"[1, 1, 1]",0.02369290259974128,-7.215581815089855e-05,7.215581815089855e-05,0.0001196183307830001,-0.0001196183307830001,7.232055788231051e-05,-7.232055788231051e-05,False,1141,494,True,True
1140,DSC08003.JPG,257.0,159.0,4.731290817260742,1.508808763082165,1.5997852211940267,0.8829785738954318,-0.05551277146444267,0.912152358886533,0.4060743852818966,1.0769045900645213,1.1520125465365079,1.7687881150616094,1.0769045900645213,1.1520125465365079,1.7687881150616094,False,False,False,False,0.0,-0.0,0.0,-0.0,0.0,-0.0,0.0,0.00012863358948664256,0.01994712463795992,0.020002779711879345,0.0015012135360204862,"[1, 1, 1]",0.020003157514607472,-6.146088991809684e-05,6.146088991809684e-05,9.727288689487246e-05,-9.727288689487246e-05,5.362813023879198e-05,-5.362813023879198e-05,False,1142,666,True,True
1141,DSC08003.JPG,258.0,159.0,4.625000953674316,1.4175510082421474,1.5495518586997312,0.9170831318031369,-0.1340742044192542,0.8522941868237773,0.5055875065858927,1.0519242052547915,1.04783738049157,1.7455931899642632,1.0519242052547915,1.04783738049157,1.7455931899642632,False,False,False,False,0.0,-0.0,0.0,-0.0,0.0,-0.0,0.0,6.337485761082388e-05,0.002865619989267322,0.008413686274278824,0.007930855335991025,"[1, 1, 1]",0.008423193033536768,-7.4653172414951285e-06,7.4653172414951285e-06,5.9243859981128466e-05,-5.9243859981128466e-05,8.845706546889431e-05,-8.845706546889431e-05,False,1143,385,True,True
1142,DSC08003.JPG,259.0,159.0,4.668015480041504,1.4450647304115727,1.5742861138030737,0.8943528652484323,0.47033005701058933,0.5716377886761337,-0.6723242343020783,1.0483321600517999,1.0901358806052353,1.7547248601387377,1.0483321600517999,1.0901358806052353,1.7547248601387377,False,False,False,False,0.0,-0.0,0.0,-0.0,0.0,-0.0,0.0,8.834095420222406e-05,0.002683815831024271,0.00779131966296994,0.0073183823125009834,"[1, 1, 1]",0.007793146048124926,-7.737925484585517e-06,7.737925484585517e-06,5.4980254750702784e-05,-5.4980254750702784e-05,8.058328819871008e-05,-8.058328819871008e-05,False,1144,434,True,True
1143,DSC08003.JPG,260.0,159.0,4.724672317504883,1.4832605145754463,1.6059500460975584,0.8662679256391677,0.002774541640127486,0.8912147708285866,0.4535730747913031,1.0464465336762658,1.1458205703603888,1.7668056758869881,1.0464465336762658,1.1458205703603888,1.7668056758869881,False,False,False,False,0.0,-0.0,0.0,-0.0,0.0,-0.0,0.0,0.0001228298966861982,0.0027207740765326947,0.0038271825280867438,0.0026919839143929817,"[1, 1, 1]",0.003827317276951237,-8.319768241005221e-06,8.319768241005221e-06,2.7934696489984034e-05,-2.7934696489984034e-05,3.2773406842601105e-05,-3.2773406842601105e-05,False,1145,899,True,True
1144,DSC08003.JPG,261.0,159.0,4.638999938964844,1.4087686110702342,1.5658984006848837,0.8928698770316329,0.017476181147399468,0.8659985553221127,0.4997410182009449,1.0249502187853965,1.0618665816213109,1.7480846175063605,1.0249502187853965,1.0618665816213109,1.7480846175063605,False,False,False,False,0.0,-0.0,0.0,-0.0,0.0,-0.0,0.0,7.2043514906185e-05,0.005156741654968758,0.009658633464315492,0.00820644413761583,"[1, 1, 1]",0.009675404614561373,1.3979818033638125e-05,-1.3979818033638125e-05,2.5446509520632432e-05,-2.5446509520632432e-05,6.999146958586167e-05,-6.999146958586167e-05,False,1146,506,True,True
1145,DSC08003.JPG,262.0,159.0,4.659106731414795,1.4179995942201429,1.5791583022176199,0.87880319868198,0.1123706803215799,-0.19248270031926457,-0.9748452391440754,1.0179897643179256,1.0816925505318347,1.7522548103951305,1.0179897643179256,1.0816925505318347,1.7522548103951305,False,False,False,False,0.0,-0.0,0.0,-0.0,0.0,-0.0,0.0,8.446288920957513e-05,0.008615759835127844,0.011675403205598775,0.007934894236699536,"[1, 1, 1]",0.011694205938491974,2.438777476987397e-05,-2.438777476987397e-05,8.401703870841715e-06,-8.401703870841715e-06,5.99199231308134e-05,-5.99199231308134e-05,False,1147,595,True,True
1146,DSC08003.JPG,263.0,159.0,4.797749042510986,1.5205481493725823,1.652393543464402,0.8186877437136646,-0.14838334438349818,0.7217078820311393,0.6761065863631972,1.0265880391966449,1.2178211790381641,1.7820632122387476,1.0265880391966449,1.2178211790381641,1.7820632122387476,False,False,False,False,0.0,-0.0,0.0,-0.0,0.0,-0.0,0.0,0.00016858927036846042,0.011096355027383317,0.014557516149713151,0.009429293002250374,"[1, 1, 1]",0.014559566218866686,3.5122803273557324e-05,-3.5122803273557324e-05,-0.00010485333983401013,0.00010485333983401013,-0.000115769628068918,0.000115769628068918,False,1148,259,True,True
1147,DSC08003.JPG,264.0,159.0,4.803215980529785,1.5179830439260718,1.6583728031984124,0.8100516257632656,-0.1218975104679801,0.7223857362320989,0.6806613291719437,1.017311997707794,1.2232870843536892,1.7830595954735113,1.017311997707794,1.2232870843536892,1.7830595954735113,False,False,False,False,0.0,-0.0,0.0,-0.0,0.0,-0.0,0.0,0.000172474268154947,0.018385951443443193,0.021166375459214706,0.010504611857216588,"[1, 1, 1]",0.02117079986035728,5.825100443646036e-05,-5.825100443646036e-05,-0.00014357978737766786,0.00014357978737766786,-0.00013962328922012546,0.00013962328922012546,False,1149,184,True,True
1148,DSC08003.JPG,265.0,159.0,4.8086957931518555,1.5154124011362287,1.6643659085408697,0.8013956471335025,-0.1919226275511855,0.7029180743734005,0.6848882286570851,1.0080148436868197,1.228765854368156,1.7840583388221933,1.0080148436868197,1.228765854368156,1.7840583388221933,False,False,False,False,0.0,-0.0,0.0,-0.0,0.0,-0.0,0.0,0.00017654718541586944,0.02597575889761595,0.02844223507914811,0.011621723320641486,"[1, 1, 1]",0.028449650656043775,8.236768647029713e-05,-8.236768647029713e-05,-0.0001838977369512662,0.0001838977369512662,-0.00016438839593035937,0.00016438839593035937,False,1150,127,True,True
1149,DSC08003.JPG,266.0,159.0,4.814188003540039,1.5128357921697413,1.670372643225461,0.7927199423999978,-0.227835303146933,0.6670443287244858,0.7093256925816557,0.9986964367936938,1.234257022019774,1.7850593377014048,0.9986964367936938,1.234257022019774,1.7850593377014048,False,False,False,False,0.0,-0.0,0.0,-0.0,0.0,-0.0,0.0,0.00018079681892911294,0.0338678621039199,0.03617722963067311,0.012781268314195543,"[1, 1, 1]",0.036188291319169445,0.00010747611517425426,-0.00010747611517425426,-0.00022582136599580416,0.00022582136599580416,-0.0001900835995316541,0.0001900835995316541,False,1151,94,True,True
1150,DSC08003.JPG,267.0,159.0,4.64980936050415,1.3774015878334551,1.5900211271431517,0.8508643597146979,0.1946856400988057,0.7741782165331523,0.6022836462870845,0.9683526024522987,1.073064230656273,1.7493424112421008,0.9683526024522987,1.073064230656273,1.7493424112421008,False,False,False,False,0.0,-0.0,0.0,-0.0,0.0,-0.0,0.0,9.067958798122248e-05,0.025110810718699476,0.026411254009458575,0.00885273394838159,"[1, 1, 1]",0.02651865432954216,6.935311129296906e-05,-6.935311129296906e-05,-6.096491987395147e-05,6.096491987395147e-05,2.3784598700338222e-05,-2.3784598700338222e-05,False,1152,1024,True,True
1151,DSC08003.JPG,268.0,159.0,4.681388854980469,1.3953999481732158,1.609209617089468,0.8320899385929859,-0.11328881940825163,0.8902321218864263,0.44119430250024266,0.9625131330855823,1.104150716249893,1.7559868841894437,0.9625131330855823,1.104150716249893,1.7559868841894437,False,False,False,False,0.0,-0.0,0.0,-0.0,0.0,-0.0,0.0,0.00010898679521126598,0.03391748572524419,0.03467726540569338,0.007649519338683552,"[1, 1, 1]",0.03472336191188044,9.866158202109787e-05,-9.866158202109787e-05,-0.00010691844376009563,0.00010691844376009563,-1.050840432892386e-06,1.050840432892386e-06,False,1153,1538,True,True
1152,DSC08003.JPG,269.0,159.0,4.685122966766357,1.3916120639783838,1.6142459779858243,0.8242610445211811,-0.06717800514929363,0.8102851810442326,0.5821726900192731,0.9532153600681849,1.107914338085963,1.756612302234719,0.9532153600681849,1.107914338085963,1.756612302234719,False,False,False,False,0.0,-0.0,0.0,-0.0,0.0,-0.0,0.0,0.00011381253863621948,0.038839327327354956,0.0394740370172915,0.007553354899451338,"[1, 1, 1]",0.039520539720256986,0.00011338407793060057,-0.00011338407793060057,-0.0001296467248483868,0.0001296467248483868,-1.2913164144201517e-05,1.2913164144201517e-05,False,1154,1220,True,True
1153,DSC08003.JPG,270.0,159.0,4.688863754272461,1.3878186873884693,1.619290744217426,0.8164193672387159,-0.0005016166758821456,0.8675789355123885,0.4972992449581052,0.9439028262764889,1.111684669409817,1.7572388730396868,0.9439028262764889,1.111684669409817,1.7572388730396868,False,False,False,False,0.0,-0.0,0.0,-0.0,0.0,-0.0,0.0,0.0001187891719249043,0.04396586089815119,0.04449880353472058,0.007440903893009238,"[1, 1, 1]",0.04454496322096901,0.00012878212475131434,-0.00012878212475131434,-0.00015339653622237215,0.00015339653622237215,-2.5283588254598754e-05,2.5283588254598754e-05,False,1155,1001,True,True
1154,DSC08003.JPG,271.0,159.0,4.736067771911621,1.4177548692453519,1.646554402996377,0.7912312998993561,0.0200556338370861,0.656395733571137,0.7541501259702884,0.9395865855334414,1.1581067406698433,1.7672529719134067,0.9395865855334414,1.1581067406698433,1.7672529719134067,False,False,False,False,0.0,-0.0,0.0,-0.0,0.0,-0.0,0.0,0.0001454991737476921,0.05908875357883899,0.05914150160269443,0.002632027404861363,"[1, 1, 1]",0.0591444231524886,0.00018009096422999527,-0.00018009096422999527,-0.0002482407035369061,0.0002482407035369061,-9.364714643878003e-05,9.364714643878003e-05,False,1156,357,True,True
1155,DSC08003.JPG,272.0,159.0,4.732193470001221,1.4079772492543596,1.6477411308409775,0.7863581467183672,-0.02820653867064121,0.8376282015256696,0.5455120412833194,0.9292901753834507,1.1544052685683348,1.7662327563010458,0.9292901753834507,1.1544052685683348,1.7662327563010458,False,False,False,False,0.0,-0.0,0.0,-0.0,0.0,-0.0,0.0,0.00014644685899160127,0.06391049473965311,0.06398469059662781,0.0032909592019937264,"[1, 1, 1]",0.06398993039556078,0.00019409470890030533,-0.00019409470890030533,-0.0002661451154355454,0.0002661451154355454,-9.851617093703524e-05,9.851617093703524e-05,False,1157,336,True,True
1156,DSC08003.JPG,273.0,159.0,4.744312286376953,1.410580322201133,1.6571180987099927,0.7750729202904134,-0.34557591067087573,0.7034563657263921,0.6210687816039471,0.9207875273986448,1.1663987677612724,1.7686660267480856,0.9207875273986448,1.1663987677612724,1.7686660267480856,False,False,False,False,0.0,-0.0,0.0,-0.0,0.0,-0.0,0.0,0.00015564283476389885,0.07279859626859163,0.07281686198185389,0.0017459414306298948,"[1, 1, 1]",0.07281819594232632,0.00022255630246004188,-0.00022255630246004188,-0.0003147986275113812,0.0003147986275113812,-0.00012960516022353374,0.00012960516022353374,False,1158,214,True,True
1157,DSC08003.JPG,274.0,159.0,4.7617645263671875,1.4172661364116317,1.6692478863059637,0.7616057667477164,-0.29755896175677954,0.8625018177850241,0.40932783755292845,0.9128161395098746,1.1836269465468763,1.7722497279327953,0.9128161395098746,1.1836269465468763,1.7722497279327953,False,False,False,False,0.0,-0.0,0.0,-0.0,0.0,-0.0,0.0,0.00016757981849482495,0.08379721749936436,0.08380133824057018,0.0008880547009654624,"[1, 1, 1]",0.08380163063362256,0.0002583468072745454,-0.0002583468072745454,-0.00037915157713608316,0.00037915157713608316,-0.00017418305507188592,0.00017418305507188592,False,1159,109,True,True
1158,DSC08003.JPG,275.0,159.0,4.784100532531738,1.4276653080332615,1.683910179473729,0.746116779244789,0.25325782762238425,0.9350234832833171,0.2481764663636005,0.9052946009793874,1.2056488461069994,1.7768861859685907,0.9052946009793874,1.2056488461069994,1.7768861859685907,False,False,False,False,0.0,-0.0,0.0,-0.0,0.0,-0.0,0.0,0.0001820870593649461,0.0970673916325553,0.09717629537215813,0.0048932361261246745,"[1, 1, 1]",0.09718347254883976,0.0003019469581595491,-0.0003019469581595491,-0.0004616458055182182,0.0004616458055182182,-0.0002355776928668618,0.0002355776928668618,False,1160,52,True,True
1159,DSC08003.JPG,276.0,159.0,4.735040187835693,1.3830866927583918,1.661873075655636,0.759529359796622,-0.08867244474701062,0.9013216810223779,0.42397691548194405,0.8901901975852629,1.1576010463523774,1.766113528988023,0.8901901975852629,1.1576010463523774,1.766113528988023,False,False,False,False,0.0,-0.0,0.0,-0.0,0.0,-0.0,0.0,0.00016145643905644445,0.0875829547564213,0.08763849057698092,0.003506057420767062,"[1, 1, 1]",0.08764579692481782,0.0002654103798391816,-0.0002654103798391816,-0.00037149438037431537,0.00037149438037431537,-0.0001478036694124718,0.0001478036694124718,False,1161,164,True,True
1160,DSC08003.JPG,277.0,159.0,4.733541011810303,1.3751616656740155,1.6642696064080957,0.7537171759526423,-0.0408837168530602,0.9379120052239992,0.3444555009765062,0.8801804670090049,1.1562302155738722,1.7656065657356754,0.8801804670090049,1.1562302155738722,1.7656065657356754,False,False,False,False,0.0,-0.0,0.0,-0.0,0.0,-0.0,0.0,0.00016459391322279924,0.0927766764462303,0.09283821204100295,0.0038672857961849472,"[1, 1, 1]",0.09284772806609917,0.0002805861735397652,-0.0002805861735397652,-0.00039296608417416223,0.00039296608417416223,-0.00015665857698765606,0.00015665857698765606,False,1162,146,True,True
1161,DSC08003.JPG,278.0,159.0,4.764523029327393,1.3921306163786076,1.6834172996636265,0.734644846906488,-0.17433268533675234,0.8267777806514787,0.5348332602262993,0.8734492258542215,1.1867387761458907,1.7721066660892995,0.8734492258542215,1.1867387761458907,1.7721066660892995,False,False,False,False,0.0,-0.0,0.0,-0.0,0.0,-0.0,0.0,0.00018251296826908198,0.11096141130034438,0.11096374776984178,0.0008041754659883145,"[1, 1, 1]",0.11096403655285468,0.0003411690958905478,-0.0003411690958905478,-0.0005007023067982175,0.0005007023067982175,-0.0002300653968090316,0.0002300653968090316,False,1163,57,True,True
1162,DSC08003.JPG,279.0,159.0,4.775638580322266,1.393816065492084,1.6923464276096196,0.7236282064923886,-0.1986667571759711,0.7887785625323517,0.5816871142483566,0.8646289574072209,1.197749805288229,1.7743194770511816,0.8646289574072209,1.197749805288229,1.7743194770511816,False,False,False,False,0.0,-0.0,0.0,-0.0,0.0,-0.0,0.0,0.00019141051628645715,0.12223632921308704,0.12226015488143067,0.0026985244587497716,"[1, 1, 1]",0.1222631336347101,0.0003773593683327192,-0.0003773593683327192,-0.0005620915627970735,0.0005620915627970735,-0.00026879201992491275,0.00026879201992491275,False,1164,28,True,True
1163,DSC08003.JPG,241.0,160.0,4.602445602416992,1.5089248153575199,1.4926922635620183,1.037952247469211,0.05146090648374753,0.9193286231717115,0.39011108382238563,1.2113665207709157,1.0210517767754812,1.7528187532158066,1.2113665207709157,1.0210517767754812,1.7528187532158066,False,False,False,False,0.0,-0.0,0.0,-0.0,0.0,-0.0,0.0,0.00011646460321255524,0.03367033350392907,0.03359834664818828,0.0062101526676700035,"[1, 1, 1]",0.033919804348707776,-8.814175143800895e-05,8.814175143800895e-05,0.0001719509125275298,-0.0001719509125275298,0.00013296758263736663,-0.00013296758263736663,False,1165,205,True,True
1164,DSC08003.JPG,242.0,160.0,4.61018180847168,1.5086625268766056,1.4995875928705895,1.0289386068429174,0.0819011725561861,0.8480213905691303,0.5235951862566354,1.203145639175012,1.0287314383596313,1.7543353225679619,1.203145639175012,1.0287314383596313,1.7543353225679619,False,False,False,False,0.0,-0.0,0.0,-0.0,0.0,-0.0,0.0,0.00011361338878491158,0.0354514286595439,0.03546473789228564,0.005830793598320415,"[1, 1, 1]",0.03569698575449285,-9.593122245021846e-05,9.593122245021846e-05,0.00018065538149980576,-0.00018065538149980576,0.000133502112901418,-0.000133502112901418,False,1166,202,True,True
1165,DSC08003.JPG,243.0,160.0,4.610753536224365,1.5025334635390502,1.5029551522799511,1.0224800261357017,0.2321159581379997,0.9287330491454826,0.2890970518746485,1.1936491650537115,1.0293896662320177,1.7542819010886719,1.1936491650537115,1.0293896662320177,1.7542819010886719,False,False,False,False,0.0,-0.0,0.0,-0.0,0.0,-0.0,0.0,0.00010845736718862172,0.03364532619967965,0.03369202761539446,0.005710746667728207,"[1, 1, 1]",0.03390997882502833,-9.110042837146004e-05,9.110042837146004e-05,0.00017301824530080445,-0.00017301824530080445,0.00012930268855804172,-0.00012930268855804172,False,1167,217,True,True
1166,DSC08003.JPG,244.0,160.0,4.651067733764648,1.528767027533958,1.5259765963432397,1.0016762646730073,0.04310253120230527,0.7766098143642983,0.6285056626928704,1.1909648562048143,1.0689995639540686,1.7629325511268543,1.1909648562048143,1.0689995639540686,1.7629325511268543,False,False,False,False,0.0,-0.0,0.0,-0.0,0.0,-0.0,0.0,0.00012018009207981891,0.04949387038826519,0.04955677479394081,0.0035971381510114847,"[1, 1, 1]",0.04959060665597887,-0.00014773505308651735,0.00014773505308651735,0.00023717010229806768,-0.00023717010229806768,0.00013467937030142707,-0.00013467937030142707,False,1168,196,True,True
1167,DSC08003.JPG,245.0,160.0,4.656561374664307,1.5265789520913817,1.5318095204220892,0.9933776123126383,0.07416113733705539,0.7586630339861412,0.6472484272455343,1.1822146055595477,1.0744827621356177,1.7639552728862566,1.1822146055595477,1.0744827621356177,1.7639552728862566,False,False,False,False,0.0,-0.0,0.0,-0.0,0.0,-0.0,0.0,0.00011811858129516689,0.048747668646992176,0.048806703031230435,0.0032108026150059047,"[1, 1, 1]",0.04883000468681911,-0.0001465065819161726,0.0001465065819161726,0.00023238294682470517,-0.00023238294682470517,0.0001286966669731271,-0.0001286966669731271,False,1169,219,True,True
1168,DSC08003.JPG,246.0,160.0,4.604948043823242,1.4780335179782864,1.50933329319348,1.005829699960025,0.044266127565928376,0.9398954851065595,0.33858084267516114,1.1638872178578055,1.023993152296859,1.7524748282607596,1.1638872178578055,1.023993152296859,1.7524748282607596,False,False,False,False,0.0,-0.0,0.0,-0.0,0.0,-0.0,0.0,9.061454066279609e-05,0.025255475908783936,0.025399602445437132,0.0055387360978242746,"[1, 1, 1]",0.025628660406857424,-6.634028870755593e-05,6.634028870755593e-05,0.00013660582381502806,-0.00013660582381502806,0.00011249663653867259,-0.00011249663653867259,False,1170,270,True,True
1169,DSC08003.JPG,247.0,160.0,4.606480121612549,1.4726866094209556,1.513175712970936,0.9990246043433579,-0.013009134069485753,0.9661471456089681,0.2576634538742459,1.1545555496014621,1.0255926190736464,1.7526317384329257,1.1545555496014621,1.0255926190736464,1.7526317384329257,False,False,False,False,0.0,-0.0,0.0,-0.0,0.0,-0.0,0.0,8.618274652997912e-05,0.0238278147758793,0.02403032713154201,0.005413318866238255,"[1, 1, 1]",0.024233503685588346,-6.29318006915014e-05,6.29318006915014e-05,0.0001307413070568142,-0.0001307413070568142,0.0001087110637238986,-0.0001087110637238986,False,1171,290,True,True
1170,DSC08003.JPG,248.0,160.0,4.60801362991333,1.4673364739389279,1.5170208945700399,0.9922148286117763,-0.0025009288996007155,0.9673354886628045,0.253487273306043,1.1452177369452383,1.0271935530798875,1.7527888429379765,1.1452177369452383,1.0271935530798875,1.7527888429379765,False,False,False,False,0.0,-0.0,0.0,-0.0,0.0,-0.0,0.0,8.194447044020018e-05,0.022317586749501784,0.02258232117535376,0.00530212771238256,"[1, 1, 1]",0.022761244095133137,-5.9248613743623224e-05,5.9248613743623224e-05,0.0001244936630058202,-0.0001244936630058202,0.00010477499758243525,-0.00010477499758243525,False,1172,310,True,True
1171,DSC08003.JPG,249.0,160.0,4.6095476150512695,1.4619823355901103,1.5208683660684994,0.985400717606836,0.022795300129819507,0.9592029378380319,0.2817979743271413,1.1358736173573991,1.0287950196080358,1.7529459329273587,1.1358736173573991,1.0287950196080358,1.7529459329273587,False,False,False,False,0.0,-0.0,0.0,-0.0,0.0,-0.0,0.0,7.793177848417447e-05,0.0207242028459827,0.02105668127907592,0.005205343445762807,"[1, 1, 1]",0.021212873606064886,-5.528929195763865e-05,5.528929195763865e-05,0.0001178604755398549,-0.0001178604755398549,0.0001006869279858158,-0.0001006869279858158,False,1173,327,True,True
1172,DSC08003.JPG,250.0,160.0,4.611083030700684,1.4566249607661055,1.524718603856117,0.9785819174323802,0.08169397209236252,-0.9423554027772205,-0.3244878884956342,1.1265233394747423,1.0303979535073846,1.7531032169909189,1.1265233394747423,1.0303979535073846,1.7531032169909189,False,False,False,False,0.0,-0.0,0.0,-0.0,0.0,-0.0,0.0,7.418269441772379e-05,0.019047676531076214,0.019455761854657996,0.005123026134093061,"[1, 1, 1]",0.019590636119092425,-5.10544828049575e-05,5.10544828049575e-05,0.00011084204976663514,-0.00011084204976663514,9.644616647674908e-05,-9.644616647674908e-05,False,1174,344,True,True
1173,DSC08003.JPG,251.0,160.0,4.612619400024414,1.4512639597904224,1.528571372769517,0.971758598892294,-0.04364196559763039,0.9090613556402014,0.414370402563183,1.1171668195501605,1.0320018874494725,1.7532605906581837,1.1171668195501605,1.0320018874494725,1.7532605906581837,False,False,False,False,0.0,-0.0,0.0,-0.0,0.0,-0.0,0.0,7.073991802196838e-05,0.01728758690954122,0.01778251811097564,0.005055145888406119,"[1, 1, 1]",0.017897389619777156,-4.654330986886279e-05,4.654330986886279e-05,0.00010343665025014381,-0.00010343665025014381,9.205133587730785e-05,-9.205133587730785e-05,False,1175,369,True,True
1174,DSC08003.JPG,252.0,160.0,4.614156723022461,1.4458993285699937,1.5324266747233473,0.9649307581060345,0.10956984820465104,0.8701183659407763,0.48050856143981774,1.1078040516286813,1.0336068214950485,1.7534180538182793,1.1078040516286813,1.0336068214950485,1.7534180538182793,False,False,False,False,0.0,-0.0,0.0,-0.0,0.0,-0.0,0.0,6.76512874409893e-05,0.015443665084868202,0.016041765431901705,0.005001550233832997,"[1, 1, 1]",0.016137852001888494,-4.17554159701794e-05,4.17554159701794e-05,9.56431968466287e-05,-9.56431968466287e-05,8.750122369693969e-05,-8.750122369693969e-05,False,1176,390,True,True
1175,DSC08003.JPG,253.0,160.0,4.615694999694824,1.440531063011753,1.5362845116322557,0.9580983911930584,0.11850143857956114,0.837982503710154,0.532675072187761,1.0984350297553318,1.0352127557048616,1.7535756063603323,1.0984350297553318,1.0352127557048616,1.7535756063603323,False,False,False,False,0.0,-0.0,0.0,-0.0,0.0,-0.0,0.0,6.49684349431154e-05,0.013515643776653395,0.014241281610838883,0.004961967463891311,"[1, 1, 1]",0.014319704106846428,-3.66904417772318e-05,3.66904417772318e-05,8.74605759302316e-05,-8.74605759302316e-05,8.279456293047716e-05,-8.279456293047716e-05,False,1177,416,True,True
1176,DSC08003.JPG,254.0,160.0,4.617234230041504,1.4351591590226311,1.540144885410888,0.9512614942728232,0.12133108543469885,0.846722384047101,0.5180154168177153,1.0890597479751383,1.0368196901396587,1.753733248173467,1.0890597479751383,1.0368196901396587,1.753733248173467,False,False,False,False,0.0,-0.0,0.0,-0.0,0.0,-0.0,0.0,6.274457849861638e-05,0.011503256659206536,0.012394293711017825,0.004936008439678014,"[1, 1, 1]",0.012456074976811527,-3.134802582138718e-05,3.134802582138718e-05,7.888764014407634e-05,-7.888764014407634e-05,7.79300315953968e-05,-7.79300315953968e-05,False,1178,451,True,True
1177,DSC08003.JPG,255.0,160.0,4.660794258117676,1.4633411908037002,1.5650964305293302,0.9286275675573411,0.38183184833857914,0.6958315798718555,-0.6082950370070282,1.0859211738705978,1.0796211422417716,1.7630759569995795,1.0859211738705978,1.0796211422417716,1.7630759569995795,False,False,False,False,0.0,-0.0,0.0,-0.0,0.0,-0.0,0.0,8.586331467102813e-05,0.016026944088300573,0.016357232924690282,0.0033568188814779415,"[1, 1, 1]",0.01636597440920164,-4.789703779728427e-05,4.789703779728427e-05,9.05746902344351e-05,-9.05746902344351e-05,6.730979324087727e-05,-6.730979324087727e-05,False,1179,528,True,True
1178,DSC08003.JPG,256.0,160.0,4.661074638366699,1.456896829650373,1.5683564201565892,0.9222001512800384,0.04044312364177655,-0.8459638571702208,0.5317043408810751,1.076261204585512,1.0799949782967189,1.7629566127022636,1.076261204585512,1.0799949782967189,1.7629566127022636,False,False,False,False,0.0,-0.0,0.0,-0.0,0.0,-0.0,0.0,8.430152888329707e-05,0.012581104738110001,0.01301846158527953,0.00339958075192829,"[1, 1, 1]",0.013025392275483412,-3.757055610753568e-05,3.757055610753568e-05,7.565672278997404e-05,-7.565672278997404e-05,6.0762762273736115e-05,-6.0762762273736115e-05,False,1180,586,True,True
1179,DSC08003.JPG,257.0,160.0,4.700371742248535,1.4814992775992135,1.5912504534034968,0.9010023134538996,-0.09920730806530255,0.9814321420647555,0.1641610811021351,1.0722344420566328,1.11861993694074,1.7713627583810447,1.0722344420566328,1.11861993694074,1.7713627583810447,False,False,False,False,0.0,-0.0,0.0,-0.0,0.0,-0.0,0.0,0.00010736882553735705,0.014446628524353963,0.014447305713309207,0.00014090886767641737,"[1, 1, 1]",0.014447310708289184,-4.482639821423717e-05,4.482639821423717e-05,6.326259456579386e-05,-6.326259456579386e-05,2.5840744632077417e-05,-2.5840744632077417e-05,False,1181,990,True,True
1180,DSC08003.JPG,258.0,160.0,4.661635875701904,1.44400607938185,1.5748777654929957,0.9093428558141067,0.02798907506885132,0.38039599014950154,0.9244000769985746,1.0569378323582854,1.0807431536172867,1.7627179630886052,1.0569378323582854,1.0807431536172867,1.7627179630886052,False,False,False,False,0.0,-0.0,0.0,-0.0,0.0,-0.0,0.0,8.245282891029487e-05,0.0056281174530389486,0.006620482087589971,0.0034972467400318165,"[1, 1, 1]",0.006623338457551555,-1.6781636406948408e-05,1.6781636406948408e-05,4.553550141905838e-05,-4.553550141905838e-05,4.742801249824069e-05,-4.742801249824069e-05,False,1182,726,True,True
1181,DSC08003.JPG,259.0,160.0,4.6779656410217285,1.4502847095198668,1.5862365992361374,0.8967941745723769,0.07188802493889428,0.720921307906571,0.6892783035005992,1.0495252286206567,1.0968521599752838,1.7661042473808322,1.0495252286206567,1.0968521599752838,1.7661042473808322,False,False,False,False,0.0,-0.0,0.0,-0.0,0.0,-0.0,0.0,9.205964714085484e-05,0.003295698762066987,0.00404207291792086,0.002341799484727958,"[1, 1, 1]",0.004042524543073599,-1.0006095695569428e-05,1.0006095695569428e-05,2.84189736137197e-05,-2.84189736137197e-05,3.0470518124214863e-05,-3.0470518124214863e-05,False,1183,936,True,True
1182,DSC08003.JPG,260.0,160.0,4.652258396148682,1.4232460257245296,1.5763793819545608,0.9002852272644573,-0.1748543221368308,0.9550122781482399,0.23953604032833667,1.0362366050387277,1.0717470509539904,1.7603086812181452,1.0362366050387277,1.0717470509539904,1.7603086812181452,False,False,False,False,0.0,-0.0,0.0,-0.0,0.0,-0.0,0.0,7.640100214358451e-05,0.0017678118862911119,0.0045398749533378194,0.004183249451741826,"[1, 1, 1]",0.004540660753924502,5.1874627562398246e-06,-5.1874627562398246e-06,1.679337129378844e-05,-1.679337129378844e-05,3.8671905992160305e-05,-3.8671905992160305e-05,False,1184,823,True,True
1183,DSC08003.JPG,261.0,160.0,4.599545001983643,1.3749452600391407,1.5528256573039942,0.9142156297751807,0.07535626012947966,0.9368280750409704,0.34157662665107563,1.0193799037295788,1.0201623404498814,1.7486182026992083,1.0193799037295788,1.0201623404498814,1.7486182026992083,False,False,False,False,0.0,-0.0,0.0,-0.0,0.0,-0.0,0.0,4.780975317510203e-05,0.004336284159313047,0.0065612610291511005,0.005035233860410329,"[1, 1, 1]",0.006603297885422384,1.0762183868973096e-05,-1.0762183868973096e-05,1.0357559452112142e-05,-1.0357559452112142e-05,3.793148404840352e-05,-3.793148404840352e-05,False,1185,833,True,True
1184,DSC08003.JPG,262.0,160.0,4.701441764831543,1.448720615478992,1.6075203447041666,0.8687133014053134,-0.20584218989723113,-0.9311351088164547,-0.30102558360990095,1.0234607299164264,1.1201680960543206,1.7706855879266445,1.0234607299164264,1.1201680960543206,1.7706855879266445,False,False,False,False,0.0,-0.0,0.0,-0.0,0.0,-0.0,0.0,0.00010717864331670452,0.008525972799482749,0.008528971869835516,0.00022671990925458982,"[1, 1, 1]",0.008528979262563543,2.634310612270596e-05,-2.634310612270596e-05,-3.654537204278441e-05,3.654537204278441e-05,-1.4096320536172158e-05,1.4096320536172158e-05,False,1186,1198,True,True
1185,DSC08003.JPG,263.0,160.0,4.700578212738037,1.4413148284492483,1.6102286165399626,0.8626704324061045,-0.2701526393503873,-0.8936474512760622,-0.3583459003251159,1.0135611628544672,1.1194212058070296,1.7703148986330823,1.0135611628544672,1.1194212058070296,1.7703148986330823,False,False,False,False,0.0,-0.0,0.0,-0.0,0.0,-0.0,0.0,0.00010755496780253224,0.013157714825673841,0.013164570238432552,0.00042733823071722807,"[1, 1, 1]",0.013164611378684144,4.058643768312109e-05,-4.058643768312109e-05,-5.5964456061152745e-05,5.5964456061152745e-05,-2.113056159869231e-05,2.113056159869231e-05,False,1187,1057,True,True
1186,DSC08003.JPG,264.0,160.0,4.631426811218262,1.3802552252735438,1.5782525977270405,0.8831284164089847,0.2705581727466849,0.9326068906990808,0.238836057957269,0.9947987437527152,1.0517162707611405,1.7550412799248951,0.9947987437527152,1.0517162707611405,1.7550412799248951,False,False,False,False,0.0,-0.0,0.0,-0.0,0.0,-0.0,0.0,7.062088055663813e-05,0.01320754518422586,0.014145449218044417,0.005308217956459381,"[1, 1, 1]",0.014189964098356812,3.698755124847963e-05,-3.698755124847963e-05,-2.792555969777233e-05,2.792555969777233e-05,2.0613461809038114e-05,-2.0613461809038114e-05,False,1188,1067,True,True
1187,DSC08003.JPG,265.0,160.0,4.630546569824219,1.3729389851084812,1.5809043708978525,0.8771893533898528,0.3055422671163665,0.9088414267120122,0.28399152117178633,0.9850463694235089,1.0509514925538859,1.7546697292765596,0.9850463694235089,1.0509514925538859,1.7546697292765596,False,False,False,False,0.0,-0.0,0.0,-0.0,0.0,-0.0,0.0,7.301573425906554e-05,0.015851009076980768,0.016645546689618873,0.005447931177476006,"[1, 1, 1]",0.016703422831513662,4.4231470861966216e-05,-4.4231470861966216e-05,-3.915665259479617e-05,3.915665259479617e-05,1.4695107479312242e-05,-1.4695107479312242e-05,False,1189,1188,True,True
1188,DSC08003.JPG,266.0,160.0,4.637813091278076,1.3720031661742453,1.5877035792092709,0.8680692975124988,0.5484595236088239,0.7392921772760269,0.39069070577792553,0.9763215158356223,1.0581751352740434,1.7560755477809378,0.9763215158356223,1.0581751352740434,1.7560755477809378,False,False,False,False,0.0,-0.0,0.0,-0.0,0.0,-0.0,0.0,7.956117761714478e-05,0.01960763518747223,0.020223826295442105,0.005371012178277557,"[1, 1, 1]",0.02027696081831866,5.559047346093138e-05,-5.559047346093138e-05,-5.6496638639602637e-05,5.6496638639602637e-05,5.882930683487331e-06,-5.882930683487331e-06,False,1190,1380,True,True
1189,DSC08003.JPG,267.0,160.0,4.641478061676025,1.3682321415248673,1.5926760687617467,0.8603417354361733,0.21847663065910716,0.7938274965373061,0.5675437142609875,0.9671212790418415,1.0618674429053876,1.7566952268858338,0.9671212790418415,1.0618674429053876,1.7566952268858338,False,False,False,False,0.0,-0.0,0.0,-0.0,0.0,-0.0,0.0,8.457683406057836e-05,0.02314122118800111,0.02364757497736306,0.005370747526591568,"[1, 1, 1]",0.023701992006583385,6.603272515537384e-05,-6.603272515537384e-05,-7.247055199877117e-05,7.247055199877117e-05,-2.276071779494515e-06,2.276071779494515e-06,False,1191,1481,True,True
1190,DSC08003.JPG,268.0,160.0,4.645149230957031,1.364455465655591,1.597656628623732,0.8526017923540662,0.20644444737506842,0.7544398952819575,0.6230578902116173,0.9579065388556586,1.065565984866984,1.7573159738021387,0.9579065388556586,1.065565984866984,1.7573159738021387,False,False,False,False,0.0,-0.0,0.0,-0.0,0.0,-0.0,0.0,8.975837636192065e-05,0.026871016066075587,0.027290377655923997,0.0053548863477213176,"[1, 1, 1]",0.027344935782279478,7.713221442928742e-05,-7.713221442928742e-05,-8.941734623690856e-05,8.941734623690856e-05,-1.08927806361514e-05,1.08927806361514e-05,False,1192,1270,True,True
1191,DSC08003.JPG,269.0,160.0,4.648825645446777,1.3606723694461018,1.6026447836818565,0.8448498195753051,0.13710104591682468,0.832108197055027,0.5374004573894082,0.9486771426702925,1.06926982635004,1.75793757986609,0.9486771426702925,1.06926982635004,1.75793757986609,False,False,False,False,0.0,-0.0,0.0,-0.0,0.0,-0.0,0.0,9.508027266942384e-05,0.030798023980049258,0.031147130528090705,0.005322546321325294,"[1, 1, 1]",0.031200893580617728,8.889054155591936e-05,-8.889054155591936e-05,-0.0001073422716029171,0.0001073422716029171,-1.997335391745736e-05,1.997335391745736e-05,False,1193,1085,True,True
1192,DSC08003.JPG,270.0,160.0,4.77461576461792,1.4517798070816117,1.6701492621277132,0.7887089327387542,0.10266672012053658,0.671872100538302,0.7335171607385482,0.9537625856219771,1.192725036889361,1.7851803447446215,0.9537625856219771,1.192725036889361,1.7851803447446215,False,False,False,False,0.0,-0.0,0.0,-0.0,0.0,-0.0,0.0,0.00016233111207435198,0.059351385959163824,0.06032685856475239,0.011117295622007053,"[1, 1, 1]",0.06035524485145239,0.0001888613915248527,-0.0001888613915248527,-0.0003290350836127054,0.0003290350836127054,-0.00021692530225836393,0.00021692530225836393,False,1194,70,True,True
1193,DSC08003.JPG,271.0,160.0,4.775182247161865,1.4453885285801877,1.6736348881729917,0.7820076945719948,0.09251143425505476,0.8439165560931037,0.52843777389966,0.9438899316923206,1.1933819522868938,1.7851187872622423,0.9438899316923206,1.1933819522868938,1.7851187872622423,False,False,False,False,0.0,-0.0,0.0,-0.0,0.0,-0.0,0.0,0.00016494005043619567,0.06621712570233758,0.06708422793012976,0.011135241849429574,"[1, 1, 1]",0.0671155533887832,0.00021054213404880784,-0.00021054213404880784,-0.00035965247098856956,0.00035965247098856956,-0.00022947258592198594,0.00022947258592198594,False,1195,58,True,True
1194,DSC08003.JPG,272.0,160.0,4.659891128540039,1.3492880257692152,1.6176573727048187,0.8215196075632244,0.16724955945378603,0.800591870300848,0.5753957264967343,0.9209012303179794,1.0804178275911822,1.7598085860068022,0.9209012303179794,1.0804178275911822,1.7598085860068022,False,False,False,False,0.0,-0.0,0.0,-0.0,0.0,-0.0,0.0,0.00011170363633583291,0.04377497990717658,0.043978608045502555,0.005118785853346858,"[1, 1, 1]",0.04402595146111082,0.00012814388755688633,-0.00012814388755688633,-0.00016705562272645302,0.00016705562272645302,-5.0072393676270366e-05,5.0072393676270366e-05,False,1196,701,True,True
1195,DSC08003.JPG,273.0,160.0,4.663591384887695,1.345481227432265,1.6226774873785264,0.8137181509802609,-0.11353557719259953,0.8121005042604543,0.5723656555834384,0.9116131905658725,1.0841456764564736,1.7604342457642386,0.9116131905658725,1.0841456764564736,1.7604342457642386,False,False,False,False,0.0,-0.0,0.0,-0.0,0.0,-0.0,0.0,0.00011741757408522947,0.048503124281429534,0.04867297876058883,0.005013168450852262,"[1, 1, 1]",0.0487172648346972,0.00014256142709423436,-0.00014256142709423436,-0.00018896152419123347,0.00018896152419123347,-6.108301951845974e-05,6.108301951845974e-05,False,1197,576,True,True
1196,DSC08003.JPG,274.0,160.0,4.66729736328125,1.341668255856419,1.6277054991053066,0.8059043587245079,-0.08456467111727006,0.8535778118266858,0.5140561599241807,0.9023103711301235,1.0878792942877638,1.761060865277688,0.9023103711301235,1.0878792942877638,1.761060865277688,False,False,False,False,0.0,-0.0,0.0,-0.0,0.0,-0.0,0.0,0.00012320057368257856,0.053434417188557674,0.05357564444437626,0.004887814457327274,"[1, 1, 1]",0.053616589554043734,0.00015764882860391793,-0.00015764882860391793,-0.00021187933679667204,0.00021187933679667204,-7.259574680018588e-05,7.259574680018588e-05,False,1198,489,True,True
1197,DSC08003.JPG,275.0,160.0,4.707961082458496,1.3663021416265615,1.6517812253485673,0.7831879778356894,0.14799815000670308,0.9234308933881187,0.35407899221927086,0.8969445237494053,1.1278597252668658,1.7697370224670679,0.8969445237494053,1.1278597252668658,1.7697370224670679,False,False,False,False,0.0,-0.0,0.0,-0.0,0.0,-0.0,0.0,0.00014397905010933348,0.07164052320426814,0.07164412189274565,0.0008310555662542599,"[1, 1, 1]",0.07164473259811657,0.00021949433987344946,-0.00021949433987344946,-0.0003149895111438372,0.0003149895111438372,-0.0001356346492649152,0.0001356346492649152,False,1199,194,True,True
1198,DSC08003.JPG,276.0,160.0,4.712754249572754,1.3632506695979691,1.657404800025311,0.7748643821569741,0.14856281872274144,0.9501051366486147,0.27427963505712766,0.8876479304033624,1.1326607363506092,1.7705983954646762,0.8876479304033624,1.1326607363506092,1.7705983954646762,False,False,False,False,0.0,-0.0,0.0,-0.0,0.0,-0.0,0.0,0.00015005831963060262,0.07832534356232915,0.07832581072997957,0.00031651750847561843,"[1, 1, 1]",0.0783258969163064,0.0002405240227854044,-0.0002405240227854044,-0.0003478007577355502,0.0003478007577355502,-0.00015318532960328923,0.00015318532960328923,False,1200,152,True,True
1199,DSC08003.JPG,277.0,160.0,4.715986728668213,1.3589882187971876,1.6622285449106955,0.7671609144555658,0.11652219113144226,0.9459580925918617,0.3026315681383793,0.8781709749729867,1.135931225088398,1.7711195819588093,0.8781709749729867,1.135931225088398,1.7711195819588093,False,False,False,False,0.0,-0.0,0.0,-0.0,0.0,-0.0,0.0,0.00015553197835944748,0.08465772201040066,0.08465772253993507,1.1197136397927998e-05,"[1, 1, 1]",0.08465772264325885,0.00026025779199723154,-0.00026025779199723154,-0.00037800839778978634,0.00037800839778978634,-0.00016865061934767667,0.00016865061934767667,False,1201,118,True,True
1200,DSC08003.JPG,278.0,160.0,4.711617946624756,1.3488961715969057,1.6631247485085863,0.7625426211709667,-0.0333108602081884,0.9903334347590275,0.13464796541566315,0.8679151200280384,1.131746357745213,1.76998575873084,0.8679151200280384,1.131746357745213,1.76998575873084,False,False,False,False,0.0,-0.0,0.0,-0.0,0.0,-0.0,0.0,0.00015797923259300265,0.08795809463913307,0.08796001163887228,0.0007114178734207366,"[1, 1, 1]",0.0879604916322538,0.0002693516249350214,-0.0002693516249350214,-0.00038893464505940223,0.00038893464505940223,-0.0001706038881534866,0.0001706038881534866,False,1202,113,True,True
1201,DSC08003.JPG,279.0,160.0,4.678141117095947,1.3165699989593906,1.648939045566778,0.7698235152830378,0.07070005778135308,0.785188336574804,0.6152079143969181,0.8548068713951245,1.0990108382380097,1.7625167156337578,0.8548068713951245,1.0990108382380097,1.7625167156337578,False,False,False,False,0.0,-0.0,0.0,-0.0,0.0,-0.0,0.0,0.00015029390700741911,0.077540227820572,0.07761062180984736,0.004741075399082366,"[1, 1, 1]",0.07764783755016842,0.00023045056562964739,-0.00023045056562964739,-0.0003217676082736265,0.0003217676082736265,-0.00012695244204641298,0.00012695244204641298,False,1203,226,True,True
1202,DSC08003.JPG,241.0,161.0,4.5646162033081055,1.4753458245105897,1.480837753221576,1.0575482902419822,0.04477110627509204,0.3749224471350427,0.9259744632964646,1.2044458671478262,0.9810058055359019,1.7535312663526348,1.2044458671478262,0.9810058055359019,1.7535312663526348,False,False,False,False,0.0,-0.0,0.0,-0.0,0.0,-0.0,0.0,0.00010511743338035029,0.014298488831944635,0.013741627042411485,0.004612128859253763,"[1, 1, 1]",0.014397062686708133,-2.8075384216563748e-05,2.8075384216563748e-05,7.041732472568007e-05,-7.041732472568007e-05,6.938914841869703e-05,-6.938914841869703e-05,False,1204,513,True,True
1203,DSC08003.JPG,242.0,161.0,4.545261859893799,1.4530100332497342,1.4743186961302803,1.0582639896426151,-0.16704626143636778,0.9478022146637758,0.27159990504154163,1.1915466390339846,0.9621469324789381,1.7490758512958136,1.1915466390339846,0.9621469324789381,1.7490758512958136,False,False,False,False,0.0,-0.0,0.0,-0.0,0.0,-0.0,0.0,9.595395152682522e-05,0.00676203324145934,0.004663748449263586,0.005016651022988755,"[1, 1, 1]",0.006805969069203411,2.145979185685931e-06,-2.145979185685931e-06,2.496671745189083e-05,-2.496671745189083e-05,4.7130534755357445e-05,-4.7130534755357445e-05,False,1205,729,True,True
1204,DSC08003.JPG,243.0,161.0,4.567316055297852,1.4644862064667603,1.4882845084321021,1.0441987256743333,0.16198996822660808,-0.6796005034383976,-0.7154735536134227,1.185912594665665,0.9838439617090489,1.7537742108071617,1.185912594665665,0.9838439617090489,1.7537742108071617,False,False,False,False,0.0,-0.0,0.0,-0.0,0.0,-0.0,0.0,9.40674079851525e-05,0.013758262419017788,0.013360535617974305,0.004169480591659285,"[1, 1, 1]",0.01387764868556389,-2.8618778997957506e-05,2.8618778997957506e-05,6.942824212674559e-05,-6.942824212674559e-05,6.666862538162732e-05,-6.666862538162732e-05,False,1206,535,True,True
1205,DSC08003.JPG,244.0,161.0,4.559565544128418,1.4516448706996696,1.487496812349848,1.0407907742114473,0.14512517203507797,-0.6770380517650438,-0.7214971662480616,1.1750774937816328,0.9763497003880657,1.7518844651469732,1.1750774937816328,0.9763497003880657,1.7518844651469732,False,False,False,False,0.0,-0.0,0.0,-0.0,0.0,-0.0,0.0,8.662980730885342e-05,0.010183329802633846,0.009554331640012535,0.004150547853144126,"[1, 1, 1]",0.010300788927540473,-1.6482075521073725e-05,1.6482075521073725e-05,5.0976415502335115e-05,-5.0976415502335115e-05,5.738595563942184e-05,-5.738595563942184e-05,False,1207,621,True,True
1206,DSC08003.JPG,245.0,161.0,4.616353988647461,1.4912537439862583,1.5187530215851213,1.0141094738681828,0.064406376160172,0.9417183059390263,0.33017942238916864,1.1752038650500394,1.0320691761690135,1.7642549661796156,1.1752038650500394,1.0320691761690135,1.7642549661796156,False,False,False,False,0.0,-0.0,0.0,-0.0,0.0,-0.0,0.0,9.86873375673374e-05,0.03040457596335514,0.030425671285899944,0.0022480017372255865,"[1, 1, 1]",0.030456634936404065,-8.97494689122702e-05,8.97494689122702e-05,0.00014509718857125264,-0.00014509718857125264,8.358114962359053e-05,-8.358114962359053e-05,False,1208,414,True,True
1207,DSC08003.JPG,246.0,161.0,4.619246482849121,1.4869950175127027,1.5232809060946322,1.0068001649770042,0.13332440949944976,0.9331498810624111,0.33385011802428793,1.166079123905982,1.035000373117233,1.7647150414771382,1.166079123905982,1.035000373117233,1.7647150414771382,False,False,False,False,0.0,-0.0,0.0,-0.0,0.0,-0.0,0.0,9.481755810991207e-05,0.029347932503275304,0.029374092460277827,0.002093821860615066,"[1, 1, 1]",0.02939832087260552,-8.707643917116314e-05,8.707643917116314e-05,0.0001401022426823495,-0.0001401022426823495,7.992868734474357e-05,-7.992868734474357e-05,False,1209,438,True,True
1208,DSC08003.JPG,247.0,161.0,4.622142314910889,1.4827307168077277,1.5278143242893765,0.9994817958222997,0.08763586632826084,0.9574732671227659,0.27489070133082333,1.1569428931538177,1.0379349623797787,1.7651756298169579,1.1569428931538177,1.0379349623797787,1.7651756298169579,False,False,False,False,0.0,-0.0,0.0,-0.0,0.0,-0.0,0.0,9.118122912973026e-05,0.028141006374364397,0.028170792644558882,0.0019449246627608224,"[1, 1, 1]",0.028189470818734737,-8.38916564616099e-05,8.38916564616099e-05,0.00013438508924257242,-0.00013438508924257242,7.598132228192611e-05,-7.598132228192611e-05,False,1210,464,True,True
1209,DSC08003.JPG,248.0,161.0,4.62504243850708,1.4784615981670872,1.5323537584424904,0.9921540047271018,0.056130205830748466,0.9818215347006094,0.18131705378021679,1.1477953074940563,1.0408738783268114,1.7656369414109907,1.1477953074940563,1.0408738783268114,1.7656369414109907,False,False,False,False,0.0,-0.0,0.0,-0.0,0.0,-0.0,0.0,8.780936430608715e-05,0.02678343377989429,0.02681557032044418,0.0018000919905818587,"[1, 1, 1]",0.026829717359825832,-8.019476469822706e-05,8.019476469822706e-05,0.00012794411030414565,-0.00012794411030414565,7.173690653550224e-05,-7.173690653550224e-05,False,1211,499,True,True
1210,DSC08003.JPG,249.0,161.0,4.67338752746582,1.5108412070153563,1.559589675347849,0.9681691071252115,0.1196128553195974,0.8065732688333586,0.5789061468370879,1.1459530681051533,1.088328824535675,1.7761318823905057,1.1459530681051533,1.088328824535675,1.7761318823905057,False,False,False,False,0.0,-0.0,0.0,-0.0,0.0,-0.0,0.0,0.00010879575889383142,0.04021919198918941,0.040272634376848936,0.002354404170834803,"[1, 1, 1]",0.04028034075476869,-0.00012753849096425185,0.00012753849096425185,0.00016502287835629126,-0.00016502287835629126,4.7645050389899524e-05,-4.7645050389899524e-05,False,1212,723,True,True
1211,DSC08003.JPG,250.0,161.0,4.5795979499816895,1.4286365163910268,1.5158213049826796,0.9963183727814727,0.09904968826249158,0.9777158261949902,0.18509706227531322,1.1213192980343536,0.9965538822750302,1.7552464830118635,1.1213192980343536,0.9965538822750302,1.7552464830118635,False,False,False,False,0.0,-0.0,0.0,-0.0,0.0,-0.0,0.0,5.878664876911521e-05,0.010338944603204435,0.010422258866617875,0.0029888689977326873,"[1, 1, 1]",0.010593644197871987,-2.5219015216570995e-05,2.5219015216570995e-05,5.870230341131766e-05,-5.870230341131766e-05,5.446736458880608e-05,-5.446736458880608e-05,False,1213,655,True,True
1212,DSC08003.JPG,251.0,161.0,4.581113338470459,1.4233028167394521,1.519644779707385,0.9895475545089899,0.131989545963031,0.9592103132033751,0.24998866934474426,1.1120249540453768,0.9981355946510343,1.7554034759952177,1.1120249540453768,0.9981355946510343,1.7554034759952177,False,False,False,False,0.0,-0.0,0.0,-0.0,0.0,-0.0,0.0,5.4363748388043385e-05,0.009440408174079921,0.009589679100946843,0.0028903079077098473,"[1, 1, 1]",0.009732346422573096,-2.3306327281868988e-05,2.3306327281868988e-05,5.517855860248666e-05,-5.517855860248666e-05,5.1940510656933725e-05,-5.1940510656933725e-05,False,1214,684,True,True
1213,DSC08003.JPG,252.0,161.0,4.582629680633545,1.4179655463294252,1.5234707608068467,0.982772272178755,0.255432516950051,0.9417151374200683,0.21892197066184033,1.1027244493577577,0.9997183056186677,1.7555605619783277,1.1027244493577577,0.9997183056186677,1.7555605619783277,False,False,False,False,0.0,-0.0,0.0,-0.0,0.0,-0.0,0.0,5.025419378175183e-05,0.008461415077974314,0.00868453404450408,0.002810395775387589,"[1, 1, 1]",0.008800994273541125,-2.1122526830508193e-05,2.1122526830508193e-05,5.1276933710431294e-05,-5.1276933710431294e-05,4.9265543504706244e-05,-4.9265543504706244e-05,False,1215,708,True,True
1214,DSC08003.JPG,253.0,161.0,4.584146976470947,1.4126247010678792,1.5272992501957117,0.9759925219102242,0.7945643779862722,-0.1705867590886743,-0.582724297467431,1.0934177780165233,1.0013020152386793,1.755717740850319,1.0934177780165233,1.0013020152386793,1.755717740850319,False,False,False,False,0.0,-0.0,0.0,-0.0,0.0,-0.0,0.0,4.65425724171844e-05,0.007401551406868449,0.00771186863540054,0.002749585152729728,"[1, 1, 1]",0.007804360924582356,-1.8667201948652234e-05,1.8667201948652234e-05,4.699654310225121e-05,-4.699654310225121e-05,4.644169428580369e-05,-4.644169428580369e-05,False,1216,736,True,True
1215,DSC08003.JPG,254.0,161.0,4.585665702819824,1.4072806580794244,1.5311304894892106,0.9692081218947787,0.5220137330752578,0.8121893114148133,0.26048068048199857,1.0841050058831851,1.0028871907113366,1.7558751176894316,1.0841050058831851,1.0028871907113366,1.7558751176894316,False,False,False,False,0.0,-0.0,0.0,-0.0,0.0,-0.0,0.0,4.333312073130322e-05,0.006260492374285961,0.006680783422811023,0.002707996392778178,"[1, 1, 1]",0.006751291540549352,-1.5940160734695397e-05,1.5940160734695397e-05,4.233679556864267e-05,-4.233679556864267e-05,4.3468292577841794e-05,-4.3468292577841794e-05,False,1217,765,True,True
1216,DSC08003.JPG,255.0,161.0,4.587184906005859,1.4019326501534606,1.5349640015199335,0.9624194234612705,0.2417454686217439,0.8551173327966789,0.458621276819499,1.074785982377305,1.0044728978284752,1.7560324819880853,1.074785982377305,1.0044728978284752,1.7560324819880853,False,False,False,False,0.0,-0.0,0.0,-0.0,0.0,-0.0,0.0,4.074590984310904e-05,0.005037728063326785,0.0056086440435829015,0.0026853565936506684,"[1, 1, 1]",0.0056589191588140905,-1.294049930056218e-05,1.294049930056218e-05,3.7296031168976285e-05,-3.7296031168976285e-05,4.03441464582599e-05,-4.03441464582599e-05,False,1218,802,True,True
1217,DSC08003.JPG,256.0,161.0,4.588705062866211,1.3965810550967759,1.5388000275840026,0.9556262454478383,0.18685692652232558,0.8589245556566971,0.4767946064088559,1.0654607743528899,1.0060596037802367,1.7561899388429991,1.0654607743528899,1.0060596037802367,1.7561899388429991,False,False,False,False,0.0,-0.0,0.0,-0.0,0.0,-0.0,0.0,3.890735223543435e-05,0.003732981823380135,0.004532940140617201,0.002681008035794254,"[1, 1, 1]",0.004564564884139475,-9.668062928902543e-06,9.668062928902543e-06,3.187365229417871e-05,-3.187365229417871e-05,3.706850393792038e-05,-3.706850393792038e-05,False,1219,845,True,True
1218,DSC08003.JPG,257.0,161.0,4.6573967933654785,1.4446385702536544,1.576539326906307,0.9234910694115417,-0.6231625554608624,-0.32546398314698327,0.7111551343733574,1.0658265189709484,1.0734561299264158,1.7711573537693543,1.0658265189709484,1.0734561299264158,1.7711573537693543,False,False,False,False,0.0,-0.0,0.0,-0.0,0.0,-0.0,0.0,7.86216994231341e-05,0.00835728422181307,0.008357312219659331,2.1800504449438904e-05,"[1, 1, 1]",0.008357312481321004,-2.5902100876606937e-05,2.5902100876606937e-05,3.696205334846603e-05,-3.696205334846603e-05,1.563534714010828e-05,-1.563534714010828e-05,False,1220,1171,True,True
1219,DSC08003.JPG,258.0,161.0,4.671243190765381,1.448966118106381,1.5866536304723884,0.9119322204474841,-0.2376681219625728,-0.40333377284165584,0.8836490997494986,1.058102674876634,1.0871209947129914,1.7740291997244335,1.058102674876634,1.0871209947129914,1.7740291997244335,False,False,False,False,0.0,-0.0,0.0,-0.0,0.0,-0.0,0.0,8.638574520962924e-05,0.006345816890130535,0.006473061462823329,0.001281325102018971,"[1, 1, 1]",0.006473473263358467,-1.9899477684770517e-05,1.9899477684770517e-05,2.0627759622859898e-05,-2.0627759622859898e-05,-1.4095900402466555e-06,1.4095900402466555e-06,False,1221,1521,True,True
1220,DSC08003.JPG,259.0,161.0,4.662720203399658,1.4355303757809397,1.5854667828599154,0.9088344756953276,0.47857854009719686,0.718660595018591,-0.5044695532199741,1.0471849354434664,1.078869623544632,1.771969675227899,1.0471849354434664,1.078869623544632,1.771969675227899,False,False,False,False,0.0,-0.0,0.0,-0.0,0.0,-0.0,0.0,8.060218041615882e-05,0.0020507946885414746,0.0020814656552537846,0.0003561617844446767,"[1, 1, 1]",0.002081479137913202,-6.3756491976985075e-06,6.3756491976985075e-06,7.007252255109009e-06,-7.007252255109009e-06,2.3655303227343438e-07,-2.3655303227343438e-07,False,1222,1573,True,True
1221,DSC08003.JPG,260.0,161.0,4.633730888366699,1.4059324545786487,1.5738981604788158,0.9135632589732529,-0.19466564954076937,0.970284254667306,0.14371412607527798,1.0334758338140524,1.0505651877669442,1.765400748191903,1.0334758338140524,1.0505651877669442,1.765400748191903,False,False,False,False,0.0,-0.0,0.0,-0.0,0.0,-0.0,0.0,6.296651074369706e-05,0.002226434600184648,0.0028751254424193005,0.0018217132966732038,"[1, 1, 1]",0.0028759344683525184,6.663747004642673e-06,-6.663747004642673e-06,8.408869762721594e-07,-8.408869762721594e-07,1.3859067716559537e-05,-1.3859067716559537e-05,False,1223,1201,True,True
1222,DSC08003.JPG,261.0,161.0,4.628725528717041,1.3953517808174571,1.5744595511068615,0.9091935409239975,-0.16736150638114616,0.8468564473164872,0.5048012319916934,1.0231501914713477,1.0457592692134847,1.764118363859469,1.0231501914713477,1.0457592692134847,1.764118363859469,False,False,False,False,0.0,-0.0,0.0,-0.0,0.0,-0.0,0.0,6.089756838780756e-05,0.004861074877544773,0.005300548947302842,0.0021305399168322424,"[1, 1, 1]",0.0053040111792605005,1.4400033600647788e-05,-1.4400033600647788e-05,-9.07536466465686e-06,9.07536466465686e-06,1.1129603874948657e-05,-1.1129603874948657e-05,False,1224,1266,True,True
1223,DSC08003.JPG,262.0,161.0,4.619028091430664,1.3810879477997406,1.5726304684730243,0.906639125891401,0.062018211452292804,0.9044467545040277,0.42205427342391616,1.0122168406206749,1.0363556882154814,1.7618027612624017,1.0122168406206749,1.0363556882154814,1.7618027612624017,False,False,False,False,0.0,-0.0,0.0,-0.0,0.0,-0.0,0.0,5.707989033671534e-05,0.006998729676749137,0.007435646887406359,0.002576579806716427,"[1, 1, 1]",0.007446805506737849,2.027314493435739e-05,-2.027314493435739e-05,-1.6051475532075088e-05,1.6051475532075088e-05,1.0011012983923706e-05,-1.0011012983923706e-05,False,1225,1289,True,True
1224,DSC08003.JPG,263.0,161.0,4.630387783050537,1.3834153095234227,1.581500410430623,0.8959966660353227,0.2772222584694886,-0.7859989010888582,-0.5525880444745283,1.0041008170642869,1.047584600532702,1.7641257172491995,1.0041008170642869,1.047584600532702,1.7641257172491995,False,False,False,False,0.0,-0.0,0.0,-0.0,0.0,-0.0,0.0,6.533939372285868e-05,0.010110551046889333,0.010331479841902545,0.002195755274117281,"[1, 1, 1]",0.010338860175189242,2.9963951876821326e-05,-2.9963951876821326e-05,-3.216181103615767e-05,3.216181103615767e-05,2.1831439322994584e-07,-2.1831439322994584e-07,False,1226,1575,True,True
1225,DSC08003.JPG,264.0,161.0,4.631337642669678,1.377536731346995,1.5850829887317235,0.8893489321813093,-0.06100624060043521,0.8728419357308002,0.48417475547317784,0.9945863510923914,1.0486136620855915,1.7641554433941076,0.9945863510923914,1.0486136620855915,1.7641554433941076,False,False,False,False,0.0,-0.0,0.0,-0.0,0.0,-0.0,0.0,6.831849973306966e-05,0.012821172883514932,0.012995124066904404,0.0022286812152098527,"[1, 1, 1]",0.013004282797713934,3.801317084906053e-05,-3.801317084906053e-05,-4.41261521559877e-05,4.41261521559877e-05,-5.467624375032898e-06,5.467624375032898e-06,False,1227,1392,True,True
1226,DSC08003.JPG,265.0,161.0,4.617342948913574,1.3599428736651118,1.5810443696184238,0.8884980356718818,0.2507228392437889,0.8748930126294727,0.41436731812928806,0.9831592944048108,1.034998653797695,1.7608947345567902,0.9831592944048108,1.034998653797695,1.7608947345567902,False,False,False,False,0.0,-0.0,0.0,-0.0,0.0,-0.0,0.0,6.47030550654662e-05,0.013738473664865095,0.013982247129421308,0.002889357722223758,"[1, 1, 1]",0.014010661669357615,3.945019225515267e-05,-3.945019225515267e-05,-4.473943034155603e-05,4.473943034155603e-05,-3.851897810047689e-06,3.851897810047689e-06,False,1228,1428,True,True
1227,DSC08003.JPG,266.0,161.0,4.68584680557251,1.406927991684227,1.619120610736669,0.8555586491328073,0.006958920333792052,0.990926312640689,0.13422598982356373,0.9821550451922441,1.1022248140843596,1.7757957242945968,0.9821550451922441,1.1022248140843596,1.7757957242945968,False,False,False,False,0.0,-0.0,0.0,-0.0,0.0,-0.0,0.0,0.0001023820604441274,0.025123812778924934,0.02522361820269262,0.0023179819276781654,"[1, 1, 1]",0.025227068036594885,7.899383402021343e-05,-7.899383402021343e-05,-0.00012515864045448133,0.00012515864045448133,-6.918041230230543e-05,6.918041230230543e-05,False,1229,516,True,True
1228,DSC08003.JPG,267.0,161.0,4.670093536376953,1.3879229695415074,1.6142004240705528,0.8553589894479008,-0.48658076563241465,0.8303994626819059,0.27143303206164,0.9704555148841758,1.0868870729294027,1.7721469362357198,0.9704555148841758,1.0868870729294027,1.7721469362357198,False,False,False,False,0.0,-0.0,0.0,-0.0,0.0,-0.0,0.0,9.659562894164345e-05,0.02702884043993386,0.0270324567116654,0.00046928357934181045,"[1, 1, 1]",0.027032685387151936,8.386523940995261e-05,-8.386523940995261e-05,-0.00012291147522813795,0.00012291147522813795,-5.6229031745846925e-05,5.6229031745846925e-05,False,1230,636,True,True
1229,DSC08003.JPG,268.0,161.0,4.645058631896973,1.3617285198294011,1.604506420722416,0.8588416814018681,0.19810000208776557,0.7820156883177302,0.590938112155388,0.9576941198124076,1.0624530329581838,1.766456898767732,0.9576941198124076,1.0624530329581838,1.766456898767732,False,False,False,False,0.0,-0.0,0.0,-0.0,0.0,-0.0,0.0,8.78874020809031e-05,0.026159247443999865,0.02620546427642484,0.0017608025330832458,"[1, 1, 1]",0.026211953486687544,7.886963307135453e-05,-7.886963307135453e-05,-0.00010653484501577104,0.00010653484501577104,-3.723367967767288e-05,3.723367967767288e-05,False,1231,841,True,True
1230,DSC08003.JPG,269.0,161.0,4.703045845031738,1.4001979014153705,1.6373465764464308,0.8297241246864815,-0.17833799385208032,-0.8535563532434941,-0.4895274372152013,0.9549488579019865,1.119378033794464,1.7790350176052565,0.9549488579019865,1.119378033794464,1.7790350176052565,False,False,False,False,0.0,-0.0,0.0,-0.0,0.0,-0.0,0.0,0.00011939974787207571,0.04081784580198542,0.04103014572179927,0.004415068667826073,"[1, 1, 1]",0.04104303977725702,0.00012930614414452535,-0.00012930614414452535,-0.0002069646209743592,0.0002069646209743592,-0.00011686500723495641,0.00011686500723495641,False,1232,254,True,True
1231,DSC08003.JPG,270.0,161.0,4.650718688964844,1.3528332876892717,1.6136293838256732,0.8440062100100731,0.18094677798536624,0.7752993251068518,0.6051191783653652,0.9390215067160159,1.0681971608519871,1.7673419619965718,0.9390215067160159,1.0681971608519871,1.7673419619965718,False,False,False,False,0.0,-0.0,0.0,-0.0,0.0,-0.0,0.0,9.811669496838851e-05,0.03364320378668118,0.033667980379676804,0.0015279106552956007,"[1, 1, 1]",0.03367293106877773,0.00010194897044391027,-0.00010194897044391027,-0.00014135400539672105,0.00014135400539672105,-5.442898960605902e-05,5.442898960605902e-05,False,1233,656,True,True
1232,DSC08003.JPG,271.0,161.0,4.653553485870361,1.3483772216488321,1.6181989983482243,0.8365750695731229,0.15726696479872973,0.9232447129762131,0.3505514252495132,0.9296680782255003,1.0710740781869659,1.7677852133424874,0.9296680782255003,1.0710740781869659,1.7677852133424874,False,False,False,False,0.0,-0.0,0.0,-0.0,0.0,-0.0,0.0,0.00010341368827390425,0.03761931347873279,0.037636934314819834,0.0013942939227180066,"[1, 1, 1]",0.03764103895292898,0.00011425968109346485,-0.00011425968109346485,-0.00015989422362205907,0.00015989422362205907,-6.354542106334904e-05,6.354542106334904e-05,False,1234,554,True,True
1233,DSC08003.JPG,272.0,161.0,4.591786861419678,1.2939296288229682,1.5895198281990153,0.8548189533346767,-0.12066511526348152,-0.7544492135559797,-0.6451715385253868,0.9129935448978838,1.0106388305665377,1.7540223923000136,0.9129935448978838,1.0106388305665377,1.7540223923000136,False,False,False,False,0.0,-0.0,0.0,-0.0,0.0,-0.0,0.0,8.994105709752763e-05,0.021691041537435625,0.021686894558251266,0.004632627651905291,"[1, 1, 1]",0.02193494834764111,5.538170802621423e-05,-5.538170802621423e-05,-7.61147802472717e-05,7.61147802472717e-05,-2.84012333997552e-05,2.84012333997552e-05,False,1235,964,True,True
1234,DSC08003.JPG,273.0,161.0,4.693019390106201,1.3655412896179988,1.644768353253814,0.8082079368566397,0.09752658032691701,-0.8594827233932818,-0.501774864175364,0.9146793459316779,1.109950888995573,1.7761015558967492,0.9146793459316779,1.109950888995573,1.7761015558967492,False,False,False,False,0.0,-0.0,0.0,-0.0,0.0,-0.0,0.0,0.00012819374744193617,0.05648660871224325,0.05653635592731153,0.0027255680323776395,"[1, 1, 1]",0.05654434202071,0.000177177656498273,-0.000177177656498273,-0.00026674689603312096,0.00026674689603312096,-0.00013104685953235773,0.00013104685953235773,False,1236,209,True,True
1235,DSC08003.JPG,274.0,161.0,4.694664478302002,1.360095442826397,1.648757991010584,0.8011840907630448,-0.019994758913714137,0.7779392859932984,0.6280212392301866,0.9050905144105421,1.111662866760001,1.7762813136440958,0.9050905144105421,1.111662866760001,1.7762813136440958,False,False,False,False,0.0,-0.0,0.0,-0.0,0.0,-0.0,0.0,0.0001328767467861018,0.061420715317139274,0.06146982873642569,0.0028772451826891733,"[1, 1, 1]",0.061478950282403425,0.0001926578094086917,-0.0001926578094086917,-0.00028952822862193806,0.00028952822862193806,-0.0001415946372467225,0.0001415946372467225,False,1237,175,True,True
1236,DSC08003.JPG,275.0,161.0,4.677456378936768,1.3401387154178552,1.643007594296002,0.8017277035198777,-0.17891896647672142,0.7398309871930953,0.648566198490017,0.893479421560897,1.0948967455182896,1.772317319773205,0.893479421560897,1.0948967455182896,1.772317319773205,False,False,False,False,0.0,-0.0,0.0,-0.0,0.0,-0.0,0.0,0.0001301194113260687,0.05970072564860633,0.05970276194606841,0.0006233500730436118,"[1, 1, 1]",0.05970337089454394,0.00018480551865796002,-0.00018480551865796002,-0.0002694155007858523,0.0002694155007858523,-0.00012145875726599087,0.00012145875726599087,False,1238,241,True,True
1237,DSC08003.JPG,276.0,161.0,4.678833484649658,1.3345046166329153,1.6468503616748487,0.7948284957472206,-0.16288514285206107,0.79272867574446,0.5874092924788459,0.8838880452401929,1.0963458050989947,1.7724386653247675,0.8838880452401929,1.0963458050989947,1.7724386653247675,False,False,False,False,0.0,-0.0,0.0,-0.0,0.0,-0.0,0.0,0.0001351454290883251,0.06421955062195356,0.06422180992221432,0.0006997699849035087,"[1, 1, 1]",0.06422258648600578,0.00019880206324085492,-0.00019880206324085492,-0.0002900070428462076,0.0002900070428462076,-0.00013098467582306483,0.00013098467582306483,False,1239,210,True,True
1238,DSC08003.JPG,277.0,161.0,4.67124605178833,1.321994658973032,1.646050618996724,0.7915502579446833,0.02312593443743956,0.8246795241361722,0.5651273074511014,0.8733699414244952,1.0890083222577744,1.770590339117013,0.8733699414244952,1.0890083222577744,1.770590339117013,False,False,False,False,0.0,-0.0,0.0,-0.0,0.0,-0.0,0.0,0.00013711667514152565,0.06505893197892665,0.06505920013273726,0.0002611110055536935,"[1, 1, 1]",0.06505932803858404,0.00019990439123995785,-0.00019990439123995785,-0.00028875007033390965,0.00028875007033390965,-0.00012676079968354514,0.00012676079968354514,False,1240,227,True,True
1239,DSC08003.JPG,278.0,161.0,4.702557563781738,1.3392694047956433,1.6654195402884795,0.772511511608804,-0.08119429397132895,0.9578852976398579,0.27543282882020115,0.8667988407514567,1.1197981804863106,1.777287434270542,0.8667988407514567,1.1197981804863106,1.777287434270542,False,False,False,False,0.0,-0.0,0.0,-0.0,0.0,-0.0,0.0,0.00015318876257381763,0.08269783678321128,0.08275016328012678,0.003729415221326291,"[1, 1, 1]",0.08276602646687886,0.00025956537362059606,-0.00025956537362059606,-0.00038887920262475895,0.00038887920262475895,-0.0001887238678404124,0.0001887238678404124,False,1241,97,True,True
1240,DSC08003.JPG,279.0,161.0,4.680253505706787,1.3155080465950322,1.6569814241101881,0.7752120939875808,0.02828513275822037,0.8198873866645306,0.5718256941177586,0.8548122550618866,1.0980357401857896,1.772206583059033,0.8548122550618866,1.0980357401857896,1.772206583059033,False,False,False,False,0.0,-0.0,0.0,-0.0,0.0,-0.0,0.0,0.0001498141368040842,0.0769912273170752,0.07699237752959762,0.0006069201761506057,"[1, 1, 1]",0.07699299849463467,0.00023785163644318708,-0.00023785163644318708,-0.0003466285715714168,0.0003466285715714168,-0.000156134250858031,0.000156134250858031,False,1242,147,True,True
1241,DSC08003.JPG,241.0,162.0,4.608208179473877,1.508371891232948,1.509213039310118,1.048205941535468,-0.3509575057420322,-0.7490543186508867,-0.5619132111579042,1.211990974495737,1.020699081976761,1.772257520212081,1.211990974495737,1.020699081976761,1.772257520212081,False,False,False,False,0.0,-0.0,0.0,-0.0,0.0,-0.0,0.0,0.000116174630565017,0.03330211871947244,0.03330180860343908,0.00039240350732500795,"[1, 1, 1]",0.0333031195725663,-0.00010438007611157651,0.00010438007611157651,0.00014603314892513986,-0.00014603314892513986,5.795740958980389e-05,-5.795740958980389e-05,False,1243,612,True,True
1242,DSC08003.JPG,242.0,162.0,4.589873790740967,1.4868171552280773,1.5032004642151486,1.0484740392517728,0.03096956050511802,0.8395503330218292,0.5423984924804416,1.199180899248761,1.0028520224472455,1.7679897317666988,1.199180899248761,1.0028520224472455,1.7679897317666988,False,False,False,False,0.0,-0.0,0.0,-0.0,0.0,-0.0,0.0,0.00010471894997249244,0.022894427168520356,0.022888421723972152,0.0008993175169123908,"[1, 1, 1]",0.022900255636202144,-6.855534434313526e-05,6.855534434313526e-05,0.00010450407253936866,-0.00010450407253936866,5.2912195393162165e-05,-5.2912195393162165e-05,False,1244,672,True,True
1243,DSC08003.JPG,243.0,162.0,4.589514255523682,1.47995785047134,1.5060934683153575,1.042376885952795,-0.20986882589717487,-0.7816088763852691,-0.5874033029123163,1.189565105943254,1.002597575000963,1.7677316844382756,1.189565105943254,1.002597575000963,1.7677316844382756,False,False,False,False,0.0,-0.0,0.0,-0.0,0.0,-0.0,0.0,9.892271958651658e-05,0.021391611714425458,0.02138575882471952,0.0009327847307129777,"[1, 1, 1]",0.02139885301076663,-6.383975004409237e-05,6.383975004409237e-05,9.80799071836902e-05,-9.80799071836902e-05,5.059329129819545e-05,-5.059329129819545e-05,False,1245,697,True,True
1244,DSC08003.JPG,244.0,162.0,4.593571662902832,1.4766914580862136,1.5111833361189055,1.0346983688646096,0.0804642393393405,0.9141247758203285,0.39736809184806926,1.1807077887588944,1.0066664121912035,1.7684584542503428,1.1807077887588944,1.0066664121912035,1.7684584542503428,False,False,False,False,0.0,-0.0,0.0,-0.0,0.0,-0.0,0.0,9.457148017356008e-05,0.021696493564149405,0.021694589256168274,0.0007257065948784268,"[1, 1, 1]",0.021701609243386988,-6.545624030174224e-05,6.545624030174224e-05,9.895318957631183e-05,-9.895318957631183e-05,4.909234598171608e-05,-4.909234598171608e-05,False,1246,710,True,True
1245,DSC08003.JPG,245.0,162.0,4.564417839050293,1.4464534012129584,1.4997344531932633,1.0389515848634079,-0.03918236091733306,0.6304044425335499,0.7752773577416718,1.166210938107795,0.9782275897567896,1.7617815126008047,1.166210938107795,0.9782275897567896,1.7617815126008047,False,False,False,False,0.0,-0.0,0.0,-0.0,0.0,-0.0,0.0,8.07424359451034e-05,0.009618716481993793,0.009493933819805294,0.0019215565778740533,"[1, 1, 1]",0.009652638669389767,-2.354713986374435e-05,2.354713986374435e-05,4.6742405257926833e-05,-4.6742405257926833e-05,3.691715296438858e-05,-3.691715296438858e-05,False,1247,847,True,True
1246,DSC08003.JPG,246.0,162.0,4.542246341705322,1.4219568516912091,1.4917294697570151,1.0407635752786888,-0.10739515466966597,0.851886841519492,0.5125964201976273,1.1530030207348416,0.956622121417764,1.7566630495432265,1.1530030207348416,0.956622121417764,1.7566630495432265,False,False,False,False,0.0,-0.0,0.0,-0.0,0.0,-0.0,0.0,7.104333397520542e-05,0.0029441374986026755,0.0017032912629877115,0.002427191235637106,"[1, 1, 1]",0.0029546914030581044,2.7682750520785504e-06,-2.7682750520785504e-06,8.951046741367819e-06,-8.951046741367819e-06,2.061866561176018e-05,-2.061866561176018e-05,False,1248,1066,True,True
1247,DSC08003.JPG,247.0,162.0,4.586453437805176,1.4512183127012444,1.5168501639313445,1.0185859413438623,-0.14495469902897928,-0.9160234484054702,-0.37401761616368945,1.1508489361804601,0.9999912543591707,1.7663381749084268,1.1508489361804601,0.9999912543591707,1.7663381749084268,False,False,False,False,0.0,-0.0,0.0,-0.0,0.0,-0.0,0.0,7.561781146112848e-05,0.01500180534411201,0.015000042536825497,0.001080565487275744,"[1, 1, 1]",0.015020370525969318,-4.38628245984507e-05,4.38628245984507e-05,7.085889634717013e-05,-7.085889634717013e-05,4.075860016650168e-05,-4.075860016650168e-05,False,1249,794,True,True
1248,DSC08003.JPG,248.0,162.0,4.588212966918945,1.446077582176316,1.5207995426897385,1.011725228630432,0.14889960392581883,0.9628574594597533,0.2252430258930208,1.141589528228666,1.0018110145794066,1.7665524620207436,1.141589528228666,1.0018110145794066,1.7665524620207436,False,False,False,False,0.0,-0.0,0.0,-0.0,0.0,-0.0,0.0,7.08304476500282e-05,0.01424019799884999,0.014243029292493917,0.0010066063704242808,"[1, 1, 1]",0.014259389531070744,-4.183633159082767e-05,4.183633159082767e-05,6.74595577934145e-05,-6.74595577934145e-05,3.865865232333121e-05,-3.865865232333121e-05,False,1250,824,True,True
1249,DSC08003.JPG,249.0,162.0,4.5899739265441895,1.440932970246397,1.5247519929035438,1.0048592206768345,-0.07926280588990589,-0.9896808898896007,-0.11936977753932157,1.132323025934715,1.0036322498558747,1.7667669314238863,1.132323025934715,1.0036322498558747,1.7667669314238863,False,False,False,False,0.0,-0.0,0.0,-0.0,0.0,-0.0,0.0,6.622935391612554e-05,0.013384142150985283,0.01339102717615228,0.0009389185228317602,"[1, 1, 1]",0.013404037399638745,-3.949562881766511e-05,3.949562881766511e-05,6.362369650481092e-05,-6.362369650481092e-05,3.6389525427171776e-05,-3.6389525427171776e-05,False,1251,853,True,True
1250,DSC08003.JPG,250.0,162.0,4.545701026916504,1.3987434598893418,1.5056209906944973,1.0148543747082275,0.12461520675532166,0.8468307963720317,0.5170576878465681,1.1157347636134753,0.9603897903686501,1.7567283864865273,1.1157347636134753,0.9603897903686501,1.7567283864865273,False,False,False,False,0.0,-0.0,0.0,-0.0,0.0,-0.0,0.0,4.807878954303108e-05,0.002489904629136614,0.0019538801559849444,0.0016549170534818588,"[1, 1, 1]",0.002525472547918704,-6.146483568780781e-07,6.146483568780781e-07,1.095823142427399e-05,-1.095823142427399e-05,1.7788293229958896e-05,-1.7788293229958896e-05,False,1252,1130,True,True
1251,DSC08003.JPG,251.0,162.0,4.573056221008301,1.4142116987097633,1.52239988968623,0.9986292906901708,-0.07955317616120869,0.9427014924347723,0.3240141792019552,1.1105628723240335,0.987265618259068,1.762643843414627,1.1105628723240335,0.987265618259068,1.762643843414627,False,False,False,False,0.0,-0.0,0.0,-0.0,0.0,-0.0,0.0,4.9454820072333714e-05,0.007045914017159188,0.007059477413027155,0.0013138247701820723,"[1, 1, 1]",0.007113622965834425,-1.87623483092203e-05,1.87623483092203e-05,3.6798648781255494e-05,-3.6798648781255494e-05,2.8645758786360886e-05,-2.8645758786360886e-05,False,1253,962,True,True
1252,DSC08003.JPG,252.0,162.0,4.580155849456787,1.4133615481554718,1.529030200173325,0.9898062052534036,0.28435055424386985,0.9375556974092913,0.20033491097804543,1.1021429714702395,0.9943130355411902,1.7640473351348227,1.1021429714702395,0.9943130355411902,1.7640473351348227,False,False,False,False,0.0,-0.0,0.0,-0.0,0.0,-0.0,0.0,4.715898779431291e-05,0.0073680357551891085,0.007404710668797813,0.0011683907166189663,"[1, 1, 1]",0.007432456740235013,-2.061908831452186e-05,2.061908831452186e-05,3.8330141583164945e-05,-3.8330141583164945e-05,2.7834838809859264e-05,-2.7834838809859264e-05,False,1254,972,True,True
1253,DSC08003.JPG,253.0,162.0,4.587277412414551,1.4125086385587489,1.5356810571682387,0.980955735037836,-0.675525755357949,-0.7147406414203259,-0.1811374322169043,1.0936968643465306,1.0013822279908784,1.7654551593950676,1.0936968643465306,1.0013822279908784,1.7654551593950676,False,False,False,False,0.0,-0.0,0.0,-0.0,0.0,-0.0,0.0,4.581995017858368e-05,0.007368302370250041,0.0074110961660813065,0.0010116086484950016,"[1, 1, 1]",0.0074242703251136055,-2.1325587377329924e-05,2.1325587377329924e-05,3.8004446878625586e-05,-3.8004446878625586e-05,2.595678616446051e-05,-2.595678616446051e-05,False,1255,989,True,True
1254,DSC08003.JPG,254.0,162.0,4.594421863555908,1.4116536376690436,1.5423529855248552,0.9720774362086141,0.2839963239215243,0.8374118949589956,0.4669982935517484,1.0852245575801416,1.0084741306635099,1.7668675259042643,1.0852245575801416,1.0084741306635099,1.7668675259042643,False,False,False,False,0.0,-0.0,0.0,-0.0,0.0,-0.0,0.0,4.553268395334408e-05,0.007038756575167063,0.007076266968580744,0.0008268884815855073,"[1, 1, 1]",0.007081715668773784,-2.0871758726226375e-05,2.0871758726226375e-05,3.580499339439491e-05,-3.580499339439491e-05,2.3001753131968172e-05,-2.3001753131968172e-05,False,1256,1035,True,True
1255,DSC08003.JPG,255.0,162.0,4.601587772369385,1.4107953064642842,1.549045309011909,0.9631717494465204,0.23018053969713262,0.8480320130351435,0.4773453927841967,1.0767256958417752,1.0155873444994405,1.7682841136683738,1.0767256958417752,1.0155873444994405,1.7682841136683738,False,False,False,False,0.0,-0.0,0.0,-0.0,0.0,-0.0,0.0,4.632592957880032e-05,0.00637321343066566,0.006398066121480026,0.0006014694454479389,"[1, 1, 1]",0.006399799440261018,-1.9246340382306215e-05,1.9246340382306215e-05,3.1713515686870863e-05,-3.1713515686870863e-05,1.8959139890917243e-05,-1.8959139890917243e-05,False,1257,1103,True,True
1256,DSC08003.JPG,256.0,162.0,4.5941481590271,1.398289916664875,1.548363962863906,0.9597166729922887,0.25039505504163456,0.8882483170733432,0.38511977828601646,1.0660586983105322,1.0084012676983523,1.7664505314393837,1.0660586983105322,1.0084012676983523,1.7664505314393837,False,False,False,False,0.0,-0.0,0.0,-0.0,0.0,-0.0,0.0,3.9367655322872496e-05,0.003951735385123284,0.004039408844603392,0.0008714490651787512,"[1, 1, 1]",0.004043047243632385,-1.1661286289932349e-05,1.1661286289932349e-05,2.2559851107883944e-05,-2.2559851107883944e-05,1.726612971619801e-05,-1.726612971619801e-05,False,1258,1144,True,True
1257,DSC08003.JPG,257.0,162.0,4.693429946899414,1.4706074576432053,1.6016929844647598,0.9161678071586619,0.13047461531861212,0.8756350368264552,-0.4650157599903392,1.0708249681205648,1.1057031561739183,1.7883580681479816,1.0708249681205648,1.1057031561739183,1.7883580681479816,False,False,False,False,0.0,-0.0,0.0,-0.0,0.0,-0.0,0.0,9.979033416910155e-05,0.012746191611707224,0.01534365519140714,0.008609060342902979,"[1, 1, 1]",0.015362439203510918,-4.194892927911198e-05,4.194892927911198e-05,5.908854348923853e-06,-5.908854348923853e-06,-6.789004327378834e-05,6.789004327378834e-05,False,1259,524,True,True
1258,DSC08003.JPG,258.0,162.0,4.593939781188965,1.3849795775722717,1.5544073183660576,0.9473327514156122,0.4076666310282583,0.8549662832883704,0.32068765549384626,1.0469044099489155,1.0083923426189676,1.766048109017375,1.0469044099489155,1.0083923426189676,1.766048109017375,False,False,False,False,0.0,-0.0,0.0,-0.0,0.0,-0.0,0.0,3.635759370181053e-05,0.0008748247399191528,0.00127479584586177,0.0009290795260040787,"[1, 1, 1]",0.0012754629629813917,-2.5695105190237655e-06,2.5695105190237655e-06,9.347952512728241e-06,-9.347952512728241e-06,1.1366712568072757e-05,-1.1366712568072757e-05,False,1260,1258,True,True
1259,DSC08003.JPG,259.0,162.0,4.593835830688477,1.3783250439606147,1.5574289079438999,0.9411411243141212,0.7305764135269917,0.6749949053524115,-0.10315028718489974,1.037327949765593,1.0083881068823337,1.7658469629378937,1.037327949765593,1.0083881068823337,1.7658469629378937,False,False,False,False,0.0,-0.0,0.0,-0.0,0.0,-0.0,0.0,3.629727783173302e-05,0.0006635035302915487,0.0011706684466370695,0.0009655798715344909,"[1, 1, 1]",0.0011711204111863134,1.944254860219985e-06,-1.944254860219985e-06,2.742285822199264e-06,-2.742285822199264e-06,8.357597887531654e-06,-8.357597887531654e-06,False,1261,1324,True,True
1260,DSC08003.JPG,260.0,162.0,4.59373140335083,1.371670430926577,1.5604501160675415,0.9349499603704852,0.6777823420964291,0.7351513727065455,-0.012788899482018104,1.0277518564694863,1.0083833998414684,1.7656457188966206,1.0277518564694863,1.0083833998414684,1.7656457188966206,False,False,False,False,0.0,-0.0,0.0,-0.0,0.0,-0.0,0.0,3.7230729216697105e-05,0.0022018302586169084,0.002416468870218775,0.0010081599119138374,"[1, 1, 1]",0.0024190663454945007,6.436790521924252e-06,-6.436790521924252e-06,-3.863367205036994e-06,3.863367205036994e-06,5.308922759184043e-06,-5.308922759184043e-06,False,1262,1397,True,True
1261,DSC08003.JPG,261.0,162.0,4.593627452850342,1.3650164928561976,1.5634714270641583,0.928758897888011,0.6871097394812706,0.7265458295593367,-0.0033709731407792986,1.0181762627347624,1.0083791552659036,1.7654445889492878,1.0181762627347624,1.0083791552659036,1.7654445889492878,False,False,False,False,0.0,-0.0,0.0,-0.0,0.0,-0.0,0.0,3.908720759949201e-05,0.0037402149383699563,0.003876764923049579,0.001057367897713757,"[1, 1, 1]",0.0038817870192543393,1.0908241246276873e-05,-1.0908241246276873e-05,-1.0469326309214821e-05,1.0469326309214821e-05,2.2204047263052473e-06,-2.2204047263052473e-06,False,1263,1485,True,True
1262,DSC08003.JPG,262.0,162.0,4.593523025512695,1.358362476727794,1.566492355968359,0.9225682998569058,-0.5151129733873872,-0.8472816420625814,0.12950846949810227,1.0086010378722454,1.0083744393658582,1.7652433610771208,1.0086010378722454,1.0083744393658582,1.7652433610771208,False,False,False,False,0.0,-0.0,0.0,-0.0,0.0,-0.0,0.0,4.174315071798076e-05,0.005278687409324491,0.005379438656059206,0.0011136733533890838,"[1, 1, 1]",0.005387168555391484,1.535862351120798e-05,-1.535862351120798e-05,-1.7075514038955575e-05,1.7075514038955575e-05,-9.077913047939035e-07,9.077913047939035e-07,False,1264,1544,True,True
1263,DSC08003.JPG,263.0,162.0,4.593419075012207,1.351709134198691,1.5695133883837504,0.9163778019934492,-0.5308501287802792,-0.840989029609929,-0.10457338499690579,0.9990263105861193,1.0083701859513614,1.7650422472619365,0.9990263105861193,1.0083701859513614,1.7650422472619365,False,False,False,False,0.0,-0.0,0.0,-0.0,0.0,-0.0,0.0,4.505772311491767e-05,0.006817357442580759,0.0068967815104507045,0.001177377384724078,"[1, 1, 1]",0.006907538409385668,1.9788258096564704e-05,-1.9788258096564704e-05,-2.368246892481274e-05,2.368246892481274e-05,-4.075998149222215e-06,4.075998149222215e-06,False,1265,1423,True,True
1264,DSC08003.JPG,264.0,162.0,4.662880897521973,1.3996369254924679,1.6080730235159977,0.8833790215631664,-0.5647420890978228,0.6236001084880672,0.5405453519318223,0.9984783548435051,1.0764863935620428,1.7802974154013096,0.9984783548435051,1.0764863935620428,1.7802974154013096,False,False,False,False,0.0,-0.0,0.0,-0.0,0.0,-0.0,0.0,8.374039299519473e-05,0.01511783374041456,0.015553649186884342,0.0037508351872746243,"[1, 1, 1]",0.015564923141423161,4.867203742864312e-05,-4.867203742864312e-05,-8.896709891859089e-05,8.896709891859089e-05,-6.309815502847371e-05,6.309815502847371e-05,False,1266,556,True,True
1265,DSC08003.JPG,265.0,162.0,4.608804702758789,1.3506156103503366,1.5835316645572706,0.8979672232136222,-0.23561009184767367,-0.9047930393739843,-0.3547357333564223,0.9818689982599625,1.0236315525407353,1.7681040434438633,0.9818689982599625,1.0236315525407353,1.7681040434438633,False,False,False,False,0.0,-0.0,0.0,-0.0,0.0,-0.0,0.0,5.918329209667163e-05,0.012115191470733805,0.012132304262994647,0.0007472095060804094,"[1, 1, 1]",0.012135258420847202,3.6579468321695785e-05,-3.6579468321695785e-05,-4.971507684481402e-05,4.971507684481402e-05,-1.779299611737173e-05,1.779299611737173e-05,False,1267,1129,True,True
1266,DSC08003.JPG,266.0,162.0,4.617005348205566,1.3504328198888038,1.5908163603950678,0.8885335507577076,-0.25159063573611745,-0.8659774350864653,-0.43218657305724245,0.9733060847491778,1.0317600282288508,1.769746838927807,0.9733060847491778,1.0317600282288508,1.769746838927807,False,False,False,False,0.0,-0.0,0.0,-0.0,0.0,-0.0,0.0,6.655776599912968e-05,0.015408850851215556,0.01541222173695942,0.00037712159036701646,"[1, 1, 1]",0.01541284342437786,4.7188906510342576e-05,-4.7188906510342576e-05,-6.641943168883557e-05,6.641943168883557e-05,-2.6902399052897152e-05,2.6902399052897152e-05,False,1268,982,True,True
1267,DSC08003.JPG,267.0,162.0,4.623794078826904,1.3491248461724517,1.5973878992950057,0.8796274872551025,-0.2578417551849732,-0.817563257789028,-0.5148863455137682,0.9645346501027374,1.0385061815315078,1.7710754606680983,0.9645346501027374,1.0385061815315078,1.7710754606680983,False,False,False,False,0.0,-0.0,0.0,-0.0,0.0,-0.0,0.0,7.339117585384767e-05,0.018848654736207258,0.018848655915726324,7.963470424126384e-06,"[1, 1, 1]",0.01884865616709923,5.82583276791393e-05,-5.82583276791393e-05,-8.375244157687867e-05,8.375244157687867e-05,-3.6241988655483226e-05,3.6241988655483226e-05,False,1269,855,True,True
1268,DSC08003.JPG,268.0,162.0,4.655266761779785,1.36702305619119,1.6166447757859124,0.8610566322247182,0.30573023683452893,0.6387156680932389,0.7060958275031163,0.9587322516456757,1.0694258349236039,1.7778840638198896,0.9587322516456757,1.0694258349236039,1.7778840638198896,False,False,False,False,0.0,-0.0,0.0,-0.0,0.0,-0.0,0.0,9.11141423234086e-05,0.02745858008755242,0.027566505051861978,0.002711632547136733,"[1, 1, 1]",0.027579328953884395,8.756323303571456e-05,-8.756323303571456e-05,-0.00013727432112964344,0.00013727432112964344,-7.41607942997824e-05,7.41607942997824e-05,False,1270,476,True,True
1269,DSC08003.JPG,269.0,162.0,4.622270107269287,1.33471016626721,1.6027929066836015,0.8676821666818233,0.2578234360950568,0.8732476115410208,0.4134799689683172,0.9451047115939359,1.037210066293612,1.7703787827841027,0.9451047115939359,1.037210066293612,1.7703787827841027,False,False,False,False,0.0,-0.0,0.0,-0.0,0.0,-0.0,0.0,8.146936339602062e-05,0.02326322133328809,0.023263845952252896,0.0002255885830138716,"[1, 1, 1]",0.023264080526660496,7.154237614370729e-05,-7.154237614370729e-05,-0.00010227259674655542,0.00010227259674655542,-4.351022080939515e-05,4.351022080939515e-05,False,1271,764,True,True
1270,DSC08003.JPG,270.0,162.0,4.6256489753723145,1.3307194385119556,1.6076259260746513,0.8600831472973733,0.31219983878705193,0.8607432055363772,0.4020601880120696,0.9358800738676722,1.040617310639593,1.7709495934725448,0.9358800738676722,1.040617310639593,1.7709495934725448,False,False,False,False,0.0,-0.0,0.0,-0.0,0.0,-0.0,0.0,8.727159915764162e-05,0.026502099782203106,0.026502125031407343,5.0024141813758234e-05,"[1, 1, 1]",0.026502136005727175,8.179501622085361e-05,-8.179501622085361e-05,-0.00011762102008039399,0.00011762102008039399,-5.0942228517758537e-05,5.0942228517758537e-05,False,1272,695,True,True
1271,DSC08003.JPG,271.0,162.0,4.629032611846924,1.32672273641172,1.6124659261966228,0.8524730792096467,0.1917501566652761,0.7781072939308815,0.5981479052461882,0.9266419197285947,1.0440293684859412,1.7715212004304846,0.9266419197285947,1.0440293684859412,1.7715212004304846,False,False,False,False,0.0,-0.0,0.0,-0.0,0.0,-0.0,0.0,9.313561948689862e-05,0.029923542845530653,0.029923717199801612,0.00014437107875104983,"[1, 1, 1]",0.02992380416341034,9.265632475785601e-05,-9.265632475785601e-05,-0.00013386321160058223,0.00013386321160058223,-5.878569441852832e-05,5.878569441852832e-05,False,1273,608,True,True
1272,DSC08003.JPG,272.0,162.0,4.632421016693115,1.3227200395011682,1.6173129166227553,0.844851943015929,0.2400046996990024,0.9056874822726423,0.3494680651748226,0.9173902194018377,1.0474462401363995,1.772093603103554,0.9173902194018377,1.0474462401363995,1.772093603103554,False,False,False,False,0.0,-0.0,0.0,-0.0,0.0,-0.0,0.0,9.905217546024633e-05,0.03352848039034504,0.03352937687398737,0.00035796744667144717,"[1, 1, 1]",0.033529884064927,0.00010412827091155208,-0.00010412827091155208,-0.00015100455229233312,0.00015100455229233312,-6.704630883636042e-05,6.704630883636042e-05,False,1274,531,True,True
1273,DSC08003.JPG,273.0,162.0,4.765031337738037,1.4184304719956844,1.6889577380649314,0.785845931301733,-0.4109976666314815,0.8091655879369466,0.4199190032876972,0.922470612547804,1.17742513465112,1.8013314780673408,0.922470612547804,1.17742513465112,1.8013314780673408,False,False,False,False,0.0,-0.0,0.0,-0.0,0.0,-0.0,0.0,0.00016236549485062964,0.0756309068952684,0.07859278101965504,0.022692745750837583,"[1, 1, 1]",0.07877759886357266,0.000249875880190098,-0.000249875880190098,-0.0004666060266880212,0.0004666060266880212,-0.000341068224479546,0.000341068224479546,False,1275,12,True,True
1274,DSC08003.JPG,274.0,162.0,4.632054805755615,1.3091833847710188,1.6233235789742668,0.8324316858427298,0.10983224367781441,0.987373219934264,0.11415341784344796,0.8980663531541181,1.047284282123659,1.7716533369591496,0.8980663531541181,1.047284282123659,1.7716533369591496,False,False,False,False,0.0,-0.0,0.0,-0.0,0.0,-0.0,0.0,0.0001088850578344467,0.038694825420237666,0.03869501872493003,0.0002074951019098403,"[1, 1, 1]",0.03869520023624342,0.00011980994786631172,-0.00011980994786631172,-0.00017324828248077573,0.00017324828248077573,-7.628659322422848e-05,7.628659322422848e-05,False,1276,460,True,True
1275,DSC08003.JPG,275.0,162.0,4.6348676681518555,1.3047193120998162,1.627881133167574,0.8250230467430528,-0.3439667157266319,0.5267115815751303,0.7773427868751721,0.8887257036139641,1.0501377144533384,1.7720975986567264,0.8887257036139641,1.0501377144533384,1.7720975986567264,False,False,False,False,0.0,-0.0,0.0,-0.0,0.0,-0.0,0.0,0.00011479829347161339,0.042445012968642615,0.04244558260987412,0.0003902810299891563,"[1, 1, 1]",0.04244619492703239,0.00013170242103588414,-0.00013170242103588414,-0.00019084807354152744,0.00019084807354152744,-8.455741602775291e-05,8.455741602775291e-05,False,1277,408,True,True
1276,DSC08003.JPG,276.0,162.0,4.617349147796631,1.2846443656884672,1.6218925800723418,0.8257728001264047,0.08717646402811172,0.9206837978569028,0.3804492193228226,0.8772431114537563,1.0330771105391108,1.768033826629044,0.8772431114537563,1.0330771105391108,1.768033826629044,False,False,False,False,0.0,-0.0,0.0,-0.0,0.0,-0.0,0.0,0.00011577298117760675,0.0377824430256326,0.037783524285339584,0.0011061602200778836,"[1, 1, 1]",0.037791078966650085,0.00011408952968872121,-0.00011408952968872121,-0.00016337984890979484,0.00016337984890979484,-6.988471410718233e-05,6.988471410718233e-05,False,1278,507,True,True
1277,DSC08003.JPG,277.0,162.0,4.620232105255127,1.2802469755194554,1.6264804767650234,0.8183482280871885,0.027378751026394872,0.8659220444182152,0.4994290910457793,0.8679285593700019,1.0359990081793142,1.76849397876253,0.8679285593700019,1.0359990081793142,1.76849397876253,False,False,False,False,0.0,-0.0,0.0,-0.0,0.0,-0.0,0.0,0.0001218537881110384,0.04135382618821237,0.04135437337756299,0.000983225911202261,"[1, 1, 1]",0.04135994360292513,0.00012533369724265775,-0.00012533369724265775,-0.0001798959347449891,0.0001798959347449891,-7.748972487764405e-05,7.748972487764405e-05,False,1279,454,True,True
1278,DSC08003.JPG,278.0,162.0,4.643325328826904,1.2912933869885688,1.6415863074432615,0.802743634262687,0.24704078569542728,0.8087271253799269,0.5337895529866672,0.8606354172565154,1.0587174110381548,1.773433303099739,0.8606354172565154,1.0587174110381548,1.773433303099739,False,False,False,False,0.0,-0.0,0.0,-0.0,0.0,-0.0,0.0,0.00013272080376458038,0.05463437053159922,0.05463666494686366,0.0010247933668153136,"[1, 1, 1]",0.05464032302935135,0.0001704606740653425,-0.0001704606740653425,-0.00024818240287616256,0.00024818240287616256,-0.00011147324674842807,0.00011147324674842807,False,1280,275,True,True
1279,DSC08003.JPG,279.0,162.0,4.657545566558838,1.2955024473398011,1.65210107663701,0.7906763012873393,0.0706810203226725,0.900237936922518,0.4296229163948713,0.852371874536741,1.0727453290257911,1.7764045762320249,0.852371874536741,1.0727453290257911,1.7764045762320249,False,False,False,False,0.0,-0.0,0.0,-0.0,0.0,-0.0,0.0,0.00014184192116901658,0.06460093332291639,0.06461673413014772,0.002562334025636253,"[1, 1, 1]",0.06463423424786888,0.00020384647127347222,-0.00020384647127347222,-0.00030018743469617526,0.00030018743469617526,-0.00013918551328018225,0.00013918551328018225,False,1281,185,True,True
1280,DSC08003.JPG,241.0,163.0,4.512266635894775,1.427359553925074,1.4683754705208372,1.088212820492928,0.010118822467955512,0.9249257557552176,0.3800130994748756,1.1947536955108269,0.9238600299176563,1.7597543048611703,1.1947536955108269,0.9238600299176563,1.7597543048611703,False,False,False,False,0.0,-0.0,0.0,-0.0,0.0,-0.0,0.0,9.850810364395458e-05,0.012087732853946334,0.011845183651433354,0.0027933525773373587,"[1, 1, 1]",0.012128983453539653,4.513709040132596e-05,-4.513709040132596e-05,-5.833945049915634e-05,5.833945049915634e-05,-1.676202620526368e-05,1.676202620526368e-05,False,1282,1154,True,True
1281,DSC08003.JPG,242.0,163.0,4.572295188903809,1.4698571685822477,1.501266997023732,1.0608308199854173,-0.15383489594920186,-0.3718649613563869,-0.9154514052115007,1.1958968315909424,0.9826701097113056,1.7730862767183457,1.1958968315909424,0.9826701097113056,1.7730862767183457,False,False,False,False,0.0,-0.0,0.0,-0.0,0.0,-0.0,0.0,9.944188994066657e-05,0.013651702984851497,0.013645441440070908,0.0005013389093377354,"[1, 1, 1]",0.01365317558638648,-4.3815622506659935e-05,4.3815622506659935e-05,5.93503097132686e-05,-5.93503097132686e-05,2.0963509592686336e-05,-2.0963509592686336e-05,False,1283,1060,True,True
1282,DSC08003.JPG,243.0,163.0,4.5728373527526855,1.4637572592481187,1.5045970168051799,1.0544364291104036,0.11827068731846785,0.40966881865844207,0.9045349653497171,1.1864740138988858,0.98329749922954,1.7730310551051582,1.1864740138988858,0.98329749922954,1.7730310551051582,False,False,False,False,0.0,-0.0,0.0,-0.0,0.0,-0.0,0.0,9.370841565120801e-05,0.013072187545335751,0.013066970010302109,0.000464153004326544,"[1, 1, 1]",0.01307369935700927,-4.188769932711445e-05,4.188769932711445e-05,5.679597845742457e-05,-5.679597845742457e-05,2.013991046689867e-05,-2.013991046689867e-05,False,1284,1079,True,True
1283,DSC08003.JPG,244.0,163.0,4.544153213500977,1.4339055104627314,1.4933448430771283,1.0584716516666433,0.14711454693823287,0.587489115635088,0.7957473525494513,1.1720413774528409,0.9553372569459617,1.7664019377513616,1.1720413774528409,0.9553372569459617,1.7664019377513616,False,False,False,False,0.0,-0.0,0.0,-0.0,0.0,-0.0,0.0,8.248048762856414e-05,0.0017609261004901788,0.0015026585958031434,0.0009222363970203117,"[1, 1, 1]",0.0017620109274454013,-1.6053339806365585e-06,1.6053339806365585e-06,7.030396752094603e-06,-7.030396752094603e-06,9.157724887742802e-06,-9.157724887742802e-06,False,1285,1308,True,True
1284,DSC08003.JPG,245.0,163.0,4.508529186248779,1.3985061738287943,1.4785868679632557,1.065070995938212,0.005211496600297928,0.8617425670925504,0.5073190203056914,1.1565535298372547,0.9205874104627693,1.758214327964,1.1565535298372547,0.9205874104627693,1.758214327964,False,False,False,False,0.0,-0.0,0.0,-0.0,0.0,-0.0,0.0,7.558604285398936e-05,0.010161851458273469,0.00999662199042588,0.0025608545938072486,"[1, 1, 1]",0.010240938775842364,3.803126558898917e-05,-3.803126558898917e-05,-5.154229701376245e-05,5.154229701376245e-05,-1.82471518415106e-05,1.82471518415106e-05,False,1286,1116,True,True
1285,DSC08003.JPG,246.0,163.0,4.580031394958496,1.449956674467205,1.5173768979881845,1.033242228968377,0.1417970928912878,0.9108024860428034,0.387727244162476,1.1591227726904008,0.9906259318362273,1.7741170122367653,1.1591227726904008,0.9906259318362273,1.7741170122367653,False,False,False,False,0.0,-0.0,0.0,-0.0,0.0,-0.0,0.0,7.830650860191181e-05,0.013031080736936703,0.013025818728352508,0.0006546083597711168,"[1, 1, 1]",0.01303667004172775,-4.211910952345299e-05,4.211910952345299e-05,5.55178776786569e-05,-5.55178776786569e-05,1.7500937488978963e-05,-1.7500937488978963e-05,False,1287,1135,True,True
1286,DSC08003.JPG,247.0,163.0,4.514983177185059,1.390823126278472,1.4878545209728307,1.0505109870800853,-0.00842508531821037,0.647790793044779,0.7617716891456372,1.1388508088325997,0.9270922419848945,1.7593158295823539,1.1388508088325997,0.9270922419848945,1.7593158295823539,False,False,False,False,0.0,-0.0,0.0,-0.0,0.0,-0.0,0.0,6.374310340351023e-05,0.006829496461697262,0.006672251919400221,0.0019488048810235102,"[1, 1, 1]",0.00689053010500328,2.6144476027223362e-05,-2.6144476027223362e-05,-3.475182854262293e-05,3.475182854262293e-05,-1.1367347283464113e-05,1.1367347283464113e-05,False,1288,1257,True,True
1287,DSC08003.JPG,248.0,163.0,4.5150980949401855,1.3844565813000334,1.4909336758860974,1.0443454597040243,0.17561402920514094,0.8047267030704308,0.5670755206422956,1.1294719926510417,0.9273005258741801,1.759166689978801,1.1294719926510417,0.9273005258741801,1.759166689978801,False,False,False,False,0.0,-0.0,0.0,-0.0,0.0,-0.0,0.0,5.803819986708638e-05,0.006126515142042015,0.005991574262979766,0.0018228907106253704,"[1, 1, 1]",0.006195001230160331,2.3531826941924905e-05,-2.3531826941924905e-05,-3.1712989997378926e-05,3.1712989997378926e-05,-1.0981068252036152e-05,1.0981068252036152e-05,False,1289,1268,True,True
1288,DSC08003.JPG,249.0,163.0,4.56259822845459,1.4162575921672382,1.5178151312432955,1.0209461317006305,-0.024284169570808974,0.9335469215176236,0.3576316882397645,1.1277184214184728,0.9738636073117581,1.7696666861824817,1.1277184214184728,0.9738636073117581,1.7696666861824817,False,False,False,False,0.0,-0.0,0.0,-0.0,0.0,-0.0,0.0,5.6269634285078365e-05,0.005483845555022418,0.005481697496707589,0.00021290656658685852,"[1, 1, 1]",0.0054848380680315185,-1.6364093214482622e-05,1.6364093214482622e-05,2.4942846654107953e-05,-2.4942846654107953e-05,1.2627637294038152e-05,-1.2627637294038152e-05,False,1290,1226,True,True
1289,DSC08003.JPG,250.0,163.0,4.567355155944824,1.413555007848894,1.5232611469639912,1.0130211652420416,0.10759076873526525,-0.924993795390594,-0.36443203066121793,1.118977398917127,0.9786140718060573,1.7705587373676468,1.118977398917127,0.9786140718060573,1.7705587373676468,False,False,False,False,0.0,-0.0,0.0,-0.0,0.0,-0.0,0.0,5.186747539611081e-05,0.005959682776297675,0.005959539977536516,7.918031387365303e-05,"[1, 1, 1]",0.0059598743108480335,-1.8252698938514555e-05,1.8252698938514555e-05,2.6733471765849615e-05,-2.6733471765849615e-05,1.220511627009202e-05,-1.220511627009202e-05,False,1291,1242,True,True
1290,DSC08003.JPG,251.0,163.0,4.569100379943848,1.4084215604504284,1.527196684758999,1.006186788406745,-0.09704586864325164,0.9337999897787914,0.3443830403321364,1.1097444365989253,0.9804183984217453,1.7707738163070552,1.1097444365989253,0.9804183984217453,1.7707738163070552,False,False,False,False,0.0,-0.0,0.0,-0.0,0.0,-0.0,0.0,4.6849795411195295e-05,0.005595359432270198,0.005595343082868609,4.5563044700373195e-05,"[1, 1, 1]",0.0055954439794093595,-1.722194759912199e-05,1.722194759912199e-05,2.5017702292906563e-05,-2.5017702292906563e-05,1.115982980159913e-05,-1.115982980159913e-05,False,1292,1265,True,True
1291,DSC08003.JPG,252.0,163.0,4.535514831542969,1.3749764941989349,1.5133165673575069,1.0123408584071054,0.18315063963652797,0.8742198774054034,0.4496614828401607,1.0950390265732208,0.9476580673828966,1.7630527853256193,1.0950390265732208,0.9476580673828966,1.7630527853256193,False,False,False,False,0.0,-0.0,0.0,-0.0,0.0,-0.0,0.0,3.425904716951352e-05,0.000842260142891875,0.0005479431196425888,0.0006529828071534222,"[1, 1, 1]",0.0008473573329043287,3.810354814781647e-06,-3.810354814781647e-06,-2.9448904237394657e-06,2.9448904237394657e-06,2.0060199239502197e-06,-2.0060199239502197e-06,False,1293,1498,True,True
1292,DSC08003.JPG,253.0,163.0,4.684798240661621,1.4878784996007042,1.591738225099734,0.9510864440292134,0.5700279966551068,0.7936277744405092,-0.21265709173683783,1.1083801040614405,1.0938041918450303,1.796403174584375,1.1083801040614405,1.0938041918450303,1.796403174584375,False,False,False,False,0.0,-0.0,0.0,-0.0,0.0,-0.0,0.0,0.00010063308755086856,0.026890222291372848,0.02917698578019069,0.011878255075387723,"[1, 1, 1]",0.02928714312090067,-9.146798690795599e-05,9.146798690795599e-05,5.026125529905556e-05,-5.026125529905556e-05,-8.34586800011472e-05,8.34586800011472e-05,False,1294,415,True,True
1293,DSC08003.JPG,254.0,163.0,4.682866096496582,1.4796337992923538,1.5938963719793788,0.9454480299563721,0.4266656213183702,0.4826563123297626,-0.7648524901922226,1.0983382666365475,1.0920133315687746,1.7957877763487613,1.0983382666365475,1.0920133315687746,1.7957877763487613,False,False,False,False,0.0,-0.0,0.0,-0.0,0.0,-0.0,0.0,9.70460969321091e-05,0.022564972599229127,0.025094077318277626,0.011375059566282196,"[1, 1, 1]",0.02518216321466455,-7.665423003921923e-05,7.665423003921923e-05,3.372130074885682e-05,-3.372130074885682e-05,-8.445331367168407e-05,8.445331367168407e-05,False,1295,409,True,True
1294,DSC08003.JPG,255.0,163.0,4.680934906005859,1.4713953873337093,1.5960524156793625,0.9398145026016196,-0.3341999294638434,-0.6363832169476813,0.6952170943911569,1.08830461396071,1.0902233222988433,1.7951727419696073,1.08830461396071,1.0902233222988433,1.7951727419696073,False,False,False,False,0.0,-0.0,0.0,-0.0,0.0,-0.0,0.0,9.376785639570543e-05,0.018345750773386977,0.021201579083796374,0.010892769658998588,"[1, 1, 1]",0.021268826483338724,-6.22378525749756e-05,6.22378525749756e-05,1.75902674124373e-05,-1.75902674124373e-05,-8.548179575473824e-05,8.548179575473824e-05,False,1296,401,True,True
1295,DSC08003.JPG,256.0,163.0,4.582896709442139,1.386712601892273,1.5494799886860982,0.970051771318753,0.12655120343612886,0.7577380467446084,0.640170169114848,1.064212727579027,0.9944018512172995,1.7729852631588836,1.064212727579027,0.9944018512172995,1.7729852631588836,False,False,False,False,0.0,-0.0,0.0,-0.0,0.0,-0.0,0.0,3.0803175242099724e-05,0.002758230032469594,0.002769821195380729,0.00026893192250281603,"[1, 1, 1]",0.002770565598780868,-8.752551796442631e-06,8.752551796442631e-06,1.070360448252039e-05,-1.070360448252039e-05,2.1975142510122225e-06,-2.1975142510122225e-06,False,1297,1488,True,True
1296,DSC08003.JPG,257.0,163.0,4.573760509490967,1.372901699242312,1.5479088122477513,0.9672576397679741,0.34959676579814913,0.7043798652784379,0.6177629858884423,1.0533556593586442,0.9855600816547585,1.7707572642380907,1.0533556593586442,0.9855600816547585,1.7707572642380907,False,False,False,False,0.0,-0.0,0.0,-0.0,0.0,-0.0,0.0,2.29143208628236e-05,0.001146410107236711,0.0011470241608836297,3.851456099235353e-05,"[1, 1, 1]",0.0011470403659210027,-3.529640076216367e-06,3.529640076216367e-06,5.314095177899603e-06,-5.314095177899603e-06,2.6098657071038645e-06,-2.6098657071038645e-06,False,1298,1470,True,True
1297,DSC08003.JPG,258.0,163.0,4.575066089630127,1.367393146746321,1.551633325967896,0.9605632656177882,0.305816076737167,0.8182159476187475,0.48682562614497016,1.044021420763273,0.9869346361468253,1.770872971231557,1.044021420763273,0.9869346361468253,1.770872971231557,False,False,False,False,0.0,-0.0,0.0,-0.0,0.0,-0.0,0.0,2.2574612560094992e-05,0.0002568596141590432,0.00025820125192209826,2.6287356432399194e-05,"[1, 1, 1]",0.00025820125192209826,-7.924295353234356e-07,7.924295353234356e-07,1.2953481871580408e-06,-1.2953481871580408e-06,7.62673817877868e-07,-7.62673817877868e-07,False,1299,1550,True,True
1298,DSC08003.JPG,259.0,163.0,4.634103298187256,1.4075566543484948,1.5847452078851014,0.9320859410474621,0.21691680305294359,0.5287795667707862,0.820572525934783,1.042770889083561,1.0447977200432639,1.7839405560965682,1.042770889083561,1.0447977200432639,1.7839405560965682,False,False,False,False,0.0,-0.0,0.0,-0.0,0.0,-0.0,0.0,5.958179441113028e-05,0.00034559276563117124,0.0038763234147758223,0.0038610522507098476,"[1, 1, 1]",0.0038764055902690956,-1.1507600938820417e-06,1.1507600938820417e-06,-2.1220177121916706e-05,2.1220177121916706e-05,-3.8804676445902686e-05,3.8804676445902686e-05,False,1300,822,True,True
1299,DSC08003.JPG,260.0,163.0,4.671304702758789,1.4303065474307721,1.6068069862423475,0.9117156979442502,0.5135194101583931,0.8546712236130936,-0.07638661478474912,1.0382604930771424,1.081297241075622,1.792105591056504,1.0382604930771424,1.081297241075622,1.792105591056504,False,False,False,False,0.0,-0.0,0.0,-0.0,0.0,-0.0,0.0,8.313858691182657e-05,0.0011712812958539066,0.008861949320211492,0.008785357711162923,"[1, 1, 1]",0.008862521007149677,3.945661836368686e-06,-3.945661836368686e-06,-5.6958338757295834e-05,5.6958338757295834e-05,-9.106175037487674e-05,9.106175037487674e-05,False,1301,373,True,True
1300,DSC08003.JPG,261.0,163.0,4.647757530212402,1.4050610863638262,1.5979159889774577,0.9143268917829322,-0.3806898554997078,0.4047317687604006,0.8314249390508377,1.0253362544070745,1.0583553044483824,1.7866436254120697,1.0253362544070745,1.0583553044483824,1.7866436254120697,False,False,False,False,0.0,-0.0,0.0,-0.0,0.0,-0.0,0.0,6.903762838039504e-05,0.004861235773717931,0.007220474679457851,0.005365224527369241,"[1, 1, 1]",0.00723023171755432,1.624249210396833e-05,-1.624249210396833e-05,-5.306718963260515e-05,5.306718963260515e-05,-6.144595019552668e-05,6.144595019552668e-05,False,1302,573,True,True
1301,DSC08003.JPG,262.0,163.0,4.667463779449463,1.41391836783786,1.6110964711577778,0.9005084946403924,-0.02044419430441017,0.8050016589367996,0.5929202003880827,1.0183004628979344,1.0777371544738077,1.7908822776314421,1.0183004628979344,1.0777371544738077,1.7908822776314421,False,False,False,False,0.0,-0.0,0.0,-0.0,0.0,-0.0,0.0,8.208544564904861e-05,0.008248478115590001,0.011502653609210057,0.008075651586368948,"[1, 1, 1]",0.01152311980425709,2.7703053595562466e-05,-2.7703053595562466e-05,-8.394157787239287e-05,8.394157787239287e-05,-9.345259866044842e-05,9.345259866044842e-05,False,1303,359,True,True
1302,DSC08003.JPG,263.0,163.0,4.66554594039917,1.405734580385417,1.6132386999299715,0.8949117038190165,0.3864606400350899,-0.7100376098868569,-0.5886380604835438,1.008332785270284,1.075959555193965,1.790271432160845,1.008332785270284,1.075959555193965,1.790271432160845,False,False,False,False,0.0,-0.0,0.0,-0.0,0.0,-0.0,0.0,8.230502799422329e-05,0.011632211890369186,0.013910899258296456,0.007746999947575373,"[1, 1, 1]",0.013943412068731476,3.90070975200274e-05,-3.90070975200274e-05,-9.682856596415768e-05,9.682856596415768e-05,-9.467365776183456e-05,9.467365776183456e-05,False,1304,353,True,True
1303,DSC08003.JPG,264.0,163.0,4.540219783782959,1.3008015176613346,1.5521501185861406,0.9367131513329473,-0.19858106937285092,0.9195552605046273,0.33909243837779995,0.9823658941607503,0.9534178477003497,1.7619982305704187,0.9823658941607503,0.9534178477003497,1.7619982305704187,False,False,False,False,0.0,-0.0,0.0,-0.0,0.0,-0.0,0.0,3.774704675387894e-05,0.0008831268033547162,0.00036594037243078677,0.0008087440434383169,"[1, 1, 1]",0.0008854073172217706,-1.5517312166313246e-06,1.5517312166313246e-06,-1.2260596606861185e-06,1.2260596606861185e-06,-5.007212324326105e-06,5.007212324326105e-06,False,1305,1405,True,True
1304,DSC08003.JPG,265.0,163.0,4.587003707885742,1.3309188074206046,1.5791895636696334,0.9125249425738703,0.05640296822538146,0.9320939846821049,0.3577981398705179,0.9788867469781836,0.9992967215491334,1.7723072870301135,0.9788867469781836,0.9992967215491334,1.7723072870301135,False,False,False,False,0.0,-0.0,0.0,-0.0,0.0,-0.0,0.0,4.978027267888159e-05,0.008444781486112227,0.008446076014614463,0.0002177440847246321,"[1, 1, 1]",0.008446832175684657,2.650073474042003e-05,-2.650073474042003e-05,-3.861170666641378e-05,3.861170666641378e-05,-1.737293820536223e-05,1.737293820536223e-05,False,1306,1140,True,True
1305,DSC08003.JPG,266.0,163.0,4.573640823364258,1.31391794639153,1.5753949100349407,0.9114714251801868,-0.01852118047227229,0.9178675790999306,0.39645437708662806,0.9676616313078545,0.9863169950939765,1.7691352135484577,0.9676616313078545,0.9863169950939765,1.7691352135484577,False,False,False,False,0.0,-0.0,0.0,-0.0,0.0,-0.0,0.0,5.156456889256175e-05,0.0072728655360912225,0.007272990917602251,0.00031060585642365,"[1, 1, 1]",0.007276243717157998,2.1775628131770475e-05,-2.1775628131770475e-05,-3.098884910635036e-05,3.098884910635036e-05,-1.2999502259969375e-05,1.2999502259969375e-05,False,1307,1219,True,True
1306,DSC08003.JPG,267.0,163.0,4.575878620147705,1.309119631726627,1.5796066998197624,0.9043994795106034,-0.07131620264859617,0.9152872489122613,0.39643820605285857,0.9584182808653062,0.9886040978026525,1.7694593218092318,0.9584182808653062,0.9886040978026525,1.7694593218092318,False,False,False,False,0.0,-0.0,0.0,-0.0,0.0,-0.0,0.0,5.745810797588007e-05,0.008716572603163457,0.00871640643732369,0.000284105287953691,"[1, 1, 1]",0.008718804203671892,2.6285703421224937e-05,-2.6285703421224937e-05,-3.755384335013545e-05,3.755384335013545e-05,-1.5945558546892613e-05,1.5945558546892613e-05,False,1308,1165,True,True
1307,DSC08003.JPG,268.0,163.0,4.560697555541992,1.2907578337643157,1.5748503042382869,0.9041054090435826,0.03671698288059003,-0.9316247507449134,-0.36156214814001847,0.9470512513115902,0.9738441915961127,1.7658814441317696,0.9470512513115902,0.9738441915961127,1.7658814441317696,False,False,False,False,0.0,-0.0,0.0,-0.0,0.0,-0.0,0.0,6.133393096489165e-05,0.006038980605032723,0.006005607142513336,0.0008303974711206674,"[1, 1, 1]",0.006050874476448582,1.6104675895078913e-05,-1.6104675895078913e-05,-2.439010808141795e-05,2.439010808141795e-05,-1.2156438547794579e-05,1.2156438547794579e-05,False,1309,1245,True,True
1308,DSC08003.JPG,269.0,163.0,4.566025733947754,1.2883724525863207,1.5806501248135219,0.895837177553918,-0.006400700880328219,0.9733842014354056,0.22908999852503015,0.9381942147893312,0.9791556060974557,1.7668980040533804,0.9381942147893312,0.9791556060974557,1.7668980040533804,False,False,False,False,0.0,-0.0,0.0,-0.0,0.0,-0.0,0.0,6.754054365519282e-05,0.008123551536199085,0.008106223839625691,0.0007521532619371368,"[1, 1, 1]",0.008132302489850845,2.290225394374623e-05,-2.290225394374623e-05,-3.3752279289922527e-05,3.3752279289922527e-05,-1.567650114875363e-05,1.567650114875363e-05,False,1310,1169,True,True
1309,DSC08003.JPG,270.0,163.0,4.571365833282471,1.2859810700341787,1.5864632323661827,0.8875498172747723,0.06479828584222287,0.7763342705043057,0.6269818837833014,0.929316395357067,0.9844789138832652,1.7679168203623905,0.929316395357067,0.9844789138832652,1.7679168203623905,False,False,False,False,0.0,-0.0,0.0,-0.0,0.0,-0.0,0.0,7.382070968246333e-05,0.010485365911704429,0.010477212433866855,0.0006344532076411972,"[1, 1, 1]",0.01049088674902261,3.06235892577611e-05,-3.06235892577611e-05,-4.4524543161506e-05,4.4524543161506e-05,-1.9913193955112263e-05,1.9913193955112263e-05,False,1311,1087,True,True
1310,DSC08003.JPG,271.0,163.0,4.66419792175293,1.3512938193757404,1.637519860452419,0.8448173526062456,0.08549130624490633,0.8811960383820223,0.4649567490599197,0.9304901146838066,1.0754327361432723,1.7885231939874093,0.9304901146838066,1.0754327361432723,1.7885231939874093,False,False,False,False,0.0,-0.0,0.0,-0.0,0.0,-0.0,0.0,0.00010564699460881722,0.03880232159085794,0.039315019286423454,0.0075397524667569875,"[1, 1, 1]",0.03942168675953649,0.00012899445074521232,-0.00012899445074521232,-0.00021326739044513765,0.00021326739044513765,-0.00012833539709777853,0.00012833539709777853,False,1312,220,True,True
1311,DSC08003.JPG,272.0,163.0,4.628665447235107,1.3171695248854363,1.6222459322526355,0.8525223233645163,0.2555506880096847,0.9022647101012311,0.3472927277725782,0.916764760506701,1.0407546220376191,1.7803887003776466,0.916764760506701,1.0407546220376191,1.7803887003776466,False,False,False,False,0.0,-0.0,0.0,-0.0,0.0,-0.0,0.0,9.701828904758277e-05,0.031403109103841476,0.031468863899316094,0.003187754592823069,"[1, 1, 1]",0.03151671330338843,0.00010256800272712141,-0.00010256800272712141,-0.0001552638190018829,0.0001552638190018829,-7.731011404032984e-05,7.731011404032984e-05,False,1313,455,True,True
1312,DSC08003.JPG,273.0,163.0,4.626787185668945,1.309099200718933,1.6243698778626452,0.8469884869195784,0.18093166723396628,0.9676327925712094,0.17592757183790195,0.9069221486112451,1.0390145287403978,1.7797889593515026,0.9069221486112451,1.0390145287403978,1.7797889593515026,False,False,False,False,0.0,-0.0,0.0,-0.0,0.0,-0.0,0.0,0.00010149433676950797,0.033223306611938216,0.033267589045929156,0.0030141208658511875,"[1, 1, 1]",0.03331370220338174,0.00010823213681288024,-0.00010823213681288024,-0.00016208487780455805,0.00016208487780455805,-7.85513073515709e-05,7.85513073515709e-05,False,1314,447,True,True
1313,DSC08003.JPG,274.0,163.0,4.624910831451416,1.301035718864701,1.626492299534619,0.841458987269973,0.0651427460408077,0.9928385937473625,0.1001396495101849,0.8970875632964699,1.0372762225647139,1.7791897907039858,0.8970875632964699,1.0372762225647139,1.7791897907039858,False,False,False,False,0.0,-0.0,0.0,-0.0,0.0,-0.0,0.0,0.0001061540262016909,0.034946286131902704,0.034974101611929695,0.002841660757827235,"[1, 1, 1]",0.03501789353883972,0.00011353865133689744,-0.00011353865133689744,-0.00016851741748791227,0.00016851741748791227,-7.978702534616744e-05,7.978702534616744e-05,False,1315,440,True,True
1314,DSC08003.JPG,275.0,163.0,4.608983516693115,1.2821824709915801,1.6213097664502363,0.8415402673479293,0.029663846044382495,0.9993291505440958,0.02147801458867167,0.885759954256105,1.0217846666478996,1.7754471740134887,0.885759954256105,1.0217846666478996,1.7754471740134887,False,False,False,False,0.0,-0.0,0.0,-0.0,0.0,-0.0,0.0,0.00010787815106830297,0.03088837649779363,0.030887453911446153,0.0014146565583759878,"[1, 1, 1]",0.030904108673484906,9.869388991834427e-05,-9.869388991834427e-05,-0.00014316384736390297,0.00014316384736390297,-6.361574438740192e-05,6.361574438740192e-05,False,1316,553,True,True
1315,DSC08003.JPG,276.0,163.0,4.612342834472656,1.2781648235195553,1.6261423040669976,0.8339441109132469,0.01066965163880725,0.9558596020822058,0.2936300046677006,0.8765185804279123,1.0251707231739402,1.7760200043348737,0.8765185804279123,1.0251707231739402,1.7760200043348737,False,False,False,False,0.0,-0.0,0.0,-0.0,0.0,-0.0,0.0,0.00011407894599844686,0.034299710702705065,0.034298084106968954,0.0016875701641197256,"[1, 1, 1]",0.034319649043418214,0.00010985082492576126,-0.00010985082492576126,-0.00015943564468146043,0.00015943564468146043,-7.096057909450337e-05,7.096057909450337e-05,False,1317,502,True,True
1316,DSC08003.JPG,277.0,163.0,4.593797206878662,1.2573710106091724,1.6195657712814666,0.835137333131781,-0.15350561299940796,-0.9590436164279136,-0.2380574900450417,0.8650146612458504,1.0071152914798125,1.7716935221743593,0.8650146612458504,1.0071152914798125,1.7716935221743593,False,False,False,False,0.0,-0.0,0.0,-0.0,0.0,-0.0,0.0,0.00011676877732796909,0.02772179981821474,0.027721561839277386,0.00018919323482562587,"[1, 1, 1]",0.027722003612597093,8.615041754289621e-05,-8.615041754289621e-05,-0.00012393862911608267,0.00012393862911608267,-5.3749584449480636e-05,5.3749584449480636e-05,False,1318,664,True,True
1317,DSC08003.JPG,278.0,163.0,4.599567890167236,1.2552077426010797,1.6256506973395048,0.8265808254557581,0.42204654850876616,0.8065642636008765,0.41392124803374547,0.8560334218038479,1.012861581798427,1.7728058903131005,0.8560334218038479,1.012861581798427,1.7728058903131005,False,False,False,False,0.0,-0.0,0.0,-0.0,0.0,-0.0,0.0,0.00012328168401927627,0.03213632980429302,0.03213461171308238,0.0005819436661650944,"[1, 1, 1]",0.032138105266422815,0.00010079007187457911,-0.00010079007187457911,-0.00014496674640063212,0.00014496674640063212,-6.282853492667329e-05,6.282853492667329e-05,False,1319,560,True,True
1318,DSC08003.JPG,279.0,163.0,4.617701530456543,1.2624554837129567,1.6382016099451788,0.8130093361320483,0.3818984156436437,0.6425277251696822,0.6643129703062768,0.8482457630854868,1.0307101085939299,1.7766818345645279,0.8482457630854868,1.0307101085939299,1.7766818345645279,False,False,False,False,0.0,-0.0,0.0,-0.0,0.0,-0.0,0.0,0.0001318547244738456,0.04321261059041372,0.04320591706134523,0.002156837552333005,"[1, 1, 1]",0.043236170801132914,0.00013856467358253077,-0.00013856467358253077,-0.00020068797330652366,0.00020068797330652366,-8.878473898477068e-05,8.878473898477068e-05,False,1320,384,True,True
1319,DSC08003.JPG,241.0,164.0,4.486797332763672,1.4039872447239816,1.462379393512024,1.1031922250782737,-0.06940449189600696,0.8906567080939092,0.44934802195178103,1.1900362643954459,0.8960278247405642,1.7628711201060079,1.1900362643954459,0.8960278247405642,1.7628711201060079,False,False,False,False,0.0,-0.0,0.0,-0.0,0.0,-0.0,0.0,0.00010013920404904383,0.023134255308954993,0.02310775216512242,0.0023450905531633157,"[1, 1, 1]",0.023180395027028376,7.733130066811533e-05,-7.733130066811533e-05,-0.0001111680268259807,0.0001111680268259807,-4.810265510846179e-05,4.810265510846179e-05,False,1321,718,True,True
1320,DSC08003.JPG,242.0,164.0,4.489212512969971,1.3995364817621938,1.4665874831250496,1.0962543477995552,-0.09891843049285937,0.8679149025166948,0.48676366554855505,1.1811211418742837,0.8984838229576894,1.7632454374285846,1.1811211418742837,0.8984838229576894,1.7632454374285846,False,False,False,False,0.0,-0.0,0.0,-0.0,0.0,-0.0,0.0,9.432401674054206e-05,0.020776439686384516,0.0207540616291749,0.002117521817467697,"[1, 1, 1]",0.02081916689438806,6.945773404454236e-05,-6.945773404454236e-05,-9.994404549229507e-05,9.994404549229507e-05,-4.336787924863472e-05,4.336787924863472e-05,False,1322,767,True,True
1321,DSC08003.JPG,243.0,164.0,4.4916300773620605,1.395080747856599,1.4707999968720937,1.0893090743552973,0.09547531281511797,-0.8643442411349723,-0.49375449107796926,1.1721963787329368,0.9009422542229635,1.7636201086268293,1.1721963787329368,0.9009422542229635,1.7636201086268293,False,False,False,False,0.0,-0.0,0.0,-0.0,0.0,-0.0,0.0,8.850573319436337e-05,0.018540492263468197,0.018521985931063932,0.00190143729228165,"[1, 1, 1]",0.01857995265735969,6.198876458896052e-05,-6.198876458896052e-05,-8.92982760565264e-05,8.92982760565264e-05,-3.8879072942421544e-05,3.8879072942421544e-05,False,1323,821,True,True
1322,DSC08003.JPG,244.0,164.0,4.740674018859863,1.5908940476176179,1.5984399599628791,0.9946638713599728,-0.02587460435485009,0.854626411287995,0.5185983050285478,1.2055072057819578,1.1444773638852925,1.8199544867117023,1.2055072057819578,1.1444773638852925,1.8199544867117023,False,False,False,False,0.0,-0.0,0.0,-0.0,0.0,-0.0,0.0,0.00016286492506232847,0.08977463632012314,0.09402389250678968,0.032709577910724257,"[1, 1, 1]",0.09478896194273354,-0.00031728738241332266,0.00031728738241332266,0.00021324782787446317,-0.00021324782787446317,-0.0002223486160697341,0.0002223486160697341,False,1324,65,True,True
1323,DSC08003.JPG,245.0,164.0,4.506743431091309,1.3944803815025606,1.4843853494737473,1.0717302658764098,0.11138776065989123,0.8762296797775868,0.46884359337847686,1.1560558672363759,0.9159065783711944,1.7667006352090524,1.1560558672363759,0.9159065783711944,1.7667006352090524,False,False,False,False,0.0,-0.0,0.0,-0.0,0.0,-0.0,0.0,7.571206176157008e-05,0.011404937485689404,0.011390827202481803,0.0009065331427356502,"[1, 1, 1]",0.011415895654994183,3.7703168903391315e-05,-3.7703168903391315e-05,-5.3514515529373696e-05,5.3514515529373696e-05,-2.2265462121140445e-05,2.2265462121140445e-05,False,1325,1041,True,True
1324,DSC08003.JPG,246.0,164.0,4.51233434677124,1.392557070147676,1.4902068003896283,1.063614414832724,-0.01453369543774306,0.7790250578764171,0.6268243221968721,1.147609885516008,0.921467612408055,1.7677941381661684,1.147609885516008,0.921467612408055,1.7677941381661684,False,False,False,False,0.0,-0.0,0.0,-0.0,0.0,-0.0,0.0,6.958927012068954e-05,0.008897333132671721,0.008887392939486058,0.0006142781238281411,"[1, 1, 1]",0.008902966556731572,2.9221521762323732e-05,-2.9221521762323732e-05,-4.132683675917015e-05,4.132683675917015e-05,-1.699863946180713e-05,1.699863946180713e-05,False,1326,1149,True,True
1325,DSC08003.JPG,247.0,164.0,4.513403415679932,1.3869651482988778,1.4937636970768309,1.0571096378782314,-0.0023571073568414923,0.6302463522944823,0.7763916405168256,1.1383942994099023,0.9226085035912694,1.7678617196962927,1.1383942994099023,0.9226085035912694,1.7678617196962927,False,False,False,False,0.0,-0.0,0.0,-0.0,0.0,-0.0,0.0,6.380420265174056e-05,0.007813448617138377,0.007804952032524979,0.0005573638124245337,"[1, 1, 1]",0.007819140319497011,2.5690756905616396e-05,-2.5690756905616396e-05,-3.6406662476062834e-05,3.6406662476062834e-05,-1.5071157012602754e-05,1.5071157012602754e-05,False,1327,1181,True,True
1326,DSC08003.JPG,248.0,164.0,4.489668369293213,1.3613696259879333,1.4848424033771384,1.0595561754993972,0.10379005007622905,0.8379492141563191,0.5357879617908388,1.1251319737926444,0.8995013819848228,1.7623049724225073,1.1251319737926444,0.8995013819848228,1.7623049724225073,False,False,False,False,0.0,-0.0,0.0,-0.0,0.0,-0.0,0.0,6.23177138578821e-05,0.012211558151650558,0.01224932641695822,0.0018325574630298224,"[1, 1, 1]",0.012298910867247347,4.126699082984686e-05,-4.126699082984686e-05,-6.266619726269518e-05,6.266619726269518e-05,-3.1442505654233344e-05,3.1442505654233344e-05,False,1328,919,True,True
1327,DSC08003.JPG,249.0,164.0,4.5281572341918945,1.3859266030853716,1.5072375158957831,1.0395200479110192,-0.11096201071061035,0.8530075122346598,0.5099662893273391,1.121979476099063,0.937223553180825,1.7708567065259568,1.121979476099063,0.937223553180825,1.7708567065259568,False,False,False,False,0.0,-0.0,0.0,-0.0,0.0,-0.0,0.0,5.156682067383304e-05,0.0031720886419784257,0.0031719693762409544,3.1612691453200965e-05,"[1, 1, 1]",0.0031721077148885524,9.916793997311046e-06,-9.916793997311046e-06,-1.4152774466369422e-05,1.4152774466369422e-05,-5.989374642023648e-06,5.989374642023648e-06,False,1329,1374,True,True
1328,DSC08003.JPG,250.0,164.0,4.5082855224609375,1.3634819915732284,1.5002432468612088,1.0406058273813859,0.03642910969488058,0.7186561550100773,0.6944107220031744,1.1093987660018423,0.9178926276260542,1.7661769252316106,1.1093987660018423,0.9178926276260542,1.7661769252316106,False,False,False,False,0.0,-0.0,0.0,-0.0,0.0,-0.0,0.0,4.7852448869985576e-05,0.006384624480956013,0.0063867564689085235,0.000728177331510461,"[1, 1, 1]",0.006406415931829105,2.1356313973708296e-05,-2.1356313973708296e-05,-3.138485001996649e-05,3.138485001996649e-05,-1.4464331301144995e-05,1.4464331301144995e-05,False,1330,1194,True,True
1329,DSC08003.JPG,251.0,164.0,4.534421443939209,1.3779945571584127,1.5164624328132867,1.0249496817504251,0.1553097213279632,0.8254473419561932,0.542692893005322,1.104111290040161,0.943540025822762,1.7719254043804251,1.104111290040161,0.943540025822762,1.7719254043804251,False,False,False,False,0.0,-0.0,0.0,-0.0,0.0,-0.0,0.0,3.9829941943506485e-05,0.001358399752056543,0.0013563513127860234,7.993619619778525e-05,"[1, 1, 1]",0.0013585521404453666,3.943017358176704e-06,-3.943017358176704e-06,-5.90247484844042e-06,5.90247484844042e-06,-2.856849339760714e-06,2.856849339760714e-06,False,1331,1456,True,True
1330,DSC08003.JPG,252.0,164.0,4.535542011260986,1.3724046201283762,1.5200637358789726,1.0183888266765946,0.21588240529076785,0.8822484188163084,0.4183688738206946,1.094846569526609,0.9447318477832601,1.7720035919161188,1.094846569526609,0.9447318477832601,1.7720035919161188,False,False,False,False,0.0,-0.0,0.0,-0.0,0.0,-0.0,0.0,3.3938011438409484e-05,0.0009795370010067207,0.000977059918582719,7.454768972405538e-05,"[1, 1, 1]",0.0009797185585194894,2.785872028177039e-06,-2.785872028177039e-06,-4.226825647934973e-06,4.226825647934973e-06,-2.116124850015666e-06,2.116124850015666e-06,False,1332,1493,True,True
1331,DSC08003.JPG,253.0,164.0,4.536663055419922,1.3668118579441868,1.5236667802571549,1.0118247564733875,0.2220109765230452,0.8775590132123456,0.4249721221833949,1.0855772570310154,0.9459241835282949,1.7720818006293675,1.0855772570310154,0.9459241835282949,1.7720818006293675,False,False,False,False,0.0,-0.0,0.0,-0.0,0.0,-0.0,0.0,2.8043877832220507e-05,0.0006626664131926976,0.0006597057640770906,6.689467711431643e-05,"[1, 1, 1]",0.0006628781283220237,1.8276036224396108e-06,-1.8276036224396108e-06,-2.829833460893383e-06,2.829833460893383e-06,-1.4865833675159479e-06,1.4865833675159479e-06,False,1333,1516,True,True
1332,DSC08003.JPG,254.0,164.0,4.537784576416016,1.3612162685593097,1.527271566905157,1.0052574692005338,0.15887950140915624,0.9078069064585081,0.3881287474771887,1.0763033495758942,0.9471170330882387,1.772160030464735,1.0763033495758942,0.9471170330882387,1.772160030464735,False,False,False,False,0.0,-0.0,0.0,-0.0,0.0,-0.0,0.0,2.2148108445037532e-05,0.0004078733261119404,0.00040435714982111937,5.699218876595828e-05,"[1, 1, 1]",0.00040811451959242773,1.068468788556487e-06,-1.068468788556487e-06,-1.711780398094831e-06,1.711780398094831e-06,-9.682328490079328e-07,9.682328490079328e-07,False,1334,1542,True,True
1333,DSC08003.JPG,255.0,164.0,4.538907051086426,1.3556182296446717,1.5308783389237293,0.9986867862536113,0.18350929831631232,0.8633748258588971,0.4700087738591418,1.06702491494572,0.9483108627117919,1.77223838935858,1.06702491494572,0.9483108627117919,1.77223838935858,False,False,False,False,0.0,-0.0,0.0,-0.0,0.0,-0.0,0.0,1.6252111285567858e-05,0.00021522548174361393,0.00021104794093335086,4.4812951303591474e-05,"[1, 1, 1]",0.00021548949158662058,5.086121028785584e-07,-5.086121028785584e-07,-8.728271323477088e-07,8.728271323477088e-07,-5.610804221234389e-07,5.610804221234389e-07,False,1335,1555,True,True
1334,DSC08003.JPG,256.0,164.0,4.540029525756836,1.3500169790366405,1.5344866133024504,0.9921130583738911,0.2535815248429456,0.8120053859108406,0.525683995866446,1.0577418076465877,0.9495047400028022,1.7723166612533943,1.0577418076465877,0.9495047400028022,1.7723166612533943,False,False,False,False,0.0,-0.0,0.0,-0.0,0.0,-0.0,0.0,1.0360437358014263e-05,8.497943252639785e-05,7.992251669119106e-05,3.036602938116383e-05,"[1, 1, 1]",8.524065138353693e-05,1.48571620783855e-07,-1.48571620783855e-07,-3.1363712160725754e-07,3.1363712160725754e-07,-2.65269651134048e-07,2.65269651134048e-07,False,1336,1572,True,True
1335,DSC08003.JPG,257.0,164.0,4.669977188110352,1.4466306617346223,1.6036877352453187,0.9374581752923324,-0.3397838071616635,0.5255944138272651,0.7799342770671764,1.0670352267792527,1.0766604759773686,1.8015605730448745,1.0670352267792527,1.0766604759773686,1.8015605730448745,False,False,False,False,0.0,-0.0,0.0,-0.0,0.0,-0.0,0.0,8.300919211877287e-05,0.009076549317506226,0.015229079376621265,0.012339655276321759,"[1, 1, 1]",0.015273763414593118,-3.1752080111857595e-05,3.1752080111857595e-05,-3.246939102186097e-05,3.246939102186097e-05,-0.00011521114413692857,0.00011521114413692857,False,1337,261,True,True
1336,DSC08003.JPG,258.0,164.0,4.5478692054748535,1.3432360557299332,1.5445599702441417,0.9768609021416358,0.1119311250582948,0.855109726579041,0.5062200892429123,1.0399568902901104,0.9573631335887556,1.773739361352086,1.0399568902901104,0.9573631335887556,1.773739361352086,False,False,False,False,0.0,-0.0,0.0,-0.0,0.0,-0.0,0.0,4.307926648635736e-06,2.645320890690588e-05,5.788686060962708e-05,5.216410256021996e-05,"[1, 1, 1]",5.818202742147258e-05,9.949121082541978e-08,-9.949121082541978e-08,-4.1987998322667863e-07,4.1987998322667863e-07,-5.402019147560111e-07,5.402019147560111e-07,False,1338,1557,True,True
1337,DSC08003.JPG,259.0,164.0,4.597787857055664,1.3761955557405028,1.5730863801539006,0.9519271402203052,-0.5965948309249811,-0.793362055480333,-0.12104237537992354,1.0374831436995056,1.006270937031137,1.7848607159046033,1.0374831436995056,1.006270937031137,1.7848607159046033,False,False,False,False,0.0,-0.0,0.0,-0.0,0.0,-0.0,0.0,3.587230746630851e-05,0.000619620304970012,0.0025092272383402136,0.0024342817500458713,"[1, 1, 1]",0.002510565503495326,2.1727330847820525e-06,-2.1727330847820525e-06,-1.7062099229470107e-05,1.7062099229470107e-05,-2.5433268232344375e-05,2.5433268232344375e-05,False,1339,999,True,True
1338,DSC08003.JPG,260.0,164.0,4.596916198730469,1.3689299309762903,1.5757177469820083,0.9460197927717101,0.4564004807352544,0.8556278683090367,0.2441301950959008,1.0277929622862556,1.0055162231363068,1.7844852966828215,1.0277929622862556,1.0055162231363068,1.7844852966828215,False,False,False,False,0.0,-0.0,0.0,-0.0,0.0,-0.0,0.0,3.630394531517192e-05,0.0021003432108435294,0.0031279679808849962,0.0023500993921606703,"[1, 1, 1]",0.0031399515115038013,7.353241010976674e-06,-7.353241010976674e-06,-2.3000253222660305e-05,2.3000253222660305e-05,-2.604796697491807e-05,2.604796697491807e-05,False,1340,988,True,True
1339,DSC08003.JPG,261.0,164.0,4.596044540405273,1.3616668002543575,1.5783479471515134,0.9401148098673605,0.49962168405758667,0.8636326616125364,0.06720713217737631,1.0181064094366665,1.0047614722252884,1.7841099450201863,1.0181064094366665,1.0047614722252884,1.7841099450201863,False,False,False,False,0.0,-0.0,0.0,-0.0,0.0,-0.0,0.0,3.7740984523446154e-05,0.003538447444523398,0.004161476938859394,0.0022829158561802096,"[1, 1, 1]",0.0041862993628676995,1.2367749595787458e-05,-1.2367749595787458e-05,-2.87659691113884e-05,2.87659691113884e-05,-2.6673847490776836e-05,2.6673847490776836e-05,False,1341,983,True,True
1340,DSC08003.JPG,262.0,164.0,4.595173358917236,1.354406538516918,1.5809772250395973,0.9342120103158071,0.10947134964100799,0.9782563037241065,0.1761551243416572,1.0084235489652305,1.0040071505872785,1.7837347687791398,1.0084235489652305,1.0040071505872785,1.7837347687791398,False,False,False,False,0.0,-0.0,0.0,-0.0,0.0,-0.0,0.0,4.0074604150011393e-05,0.004934041669529927,0.00534243891188856,0.0022313932450699152,"[1, 1, 1]",0.0053789188418900315,1.721668531717846e-05,-1.721668531717846e-05,-3.4359747668188945e-05,3.4359747668188945e-05,-2.7310975529548642e-05,2.7310975529548642e-05,False,1342,976,True,True
1341,DSC08003.JPG,263.0,164.0,4.563292503356934,1.3228098906708043,1.5676922477753237,0.9401368763013914,0.009034916690909917,0.9780988276750071,0.2079448330234851,0.9946588749216919,0.9729284142972495,1.776346351353149,0.9946588749216919,0.9729284142972495,1.776346351353149,False,False,False,False,0.0,-0.0,0.0,-0.0,0.0,-0.0,0.0,3.2709147913706885e-05,0.0028734555917675347,0.0028731467234854756,0.0005184494333373026,"[1, 1, 1]",0.0028965936612255776,1.0038694285618988e-05,-1.0038694285618988e-05,-1.4809373898971856e-05,1.4809373898971856e-05,-6.896846730164441e-06,6.896846730164441e-06,False,1343,1359,True,True
1342,DSC08003.JPG,264.0,164.0,4.559413909912109,1.3132428221167842,1.5687531292807009,0.9354317958340802,-0.13648687269232787,0.9782455217187932,0.1562275034038326,0.9846578529071215,0.9692323465376078,1.7752924565434736,0.9846578529071215,0.9692323465376078,1.7752924565434736,False,False,False,False,0.0,-0.0,0.0,-0.0,0.0,-0.0,0.0,3.768283159835816e-05,0.0028914583314486966,0.0028795746137587055,0.00043115653667768534,"[1, 1, 1]",0.0029015836202940406,1.006249108637114e-05,-1.006249108637114e-05,-1.4170448556782844e-05,1.4170448556782844e-05,-5.748660468540834e-06,5.748660468540834e-06,False,1344,1384,True,True
1343,DSC08003.JPG,265.0,164.0,4.564416408538818,1.3106320333132047,1.5743781747101775,0.9273264084997525,-0.011240896435333457,0.9821486099087287,0.1877704723903156,0.975806066057441,0.9742213161306397,1.7762467678489078,0.975806066057441,0.9742213161306397,1.7762467678489078,False,False,False,False,0.0,-0.0,0.0,-0.0,0.0,-0.0,0.0,4.400392417532107e-05,0.0042668010872615,0.004253661478601818,0.0006328760922679358,"[1, 1, 1]",0.004283676013090717,1.4788108531949007e-05,-1.4788108531949007e-05,-2.1055628161237294e-05,2.1055628161237294e-05,-8.846473624757323e-06,8.846473624757323e-06,False,1345,1313,True,True
1344,DSC08003.JPG,266.0,164.0,4.530857086181641,1.2779060249584226,1.5601439079135133,0.9340696164764597,0.24965677292193844,-0.9120831175992218,-0.3252320438159314,0.9620938290577891,0.9414984154353814,1.7684838331946253,0.9620938290577891,0.9414984154353814,1.7684838331946253,False,False,False,False,0.0,-0.0,0.0,-0.0,0.0,-0.0,0.0,5.0475605082672274e-05,0.0021955127551219486,0.002174857277683404,0.00032206623414256664,"[1, 1, 1]",0.0021970441094270776,-7.760990284211289e-06,7.760990284211289e-06,9.165748574568866e-06,-9.165748574568866e-06,1.38661410842289e-06,-1.38661410842289e-06,False,1346,1523,True,True
1345,DSC08003.JPG,267.0,164.0,4.54045295715332,1.2789007382347355,1.5681259933582954,0.9242128235799848,0.08386386157630793,-0.9377709303397603,-0.3369755702290751,0.9538475777047402,0.9509792426324621,1.770477012322377,0.9538475777047402,0.9509792426324621,1.770477012322377,False,False,False,False,0.0,-0.0,0.0,-0.0,0.0,-0.0,0.0,5.5276620173826516e-05,0.0001052014052798365,6.578490768819092e-05,8.207780379341904e-05,"[1, 1, 1]",0.00010519101142462367,-4.7527374746891837e-07,4.7527374746891837e-07,2.8895350268065556e-07,-2.8895350268065556e-07,-3.856154791037625e-07,3.856154791037625e-07,False,1347,1566,True,True
1346,DSC08003.JPG,268.0,164.0,4.517634391784668,1.254658411792873,1.5593784962614659,0.9269108239427075,-0.0025852689626515634,0.9212321046296754,0.38900478889593326,0.941628205941677,0.9287589405553095,1.7651447115013184,0.941628205941677,0.9287589405553095,1.7651447115013184,False,False,False,False,0.0,-0.0,0.0,-0.0,0.0,-0.0,0.0,6.467183610315704e-05,0.006370054268901151,0.006322050653311548,0.0009900200314654688,"[1, 1, 1]",0.006384592970093838,-2.2489755993060356e-05,2.2489755993060356e-05,2.5458691855773097e-05,-2.5458691855773097e-05,2.114228029537202e-06,-2.114228029537202e-06,False,1348,1494,True,True
1347,DSC08003.JPG,269.0,164.0,4.538852214813232,1.264666665144314,1.573375224681693,0.9125194118410522,-0.07367578423784016,0.9122145123336042,0.40303419495733117,0.9347555505167252,0.9496064885521984,1.7697634379300209,0.9347555505167252,0.9496064885521984,1.7697634379300209,False,False,False,False,0.0,-0.0,0.0,-0.0,0.0,-0.0,0.0,6.733364767922197e-05,0.0005363119000532632,0.0004917654678223289,0.00021422914463503065,"[1, 1, 1]",0.0005363574297156304,-2.2309923235486195e-06,2.2309923235486195e-06,2.141771788144453e-06,-2.141771788144453e-06,-4.5320658470515696e-07,4.5320658470515696e-07,False,1349,1564,True,True
1348,DSC08003.JPG,270.0,164.0,4.5402398109436035,1.2592484446778145,1.5771312719893638,0.9058208245867158,-0.21238215758622714,-0.8336472041867378,-0.5098295382680905,0.9254709149099524,0.9510600001809885,1.7699009922808442,0.9254709149099524,0.9510600001809885,1.7699009922808442,False,False,False,False,0.0,-0.0,0.0,-0.0,0.0,-0.0,0.0,7.318223156109978e-05,0.00021751800145803558,6.080403041558582e-05,0.00020884322585286848,"[1, 1, 1]",0.00021751632589040053,-8.792049457362339e-07,8.792049457362339e-07,2.657173581166461e-07,-2.657173581166461e-07,-1.177781210337514e-06,1.177781210337514e-06,False,1350,1535,True,True
1349,DSC08003.JPG,271.0,164.0,4.545520305633545,1.2568371584849933,1.5829077185941736,0.8975917050776867,0.17419655259480926,0.7665863717405977,0.6180622102391231,0.9166285598998521,0.9563210996888737,1.770917670312118,0.9166285598998521,0.9563210996888737,1.770917670312118,False,False,False,False,0.0,-0.0,0.0,-0.0,0.0,-0.0,0.0,7.88221212949595e-05,0.001780629219592871,0.0017802971926388063,3.466993863517322e-05,"[1, 1, 1]",0.0017806320851540514,5.397381169114368e-06,-5.397381169114368e-06,-7.888405534339782e-06,7.888405534339782e-06,-3.580309852591057e-06,3.580309852591057e-06,False,1351,1435,True,True
1350,DSC08003.JPG,272.0,164.0,4.609808921813965,1.299965299391668,1.6193275575824495,0.8661256449088305,0.051965937628837916,0.5188839324185647,0.8532637376592317,0.9144329995202788,1.0192977749005376,1.7852589410526158,0.9144329995202788,1.0192977749005376,1.7852589410526158,False,False,False,False,0.0,-0.0,0.0,-0.0,0.0,-0.0,0.0,9.135602313411945e-05,0.024438214806330186,0.02448584215023714,0.0041069006188820525,"[1, 1, 1]",0.02463381253218816,8.39676869679451e-05,-8.39676869679451e-05,-0.00012627859597835744,0.00012627859597835744,-6.185599630947891e-05,6.185599630947891e-05,False,1352,566,True,True
1351,DSC08003.JPG,273.0,164.0,4.607946395874023,1.2919351514955033,1.6214442758871384,0.8606086616579569,0.03761650856077989,0.6387372332128418,0.7685048764915553,0.9046314629045163,1.017573895257405,1.7846597793449268,0.9046314629045163,1.017573895257405,1.7846597793449268,False,False,False,False,0.0,-0.0,0.0,-0.0,0.0,-0.0,0.0,9.63147562797933e-05,0.025655221691611493,0.025667471069290813,0.004012440485479009,"[1, 1, 1]",0.025817718233745457,8.799586461538667e-05,-8.799586461538667e-05,-0.0001304767967056364,0.0001304767967056364,-6.161066501686463e-05,6.161066501686463e-05,False,1353,568,True,True
1352,DSC08003.JPG,274.0,164.0,4.606084823608398,1.2839110662849915,1.623558997733609,0.855096352969092,0.034061416471246324,0.9973609005336869,0.06411750146883151,0.8948377834729334,1.0158508693408972,1.7840609772764098,0.8948377834729334,1.0158508693408972,1.7840609772764098,False,False,False,False,0.0,-0.0,0.0,-0.0,0.0,-0.0,0.0,0.00010141698963821631,0.026775497681006684,0.026759335330196525,0.003920141001786637,"[1, 1, 1]",0.02691056308280495,9.167058371373216e-05,-9.167058371373216e-05,-0.00013429013947474644,0.00013429013947474644,-6.135841523002838e-05,6.135841523002838e-05,False,1354,574,True,True
1353,DSC08003.JPG,275.0,164.0,4.604225158691406,1.2758937718148728,1.6256722220876794,0.8495883357631061,-0.018395745639752173,0.9893611627003148,0.14431246059380626,0.8850520570946595,1.0141296300534066,1.783462749980625,0.8850520570946595,1.0141296300534066,1.783462749980625,False,False,False,False,0.0,-0.0,0.0,-0.0,0.0,-0.0,0.0,0.00010664142049080244,0.02779964391623634,0.02776089916165057,0.00382827609478548,"[1, 1, 1]",0.027911856112511974,9.499402774615362e-05,-9.499402774615362e-05,-0.00013772134850364992,0.00013772134850364992,-6.109988076685724e-05,6.109988076685724e-05,False,1355,575,True,True
1354,DSC08003.JPG,276.0,164.0,4.602366924285889,1.2678828945072862,1.627783703933951,0.8440847925249635,0.07127998462143326,0.9855955111722211,0.15336444225939838,0.8752742219401921,1.0124097110854828,1.7828649896320865,0.8752742219401921,1.0124097110854828,1.7828649896320865,False,False,False,False,0.0,-0.0,0.0,-0.0,0.0,-0.0,0.0,0.00011197000952302577,0.028727733829648522,0.028671346447346053,0.0037350947015121864,"[1, 1, 1]",0.028820823458422073,9.796652514060256e-05,-9.796652514060256e-05,-0.00014077006220070132,0.00014077006220070132,-6.0833818036343246e-05,6.0833818036343246e-05,False,1356,585,True,True
1355,DSC08003.JPG,277.0,164.0,4.600510120391846,1.2598784282226332,1.6298934461443968,0.8385857174338492,-0.37982301295861776,-0.8277482510579971,-0.41299795604514183,0.8655042690770725,1.0106911125282514,1.7822676960644839,0.8655042690770725,1.0106911125282514,1.7822676960644839,False,False,False,False,0.0,-0.0,0.0,-0.0,0.0,-0.0,0.0,0.00011738776799746421,0.02956001005489397,0.029490216047398723,0.003639013844599633,"[1, 1, 1]",0.02963704996705389,0.00010058896240261461,-0.00010058896240261461,-0.00014343692313256717,0.00014343692313256717,-6.0559680321148335e-05,6.0559680321148335e-05,False,1357,589,True,True
1356,DSC08003.JPG,278.0,164.0,4.627659797668457,1.2740234236798413,1.6471769979800082,0.8214401360202569,-0.26534783510855603,-0.5278322107048002,-0.8068355989578583,0.8586579532733756,1.0373471278199675,1.7882139412017672,0.8586579532733756,1.0373471278199675,1.7882139412017672,False,False,False,False,0.0,-0.0,0.0,-0.0,0.0,-0.0,0.0,0.00012794063741093116,0.04450422069744869,0.044509533346686385,0.006670629828058759,"[1, 1, 1]",0.04475612542088426,0.00015202823247406627,-0.00015202823247406627,-0.0002250232929690288,0.0002250232929690288,-0.00010576963707231712,0.00010576963707231712,False,1358,307,True,True
1357,DSC08003.JPG,279.0,164.0,4.596800804138184,1.2438887041637186,1.6341077231456924,0.8276009484094488,0.4878959708502146,0.7771122067562092,0.3975602341012257,0.845987974495035,1.007257877010351,1.7810745086068416,0.845987974495035,1.007257877010351,1.7810745086068416,False,False,False,False,0.0,-0.0,0.0,-0.0,0.0,-0.0,0.0,0.00012844254580076734,0.03093808769755153,0.030852009649826675,0.0034324456123846717,"[1, 1, 1]",0.030990268262747533,0.00010478703624183794,-0.00010478703624183794,-0.00014762762867426282,0.00014762762867426282,-5.9985257883532483e-05,5.9985257883532483e-05,False,1359,594,True,True
1358,DSC08003.JPG,242.0,165.0,4.534801006317139,1.4340943867696698,1.4960735965032261,1.086225009471082,0.05197516162042528,0.6411462577747795,0.7656566193248295,1.188923331619263,0.9400921807876929,1.7825363083741153,1.188923331619263,0.9400921807876929,1.7825363083741153,False,False,False,False,0.0,-0.0,0.0,-0.0,0.0,-0.0,0.0,9.358207021415422e-05,0.005270172040133323,0.00464232195528595,0.002561246801883476,"[1, 1, 1]",0.0052861068343128485,5.946426410607941e-06,-5.946426410607941e-06,-1.8122403638187734e-05,1.8122403638187734e-05,-2.0239548161882226e-05,2.0239548161882226e-05,False,1360,1076,True,True
1359,DSC08003.JPG,243.0,165.0,4.466392517089844,1.3719960672550342,1.4648175468348414,1.104214210088214,-0.1610115649010433,-0.8908523302283019,-0.42480277976364716,1.1676271395970774,0.8733653563076605,1.7667010197306174,1.1676271395970774,0.8733653563076605,1.7667010197306174,False,False,False,False,0.0,-0.0,0.0,-0.0,0.0,-0.0,0.0,9.358702548140516e-05,0.027620633730451316,0.027630085005923937,0.0013813857079787806,"[1, 1, 1]",0.02764262316537173,8.80368089424266e-05,-8.80368089424266e-05,-0.0001293032755078638,0.0001293032755078638,-5.950683687272473e-05,5.950683687272473e-05,False,1361,600,True,True
1360,DSC08003.JPG,244.0,165.0,4.468785762786865,1.3675484048237159,1.4690077896257896,1.0973084530582689,-0.16489738765556855,-0.8919671757088536,-0.4209553527422357,1.1587405729406774,0.8757980248156243,1.7670756834443826,1.1587405729406774,0.8757980248156243,1.7670756834443826,False,False,False,False,0.0,-0.0,0.0,-0.0,0.0,-0.0,0.0,8.802064700831886e-05,0.02486982096282288,0.024878931022104,0.001206453156833746,"[1, 1, 1]",0.024889000919278877,7.915308039962987e-05,-7.915308039962987e-05,-0.00011631923270227773,0.00011631923270227773,-5.361133983239341e-05,5.361133983239341e-05,False,1362,667,True,True
1361,DSC08003.JPG,245.0,165.0,4.563480377197266,1.4378635127376331,1.5195922719951247,1.0575745359820343,0.17470152458579918,0.9222867258156029,0.3447703187510962,1.165458607983044,0.9683969861005927,1.7885719342303907,1.165458607983044,0.9683969861005927,1.7885719342303907,False,False,False,False,0.0,-0.0,0.0,-0.0,0.0,-0.0,0.0,7.974371270746374e-05,0.006801955167536026,0.006053759570649132,0.0033873737063765466,"[1, 1, 1]",0.006869821621792436,-2.9262078664826774e-05,2.9262078664826774e-05,2.085231386161901e-05,-2.085231386161901e-05,-1.845268168354508e-05,1.845268168354508e-05,False,1363,1113,True,True
1362,DSC08003.JPG,246.0,165.0,4.4735798835754395,1.3586387062069343,1.477401724493854,1.0834747392496493,-0.24091531726750207,-0.8940978208321039,-0.3775564814556649,1.1409388263974016,0.8806711197973496,1.7678261999718652,1.1409388263974016,0.8806711197973496,1.7678261999718652,False,False,False,False,0.0,-0.0,0.0,-0.0,0.0,-0.0,0.0,7.698189469499944e-05,0.01972746894510649,0.019735424259202692,0.0008894924274664804,"[1, 1, 1]",0.019741469033407146,6.257769559425697e-05,-6.257769559425697e-05,-9.20614631680916e-05,9.20614631680916e-05,-4.2556834419560374e-05,4.2556834419560374e-05,False,1364,774,True,True
1363,DSC08003.JPG,247.0,165.0,4.544787883758545,1.4097176513858773,1.5162802564356925,1.0518928162049455,0.18697758637402961,-0.8254117390635419,-0.5326676667584037,1.1433772405090046,0.9503299008117452,1.783942189359938,1.1433772405090046,0.9503299008117452,1.783942189359938,False,False,False,False,0.0,-0.0,0.0,-0.0,0.0,-0.0,0.0,6.481298479906103e-05,0.0019790764094444477,0.0002651980919913586,0.001961956977965659,"[1, 1, 1]",0.001979437696412594,-5.678087413585331e-06,5.678087413585331e-06,-9.426616223162654e-07,9.426616223162654e-07,-1.2199838334225888e-05,1.2199838334225888e-05,False,1365,1243,True,True
1364,DSC08003.JPG,248.0,165.0,4.475223064422607,1.3471626471896887,1.4842184916181085,1.0707482871559317,0.05933189092757791,0.8978590893819671,0.43626687054272517,1.122583798361371,0.8824663709719087,1.7678552947149981,1.122583798361371,0.8824663709719087,1.7678552947149981,False,False,False,False,0.0,-0.0,0.0,-0.0,0.0,-0.0,0.0,6.713415403755479e-05,0.01567616082210957,0.01568762413203683,0.0008192984690965061,"[1, 1, 1]",0.015692590899682807,4.976459901939734e-05,-4.976459901939734e-05,-7.388605362668166e-05,7.388605362668166e-05,-3.500777912135433e-05,3.500777912135433e-05,False,1366,870,True,True
1365,DSC08003.JPG,249.0,165.0,4.504110813140869,1.3639957457389744,1.5018098173405967,1.0542493346983028,0.0429041906774374,0.7249596657648304,0.6874537900371629,1.1179154192651661,0.9107833456065032,1.774287911896332,1.1179154192651661,0.9107833456065032,1.774287911896332,False,False,False,False,0.0,-0.0,0.0,-0.0,0.0,-0.0,0.0,5.461367513237215e-05,0.008697460866738813,0.008699667373567735,0.0005522120559526194,"[1, 1, 1]",0.008707323795694983,2.5679017186863717e-05,-2.5679017186863717e-05,-3.616661855443404e-05,3.616661855443404e-05,-1.4678281088364997e-05,1.4678281088364997e-05,False,1367,1189,True,True
1366,DSC08003.JPG,250.0,165.0,4.535465240478516,1.382726701274396,1.5206878237042027,1.036778157937685,0.005818412265088084,0.8983660911334603,0.43920896209014315,1.1135184010109016,0.9415114266215762,1.7812822742359469,1.1135184010109016,0.9415114266215762,1.7812822742359469,False,False,False,False,0.0,-0.0,0.0,-0.0,0.0,-0.0,0.0,4.632416267195583e-05,0.002256504203666554,0.001996108360665542,0.0011446573555848856,"[1, 1, 1]",0.0022788701239709226,2.4626678700734317e-06,-2.4626678700734317e-06,-6.87460614945401e-06,6.87460614945401e-06,-7.292447982365502e-06,7.292447982365502e-06,False,1368,1347,True,True
1367,DSC08003.JPG,251.0,165.0,4.492791652679443,1.3420362731659055,1.5021037748217876,1.04614817440549,0.09809322592494922,0.8013130543067218,0.5901483779739377,1.0973920846845182,0.8999158589185431,1.771351227446862,1.0973920846845182,0.8999158589185431,1.771351227446862,False,False,False,False,0.0,-0.0,0.0,-0.0,0.0,-0.0,0.0,4.789752476728873e-05,0.008063156885587758,0.008063234586151583,4.608005486005203e-05,"[1, 1, 1]",0.008063261525788321,2.4880062261978253e-05,-2.4880062261978253e-05,-3.5579907466276595e-05,3.5579907466276595e-05,-1.5152029381404475e-05,1.5152029381404475e-05,False,1369,1180,True,True
1368,DSC08003.JPG,252.0,165.0,4.512275695800781,1.3511968642307628,1.5149944624828833,1.0329410166989055,0.006689489053705152,0.854020626751518,0.5201961359133156,1.091052948071983,0.9190474763020576,1.7756304604410431,1.091052948071983,0.9190474763020576,1.7756304604410431,False,False,False,False,0.0,-0.0,0.0,-0.0,0.0,-0.0,0.0,3.7415460311676796e-05,0.004497480059610079,0.00450927985369181,0.0005769191817148827,"[1, 1, 1]",0.004521823011747772,1.2767936461877127e-05,-1.2767936461877127e-05,-1.7159828475721284e-05,1.7159828475721284e-05,-5.876639812107953e-06,5.876639812107953e-06,False,1370,1381,True,True
1369,DSC08003.JPG,253.0,165.0,4.499770164489746,1.3347543637678478,1.5116618765224394,1.0314033671670033,0.008364908626960226,0.8428868198395733,0.5380258704229691,1.079753714976926,0.9069249171725323,1.7725977704874876,1.079753714976926,0.9069249171725323,1.7725977704874876,False,False,False,False,0.0,-0.0,0.0,-0.0,0.0,-0.0,0.0,3.69673799916695e-05,0.00476720484805101,0.004771190179983456,0.00022967145851356317,"[1, 1, 1]",0.004771962177492544,1.4468595470829015e-05,-1.4468595470829015e-05,-1.9916294705435433e-05,1.9916294705435433e-05,-7.4728695143022605e-06,7.4728695143022605e-06,False,1371,1342,True,True
1370,DSC08003.JPG,254.0,165.0,4.514930248260498,1.3404022309527033,1.5223840301996001,1.019724240234045,0.03602140309111491,0.8297804301034815,0.5569262934506045,1.0726684625397866,0.9218327492418945,1.7758872582932521,1.0726684625397866,0.9218327492418945,1.7758872582932521,False,False,False,False,0.0,-0.0,0.0,-0.0,0.0,-0.0,0.0,2.7225542739586642e-05,0.0025877401767204775,0.0026174160272475007,0.0005046257285864937,"[1, 1, 1]",0.002626967029683132,7.240342358105778e-06,-7.240342358105778e-06,-8.784929041105727e-06,8.784929041105727e-06,-1.698122058080287e-06,1.698122058080287e-06,False,1372,1507,True,True
1371,DSC08003.JPG,255.0,165.0,4.52763032913208,1.344049165548104,1.5318736046183223,1.0089121132081504,0.1312412302459244,0.8607914262813949,0.4917457268995616,1.0651551469863152,0.9343376063166103,1.7786135899588005,1.0651551469863152,0.9343376063166103,1.7786135899588005,False,False,False,False,0.0,-0.0,0.0,-0.0,0.0,-0.0,0.0,1.8968100566700694e-05,0.0011564416828175556,0.0011969812130196444,0.0004875533444116364,"[1, 1, 1]",0.001226342348531113,2.60135753515911e-06,-2.60135753515911e-06,-2.5926480906601768e-06,2.5926480906601768e-06,3.6374124778859596e-07,-3.6374124778859596e-07,False,1373,1567,True,True
1372,DSC08003.JPG,256.0,165.0,4.488409519195557,1.3064178170357723,1.5149023200450333,1.0173028612212982,-0.01147983999439,0.9237108686613281,0.38291832600521725,1.0499942963599018,0.8961110540923497,1.769479759630087,1.0499942963599018,0.8961110540923497,1.769479759630087,False,False,False,False,0.0,-0.0,0.0,-0.0,0.0,-0.0,0.0,3.52150757295949e-05,0.00132164353479213,0.0013523850016520628,0.00028820646668135,"[1, 1, 1]",0.00135254399598036,4.159948832960225e-06,-4.159948832960225e-06,-7.561962012569978e-06,7.561962012569978e-06,-5.3200937673025805e-06,5.3200937673025805e-06,False,1374,1396,True,True
1373,DSC08003.JPG,257.0,165.0,4.5321879386901855,1.3347081245777295,1.54026081975732,0.9949351956049322,-0.08476202766436132,0.8065341674994617,0.5850795119658322,1.0469645734629958,0.9389832195991704,1.7793034899564888,1.0469645734629958,0.9389832195991704,1.7793034899564888,False,False,False,False,0.0,-0.0,0.0,-0.0,0.0,-0.0,0.0,9.935044488136247e-06,0.00020134039061506064,0.00037468700551196183,0.0003301709488532809,"[1, 1, 1]",0.00038075050189650717,3.632511051954168e-07,-3.632511051954168e-07,1.0618201078393952e-06,-1.0618201078393952e-06,2.5107995007545014e-06,-2.5107995007545014e-06,False,1375,1474,True,True
1374,DSC08003.JPG,258.0,165.0,4.494775295257568,1.298613570953011,1.5241646131337845,1.0027513031949207,0.08254037414787865,-0.8753961803575914,-0.476307268526177,1.0322144663772053,0.9025219364678111,1.7705853834954464,1.0322144663772053,0.9025219364678111,1.7705853834954464,False,False,False,False,0.0,-0.0,0.0,-0.0,0.0,-0.0,0.0,3.129110260079651e-05,0.0012647517625068681,0.0012673161895153358,8.122075734229808e-05,"[1, 1, 1]",0.0012673366080871516,-3.940146311887105e-06,3.940146311887105e-06,5.138806607574153e-06,-5.138806607574153e-06,1.5427552941815748e-06,-1.5427552941815748e-06,False,1376,1515,True,True
1375,DSC08003.JPG,259.0,165.0,4.562037467956543,1.3453223996528976,1.561609016093196,0.9714596709536782,-0.01599855949738982,0.7886340809669993,0.6146546448464738,1.0322776715901956,0.9683435883177536,1.7857666348493133,1.0322776715901956,0.9683435883177536,1.7857666348493133,False,False,False,False,0.0,-0.0,0.0,-0.0,0.0,-0.0,0.0,1.5346194243097483e-05,0.0004847682856591682,0.0009183045031567513,0.0008304764700716273,"[1, 1, 1]",0.0009402059930275046,2.0322506062431245e-06,-2.0322506062431245e-06,-6.703599061408383e-06,6.703599061408383e-06,-7.798325257990513e-06,7.798325257990513e-06,False,1377,1337,True,True
1376,DSC08003.JPG,260.0,165.0,4.501974105834961,1.291429827781786,1.5338709952823641,0.9878520392965869,0.0418232670798118,0.850248350159474,0.5247175977436463,1.0144965527117022,0.9097473890248909,1.7718801636944574,1.0144965527117022,0.9097473890248909,1.7718801636944574,False,False,False,False,0.0,-0.0,0.0,-0.0,0.0,-0.0,0.0,3.122693193792065e-05,0.0031421840853041185,0.0031437392542401263,0.0001084158069859861,"[1, 1, 1]",0.003143896456146431,-9.627407513423947e-06,9.627407513423947e-06,1.4560375894312472e-05,-1.4560375894312472e-05,7.232076677077259e-06,-7.232076677077259e-06,False,1378,1349,True,True
1377,DSC08003.JPG,261.0,165.0,4.503289699554443,1.2860247609017432,1.5375591060247984,0.9812494296070524,0.04093741044545916,0.7807546810935162,0.6234951935472977,1.0053048262752122,0.9111285878037684,1.7720059356646654,1.0053048262752122,0.9111285878037684,1.7720059356646654,False,False,False,False,0.0,-0.0,0.0,-0.0,0.0,-0.0,0.0,3.407726017453664e-05,0.00407340202562143,0.004074774240496217,0.00012639310735111295,"[1, 1, 1]",0.004075068322250449,-1.245412359041076e-05,1.245412359041076e-05,1.876804452449754e-05,-1.876804452449754e-05,9.238956903523388e-06,-9.238956903523388e-06,False,1379,1305,True,True
1378,DSC08003.JPG,262.0,165.0,4.504606246948242,1.280616679103309,1.5412494677749955,0.9746428900022939,0.09166812633290683,0.7704705164463657,0.6308503292394203,0.996107750836019,0.912510774408695,1.7721318232735312,0.996107750836019,0.912510774408695,1.7721318232735312,False,False,False,False,0.0,-0.0,0.0,-0.0,0.0,-0.0,0.0,3.763447195177474e-05,0.0049339362596558635,0.004935104580475248,0.00014603023912513344,"[1, 1, 1]",0.0049356006897038635,-1.5050531355198515e-05,1.5050531355198515e-05,2.2654768224272814e-05,-2.2654768224272814e-05,1.1120101679917838e-05,-1.1120101679917838e-05,False,1380,1267,True,True
1379,DSC08003.JPG,263.0,165.0,4.512534141540527,1.280390165045014,1.5483441208998254,0.9655204228062304,0.3277903080091954,0.7175560213473069,0.614546068414289,0.9877759351654255,0.9203539528157058,1.773765903880653,0.9877759351654255,0.9203539528157058,1.773765903880653,False,False,False,False,0.0,-0.0,0.0,-0.0,0.0,-0.0,0.0,3.911291369218436e-05,0.004662611563316916,0.004665185143552057,0.0003403859653471555,"[1, 1, 1]",0.004670105010571418,-1.3718540459839446e-05,1.3718540459839446e-05,2.223389847522128e-05,-2.223389847522128e-05,1.2872836456345738e-05,-1.2872836456345738e-05,False,1381,1222,True,True
1380,DSC08003.JPG,264.0,165.0,4.5077338218688965,1.2701763320202795,1.548890292689801,0.961230520165071,0.049396237993778465,0.8534981031438962,0.5187494574472662,0.9777612540296736,0.9157585563189549,1.7724960825787306,0.9777612540296736,0.9157585563189549,1.7724960825787306,False,False,False,False,0.0,-0.0,0.0,-0.0,0.0,-0.0,0.0,4.6012092781269585e-05,0.006350363735260238,0.006350959501258881,0.00020732816745407906,"[1, 1, 1]",0.006352353631239173,-1.92289886695729e-05,1.92289886695729e-05,2.9117273817158562e-05,-2.9117273817158562e-05,1.4505947210530223e-05,-1.4505947210530223e-05,False,1382,1193,True,True
1381,DSC08003.JPG,265.0,165.0,4.539584636688232,1.2886171558303978,1.568341597924518,0.9429265394542424,-0.11950726290112539,0.9126215752698484,0.3909474062656789,0.9724410814404872,0.9469818160933993,1.7795852842736457,0.9724410814404872,0.9469818160933993,1.7795852842736457,False,False,False,False,0.0,-0.0,0.0,-0.0,0.0,-0.0,0.0,4.395416511742268e-05,0.0012056299663835651,0.0008349129272786094,0.000885153713687849,"[1, 1, 1]",0.0012112228875646631,3.4272231452803226e-07,-3.4272231452803226e-07,4.356038588282374e-06,-4.356038588282374e-06,8.164028578061533e-06,-8.164028578061533e-06,False,1383,1327,True,True
1382,DSC08003.JPG,266.0,165.0,4.553325176239014,1.2928405336033053,1.5784787226766592,0.93149187452105,-0.11509875021882889,0.9787601035396507,0.16964945451464275,0.9647162101212414,0.9605070169807488,1.78254249313429,0.9647162101212414,0.9605070169807488,1.78254249313429,False,False,False,False,0.0,-0.0,0.0,-0.0,0.0,-0.0,0.0,4.930025185630453e-05,0.002390987875687062,0.0020251561281441227,0.0013591990641976625,"[1, 1, 1]",0.002415108797102434,1.0533265967005434e-05,-1.0533265967005434e-05,-1.0871705975246115e-05,1.0871705975246115e-05,8.270982818636696e-07,-8.270982818636696e-07,False,1384,1548,True,True
1383,DSC08003.JPG,267.0,165.0,4.519285202026367,1.259823365887372,1.563916098716084,0.9384360788354605,-0.09000757871978042,0.9655812749567069,0.24403163160947622,0.9510390625542693,0.9273352589846837,1.7746055251967705,0.9510390625542693,0.9273352589846837,1.7746055251967705,False,False,False,False,0.0,-0.0,0.0,-0.0,0.0,-0.0,0.0,5.904930058736169e-05,0.0060924378130354385,0.006079872844195749,0.0005458391998790375,"[1, 1, 1]",0.006098384734500456,-1.7245876427374185e-05,1.7245876427374185e-05,2.854659271123161e-05,-2.854659271123161e-05,1.7212110859254892e-05,-1.7212110859254892e-05,False,1385,1146,True,True
1384,DSC08003.JPG,268.0,165.0,4.510776042938232,1.2467450007491225,1.5625327746073143,0.9355975992197453,-0.06310814800556648,0.9573737991441248,0.2818736780326473,0.9406004249458405,0.9191147428283867,1.7724907803393302,0.9406004249458405,0.9191147428283867,1.7724907803393302,False,False,False,False,0.0,-0.0,0.0,-0.0,0.0,-0.0,0.0,6.67897401800734e-05,0.009107468138528682,0.009106177619370548,0.00025425545467158125,"[1, 1, 1]",0.009108597382866984,-2.751967958092294e-05,2.751967958092294e-05,4.125174917057883e-05,-4.125174917057883e-05,2.0034977978422575e-05,-2.0034977978422575e-05,False,1386,1083,True,True
1385,DSC08003.JPG,269.0,165.0,4.532410621643066,1.257074220061197,1.5767725699321429,0.9210820677842461,-0.12996664568273497,-0.8463802133480577,-0.516477691157009,0.9337908082868542,0.9403556589724051,1.7772465975840668,0.9337908082868542,0.9403556589724051,1.7772465975840668,False,False,False,False,0.0,-0.0,0.0,-0.0,0.0,-0.0,0.0,6.838567366996267e-05,0.003440839142195651,0.003301850008227281,0.0010147447287666544,"[1, 1, 1]",0.003447556590294557,-6.924176608524846e-06,6.924176608524846e-06,1.589479227459556e-05,-1.589479227459556e-05,1.457033848328848e-05,-1.457033848328848e-05,False,1387,1191,True,True
1386,DSC08003.JPG,270.0,165.0,4.498931407928467,1.224667262688101,1.562418831342519,0.9279747328308195,0.04983521026606738,0.8203601290751593,0.5696715812128291,0.9204354305331218,0.9077293748369216,1.7694421759084413,0.9204354305331218,0.9077293748369216,1.7694421759084413,False,False,False,False,0.0,-0.0,0.0,-0.0,0.0,-0.0,0.0,8.114813861553142e-05,0.01480240435972443,0.01480116269431418,0.00038031279749806113,"[1, 1, 1]",0.014804226250599793,-4.687782826584552e-05,4.687782826584552e-05,6.428449485085252e-05,-6.428449485085252e-05,2.3786854928875556e-05,-2.3786854928875556e-05,False,1388,1023,True,True
1387,DSC08003.JPG,271.0,165.0,4.5024943351745605,1.2209846090842846,1.567282331694603,0.9204800189496779,0.11075423589138919,0.828883814823352,0.5483476276560352,0.9114812158378093,0.911307375712735,1.7700795598771182,0.9114812158378093,0.911307375712735,1.7700795598771182,False,False,False,False,0.0,-0.0,0.0,-0.0,0.0,-0.0,0.0,8.57910672025377e-05,0.014590655835696202,0.014589886202416944,0.00023864004333613305,"[1, 1, 1]",0.014591246784582554,-4.588872291488855e-05,4.588872291488855e-05,6.394829906719579e-05,-6.394829906719579e-05,2.5047556254875758e-05,-2.5047556254875758e-05,False,1389,1005,True,True
1388,DSC08003.JPG,272.0,165.0,4.512973308563232,1.2226270248929356,1.5757515984144839,0.910263070997296,0.02034702970720865,0.8685705055043342,0.49514773083397984,0.9032934832663377,0.9216455523319993,1.7722920637640376,0.9032934832663377,0.9216455523319993,1.7722920637640376,False,False,False,False,0.0,-0.0,0.0,-0.0,0.0,-0.0,0.0,8.91515761348998e-05,0.011498311431932662,0.0114962267374427,0.0002712744006485461,"[1, 1, 1]",0.011498869194713806,-3.481388195325508e-05,3.481388195325508e-05,5.1675434131759346e-05,-5.1675434131759346e-05,2.4463390229989557e-05,-2.4463390229989557e-05,False,1390,1016,True,True
1389,DSC08003.JPG,273.0,165.0,4.525197982788086,1.2255836508079918,1.5851449978911603,0.8993306409879201,0.045480162521215145,-0.9100122832965294,-0.4120791174841079,0.8952557089096007,0.9336905299323132,1.7749013384598147,0.8952557089096007,0.9336905299323132,1.7749013384598147,False,False,False,False,0.0,-0.0,0.0,-0.0,0.0,-0.0,0.0,9.2934994014715e-05,0.007263496548914818,0.007218777912448321,0.000860020056038973,"[1, 1, 1]",0.00726666266665634,-1.9600489896465234e-05,1.9600489896465234e-05,3.328933316937288e-05,-3.328933316937288e-05,2.1022311061713594e-05,-2.1022311061713594e-05,False,1391,1059,True,True
1390,DSC08003.JPG,274.0,165.0,4.571714401245117,1.2548609525917027,1.6124554376113307,0.8748223297930471,-0.07544725773050315,0.8038852483024707,0.5899798461495291,0.8908982739284778,0.9792556267062459,1.7853182742585862,0.8908982739284778,0.9792556267062459,1.7853182742585862,False,False,False,False,0.0,-0.0,0.0,-0.0,0.0,-0.0,0.0,9.703575752539031e-05,0.012282070066373838,0.011924302388857699,0.0034554007347578895,"[1, 1, 1]",0.012348644165295951,4.728623392402653e-05,-4.728623392402653e-05,-6.022881120215651e-05,6.022881120215651e-05,-1.6025328775537417e-05,1.6025328775537417e-05,False,1392,1163,True,True
1391,DSC08003.JPG,275.0,165.0,4.57529878616333,1.251070245527959,1.617388398646265,0.8672010632499044,-0.16407001186430445,0.8471360889887083,0.5054121861805099,0.8817651940983218,0.9828564505744486,1.7859571706688904,0.8817651940983218,0.9828564505744486,1.7859571706688904,False,False,False,False,0.0,-0.0,0.0,-0.0,0.0,-0.0,0.0,0.00010313436104809072,0.014631887102735143,0.014273006848640822,0.0038646227022264916,"[1, 1, 1]",0.014709625333963566,5.5658361423738256e-05,-5.5658361423738256e-05,-7.19799884743022e-05,7.19799884743022e-05,-2.074225116599493e-05,2.074225116599493e-05,False,1393,1064,True,True
1392,DSC08003.JPG,276.0,165.0,4.49711275100708,1.184656842948818,1.579531628660528,0.8920851994502396,0.01354990690916361,0.9163533043703429,0.4001412520502062,0.8640602836438451,0.9065247514639221,1.7679820999589357,0.8640602836438451,0.9065247514639221,1.7679820999589357,False,False,False,False,0.0,-0.0,0.0,-0.0,0.0,-0.0,0.0,0.00011544165182259687,0.022327420887055364,0.02231649974294465,0.000943719231886031,"[1, 1, 1]",0.022331933312911383,-7.196292078992528e-05,7.196292078992528e-05,9.628745075818124e-05,-9.628745075818124e-05,3.237243992959549e-05,-3.237243992959549e-05,False,1394,904,True,True
1393,DSC08003.JPG,277.0,165.0,4.648004531860352,1.2935466314476507,1.6616113312361163,0.8257803971787762,0.0200970391201624,0.8689564319866135,0.4944803619231977,0.8701760133002077,1.0541240151623392,1.8021500033908242,0.8701760133002077,1.0541240151623392,1.8021500033908242,False,False,False,False,0.0,-0.0,0.0,-0.0,0.0,-0.0,0.0,0.00012757185080346733,0.050166772945154786,0.05058433884342087,0.013010956104416218,"[1, 1, 1]",0.051209205439077685,0.0001790696648542589,-0.0001790696648542589,-0.0002812336780768643,0.0002812336780768643,-0.0001525564337740981,0.0001525564337740981,False,1395,154,True,True
1394,DSC08003.JPG,278.0,165.0,4.507900238037109,1.1800186504005348,1.5912107917664076,0.875567107572234,0.0988477085797044,-0.6906251334469999,-0.7164258897889267,0.8464235327902448,0.9172612299884731,1.7700883023420897,0.8464235327902448,0.9172612299884731,1.7700883023420897,False,False,False,False,0.0,-0.0,0.0,-0.0,0.0,-0.0,0.0,0.0001249061918908166,0.0186503358403623,0.01864830682168806,0.0003166452973586476,"[1, 1, 1]",0.018650665354531477,-5.88133693821824e-05,5.88133693821824e-05,8.205257858784343e-05,-8.205257858784343e-05,3.226206586814939e-05,-3.226206586814939e-05,False,1396,905,True,True
1395,DSC08003.JPG,279.0,165.0,4.513312816619873,1.177690746125847,1.5970710972296935,0.8672785480493649,-0.09022691991248522,0.6444151755851931,0.7593340400631402,0.8375733309188991,0.9226482257898664,1.771145061761955,0.8375733309188991,0.9226482257898664,1.771145061761955,False,False,False,False,0.0,-0.0,0.0,-0.0,0.0,-0.0,0.0,0.00012989336456298598,0.016407284829449673,0.01640728005352678,1.3713635377634418e-05,"[1, 1, 1]",0.016407285318148678,-5.0830009993729774e-05,5.0830009993729774e-05,7.28020130960072e-05,-7.28020130960072e-05,3.114396350278881e-05,-3.114396350278881e-05,False,1397,923,True,True
1396,DSC08003.JPG,242.0,166.0,4.441123962402344,1.3552686807488203,1.4557724996503985,1.1250865339792393,-0.30370988080978367,-0.8936133474166404,-0.33047767491516566,1.1722985356137143,0.8456967644050007,1.7698473388321634,1.1722985356137143,0.8456967644050007,1.7698473388321634,False,False,False,False,0.0,-0.0,0.0,-0.0,0.0,-0.0,0.0,0.00010606402997534063,0.038795086075764346,0.038796645061367825,0.000492074424166299,"[1, 1, 1]",0.03879742587402637,0.0001205384554698874,-0.0001205384554698874,-0.0001752001416872595,0.0001752001416872595,-7.830289576205018e-05,7.830289576205018e-05,False,1398,450,True,True
1397,DSC08003.JPG,243.0,166.0,4.444678783416748,1.3518028282240033,1.4605317658524246,1.1178131476417483,-0.4269934836069066,-0.8621984893487216,-0.2725625247938923,1.1636707288808363,0.8492611868861334,1.770495984094251,1.1636707288808363,0.8492611868861334,1.770495984094251,False,False,False,False,0.0,-0.0,0.0,-0.0,0.0,-0.0,0.0,0.00010042696486623964,0.035010154284070526,0.03501054283438772,0.00022775442200007322,"[1, 1, 1]",0.03501071897355685,0.00010844771622098293,-0.00010844771622098293,-0.00015697791248392434,0.00015697791248392434,-6.932608803422724e-05,6.932608803422724e-05,False,1399,515,True,True
1398,DSC08003.JPG,244.0,166.0,4.448238849639893,1.3483310578638483,1.4652984304934284,1.1105282671183743,0.407696749572825,0.7648351638993335,0.4988091142419443,1.1550290220582702,0.8528308806745412,1.771145564669006,1.1550290220582702,0.8528308806745412,1.771145564669006,False,False,False,False,0.0,-0.0,0.0,-0.0,0.0,-0.0,0.0,9.481357124946241e-05,0.031393601380634496,0.031393603470348565,1.5556496191598024e-05,"[1, 1, 1]",0.03139360435267225,9.692167302954857e-05,-9.692167302954857e-05,-0.00013959886889369777,0.00013959886889369777,-6.07553346090306e-05,6.07553346090306e-05,False,1400,587,True,True
1399,DSC08003.JPG,245.0,166.0,4.4518046379089355,1.3448537331503645,1.4700727444721418,1.1032317021433427,-0.25517089112332103,-0.8945245739551462,-0.36703351742544515,1.146373463039229,0.8564063116005397,1.7717961900039827,1.146373463039229,0.8564063116005397,1.7717961900039827,False,False,False,False,0.0,-0.0,0.0,-0.0,0.0,-0.0,0.0,8.923000999937928e-05,0.02794596733462317,0.02794655599456254,0.000238186016046446,"[1, 1, 1]",0.02794676916994704,8.59632719287795e-05,-8.59632719287795e-05,-0.00012306469154066413,0.00012306469154066413,-5.258799623586441e-05,5.258799623586441e-05,False,1401,677,True,True
1400,DSC08003.JPG,246.0,166.0,4.384879112243652,1.2844051914335657,1.439270789870556,1.1209930998043545,-0.10214994885365308,0.8500405446491693,0.5167170022379172,1.125927867222912,0.7911656284422652,1.7561793810278907,1.125927867222912,0.7911656284422652,1.7561793810278907,False,False,False,False,0.0,-0.0,0.0,-0.0,0.0,-0.0,0.0,0.00011458301828500801,0.03798589076836163,0.038710113157039164,0.007917389391216861,"[1, 1, 1]",0.03875619832659218,0.00012333532933617164,-0.00012333532933617164,-0.00021418868682032688,0.00021418868682032688,-0.00014046192457151108,0.00014046192457151108,False,1402,181,True,True
1401,DSC08003.JPG,247.0,166.0,4.457091808319092,1.3363807287640754,1.4787034774592143,1.089267950152397,0.1366775447910755,0.9387356986417845,0.3163772065832247,1.1287135546085036,0.8617570101038904,1.7726710526409066,1.1287135546085036,0.8617570101038904,1.7726710526409066,False,False,False,False,0.0,-0.0,0.0,-0.0,0.0,-0.0,0.0,7.886258689557513e-05,0.021928882991115208,0.02193256984603564,0.0004959065420268046,"[1, 1, 1]",0.021933529718957148,6.709133329030337e-05,-6.709133329030337e-05,-9.484539104609446e-05,9.484539104609446e-05,-3.8963969874128423e-05,3.8963969874128423e-05,False,1403,817,True,True
1402,DSC08003.JPG,248.0,166.0,4.454396724700928,1.3278342060897914,1.4803222711141082,1.0841883001139028,0.05442961485599738,-0.962009152763979,-0.26753655268945786,1.1189975213924253,0.859220492223704,1.771876595077343,1.1189975213924253,0.859220492223704,1.771876595077343,False,False,False,False,0.0,-0.0,0.0,-0.0,0.0,-0.0,0.0,7.592427229473952e-05,0.020036708752975505,0.02003781708445257,0.0002462067670681276,"[1, 1, 1]",0.02003801923424393,6.163667904268699e-05,-6.163667904268699e-05,-8.773395273897755e-05,8.773395273897755e-05,-3.683174775437337e-05,3.683174775437337e-05,False,1404,848,True,True
1403,DSC08003.JPG,249.0,166.0,4.451704978942871,1.319298077610291,1.481939149085147,1.0791147604498361,0.02375047465969616,0.9213595810734257,0.38798509935001435,1.109293244074912,0.8566871186499166,1.7710831162842666,1.109293244074912,0.8566871186499166,1.7710831162842666,False,False,False,False,0.0,-0.0,0.0,-0.0,0.0,-0.0,0.0,7.342246813886693e-05,0.018009761072312367,0.01800976186155793,6.097163388881822e-06,"[1, 1, 1]",0.018009761982980318,5.568550639312164e-05,-5.568550639312164e-05,-8.009671964526177e-05,8.009671964526177e-05,-3.471550898570541e-05,3.471550898570541e-05,False,1405,874,True,True
1404,DSC08003.JPG,250.0,166.0,4.449016571044922,1.3107723289998388,1.4835541180735974,1.0740473175782959,0.23613655200085046,0.8042674758685008,0.5453378366382259,1.0996007018135576,0.8541568895951487,1.7702906158736191,1.0996007018135576,0.8541568895951487,1.7702906158736191,False,False,False,False,0.0,-0.0,0.0,-0.0,0.0,-0.0,0.0,7.140101118451061e-05,0.015848330147930294,0.01585019677694588,0.0002630066311838305,"[1, 1, 1]",0.015850354540288696,4.923918476484879e-05,-4.923918476484879e-05,-7.193607751743158e-05,7.193607751743158e-05,-3.26168469024779e-05,3.26168469024779e-05,False,1406,902,True,True
1405,DSC08003.JPG,251.0,166.0,4.440948963165283,1.2979460495491506,1.4824322963223604,1.0709365619264017,0.21549590165460367,0.8010210061688753,0.5585041307334011,1.089076766356271,0.8463745984345049,1.7682580175128215,1.089076766356271,0.8463745984345049,1.7682580175128215,False,False,False,False,0.0,-0.0,0.0,-0.0,0.0,-0.0,0.0,7.268872794184056e-05,0.014019616360459527,0.01405091410892667,0.0009802749269201747,"[1, 1, 1]",0.014052380019126773,4.4024459094682555e-05,-4.4024459094682555e-05,-6.795245364576985e-05,6.795245364576985e-05,-3.544229198571003e-05,3.544229198571003e-05,False,1407,867,True,True
1406,DSC08003.JPG,252.0,166.0,4.460519313812256,1.3072386669769873,1.4953611268709883,1.057794350638357,0.3700498896637452,0.7816092986255962,0.5021453808030635,1.0828580303691244,0.8655766978205306,1.7725975817128583,1.0828580303691244,0.8655766978205306,1.7725975817128583,False,False,False,False,0.0,-0.0,0.0,-0.0,0.0,-0.0,0.0,6.0038057604978015e-05,0.009957866571105726,0.00996594783389403,0.0004221701332652399,"[1, 1, 1]",0.009966379728096633,3.049872751237359e-05,-3.049872751237359e-05,-4.181685152571113e-05,4.181685152571113e-05,-1.5467467201712992e-05,1.5467467201712992e-05,False,1408,1174,True,True
1407,DSC08003.JPG,253.0,166.0,4.480015754699707,1.3164163053658975,1.5082784983148219,1.0446260359451967,0.052924250775027916,0.9090559067698489,0.4132993854904091,1.07654655701059,0.884707463823129,1.776918593107428,1.07654655701059,0.884707463823129,1.776918593107428,False,False,False,False,0.0,-0.0,0.0,-0.0,0.0,-0.0,0.0,4.7601502470684296e-05,0.006562716613301802,0.006672557205643418,0.0012809615315226151,"[1, 1, 1]",0.006679563370636884,1.927538709933785e-05,-1.927538709933785e-05,-2.1793653509183386e-05,2.1793653509183386e-05,-1.767467575852777e-06,1.767467575852777e-06,False,1409,1506,True,True
1408,DSC08003.JPG,254.0,166.0,4.477630615234375,1.308107026288475,1.5100599175880458,1.0394236425426304,-0.07012713847739484,-0.9419385489510046,-0.32838080706559003,1.0668630805992392,0.882473721100185,1.7761953030085904,1.0668630805992392,0.882473721100185,1.7761953030085904,False,False,False,False,0.0,-0.0,0.0,-0.0,0.0,-0.0,0.0,4.636703764099116e-05,0.004909362240774415,0.005033054736619601,0.0011423663671898173,"[1, 1, 1]",0.005036788694109677,1.4541528927658476e-05,-1.4541528927658476e-05,-1.5157255213393839e-05,1.5157255213393839e-05,8.852128177139207e-07,-8.852128177139207e-07,False,1410,1546,True,True
1409,DSC08003.JPG,255.0,166.0,4.478587627410889,1.3024621889820667,1.5135452512923346,1.0329984082622385,0.05853877690984128,0.9248980246453385,0.3756818542397951,1.0576852138722703,0.8835032496010525,1.7762422946237382,1.0576852138722703,0.8835032496010525,1.7762422946237382,False,False,False,False,0.0,-0.0,0.0,-0.0,0.0,-0.0,0.0,4.406877092429373e-05,0.0030889143516402806,0.003283024451564727,0.0011261015475828456,"[1, 1, 1]",0.0032854030838204134,9.14057308221139e-06,-9.14057308221139e-06,-7.114560391485725e-06,7.114560391485725e-06,4.72554713715212e-06,-4.72554713715212e-06,False,1411,1412,True,True
1410,DSC08003.JPG,256.0,166.0,4.4795451164245605,1.2968149919036267,1.517032109774224,1.026570401861414,0.03235070045667986,0.9402069002310883,0.33906403073432995,1.048503432996356,0.8845332843503514,1.7762893219183578,1.048503432996356,0.8845332843503514,1.7762893219183578,False,False,False,False,0.0,-0.0,0.0,-0.0,0.0,-0.0,0.0,4.2450753949927604e-05,0.0013207434028977992,0.0017257849008791852,0.001113539167240589,"[1, 1, 1]",0.0017266537199869165,3.904363443218983e-06,-3.904363443218983e-06,6.918988388893155e-07,-6.918988388893155e-07,8.464364539495506e-06,-8.464364539495506e-06,False,1412,1320,True,True
1411,DSC08003.JPG,257.0,166.0,4.467855930328369,1.2811448381496298,1.5140436445903411,1.0248258078123424,-0.05043881190056103,-0.9226925581629271,-0.38222293150047065,1.037494660159269,0.8732142471897132,1.7734232148717268,1.037494660159269,0.8732142471897132,1.7734232148717268,False,False,False,False,0.0,-0.0,0.0,-0.0,0.0,-0.0,0.0,4.931694248928758e-05,0.0008684519054005649,0.0010454324949985203,0.000582323699293762,"[1, 1, 1]",0.0010455238309631533,-2.6432879045579227e-06,2.6432879045579227e-06,7.285207168417074e-06,-7.285207168417074e-06,7.665540448176245e-06,-7.665540448176245e-06,False,1413,1341,True,True
1412,DSC08003.JPG,258.0,166.0,4.47551965713501,1.2808141485353857,1.5209634838676358,1.0159157819429998,0.05256646815972714,0.9155516243333965,0.3987505355553666,1.029283969820555,0.8807926844232988,1.775015052016432,1.029283969820555,0.8807926844232988,1.775015052016432,False,False,False,False,0.0,-0.0,0.0,-0.0,0.0,-0.0,0.0,4.517663524961951e-05,0.0024092584655768757,0.002566029299617526,0.0008889169598943241,"[1, 1, 1]",0.0025670223548041955,-7.222029637876659e-06,7.222029637876659e-06,1.5911560418579995e-05,-1.5911560418579995e-05,1.4044775134003373e-05,-1.4044775134003373e-05,False,1414,1200,True,True
1413,DSC08003.JPG,259.0,166.0,4.475092887878418,1.2740744159868476,1.5237394535297235,1.0100047090734674,-0.05671889541387158,-0.9055507890047929,-0.42042922761842755,1.0199088187935887,0.8804709680613577,1.7747433413916587,1.0199088187935887,0.8804709680613577,1.7747433413916587,False,False,False,False,0.0,-0.0,0.0,-0.0,0.0,-0.0,0.0,4.6733807571622504e-05,0.0042838197145716175,0.004361577441200127,0.0008366010291623696,"[1, 1, 1]",0.004363162252097467,-1.2875090417363566e-05,1.2875090417363566e-05,2.3889179163960605e-05,-2.3889179163960605e-05,1.730297168833772e-05,-1.730297168833772e-05,False,1415,1142,True,True
1414,DSC08003.JPG,260.0,166.0,4.474666595458984,1.267336280297903,1.5265150971434016,1.0040946152751384,-0.05491078842112127,-0.8829974363002887,-0.46615483779758027,1.0105355100917557,0.880149699224135,1.7744717736244335,1.0105355100917557,0.880149699224135,1.7744717736244335,False,False,False,False,0.0,-0.0,0.0,-0.0,0.0,-0.0,0.0,4.8961338183486194e-05,0.0061748189016925074,0.006220685837855857,0.0007856916632890631,"[1, 1, 1]",0.006222645336437231,-1.8606813529498112e-05,1.8606813529498112e-05,3.193548551938541e-05,-3.193548551938541e-05,2.0533296512414978e-05,-2.0533296512414978e-05,False,1416,1070,True,True
1415,DSC08003.JPG,261.0,166.0,4.474239826202393,1.2605989892639478,1.5292899247181972,0.998185857149549,0.05237767711485612,0.8683524012222047,0.49317409322842903,1.0011639112062942,0.879827946625612,1.7742001291359248,1.0011639112062942,0.879827946625612,1.7742001291359248,False,False,False,False,0.0,-0.0,0.0,-0.0,0.0,-0.0,0.0,5.17729171652837e-05,0.00808242237064496,0.008111492467311097,0.000735361342711598,"[1, 1, 1]",0.008113649540462502,-2.4417700019707667e-05,2.4417700019707667e-05,4.005081101920993e-05,-4.005081101920993e-05,2.3735386468715092e-05,-2.3735386468715092e-05,False,1417,1025,True,True
1416,DSC08003.JPG,262.0,166.0,4.473813533782959,1.2538632937252299,1.5320644268827985,0.9922780768016486,0.032634628706444305,0.8623631110413186,0.505237415206288,0.9917941526609743,0.8795066415720569,1.7739286274680055,0.9917941526609743,0.8795066415720569,1.7739286274680055,False,False,False,False,0.0,-0.0,0.0,-0.0,0.0,-0.0,0.0,5.50783079874376e-05,0.010006584712747523,0.010025582205274683,0.0006848941112924976,"[1, 1, 1]",0.010027789308793585,-3.030752820332161e-05,3.030752820332161e-05,4.823501216910664e-05,-4.823501216910664e-05,2.69094032487871e-05,-2.69094032487871e-05,False,1418,981,True,True
1417,DSC08003.JPG,263.0,166.0,4.512434005737305,1.2777311918540624,1.5549917411594427,0.9715855743657191,-0.013442563791866126,0.7107370764973064,0.7033293009471195,0.9875670874786309,0.9173183293306268,1.7826421885587376,0.9875670874786309,0.9173183293306268,1.7826421885587376,False,False,False,False,0.0,-0.0,0.0,-0.0,0.0,-0.0,0.0,4.083226785897807e-05,0.005219092044208155,0.0052871003457405485,0.0015658474019990684,"[1, 1, 1]",0.005368623190425378,-1.282416358550087e-05,1.282416358550087e-05,3.0207466586329446e-05,-3.0207466586329446e-05,2.8313860620521325e-05,-2.8313860620521325e-05,False,1419,967,True,True
1418,DSC08003.JPG,264.0,166.0,4.544581413269043,1.2964246705138167,1.5746254426163324,0.9532482480233329,0.0989491357328406,0.8917076357938228,0.441663402156795,0.9823404777689861,0.9488099348119673,1.7898634938312488,0.9823404777689861,0.9488099348119673,1.7898634938312488,False,False,False,False,0.0,-0.0,0.0,-0.0,0.0,-0.0,0.0,3.9161738525886855e-05,0.001710755747817935,0.0004304281018624159,0.0016687040316477576,"[1, 1, 1]",0.0017170506684281615,4.24585105074371e-06,-4.24585105074371e-06,2.6619483879386507e-06,-2.6619483879386507e-06,1.2503809228459062e-05,-1.2503809228459062e-05,False,1420,1230,True,True
1419,DSC08003.JPG,265.0,166.0,4.545196533203125,1.2904033848502552,1.5779850654987864,0.9468496168753557,-0.06624048485505865,0.9895973824869124,0.12770755162173614,0.9729597488444455,0.9495071821319897,1.7898288738746888,0.9729597488444455,0.9495071821319897,1.7898288738746888,False,False,False,False,0.0,-0.0,0.0,-0.0,0.0,-0.0,0.0,4.4816184800223836e-05,0.0019514017881662369,0.00035064848483590694,0.0019253381331050842,"[1, 1, 1]",0.0019542071224050495,5.323213396302151e-06,-5.323213396302151e-06,2.102694839800634e-06,-2.102694839800634e-06,1.3543365534385288e-05,-1.3543365534385288e-05,False,1421,1209,True,True
1420,DSC08003.JPG,266.0,166.0,4.4898681640625,1.240775488992571,1.5523588311012377,0.96186113226976,0.00046592978598327257,0.9315176698296195,0.36369577080938237,0.9565602329819196,0.8955665653436514,1.7769275843630128,0.9565602329819196,0.8955665653436514,1.7769275843630128,False,False,False,False,0.0,-0.0,0.0,-0.0,0.0,-0.0,0.0,6.416093614548876e-05,0.013298492574517363,0.013318692244869968,0.0012793241856685629,"[1, 1, 1]",0.013339305435136017,-3.8707184314201726e-05,3.8707184314201726e-05,6.50518892608698e-05,-6.50518892608698e-05,4.032490970873326e-05,-4.032490970873326e-05,False,1422,803,True,True
1421,DSC08003.JPG,267.0,166.0,4.488740921020508,1.2334751350368196,1.5547787044536951,0.9562042780864611,0.057528226799924816,0.9312819561023241,0.3597282604404126,0.9470759301743091,0.8945609400224951,1.776494372937387,0.9470759301743091,0.8945609400224951,1.776494372937387,False,False,False,False,0.0,-0.0,0.0,-0.0,0.0,-0.0,0.0,6.954495913049334e-05,0.015048250991934974,0.015060992350065514,0.0012439889275938738,"[1, 1, 1]",0.015080299349727017,-4.4070897459835834e-05,4.4070897459835834e-05,7.245979009495862e-05,-7.245979009495862e-05,4.313701135627568e-05,-4.313701135627568e-05,False,1423,769,True,True
1422,DSC08003.JPG,268.0,166.0,4.5004425048828125,1.2361406595799662,1.5638613957773655,0.9456055748958068,-0.00017705127482165828,0.9511284394428566,0.30879549921564975,0.9391518598939756,0.9060852417302647,1.779010797471406,0.9391518598939756,0.9060852417302647,1.779010797471406,False,False,False,False,0.0,-0.0,0.0,-0.0,0.0,-0.0,0.0,7.073203428668517e-05,0.01303701192202679,0.013031157846908444,0.001670120268276857,"[1, 1, 1]",0.013087476006101793,-3.6224679831331486e-05,3.6224679831331486e-05,6.435566332996245e-05,-6.435566332996245e-05,4.3744032992787396e-05,-4.3744032992787396e-05,False,1424,762,True,True
1423,DSC08003.JPG,269.0,166.0,4.495707035064697,1.2260314762469746,1.564410018420218,0.9413331311130522,0.11646337418941373,0.9637778960454388,0.2399342609271216,0.9292202401561189,0.9015555445794666,1.7777478155056787,0.9292202401561189,0.9015555445794666,1.7777478155056787,False,False,False,False,0.0,-0.0,0.0,-0.0,0.0,-0.0,0.0,7.755572890691734e-05,0.01571007868214697,0.015706163291996898,0.0015419116596012102,"[1, 1, 1]",0.015745914206881022,-4.488663498647405e-05,4.488663498647405e-05,7.576814505427798e-05,-7.576814505427798e-05,4.733397269696127e-05,-4.733397269696127e-05,False,1425,728,True,True
1424,DSC08003.JPG,270.0,166.0,4.495229721069336,1.219230471477372,1.5671700315559902,0.9354206641781492,0.10386071445117886,0.8724660077109001,0.47751022751632705,0.9198069236400436,0.9011847877538283,1.777463887369461,0.9198069236400436,0.9011847877538283,1.777463887369461,False,False,False,False,0.0,-0.0,0.0,-0.0,0.0,-0.0,0.0,8.309348849005297e-05,0.017152314720866764,0.017143641329216253,0.0015474891692756898,"[1, 1, 1]",0.01718285570480424,-4.9227345179758686e-05,4.9227345179758686e-05,8.193942488854411e-05,-8.193942488854411e-05,4.991417652799868e-05,-4.991417652799868e-05,False,1426,702,True,True
1425,DSC08003.JPG,271.0,166.0,4.500072479248047,1.2165394786357837,1.5727037609909644,0.9274372078816808,-0.06758368186571125,0.843104855536525,0.5334853779778876,0.911007451589345,0.9060104887786651,1.778402545783617,0.911007451589345,0.9060104887786651,1.778402545783617,False,False,False,False,0.0,-0.0,0.0,-0.0,0.0,-0.0,0.0,8.72330522569725e-05,0.016645460398718993,0.016618075265142654,0.0017793826725138035,"[1, 1, 1]",0.01667929823784425,-4.669989553107712e-05,4.669989553107712e-05,7.981917255528437e-05,-7.981917255528437e-05,5.095679427391531e-05,-5.095679427391531e-05,False,1427,694,True,True
1426,DSC08003.JPG,272.0,166.0,4.457570552825928,1.1773384674402172,1.5535225912937995,0.9379466180055653,-0.08611390676847774,0.8763982878397162,0.47382532238440345,0.896841287380849,0.8645906007117672,1.7684628820568125,0.896841287380849,0.8645906007117672,1.7684628820568125,False,False,False,False,0.0,-0.0,0.0,-0.0,0.0,-0.0,0.0,0.000106380395882055,0.035221108899748624,0.035224143903099366,0.0009321108729643341,"[1, 1, 1]",0.03522879261361561,-0.00011126146547812965,0.00011126146547812965,0.0001516881080099175,-0.0001516881080099175,5.491444194083428e-05,-5.491444194083428e-05,False,1428,646,True,True
1427,DSC08003.JPG,273.0,166.0,4.507810592651367,1.209617533156463,1.5827725107804633,0.9121947231392472,-0.12177393919072421,0.8752897605358656,0.4680159642950664,0.893132166138404,0.9137602635220411,1.7798313754235147,0.893132166138404,0.9137602635220411,1.7798313754235147,False,False,False,False,0.0,-0.0,0.0,-0.0,0.0,-0.0,0.0,9.668054184614002e-05,0.01575050316612445,0.015665782826838077,0.0022082899510943647,"[1, 1, 1]",0.015785620780657993,-4.203990625817333e-05,4.203990625817333e-05,7.553713163743758e-05,-7.553713163743758e-05,5.223498183992703e-05,-5.223498183992703e-05,False,1429,680,True,True
1428,DSC08003.JPG,274.0,166.0,4.480961799621582,1.1825486600902886,1.5717339847547795,0.9166480022789573,0.05652147804427075,-0.8829023733670562,-0.4661423834221796,0.8808293370371049,0.8876292172333031,1.7734899673031834,0.8808293370371049,0.8876292172333031,1.7734899673031834,False,False,False,False,0.0,-0.0,0.0,-0.0,0.0,-0.0,0.0,0.00010901243216099646,0.028733741165551135,0.028732139930003384,0.0007547460442003049,"[1, 1, 1]",0.02873789646515061,-8.726654059554306e-05,8.726654059554306e-05,0.0001302097909816613,-0.0001302097909816613,6.248433434397072e-05,-6.248433434397072e-05,False,1430,561,True,True
1429,DSC08003.JPG,275.0,166.0,4.497317314147949,1.1886756877663571,1.5833057146658729,0.9041106934171046,-0.006558174043084387,0.9369076601688097,0.34951541692781907,0.8732474654776119,0.9037013004477832,1.7770722681808706,0.8732474654776119,0.9037013004477832,1.7770722681808706,False,False,False,False,0.0,-0.0,0.0,-0.0,0.0,-0.0,0.0,0.00011034897640894582,0.02253872309119795,0.022506881429815474,0.0017612359122950998,"[1, 1, 1]",0.022557212848941466,-6.478342097859802e-05,6.478342097859802e-05,0.00010509514696965816,-0.00010509514696965816,6.09561471933695e-05,-6.09561471933695e-05,False,1431,581,True,True
1430,DSC08003.JPG,276.0,166.0,4.494155406951904,1.1798223913966372,1.5846559221555954,0.8992638406376061,-0.03948005780403208,-0.9195621178074017,-0.3909563102564744,0.8635559439416898,0.9007080063200688,1.776171990820676,0.8635559439416898,0.9007080063200688,1.776171990820676,False,False,False,False,0.0,-0.0,0.0,-0.0,0.0,-0.0,0.0,0.00011672627398202715,0.025321354954238647,0.025298630636569265,0.0015841357608648203,"[1, 1, 1]",0.025334770714035948,-7.398564842620026e-05,7.398564842620026e-05,0.00011695355121532636,-0.00011695355121532636,6.43098821573318e-05,-6.43098821573318e-05,False,1432,547,True,True
1431,DSC08003.JPG,277.0,166.0,4.492065906524658,1.1717971473309472,1.5865654512126168,0.8939991119793893,-0.03712629109368326,-0.9200034995722415,-0.3901476634358535,0.8539875288406737,0.8987622075315784,1.7755181476380186,0.8539875288406737,0.8987622075315784,1.7755181476380186,False,False,False,False,0.0,-0.0,0.0,-0.0,0.0,-0.0,0.0,0.0001228574825989348,0.0277033500944877,0.027685553124566963,0.0014485227950792867,"[1, 1, 1]",0.027713387354935524,-8.178723805785104e-05,8.178723805785104e-05,0.00012706881462842823,-0.00012706881462842823,6.72597260500396e-05,-6.72597260500396e-05,False,1433,529,True,True
1432,DSC08003.JPG,278.0,166.0,4.475834369659424,1.1529977323844367,1.5810310289852916,0.8943829538737651,0.10567300475895923,0.8683553493445059,0.48455361244138334,0.8430073950502176,0.883000724445139,1.7716184708333542,0.8430073950502176,0.883000724445139,1.7716184708333542,False,False,False,False,0.0,-0.0,0.0,-0.0,0.0,-0.0,0.0,0.00013240278002414778,0.03809912355594442,0.03809898225298914,0.00019103364197244966,"[1, 1, 1]",0.03809929236115742,-0.00011784066274067584,0.00011784066274067584,0.00016943127313484574,-0.00016943127313484574,7.331751667294384e-05,-7.331751667294384e-05,False,1434,485,True,True
1433,DSC08003.JPG,279.0,166.0,4.606283664703369,1.2458463424330495,1.6527525043657245,0.8360838409644151,0.041832665604690435,0.916125228373154,0.39870364185274587,0.8465220539522126,1.0105366622766578,1.8013817488611545,0.8465220539522126,1.0105366622766578,1.8013817488611545,False,False,False,False,0.0,-0.0,0.0,-0.0,0.0,-0.0,0.0,0.00012996286329633049,0.03369549658833189,0.03302079202909711,0.010572304207770472,"[1, 1, 1]",0.03418722582840488,0.00012965683567744968,-0.00012965683567744968,-0.00017872363671567193,0.00017872363671567193,-6.741634339979541e-05,6.741634339979541e-05,False,1435,527,True,True
1434,DSC08003.JPG,242.0,167.0,4.393957138061523,1.3143725902849024,1.4386142007702367,1.147472630548289,-0.3659039374203988,0.8995377618268606,0.23863386940619122,1.1638363555160944,0.7967941139041828,1.7676208983359822,1.1638363555160944,0.7967941139041828,1.7676208983359822,False,False,False,False,0.0,-0.0,0.0,-0.0,0.0,-0.0,0.0,0.00012434630946701097,0.05306185540486461,0.053086237454597805,0.0018450036643810229,"[1, 1, 1]",0.05309007979072895,0.00016565564704507096,-0.00016565564704507096,-0.0002465975766650086,0.0002465975766650086,-0.00011767945117391321,0.00011767945117391321,False,1436,250,True,True
1435,DSC08003.JPG,243.0,167.0,4.440418720245361,1.3458029158418285,1.4649822597507933,1.1252416585803438,0.5223932169661157,0.6502281025211719,0.5516418598688004,1.1627399706635615,0.8422117436093369,1.7782695069717003,1.1627399706635615,0.8422117436093369,1.7782695069717003,False,False,False,False,0.0,-0.0,0.0,-0.0,0.0,-0.0,0.0,0.00010299417181099368,0.0371645333953524,0.03722666847147694,0.002831778895430918,"[1, 1, 1]",0.03724947222740937,0.00011033128623960664,-0.00011033128623960664,-0.00015050319997045314,0.00015050319997045314,-5.4632513678321004e-05,5.4632513678321004e-05,False,1437,649,True,True
1436,DSC08003.JPG,244.0,167.0,4.443028450012207,1.3415651022996449,1.4692715301007488,1.1183014160406206,0.5089537629157465,0.8362419125359392,0.204121363242893,1.1539443129817528,0.8448519341617556,1.7787050182285769,1.1539443129817528,0.8448519341617556,1.7787050182285769,False,False,False,False,0.0,-0.0,0.0,-0.0,0.0,-0.0,0.0,9.780339380934321e-05,0.03363591961908298,0.033712041750696316,0.00290069530380098,"[1, 1, 1]",0.033736411205696475,9.953607449331159e-05,-9.953607449331159e-05,-0.0001342393750254356,0.0001342393750254356,-4.6628154507732944e-05,4.6628154507732944e-05,False,1438,733,True,True
1437,DSC08003.JPG,245.0,167.0,4.44564151763916,1.3373225216869489,1.4735659809387216,1.1113529160955598,-0.5990779674187935,-0.7566956237169372,-0.2617581364561616,1.1451383558180963,0.8474954918403258,1.779141104198791,1.1451383558180963,0.8474954918403258,1.779141104198791,False,False,False,False,0.0,-0.0,0.0,-0.0,0.0,-0.0,0.0,9.267887405524905e-05,0.03023427186733191,0.03032732274102921,0.0029592837764037577,"[1, 1, 1]",0.030353048136222888,8.916412047454969e-05,-8.916412047454969e-05,-0.00011859243685496956,0.00011859243685496956,-3.890205001599867e-05,3.890205001599867e-05,False,1439,819,True,True
1438,DSC08003.JPG,246.0,167.0,4.4482574462890625,1.3330747746389815,1.4778653775707873,1.1043963140959117,-0.009151811340650736,0.8803733585303262,0.47419299229239875,1.1363219986977906,0.8501419516617819,1.7795776535150154,1.1363219986977906,0.8501419516617819,1.7795776535150154,False,False,False,False,0.0,-0.0,0.0,-0.0,0.0,-0.0,0.0,8.763376376250956e-05,0.026960013063946298,0.02707368868620802,0.0030078678209075503,"[1, 1, 1]",0.02710049992756282,7.92177844268771e-05,-7.92177844268771e-05,-0.00010356406864908685,0.00010356406864908685,-3.145267538728902e-05,3.145267538728902e-05,False,1440,918,True,True
1439,DSC08003.JPG,247.0,167.0,4.406531810760498,1.293077815301196,1.4596910210741905,1.1132019746472286,-0.4022537900525308,0.7147978868504687,0.5720628194022743,1.1201819490619156,0.8095285504453147,1.7696956452443942,1.1201819490619156,0.8095285504453147,1.7696956452443942,False,False,False,False,0.0,-0.0,0.0,-0.0,0.0,-0.0,0.0,0.00010228482287229919,0.03130998005436452,0.031316107483350515,0.0006624392253749376,"[1, 1, 1]",0.031316547243237354,9.723573164555077e-05,-9.723573164555077e-05,-0.00014308375041416355,0.00014308375041416355,-6.619187512058033e-05,6.619187512058033e-05,False,1441,537,True,True
1440,DSC08003.JPG,248.0,167.0,4.427649974822998,1.303765879403613,1.4733591263018364,1.0996862071263187,-0.001536978755474116,0.8859568216751852,0.4637651860839807,1.1144489803237903,0.8302256074146266,1.7744382909941205,1.1144489803237903,0.8302256074146266,1.7744382909941205,False,False,False,False,0.0,-0.0,0.0,-0.0,0.0,-0.0,0.0,8.919096364878744e-05,0.02479810435469421,0.024829401074128798,0.0013489253457307164,"[1, 1, 1]",0.024832083442620004,7.540682738715887e-05,-7.540682738715887e-05,-0.00010262556040152582,0.00010262556040152582,-3.692580475300744e-05,3.692580475300744e-05,False,1442,846,True,True
1441,DSC08003.JPG,249.0,167.0,4.431182861328125,1.3002691388835124,1.4781177784369837,1.0924147749615853,0.04977544723065902,0.8699368176000365,0.4906448188220364,1.105801143949014,0.8337664819498561,1.7750885399429348,1.105801143949014,0.8337664819498561,1.7750885399429348,False,False,False,False,0.0,-0.0,0.0,-0.0,0.0,-0.0,0.0,8.454598450873788e-05,0.0212212903261797,0.021271200043405752,0.0015544676730569835,"[1, 1, 1]",0.021274673716269878,6.430825288150643e-05,-6.430825288150643e-05,-8.547016124160756e-05,8.547016124160756e-05,-2.7946853736082744e-05,2.7946853736082744e-05,False,1443,971,True,True
1442,DSC08003.JPG,250.0,167.0,4.408348560333252,1.2756220588363287,1.4694623890576413,1.0946181113732414,0.016766577958805443,0.775469157395323,0.6311627902468103,1.0929547720149777,0.8115817953754795,1.7696058926597047,1.0929547720149777,0.8115817953754795,1.7696058926597047,False,False,False,False,0.0,-0.0,0.0,-0.0,0.0,-0.0,0.0,9.392021510326308e-05,0.02018155360139306,0.020192416416827345,0.0006820876688853234,"[1, 1, 1]",0.020192746577128464,6.276256004600356e-05,-6.276256004600356e-05,-9.368906315021519e-05,9.368906315021519e-05,-4.502479899137768e-05,4.502479899137768e-05,False,1444,750,True,True
1443,DSC08003.JPG,251.0,167.0,4.407784938812256,1.2688642556994456,1.4721253195152677,1.088842356859361,0.14784534544409436,0.8095968482821772,0.568062229937955,1.0836909138190094,0.811125477344382,1.7693039866426727,1.0836909138190094,0.811125477344382,1.7693039866426727,False,False,False,False,0.0,-0.0,0.0,-0.0,0.0,-0.0,0.0,9.233957036321728e-05,0.016604410967103723,0.016623791031777004,0.0008184568259197421,"[1, 1, 1]",0.016624180643671806,5.171541579152006e-05,-5.171541579152006e-05,-7.858210129518817e-05,7.858210129518817e-05,-3.948962494648711e-05,3.948962494648711e-05,False,1445,810,True,True
1444,DSC08003.JPG,252.0,167.0,4.423389434814453,1.275024799772115,1.4830374023023052,1.0772085542989913,0.027019404421446225,0.7015369185896225,0.7121207086165152,1.0769275822105098,0.8264445920823069,1.7727613389874426,1.0769275822105098,0.8264445920823069,1.7727613389874426,False,False,False,False,0.0,-0.0,0.0,-0.0,0.0,-0.0,0.0,8.186430443231486e-05,0.01242286035996794,0.01244038551160907,0.0006717826125927822,"[1, 1, 1]",0.01244069819348644,3.8132345929975386e-05,-3.8132345929975386e-05,-5.1281571858519115e-05,5.1281571858519115e-05,-1.7608503491750582e-05,1.7608503491750582e-05,False,1446,1134,True,True
1445,DSC08003.JPG,253.0,167.0,4.46654748916626,1.3031138574778558,1.5080482257554013,1.05550921164275,-0.2841834923461479,-0.8503030242891196,-0.44297235756051845,1.0742993175270183,0.868649343901726,1.7826228334444771,1.0742993175270183,0.868649343901726,1.7826228334444771,False,False,False,False,0.0,-0.0,0.0,-0.0,0.0,-0.0,0.0,5.654893697398622e-05,0.007636585483815966,0.008206838195964624,0.0031109074902191274,"[1, 1, 1]",0.00822640190082281,2.1689724611917427e-05,-2.1689724611917427e-05,-1.5814273526482125e-05,1.5814273526482125e-05,1.3058133502052982e-05,-1.3058133502052982e-05,False,1447,1217,True,True
1446,DSC08003.JPG,254.0,167.0,4.450637340545654,1.2840587579373248,1.502897748229809,1.0552602628353385,0.08545518592644986,0.9128204236978831,0.3993197782207803,1.0626104934770784,0.8532197544830232,1.7787517385800116,1.0626104934770784,0.8532197544830232,1.7787517385800116,False,False,False,False,0.0,-0.0,0.0,-0.0,0.0,-0.0,0.0,6.34537754942299e-05,0.005825344953042753,0.006299802511616994,0.002422904313221712,"[1, 1, 1]",0.0063044675253897545,1.7210903559439217e-05,-1.7210903559439217e-05,-1.165310384299012e-05,1.165310384299012e-05,1.1909100747775625e-05,-1.1909100747775625e-05,False,1448,1249,True,True
1447,DSC08003.JPG,255.0,167.0,4.452587127685547,1.2792408593683435,1.5068750025647728,1.04850908236361,-0.058333067171526254,0.9626444034625792,0.2644106763285805,1.0536359666978108,0.8552168143313297,1.7790323762081355,1.0536359666978108,0.8552168143313297,1.7790323762081355,False,False,False,False,0.0,-0.0,0.0,-0.0,0.0,-0.0,0.0,6.127637676745244e-05,0.0032857679273045103,0.004094989457148005,0.0024524592632565465,"[1, 1, 1]",0.004097546059859773,9.682601809446467e-06,-9.682601809446467e-06,-1.5755535232031548e-07,1.5755535232031548e-07,1.775440762408209e-05,-1.775440762408209e-05,False,1449,1131,True,True
1448,DSC08003.JPG,256.0,167.0,4.4560980796813965,1.2756556652084436,1.5116556420137848,1.0411783523813931,-0.09789613609566056,0.954081856896792,0.2830974335417214,1.044881545446347,0.8587373397953328,1.7796756038404942,1.044881545446347,0.8587373397953328,1.7796756038404942,False,False,False,False,0.0,-0.0,0.0,-0.0,0.0,-0.0,0.0,5.8655308264650466e-05,0.0008900245265505635,0.002700139841986443,0.002549996066015376,"[1, 1, 1]",0.002700498054991798,2.6068137239931843e-06,-2.6068137239931843e-06,1.1071416555319402e-05,-1.1071416555319402e-05,2.398144830939586e-05,-2.398144830939586e-05,False,1450,1021,True,True
1449,DSC08003.JPG,257.0,167.0,4.447132587432861,1.262182220269405,1.510033031421476,1.0384443674907642,-0.07595288638826125,0.9428637332947348,0.32440582529727646,1.0343145822020914,0.8500832499425335,1.7774201053022567,1.0343145822020914,0.8500832499425335,1.7774201053022567,False,False,False,False,0.0,-0.0,0.0,-0.0,0.0,-0.0,0.0,6.41083959134969e-05,0.002029639225506373,0.0028874210704258286,0.0020559463277510354,"[1, 1, 1]",0.002888213149873179,-6.058405931819166e-06,6.058405931819166e-06,2.1110841951665904e-05,-2.1110841951665904e-05,2.519398291234154e-05,-2.519398291234154e-05,False,1451,1004,True,True
1450,DSC08003.JPG,258.0,167.0,4.438040733337402,1.248634561931227,1.5083334366055874,1.035781527097501,0.00887984347997466,0.8962177240677127,0.44352557924730845,1.0237669943109915,0.8413054702510445,1.7751359509043663,1.0237669943109915,0.8413054702510445,1.7751359509043663,False,False,False,False,0.0,-0.0,0.0,-0.0,0.0,-0.0,0.0,7.030184261706934e-05,0.00546005469042882,0.005642169780833112,0.0014299513242024254,"[1, 1, 1]",0.005643183403492361,-1.655722417504002e-05,1.655722417504002e-05,3.263200108105657e-05,-3.263200108105657e-05,2.555255628244879e-05,-2.555255628244879e-05,False,1452,995,True,True
1451,DSC08003.JPG,259.0,167.0,4.441133975982666,1.2447255841193605,1.512896293934586,1.02861159114372,0.08063700863052459,0.9078823336890278,0.4113968169717477,1.0149624714558412,0.8444182835978752,1.775682326673151,1.0149624714558412,0.8444182835978752,1.775682326673151,False,False,False,False,0.0,-0.0,0.0,-0.0,0.0,-0.0,0.0,6.950174780222463e-05,0.007946814943533454,0.008098998563456044,0.0015836863672003207,"[1, 1, 1]",0.008101040325916683,-2.4014934630667284e-05,2.4014934630667284e-05,4.4527689395224e-05,-4.4527689395224e-05,3.221988344792592e-05,-3.221988344792592e-05,False,1453,907,True,True
1452,DSC08003.JPG,260.0,167.0,4.433346748352051,1.232239858376853,1.5118531962320836,1.025494577273181,0.05347135896943698,0.8951422259738483,0.4425620962628246,1.0046450746659104,0.8369131542013548,1.77370204087968,1.0046450746659104,0.8369131542013548,1.77370204087968,False,False,False,False,0.0,-0.0,0.0,-0.0,0.0,-0.0,0.0,7.57993667723123e-05,0.01181416635853552,0.011851904714512735,0.0009665758439107115,"[1, 1, 1]",0.011852772676651744,-3.614055728839993e-05,3.614055728839993e-05,5.8047529153393285e-05,-5.8047529153393285e-05,3.300226814717533e-05,-3.300226814717533e-05,False,1454,897,True,True
1453,DSC08003.JPG,261.0,167.0,4.437812328338623,1.2294074380394784,1.5171255636183532,1.0178085082916761,0.16769335147155884,0.8504427084951689,0.4986242467426122,0.9960237812993545,0.8413652700846745,1.774566959408268,0.9960237812993545,0.8413652700846745,1.774566959408268,False,False,False,False,0.0,-0.0,0.0,-0.0,0.0,-0.0,0.0,7.505022563083268e-05,0.01401526499595987,0.014066652518421648,0.0012467501358467868,"[1, 1, 1]",0.014068630932444362,-4.2661608208760526e-05,4.2661608208760526e-05,6.9381106537314e-05,-6.9381106537314e-05,4.04419280366497e-05,-4.04419280366497e-05,False,1455,799,True,True
1454,DSC08003.JPG,262.0,167.0,4.442286968231201,1.226569348870047,1.5224085914136516,1.010106919213656,0.2169700299783198,0.8236079408689022,0.5240171426860901,0.9873851097883645,0.8458264174048562,1.7754336348140924,0.9873851097883645,0.8458264174048562,1.7754336348140924,False,False,False,False,0.0,-0.0,0.0,-0.0,0.0,-0.0,0.0,7.48002154459743e-05,0.01600584520461612,0.016069215631303785,0.0015096538503137362,"[1, 1, 1]",0.016073049294172668,-4.845447894208377e-05,4.845447894208377e-05,7.963261919918807e-05,-7.963261919918807e-05,4.7367751560223326e-05,-4.7367751560223326e-05,False,1456,727,True,True
1455,DSC08003.JPG,263.0,167.0,4.467905044555664,1.2402772482994031,1.538641854997568,0.9944150254859908,-0.11646389652028827,-0.8604749160434861,-0.4960031044935777,0.9815106509767616,0.8709226375454199,1.7812069657796379,0.9815106509767616,0.8709226375454199,1.7812069657796379,False,False,False,False,0.0,-0.0,0.0,-0.0,0.0,-0.0,0.0,6.355591135037625e-05,0.013551093273928573,0.013770113398065035,0.002762669572065072,"[1, 1, 1]",0.01380000897010248,-3.891039530667939e-05,3.891039530667939e-05,7.535596355068286e-05,-7.535596355068286e-05,5.774859802043508e-05,-5.774859802043508e-05,False,1457,618,True,True
1456,DSC08003.JPG,264.0,167.0,4.451262950897217,1.2208756357386361,1.5330064538488055,0.9946572138817144,0.057049396549649065,0.9058672203898956,0.4197022103544432,0.970055344276625,0.8547753432861188,1.7771721413975914,0.970055344276625,0.8547753432861188,1.7771721413975914,False,False,False,False,0.0,-0.0,0.0,-0.0,0.0,-0.0,0.0,7.581992083081358e-05,0.019351361859665055,0.019431892802014367,0.0019917906055372755,"[1, 1, 1]",0.01944274794161384,-5.783520855673352e-05,5.783520855673352e-05,9.686582230439278e-05,-9.686582230439278e-05,5.967534305595379e-05,-5.967534305595379e-05,False,1458,597,True,True
1457,DSC08003.JPG,265.0,167.0,4.527584075927734,1.274061153888773,1.575592742237323,0.9596140561612001,-0.17933071515468657,0.8570279574924667,0.48305649222259656,0.9705178842065914,0.9293585060195197,1.7947064533638362,0.9705178842065914,0.9293585060195197,1.7947064533638362,False,False,False,False,0.0,-0.0,0.0,-0.0,0.0,-0.0,0.0,4.9149863620188824e-05,0.005031937695771569,0.004666799382812866,0.0030091549816093598,"[1, 1, 1]",0.005298793562575863,-5.208604219042456e-06,5.208604219042456e-06,2.914266052833625e-05,-2.914266052833625e-05,4.06527173768545e-05,-4.06527173768545e-05,False,1459,797,True,True
1458,DSC08003.JPG,266.0,167.0,4.501064300537109,1.2469283229721089,1.564842297188901,0.9635878353302096,-0.042291918453587214,0.9301761093796268,0.3646694382216527,0.9577692447530295,0.9035710447377711,1.7883793263775272,0.9577692447530295,0.9035710447377711,1.7883793263775272,False,False,False,False,0.0,-0.0,0.0,-0.0,0.0,-0.0,0.0,6.173728235939474e-05,0.01141494258999521,0.01151582444912859,0.0034214832676890505,"[1, 1, 1]",0.01171797068981024,-2.7567141670514772e-05,2.7567141670514772e-05,6.532671026726611e-05,-6.532671026726611e-05,6.15404517652074e-05,-6.15404517652074e-05,False,1460,571,True,True
1459,DSC08003.JPG,267.0,167.0,4.4582390785217285,1.2071948311693346,1.545572698756213,0.9738746397000989,-0.015543468849284285,0.8598378122419139,0.5103306155965663,0.9431206789070345,0.8618678133899987,1.778272588399708,0.9431206789070345,0.8618678133899987,1.778272588399708,False,False,False,False,0.0,-0.0,0.0,-0.0,0.0,-0.0,0.0,8.396211598499936e-05,0.02470753288760634,0.024770796392751617,0.0023161428224613176,"[1, 1, 1]",0.024793336333212027,-7.309833078195105e-05,7.309833078195105e-05,0.0001215799766052239,-0.0001215799766052239,7.395472658178193e-05,-7.395472658178193e-05,False,1461,478,True,True
1460,DSC08003.JPG,268.0,167.0,4.445858001708984,1.1912088797980387,1.5421061217210517,0.9725834989407715,-0.059249021334678846,0.8621271507068191,0.5032159869131986,0.9323405258266665,0.8498778813174349,1.7752287962738096,0.9323405258266665,0.8498778813174349,1.7752287962738096,False,False,False,False,0.0,-0.0,0.0,-0.0,0.0,-0.0,0.0,9.400279135091973e-05,0.031072694458793914,0.03109448470536109,0.0015053075377609944,"[1, 1, 1]",0.03110181081259361,-9.42111688502223e-05,9.42111688502223e-05,0.0001455964833925183,-0.0001455964833925183,7.613650491933299e-05,-7.613650491933299e-05,False,1462,463,True,True
1461,DSC08003.JPG,269.0,167.0,4.4516119956970215,1.1893054325279666,1.548082850515555,0.9643353559012179,-0.031571918837873934,0.8750376918747889,0.4830240695238044,0.9237723207001781,0.8555886099009173,1.7763905630964305,0.9237723207001781,0.8555886099009173,1.7763905630964305,False,False,False,False,0.0,-0.0,0.0,-0.0,0.0,-0.0,0.0,9.574205551873072e-05,0.03163566589914047,0.031663739114160885,0.0018756614230175123,"[1, 1, 1]",0.03167748282925324,-9.509040509136923e-05,9.509040509136923e-05,0.000149717417110784,-0.000149717417110784,8.161883383062118e-05,-8.161883383062118e-05,False,1463,423,True,True
1462,DSC08003.JPG,270.0,167.0,4.453311443328857,1.1842507481617737,1.5519495763569255,0.9576400233886219,-0.0632505748334639,0.874231057378401,0.4813724369947654,0.91470558898319,0.8573419560353167,1.7766119982642172,0.91470558898319,0.8573419560353167,1.7766119982642172,False,False,False,False,0.0,-0.0,0.0,-0.0,0.0,-0.0,0.0,9.95860591731399e-05,0.033454408232188704,0.03347941176547169,0.0019662653602977756,"[1, 1, 1]",0.033495780639400966,-0.00010036778247668465,0.00010036778247668465,0.00015796739850126862,-0.00015796739850126862,8.604559792324551e-05,-8.604559792324551e-05,False,1464,397,True,True
1463,DSC08003.JPG,271.0,167.0,4.527026653289795,1.234767175906901,1.5934808655430612,0.9229845592553885,0.047858480322207436,0.8780954615640153,0.47608604919901604,0.9139111386747716,0.9293912067011049,1.793524507690285,0.9139111386747716,0.9293912067011049,1.793524507690285,False,False,False,False,0.0,-0.0,0.0,-0.0,0.0,-0.0,0.0,8.286080524113463e-05,0.008930749208805547,0.00799112129810117,0.004567813083421005,"[1, 1, 1]",0.009068660781367387,-1.0094219853984399e-05,1.0094219853984399e-05,4.405279025765374e-05,-4.405279025765374e-05,5.731696194022362e-05,-5.731696194022362e-05,False,1465,623,True,True
1464,DSC08003.JPG,272.0,167.0,4.474658489227295,1.1879520540363107,1.5690882586240982,0.9372439606687878,-0.10459866255543038,0.8743835784721178,0.4738274765037472,0.8985769695314451,0.8783687464659142,1.7812136488671972,0.8985769695314451,0.8783687464659142,1.7812136488671972,False,False,False,False,0.0,-0.0,0.0,-0.0,0.0,-0.0,0.0,0.00010139590817559115,0.029344034097024248,0.029359802791060402,0.003211025998908375,"[1, 1, 1]",0.029439608078398058,-8.367332756642476e-05,8.367332756642476e-05,0.00014366678056476623,-0.00014366678056476623,9.242310166168721e-05,-9.242310166168721e-05,False,1466,366,True,True
1465,DSC08003.JPG,273.0,167.0,4.467277526855469,1.175875555932667,1.568212858014133,0.934059975756347,-0.13346628415920533,0.8623814916996788,0.488349171972853,0.8884455195624033,0.8712587591863158,1.779330116280106,0.8884455195624033,0.8712587591863158,1.779330116280106,False,False,False,False,0.0,-0.0,0.0,-0.0,0.0,-0.0,0.0,0.00010905646899877614,0.0344515011296426,0.03446483507136421,0.0028367050501541115,"[1, 1, 1]",0.03451650100030362,-0.00010058222004682982,0.00010058222004682982,0.00016488901960620694,-0.00016488901960620694,9.76041778799619e-05,-9.76041778799619e-05,False,1467,342,True,True
1466,DSC08003.JPG,274.0,167.0,4.459915637969971,1.1638348142131343,1.5673375916693062,0.9308885314785564,-0.005488406460382414,0.8621064532695195,0.5066974843292351,0.8783468689707912,0.864167077639011,1.7774515742395418,0.8783468689707912,0.864167077639011,1.7774515742395418,False,False,False,False,0.0,-0.0,0.0,-0.0,0.0,-0.0,0.0,0.00011672523143994637,0.03995539680122079,0.03996481809844345,0.002361636214175742,"[1, 1, 1]",0.03999498559803129,-0.00011890607933984221,0.00011890607933984221,0.00018731565704510622,-0.00018731565704510622,0.00010223065900749617,-0.00010223065900749617,False,1468,320,True,True
1467,DSC08003.JPG,275.0,167.0,4.463524341583252,1.160218578477079,1.5722191608414844,0.9234189059312782,-0.06375281576613367,0.8520673886025926,0.519535122741329,0.8694487711632174,0.8677846004852454,1.7781145736074575,0.8694487711632174,0.8677846004852454,1.7781145736074575,False,False,False,False,0.0,-0.0,0.0,-0.0,0.0,-0.0,0.0,0.00012070502826870547,0.040401754470459926,0.040405152534111796,0.00261143484354856,"[1, 1, 1]",0.040445628376628864,-0.00011941921826763569,0.00011941921826763569,0.0001898567389955197,-0.0001898567389955197,0.00010566516872323461,-0.00010566516872323461,False,1469,308,True,True
1468,DSC08003.JPG,276.0,167.0,4.444089889526367,1.1389739938466215,1.564977510695767,0.9250407976597592,-0.033869250354681975,0.8671848072944545,0.49683335624542346,0.8581262858697779,0.8489070070027779,1.773441009996773,0.8581262858697779,0.8489070070027779,1.773441009996773,False,False,False,False,0.0,-0.0,0.0,-0.0,0.0,-0.0,0.0,0.00013247634800717738,0.05275322994403986,0.05275493643291917,0.0010036703857893713,"[1, 1, 1]",0.05275885680127893,-0.00016193579374190747,0.00016193579374190747,0.00023798049829681922,-0.00023798049829681922,0.00010963771864913596,-0.00010963771864913596,False,1470,285,True,True
1469,DSC08003.JPG,277.0,167.0,4.47044563293457,1.152729154044918,1.5818407396783758,0.9085676447856322,0.02820304886396768,0.8762573953555652,0.48101721915068424,0.8515771631254239,0.8747310243664788,1.7793711708625273,0.8515771631254239,0.8747310243664788,1.7793711708625273,False,False,False,False,0.0,-0.0,0.0,-0.0,0.0,-0.0,0.0,0.00012926500550329353,0.0409294735086286,0.04091236674445014,0.003113489380109036,"[1, 1, 1]",0.040980101089064816,-0.00011917320774701423,0.00011917320774701423,0.0001929697392537566,-0.0001929697392537566,0.00011150121077019293,-0.00011150121077019293,False,1471,273,True,True
1470,DSC08003.JPG,278.0,167.0,4.476325988769531,1.1508126948654895,1.5879352547941006,0.90016566093556,0.045537578843008644,0.8817419028587425,0.46952906795656485,0.8428626791897356,0.8805667373731905,1.7805592307671672,0.8428626791897356,0.8805667373731905,1.7805592307671672,False,False,False,False,0.0,-0.0,0.0,-0.0,0.0,-0.0,0.0,0.0001331294917382109,0.03958607952083189,0.039544263136303236,0.003544987545711835,"[1, 1, 1]",0.03964450388923798,-0.0001133550642575809,0.0001133550642575809,0.00018757004424663215,-0.00018757004424663215,0.00011300579907835839,-0.00011300579907835839,False,1472,269,True,True
1471,DSC08003.JPG,279.0,167.0,4.4822211265563965,1.148890648792944,1.5940454500862267,0.8917418269216464,0.01939979187735576,0.897707211736371,0.4401652077023191,0.8341251696255821,0.8864171315275449,1.7817502563596286,0.8341251696255821,0.8864171315275449,1.7817502563596286,False,False,False,False,0.0,-0.0,0.0,-0.0,0.0,-0.0,0.0,0.00013721968852025324,0.03796354861218153,0.03788401765200924,0.003988499515429053,"[1, 1, 1]",0.03802852841111325,-0.00010652400394328687,0.00010652400394328687,0.0001806216073740874,-0.0001806216073740874,0.00011372070193926831,-0.00011372070193926831,False,1473,268,True,True
1472,DSC08003.JPG,242.0,168.0,4.398069381713867,1.3152016628076533,1.447214354483274,1.1519124123800837,-0.45289756684861476,0.8282655468333833,0.3299393548387359,1.1643666418607508,0.7979423038507799,1.77725220790888,1.1643666418607508,0.7979423038507799,1.77725220790888,False,False,False,False,0.0,-0.0,0.0,-0.0,0.0,-0.0,0.0,0.00012402965275497085,0.05290511873741042,0.05297999032250367,0.003239826882738338,"[1, 1, 1]",0.05299210999937412,0.00015929378020684837,-0.00015929378020684837,-0.00021777800836075834,0.00021777800836075834,-7.972572225023455e-05,7.972572225023455e-05,False,1474,441,True,True
1473,DSC08003.JPG,243.0,168.0,4.3999409675598145,1.3104278903787783,1.4511041181586108,1.145294154002886,-0.4232808642729145,0.8214817491312524,0.3821008319601423,1.1555366013643877,0.7998602450932139,1.7775212707698624,1.1555366013643877,0.7998602450932139,1.7775212707698624,False,False,False,False,0.0,-0.0,0.0,-0.0,0.0,-0.0,0.0,0.00011966252616380549,0.048487676093257534,0.04857605991733525,0.0033150137512937706,"[1, 1, 1]",0.048588463903265974,0.00014584987976995478,-0.00014584987976995478,-0.0001974882568591685,0.0001974882568591685,-6.969429990100195e-05,6.969429990100195e-05,False,1475,509,True,True
1474,DSC08003.JPG,244.0,168.0,4.40885066986084,1.3113480519838174,1.4585604085664523,1.1362058654854992,-0.34702242473890466,0.6347469530992672,0.6904141816761357,1.14790313721736,0.8086396761247164,1.7794426681987816,1.14790313721736,0.8086396761247164,1.7794426681987816,False,False,False,False,0.0,-0.0,0.0,-0.0,0.0,-0.0,0.0,0.00011239631086880669,0.042631033191216104,0.042781831205536774,0.004052498196793723,"[1, 1, 1]",0.04280252806118836,0.0001270594904347888,-0.0001270594904347888,-0.0001671723768008615,0.0001671723768008615,-5.229282454832784e-05,5.229282454832784e-05,False,1476,678,True,True
1475,DSC08003.JPG,245.0,168.0,4.411423683166504,1.307120495193017,1.4628155565262866,1.1293212952064031,0.6551883671263007,-0.48823963519422425,-0.5764982759798877,1.1391614341065812,0.8112417573664205,1.7798758291872208,1.1391614341065812,0.8112417573664205,1.7798758291872208,False,False,False,False,0.0,-0.0,0.0,-0.0,0.0,-0.0,0.0,0.00010785543794091067,0.03841679282616851,0.03859821067196935,0.004156236493514888,"[1, 1, 1]",0.038619594391575564,0.00011424999893017151,-0.00011424999893017151,-0.00014762431030890255,0.00014762431030890255,-4.2363216470331366e-05,4.2363216470331366e-05,False,1477,777,True,True
1476,DSC08003.JPG,246.0,168.0,4.381649971008301,1.2767845666173807,1.4506508421986164,1.133846256072402,-0.13160409581202218,0.9313129219710349,0.33961243106705213,1.1250084794197195,0.7823079787136591,1.7727166089389392,1.1250084794197195,0.7823079787136591,1.7727166089389392,False,False,False,False,0.0,-0.0,0.0,-0.0,0.0,-0.0,0.0,0.00011891273048890312,0.039597253038940704,0.039606470048003,0.0009009945737694928,"[1, 1, 1]",0.03960698618413071,0.00012152468423520801,-0.00012152468423520801,-0.00017109742755239132,0.00017109742755239132,-6.937816310781386e-05,6.937816310781386e-05,False,1478,514,True,True
1477,DSC08003.JPG,247.0,168.0,4.469357967376709,1.3411633330485353,1.4981735347542358,1.0968284342436234,-0.6587834724716608,-0.7328477446578442,-0.17011325506289035,1.130349435974472,0.8679125118880986,1.7931295727351835,1.130349435974472,0.8679125118880986,1.7931295727351835,False,False,False,False,0.0,-0.0,0.0,-0.0,0.0,-0.0,0.0,7.811985836318694e-05,0.021009416536365396,0.021624422777583086,0.006591427385551227,"[1, 1, 1]",0.021822673517262713,5.459264655094387e-05,-5.459264655094387e-05,-5.773369185679833e-05,5.773369185679833e-05,1.887944979017675e-06,-1.887944979017675e-06,False,1479,1500,True,True
1478,DSC08003.JPG,248.0,168.0,4.41916036605835,1.2944078383129989,1.4756106447114687,1.1086194307452457,0.6562059740161749,-0.48355755113678484,-0.5792804281210259,1.1128749308925692,0.8190658582019424,1.7811782552615603,1.1128749308925692,0.8190658582019424,1.7811782552615603,False,False,False,False,0.0,-0.0,0.0,-0.0,0.0,-0.0,0.0,9.500157208200982e-05,0.02651574738899161,0.02683799540139513,0.004418116276735947,"[1, 1, 1]",0.026859659425368516,7.828401897125303e-05,-7.828401897125303e-05,-9.260471334027187e-05,9.260471334027187e-05,-1.425559643797314e-05,1.425559643797314e-05,False,1480,1196,True,True
1479,DSC08003.JPG,249.0,168.0,4.421745300292969,1.2901603760227551,1.4798856562402207,1.1017026614215348,-0.11920773653138567,0.7941195794178367,0.5959560463123953,1.104092262868193,0.8216799997802212,1.781613414471217,1.104092262868193,0.8216799997802212,1.781613414471217,False,False,False,False,0.0,-0.0,0.0,-0.0,0.0,-0.0,0.0,9.103769788520246e-05,0.02279692229220404,0.02319303085670392,0.004490473606918173,"[1, 1, 1]",0.023214011933132384,6.712267971020758e-05,-6.712267971020758e-05,-7.547560403753373e-05,7.547560403753373e-05,-5.438978013305729e-06,5.438978013305729e-06,False,1481,1394,True,True
1480,DSC08003.JPG,250.0,168.0,4.424333095550537,1.2859078097858836,1.4841655878143922,1.0947778546597793,-0.045032444442040465,0.7474062329402992,0.6628393484922013,1.095299288057694,0.8242970406870226,1.782049044406232,1.095299288057694,0.8242970406870226,1.782049044406232,False,False,False,False,0.0,-0.0,0.0,-0.0,0.0,-0.0,0.0,8.727367580624009e-05,0.019202709950323558,0.0196962605697581,0.004556228398875971,"[1, 1, 1]",0.0197160590224119,5.637835817617898e-05,-5.637835817617898e-05,-5.895351644835678e-05,5.895351644835678e-05,3.104827492883544e-06,-3.104827492883544e-06,False,1482,1444,True,True
1481,DSC08003.JPG,251.0,168.0,4.444103240966797,1.2953896016491722,1.4972304198786315,1.0816651324593298,0.15221125914648148,0.7763224142142573,0.6116823046137511,1.0891854514603154,0.8436676978552055,1.786514057311582,1.0891854514603154,0.8436676978552055,1.786514057311582,False,False,False,False,0.0,-0.0,0.0,-0.0,0.0,-0.0,0.0,7.488670764828611e-05,0.01445436154507846,0.015366676794153565,0.005443959904475573,"[1, 1, 1]",0.015406167947769934,4.092558931878543e-05,-4.092558931878543e-05,-3.265434887844698e-05,3.265434887844698e-05,1.9774848116327348e-05,-1.9774848116327348e-05,False,1483,1090,True,True
1482,DSC08003.JPG,252.0,168.0,4.445287704467773,1.2899773236439003,1.5008106331428348,1.07520969549466,0.21584319675208335,0.7997338447319977,0.5602120063029873,1.080118396170196,0.8449169867340399,1.7866195669864335,1.080118396170196,0.8449169867340399,1.7866195669864335,False,False,False,False,0.0,-0.0,0.0,-0.0,0.0,-0.0,0.0,7.2049697101806e-05,0.01157337090396581,0.012699556796520347,0.005380744948489718,"[1, 1, 1]",0.01273134072488746,3.2719076735077124e-05,-3.2719076735077124e-05,-2.0025918034960455e-05,2.0025918034960455e-05,2.6315265533316534e-05,-2.6315265533316534e-05,False,1484,985,True,True
1483,DSC08003.JPG,253.0,168.0,4.446472644805908,1.284562036570089,1.5043926760721085,1.0687508726172685,0.036597433776283335,0.8518149808586588,0.5225627868742218,1.0710464828265298,0.8461667908690942,1.7867250966480233,1.0710464828265298,0.8461667908690942,1.7867250966480233,False,False,False,False,0.0,-0.0,0.0,-0.0,0.0,-0.0,0.0,6.957615925664914e-05,0.008754312671130882,0.010198895682286022,0.005323465664230906,"[1, 1, 1]",0.010222395780821222,2.471073334175955e-05,-2.471073334175955e-05,-7.684070242763852e-06,7.684070242763852e-06,3.272927751440946e-05,-3.272927751440946e-05,False,1485,900,True,True
1484,DSC08003.JPG,254.0,168.0,4.452945232391357,1.2833495156996282,1.5106892949807826,1.0603652285882863,0.028503232726546337,-0.909185132423286,-0.4154154073991336,1.062764404867603,0.8525726582318864,1.788069972231769,1.062764404867603,0.8525726582318864,1.788069972231769,False,False,False,False,0.0,-0.0,0.0,-0.0,0.0,-0.0,0.0,6.458296107934478e-05,0.005926073878305353,0.007987317401816097,0.005409798652777658,"[1, 1, 1]",0.008005670275910282,1.647167393747928e-05,-1.647167393747928e-05,5.489072097519809e-06,-5.489072097519809e-06,4.0149802289057845e-05,-4.0149802289057845e-05,False,1486,806,True,True
1485,DSC08003.JPG,255.0,168.0,4.427767753601074,1.2569871249747255,1.500734356463407,1.063519013813193,-0.04742153213393078,0.921338309464218,0.3858586759471496,1.049764046814693,0.8281159806492012,1.7819967178344356,1.049764046814693,0.8281159806492012,1.7819967178344356,False,False,False,False,0.0,-0.0,0.0,-0.0,0.0,-0.0,0.0,7.8164230571589e-05,0.0028730545005225577,0.005181294954757995,0.00431603419651993,"[1, 1, 1]",0.005183069038062811,8.435616429380843e-06,-8.435616429380843e-06,1.2663898081965996e-05,-1.2663898081965996e-05,3.75846637274968e-05,-3.75846637274968e-05,False,1487,836,True,True
1486,DSC08003.JPG,256.0,168.0,4.418793201446533,1.2435393299319204,1.4990808158282807,1.060802639989142,0.02441010665731055,0.9553412061400823,0.294495036535069,1.0392364545022093,0.8194584817475958,1.7797221656217719,1.0392364545022093,0.8194584817475958,1.7797221656217719,False,False,False,False,0.0,-0.0,0.0,-0.0,0.0,-0.0,0.0,8.333649554051733e-05,0.0008221348148516436,0.0037449440658906125,0.003653812972880838,"[1, 1, 1]",0.0037450541352356233,-2.4493650145895884e-06,2.4493650145895884e-06,2.5169699620075647e-05,-2.5169699620075647e-05,3.8925714823445645e-05,-3.8925714823445645e-05,False,1488,818,True,True
1487,DSC08003.JPG,257.0,168.0,4.420303821563721,1.238412836069637,1.5028160539736284,1.0542535190260383,0.04236804365017019,0.9578346989408527,0.28417888447621065,1.0302567399672378,0.821025416787429,1.7799048406425562,1.0302567399672378,0.821025416787429,1.7799048406425562,False,False,False,False,0.0,-0.0,0.0,-0.0,0.0,-0.0,0.0,8.264864357774135e-05,0.004095709513899827,0.005508606055949597,0.003689658158187366,"[1, 1, 1]",0.005510587671923378,-1.2189446453980679e-05,1.2189446453980679e-05,3.988588370140711e-05,-3.988588370140711e-05,4.6216927101383476e-05,-4.6216927101383476e-05,False,1489,738,True,True
1488,DSC08003.JPG,258.0,168.0,4.428408622741699,1.2384897476490226,1.5099543131225581,1.0452656101303357,0.09257421305230969,0.9048639131796308,0.4155133135087143,1.0222069847931263,0.829022997006737,1.781632068959361,1.0222069847931263,0.829022997006737,1.781632068959361,False,False,False,False,0.0,-0.0,0.0,-0.0,0.0,-0.0,0.0,7.834551721264528e-05,0.006610084075852268,0.007792981846259929,0.004149932514229061,"[1, 1, 1]",0.007798901169866486,-1.94527093084762e-05,1.94527093084762e-05,5.3686478435066576e-05,-5.3686478435066576e-05,5.6537360662911595e-05,-5.6537360662911595e-05,False,1490,634,True,True
1489,DSC08003.JPG,259.0,168.0,4.414295673370361,1.2210288763764428,1.505629577346393,1.0444890429086202,0.05569683691825406,0.8781435416698777,0.47514395984878655,1.0110152386726807,0.815353916104079,1.7781550777552917,1.0110152386726807,0.815353916104079,1.7781550777552917,False,False,False,False,0.0,-0.0,0.0,-0.0,0.0,-0.0,0.0,8.797435004772934e-05,0.011612366492937447,0.012010315214289068,0.0030996310728669918,"[1, 1, 1]",0.012014625238383593,-3.491403702393647e-05,3.491403702393647e-05,6.966551162101986e-05,-6.966551162101986e-05,5.5357893125052016e-05,-5.5357893125052016e-05,False,1491,642,True,True
1490,DSC08003.JPG,260.0,168.0,4.41043758392334,1.21167777809697,1.5065886999229179,1.039936663050264,0.027606513401990097,0.8706917240142975,0.4910537670671064,1.0012955474352936,0.8116851107003931,1.7770805608016491,1.0012955474352936,0.8116851107003931,1.7770805608016491,False,False,False,False,0.0,-0.0,0.0,-0.0,0.0,-0.0,0.0,9.170251822720247e-05,0.01573132498368696,0.015954586830621544,0.0027079978732494334,"[1, 1, 1]",0.015958644644737473,-4.757269388755425e-05,4.757269388755425e-05,8.557564513567151e-05,-8.557564513567151e-05,5.9277018824133165e-05,-5.9277018824133165e-05,False,1492,603,True,True
1491,DSC08003.JPG,261.0,168.0,4.410282611846924,1.2052463473487187,1.5094600042764839,1.0340124234266204,0.016855125115850016,0.7229590829596106,0.6906852171022109,0.9920945655653043,0.8116276212719047,1.7768733583102327,0.9920945655653043,0.8116276212719047,1.7768733583102327,False,False,False,False,0.0,-0.0,0.0,-0.0,0.0,-0.0,0.0,9.350219970825085e-05,0.019343626671639292,0.019511858206956816,0.0026270402832438947,"[1, 1, 1]",0.019516529468760063,-5.856729538322725e-05,5.856729538322725e-05,0.0001010361987607844,-0.0001010361987607844,6.551725524595042e-05,-6.551725524595042e-05,False,1493,538,True,True
1492,DSC08003.JPG,262.0,168.0,4.3943634033203125,1.1864558294827705,1.5041583772899185,1.0339945705875142,0.04538501186165217,0.9886590776154743,0.14315526168058681,0.9807872558260124,0.7961956567922505,1.7729758786300467,0.9807872558260124,0.7961956567922505,1.7729758786300467,False,False,False,False,0.0,-0.0,0.0,-0.0,0.0,-0.0,0.0,0.00010505303802097916,0.02639214308121369,0.026408146515589172,0.0009502911068367774,"[1, 1, 1]",0.026408696212600297,-8.133781152230846e-05,8.133781152230846e-05,0.00012249975193778795,-0.00012249975193778795,6.0202870245440465e-05,-6.0202870245440465e-05,False,1494,590,True,True
1493,DSC08003.JPG,263.0,168.0,4.396999835968018,1.1822323715677332,1.5084677456435964,1.0270429862001453,0.11804812435539289,0.9807069876816,0.15581541852029882,0.9719876519347607,0.798860266478945,1.773422649753914,0.9719876519347607,0.798860266478945,1.773422649753914,False,False,False,False,0.0,-0.0,0.0,-0.0,0.0,-0.0,0.0,0.00010567237529540055,0.029703873984247172,0.02972467936189879,0.0011632730942317782,"[1, 1, 1]",0.029725661443130068,-9.140420030506746e-05,9.140420030506746e-05,0.00013834662071166015,-0.00013834662071166015,6.883781454147808e-05,-6.883781454147808e-05,False,1495,519,True,True
1494,DSC08003.JPG,264.0,168.0,4.39963960647583,1.1780039775398499,1.5127823776221185,1.020082990410192,-0.010756868073163148,0.9206736262196163,0.3901850378639329,0.9631775052555255,0.8015282435992879,1.7738699976464796,0.9631775052555255,0.8015282435992879,1.7738699976464796,False,False,False,False,0.0,-0.0,0.0,-0.0,0.0,-0.0,0.0,0.00010660616418473893,0.03288875977304148,0.03291418048474655,0.0013724838244006863,"[1, 1, 1]",0.03291578274638216,-0.00010104147288947374,0.00010104147288947374,0.00015358195631676175,-0.00015358195631676175,7.721492565204713e-05,-7.721492565204713e-05,False,1496,457,True,True
1495,DSC08003.JPG,265.0,168.0,4.397575855255127,1.170100546266961,1.5146526318225488,1.01489711571184,-0.04912690376888266,0.9204416415591609,0.38778052015277953,0.9537570892127827,0.7996088052296452,1.7732166287053048,0.9537570892127827,0.7996088052296452,1.7732166287053048,False,False,False,False,0.0,-0.0,0.0,-0.0,0.0,-0.0,0.0,0.00011052717824334256,0.03732003575582322,0.03733326366443596,0.001068668169497951,"[1, 1, 1]",0.03733429855943011,-0.00011500052359680879,0.00011500052359680879,0.00017139614715167006,-0.00017139614715167006,8.200013969572595e-05,-8.200013969572595e-05,False,1497,420,True,True
1496,DSC08003.JPG,266.0,168.0,4.398451328277588,1.1644906207836452,1.5180517869780605,1.008599732074592,0.07013228827752213,-0.8269108237462774,-0.5579426061094559,0.9447136359977184,0.8005560812959456,1.773251014391745,0.9447136359977184,0.8005560812959456,1.773251014391745,False,False,False,False,0.0,-0.0,0.0,-0.0,0.0,-0.0,0.0,0.00011298797506076039,0.04091513445393644,0.04092721834861557,0.0010877572154583232,"[1, 1, 1]",0.040928404832526556,-0.00012609448344691465,0.00012609448344691465,0.00018734009777277016,-0.00018734009777277016,8.88884986323113e-05,-8.88884986323113e-05,False,1498,383,True,True
1497,DSC08003.JPG,267.0,168.0,4.427742958068848,1.1809538575526357,1.5362791126996722,0.9914613383068543,-0.05906393789063179,0.8667669895693074,0.495203429949563,0.9391687779949547,0.829219983648799,1.7799318347341035,0.9391687779949547,0.829219983648799,1.7799318347341035,False,False,False,False,0.0,-0.0,0.0,-0.0,0.0,-0.0,0.0,0.00010061381424607651,0.03507167530415313,0.035216532416679526,0.0037212756443924934,"[1, 1, 1]",0.03524254856589539,-0.00010436110561462542,0.00010436110561462542,0.00017568799770395493,-0.00017568799770395493,0.00010922455449158264,-0.00010922455449158264,False,1499,287,True,True
1498,DSC08003.JPG,268.0,168.0,4.4298834800720215,1.1762792382471712,1.5403605525689785,0.9846364254124216,0.03116331665199995,0.7824971946798907,0.6218737717683137,0.9302121720026855,0.8314018694702494,1.7802608277975247,0.9302121720026855,0.8314018694702494,1.7802608277975247,False,False,False,False,0.0,-0.0,0.0,-0.0,0.0,-0.0,0.0,0.00010332825426467236,0.03746827609003145,0.037603304527070884,0.0038474255761066093,"[1, 1, 1]",0.03763431220701901,-0.0001112384290922197,0.0001112384290922197,0.0001866418737754838,-0.0001866418737754838,0.00011534334496543508,-0.00011534334496543508,False,1500,260,True,True
1499,DSC08003.JPG,269.0,168.0,4.404806613922119,1.150531990891149,1.530206924049471,0.9882609332454505,-0.06825298997005812,0.8295379538538737,0.5542637571374079,0.9180054630867516,0.8070353577996513,1.7742256524061792,0.9180054630867516,0.8070353577996513,1.7742256524061792,False,False,False,False,0.0,-0.0,0.0,-0.0,0.0,-0.0,0.0,0.00011978618923336689,0.049986546561283964,0.050004226884050464,0.0015608766296047315,"[1, 1, 1]",0.05000756882126934,-0.00015351225157278492,0.00015351225157278492,0.00022977999451212483,-0.00022977999451212483,0.00011115546639528517,-0.00011115546639528517,False,1501,278,True,True
1500,DSC08003.JPG,270.0,168.0,4.4701032638549805,1.1946771189231196,1.5673563162357647,0.9571150063788192,-0.04555906144292606,0.8592387547512077,0.5095420829078142,0.9164772022907034,0.8708221793109928,1.789320162983578,0.9164772022907034,0.8708221793109928,1.789320162983578,False,False,False,False,0.0,-0.0,0.0,-0.0,0.0,-0.0,0.0,9.446939595507882e-05,0.028445488074712314,0.02863037136995643,0.005818626064886231,"[1, 1, 1]",0.028833143832473356,-7.636445610259557e-05,7.636445610259557e-05,0.0001529297976592403,-0.0001529297976592403,0.00012203455055725954,-0.00012203455055725954,False,1502,239,True,True
1501,DSC08003.JPG,271.0,168.0,4.432794570922852,1.1595115377841663,1.5507809670231094,0.9654848762326791,-0.0075106934244607996,0.9147384010560727,0.40397679032051237,0.9028854576044067,0.8345237222122364,1.780426260107753,0.9028854576044067,0.8345237222122364,1.780426260107753,False,False,False,False,0.0,-0.0,0.0,-0.0,0.0,-0.0,0.0,0.00011446124944349358,0.045476607205599574,0.04557009638913333,0.004002264109923483,"[1, 1, 1]",0.045611257423655974,-0.0001348230883688739,0.0001348230883688739,0.00022179926212628764,-0.00022179926212628764,0.0001321670787342022,-0.0001321670787342022,False,1503,207,True,True
1502,DSC08003.JPG,272.0,168.0,4.405750274658203,1.1323533883110422,1.5395457909730206,0.9699712443083104,-0.0032265417291184838,0.865102776384581,0.5015842658219654,0.8906072685214508,0.8082364714683905,1.7739340891792852,0.8906072685214508,0.8082364714683905,1.7739340891792852,False,False,False,False,0.0,-0.0,0.0,-0.0,0.0,-0.0,0.0,0.000131157396983419,0.06059409773066069,0.06060473993387372,0.0014527918835448158,"[1, 1, 1]",0.06060812563879387,-0.00018645887709634046,0.00018645887709634046,0.000275689897892617,-0.000275689897892617,0.00012911974282125982,-0.00012911974282125982,False,1504,218,True,True
1503,DSC08003.JPG,273.0,168.0,4.4136552810668945,1.1321236963632246,1.5466506175235568,0.9609160137979438,-0.04615027996963429,0.8574400852511296,0.5125101480588067,0.882312634397111,0.816041422488434,1.7756104849016705,0.882312634397111,0.816041422488434,1.7756104849016705,False,False,False,False,0.0,-0.0,0.0,-0.0,0.0,-0.0,0.0,0.00013178135150313566,0.06045728431192212,0.06047955599468163,0.0022380571643794344,"[1, 1, 1]",0.06048912638324261,-0.00018457256842752123,0.00018457256842752123,0.00027894009319751056,-0.00027894009319751056,0.00013824689324648531,-0.00013824689324648531,False,1505,189,True,True
1504,DSC08003.JPG,274.0,168.0,4.416812896728516,1.1282308217631722,1.551266688842213,0.9536951871650516,-0.04178751556614322,0.9004348490886742,0.4329790827389538,0.8734691548115457,0.8192154872342491,1.7761771471838126,0.8734691548115457,0.8192154872342491,1.7761771471838126,False,False,False,False,0.0,-0.0,0.0,-0.0,0.0,-0.0,0.0,0.00013484220698242432,0.062333299273743856,0.06235751458435494,0.0025078105077270423,"[1, 1, 1]",0.06237062183758244,-0.00018976107518353658,0.00018976107518353658,0.00028833837904174153,-0.00028833837904174153,0.000144821434745257,-0.000144821434745257,False,1506,168,True,True
1505,DSC08003.JPG,275.0,168.0,4.426131725311279,1.1290448601460978,1.5591347732356682,0.9440488996726095,-0.004403302029979458,0.8668073818507763,0.49862367944195674,0.8652692966274502,0.8284002647747842,1.778182754371139,0.8652692966274502,0.8284002647747842,1.778182754371139,False,False,False,False,0.0,-0.0,0.0,-0.0,0.0,-0.0,0.0,0.0001355864199403693,0.06085932450228024,0.060894984103682485,0.0033680490594037815,"[1, 1, 1]",0.06092372372262153,-0.0001831417655751011,0.0001831417655751011,0.0002855654006161945,-0.0002855654006161945,0.00015235647777123162,-0.00015235647777123162,False,1507,155,True,True
1506,DSC08003.JPG,276.0,168.0,4.4315571784973145,1.1268577171933252,1.5649603929569753,0.9359098910531269,0.02898459578326833,0.8442816733740389,0.5351152672200761,0.8566237278583504,0.8337871683157875,1.7792783417203963,0.8566237278583504,0.8337871683157875,1.7792783417203963,False,False,False,False,0.0,-0.0,0.0,-0.0,0.0,-0.0,0.0,0.00013826596127777626,0.06107240015798176,0.06110859959158827,0.003834025772514389,"[1, 1, 1]",0.061150628621087194,-0.00018245853180576255,0.00018245853180576255,0.0002881644481314005,-0.0002881644481314005,0.00015811860669501243,-0.00015811860669501243,False,1508,142,True,True
1507,DSC08003.JPG,277.0,168.0,4.410050868988037,1.1041178590660663,1.5565605713388457,0.9383939033724777,0.14443586683123058,0.840696305844015,0.521888878702102,0.845196844551469,0.8128998449557046,1.7740846408424868,0.845196844551469,0.8128998449557046,1.7740846408424868,False,False,False,False,0.0,-0.0,0.0,-0.0,0.0,-0.0,0.0,0.00015150798048412835,0.07632852984475264,0.07633505095738177,0.0015930320388436502,"[1, 1, 1]",0.07634010160051775,-0.00023495474228507618,0.00023495474228507618,0.0003450890348002389,-0.0003450890348002389,0.00015870415756280565,-0.00015870415756280565,False,1509,139,True,True
1508,DSC08003.JPG,278.0,168.0,4.4094953536987305,1.0973858838087358,1.5592179095967234,0.9326325148708767,0.14213934040295426,0.7938271786207043,0.5912992629734163,0.8359619555691397,0.8124515154473648,1.7737840396374451,0.8359619555691397,0.8124515154473648,1.7737840396374451,False,False,False,False,0.0,-0.0,0.0,-0.0,0.0,-0.0,0.0,0.00015646182634290035,0.0801921328280611,0.08019683689294403,0.0014566641995685243,"[1, 1, 1]",0.08020109938679452,-0.0002472488228182357,0.0002472488228182357,0.0003613116984229059,-0.0003613116984229059,0.0001638353804889192,-0.0001638353804889192,False,1510,130,True,True
1509,DSC08003.JPG,279.0,168.0,4.535974979400635,1.1871644371025898,1.6291791442576096,0.8763505963649375,-0.0933042495718341,0.8623568371454073,0.49762938261361356,0.8392132766230489,0.9359432369307272,1.8031377612754627,0.8392132766230489,0.9359432369307272,1.8031377612754627,False,False,False,False,0.0,-0.0,0.0,-0.0,0.0,-0.0,0.0,0.00012955057718598036,0.013050156569535402,0.008850443667889155,0.009846511029671474,"[1, 1, 1]",0.013145164893973181,5.14494421888223e-06,-5.14494421888223e-06,4.794590670331722e-05,-4.794590670331722e-05,9.241539019644307e-05,-9.241539019644307e-05,False,1511,367,True,True
1510,DSC08003.JPG,242.0,169.0,4.363588333129883,1.2846858019139218,1.4362778752260537,1.1697234332726565,-0.13610882513701247,0.943560582798188,0.30194008397257566,1.1581334764434112,0.7614875743657704,1.7777593143274175,1.1581334764434112,0.7614875743657704,1.7777593143274175,False,False,False,False,0.0,-0.0,0.0,-0.0,0.0,-0.0,0.0,0.0001406046534606827,0.06211858060259193,0.06224083108302446,0.00423264207350711,"[1, 1, 1]",0.062251724360411854,0.0001874460958464219,-0.0001874460958464219,-0.00025290434818425744,0.00025290434818425744,-8.801381971146327e-05,8.801381971146327e-05,False,1512,387,True,True
1511,DSC08003.JPG,243.0,169.0,4.357576370239258,1.2735696197647903,1.436148775045471,1.1658942684688287,-0.03421470391658034,0.894699314488494,0.4453565882410628,1.148010018628288,0.7557232485701728,1.7761665728192635,1.148010018628288,0.7557232485701728,1.7761665728192635,False,False,False,False,0.0,-0.0,0.0,-0.0,0.0,-0.0,0.0,0.0001405230914623019,0.05843460704265878,0.058516016018289756,0.0032908686094868214,"[1, 1, 1]",0.05852160818123541,0.00017734682106129718,-0.00017734682106129718,-0.0002416243764742365,0.0002416243764742365,-8.73231292808363e-05,8.73231292808363e-05,False,1513,392,True,True
1512,DSC08003.JPG,244.0,169.0,4.359368801116943,1.2687859776342236,1.4399752704436355,1.1593585106483875,0.0777563837097764,0.9285081324405866,0.36307932023742695,1.1392467425336694,0.7575620351929213,1.7764220825029406,1.1392467425336694,0.7575620351929213,1.7764220825029406,False,False,False,False,0.0,-0.0,0.0,-0.0,0.0,-0.0,0.0,0.00013693111715350206,0.05312218523707619,0.05322004992275543,0.003409341281342402,"[1, 1, 1]",0.05322576390739661,0.00016114932791611025,-0.00016114932791611025,-0.00021710664227958532,0.00021710664227958532,-7.511152099892726e-05,7.511152099892726e-05,False,1514,469,True,True
1513,DSC08003.JPG,245.0,169.0,4.34580659866333,1.2515941595818683,1.4359956829938865,1.1581958472963403,-0.01773511004628505,0.8936277192346115,0.4484584320616491,1.1278811343261081,0.7444414441422823,1.7730426519533067,1.1278811343261081,0.7444414441422823,1.7730426519533067,False,False,False,False,0.0,-0.0,0.0,-0.0,0.0,-0.0,0.0,0.00014141643001392673,0.050105591589136286,0.05012163968917524,0.0013171430881404075,"[1, 1, 1]",0.05012227020607932,0.000153651812081268,-0.000153651812081268,-0.00021558112615882585,0.00021558112615882585,-8.643253958684483e-05,8.643253958684483e-05,False,1515,396,True,True
1514,DSC08003.JPG,246.0,169.0,4.348410129547119,1.2474762507581412,1.440229722440996,1.151386003338531,-0.010508141430995177,0.8934646939355823,0.44901048947019323,1.1192702787818043,0.7470702990611241,1.7734904537629625,1.1192702787818043,0.7470702990611241,1.7734904537629625,False,False,False,False,0.0,-0.0,0.0,-0.0,0.0,-0.0,0.0,0.00013786366304699074,0.04453936933544071,0.044566192038233296,0.0015953881733239744,"[1, 1, 1]",0.04456706270632204,0.00013646499576580595,-0.00013646499576580595,-0.00018907709192528266,0.00018907709192528266,-7.263160357373621e-05,7.263160357373621e-05,False,1516,488,True,True
1515,DSC08003.JPG,247.0,169.0,4.351016998291016,1.2433535792325228,1.444468948457594,1.144567918652995,0.017504680581024588,0.8863082605128768,0.46276479285312383,1.110649135376138,0.7497025166384711,1.7739388436731247,1.110649135376138,0.7497025166384711,1.7739388436731247,False,False,False,False,0.0,-0.0,0.0,-0.0,0.0,-0.0,0.0,0.00013445355259898535,0.03909403029415543,0.03913627384443885,0.0018648978752610931,"[1, 1, 1]",0.03913737970375119,0.00011967179938077166,-0.00011967179938077166,-0.00016317308454394386,0.00016317308454394386,-5.9135562249679197e-05,5.9135562249679197e-05,False,1517,606,True,True
1516,DSC08003.JPG,248.0,169.0,4.3536272048950195,1.2392261306792816,1.4487133677449495,1.13774157965783,0.02929135998373681,0.8854527449823603,0.4638054038425023,1.1020176832667048,0.7523380970869472,1.774387821295736,1.1020176832667048,0.7523380970869472,1.774387821295736,False,False,False,False,0.0,-0.0,0.0,-0.0,0.0,-0.0,0.0,0.00013119810931850896,0.03376990375343109,0.03383412570783165,0.0021259286098564466,"[1, 1, 1]",0.03383544024530621,0.00010327448763658431,-0.00010327448763658431,-0.00013786966627971076,0.00013786966627971076,-4.594111026401393e-05,4.594111026401393e-05,False,1518,740,True,True
1517,DSC08003.JPG,249.0,169.0,4.356240272521973,1.2350935083255468,1.452962743235988,1.1309071423702712,0.03961760453894621,0.8813038033483793,0.4708864529950686,1.0933758249975403,0.7549765760137863,1.7748372734381304,1.0933758249975403,0.7549765760137863,1.7748372734381304,False,False,False,False,0.0,-0.0,0.0,-0.0,0.0,-0.0,0.0,0.00012811030536912576,0.028567348227908296,0.028663262133986785,0.002378692288558597,"[1, 1, 1]",0.02866473582323895,8.727543167630358e-05,-8.727543167630358e-05,-0.00011316794559124155,0.00011316794559124155,-3.3045688994537414e-05,3.3045688994537414e-05,False,1519,896,True,True
1518,DSC08003.JPG,250.0,169.0,4.358856678009033,1.2309560816570733,1.4572173247621,1.1240644249027971,0.0517270531703238,0.885523611424287,0.46170579981239424,1.0847236183247875,0.7576184182167442,1.775287312553814,1.0847236183247875,0.7576184182167442,1.775287312553814,False,False,False,False,0.0,-0.0,0.0,-0.0,0.0,-0.0,0.0,0.0001252032005745585,0.02348665621414068,0.023629616205954586,0.0026235577856798965,"[1, 1, 1]",0.023631174740873225,7.16767133122076e-05,-7.16767133122076e-05,-8.906797017749213e-05,8.906797017749213e-05,-2.0445446826666824e-05,2.0445446826666824e-05,False,1520,1072,True,True
1519,DSC08003.JPG,251.0,169.0,4.361475944519043,1.2268134552653496,1.461476874617998,1.117213584566155,0.04730464785839802,0.8932858944378353,0.44699281995283735,1.0760609677774737,0.7602631592828095,1.7757378254870804,1.0760609677774737,0.7602631592828095,1.7757378254870804,False,False,False,False,0.0,-0.0,0.0,-0.0,0.0,-0.0,0.0,0.00012249089934599213,0.018528173994032043,0.018744644877002805,0.00286078337521585,"[1, 1, 1]",0.018746186619010716,5.648062826191236e-05,-5.648062826191236e-05,-6.557083368163852e-05,6.557083368163852e-05,-8.137942303143575e-06,8.137942303143575e-06,False,1521,1328,True,True
1520,DSC08003.JPG,252.0,169.0,4.36409854888916,1.222665997271771,1.4657416432732866,1.110354438179311,0.05198910122595127,0.8994822371175162,0.4338534758000523,1.0673879291267494,0.7629112640299835,1.7761889246544766,1.0673879291267494,0.7629112640299835,1.7761889246544766,False,False,False,False,0.0,-0.0,0.0,-0.0,0.0,-0.0,0.0,0.00011998730814927735,0.013692222019040846,0.014033948280530464,0.003090780055052782,"[1, 1, 1]",0.014035340578836665,4.1689325826155255e-05,-4.1689325826155255e-05,-4.267678906333394e-05,4.267678906333394e-05,3.880444765513857e-06,-3.880444765513857e-06,False,1522,1427,True,True
1521,DSC08003.JPG,253.0,169.0,4.415210723876953,1.2571246014212554,1.4949285248371278,1.0859785666193436,-0.2479538243774896,0.651944075545491,0.7165806467786527,1.0660910981173242,0.8128093197927192,1.788103404504326,1.0660910981173242,0.8128093197927192,1.788103404504326,False,False,False,False,0.0,-0.0,0.0,-0.0,0.0,-0.0,0.0,8.936007037815037e-05,0.009588268140825772,0.012200610789260916,0.0075965673575522415,"[1, 1, 1]",0.012216743160851723,2.752651436299658e-05,-2.752651436299658e-05,2.0749129390207344e-06,-2.0749129390207344e-06,5.483248797677476e-05,-5.483248797677476e-05,False,1523,647,True,True
1522,DSC08003.JPG,254.0,169.0,4.414836406707764,1.2505105220674715,1.497690651976136,1.0801256777359698,-0.22843390085700055,0.6763205896424368,0.7002916627841294,1.0568449706630072,0.8125383138771608,1.7878438217553345,1.0568449706630072,0.8125383138771608,1.7878438217553345,False,False,False,False,0.0,-0.0,0.0,-0.0,0.0,-0.0,0.0,8.868113341510682e-05,0.006000377009196689,0.009573368018190675,0.007479499857891152,"[1, 1, 1]",0.00958114859924778,1.7255434995533392e-05,-1.7255434995533392e-05,1.7391055230353558e-05,-1.7391055230353558e-05,6.217233304228742e-05,-6.217233304228742e-05,False,1524,563,True,True
1523,DSC08003.JPG,255.0,169.0,4.355819225311279,1.197366395883633,1.470237447392373,1.0956088553355905,0.06808009770529011,0.8822905885482083,0.4657557489239336,1.0389105968581596,0.7551212573264663,1.773724854667568,1.0389105968581596,0.7551212573264663,1.773724854667568,False,False,False,False,0.0,-0.0,0.0,-0.0,0.0,-0.0,0.0,0.00012375984314234046,0.00140065827667953,0.002169157753820666,0.0016563820450978457,"[1, 1, 1]",0.002169180604597978,-4.304264393351076e-06,4.304264393351076e-06,1.597618261506284e-05,-1.597618261506284e-05,1.9588629517119927e-05,-1.9588629517119927e-05,False,1525,1095,True,True
1524,DSC08003.JPG,256.0,169.0,4.356873035430908,1.1919694821477427,1.4736961039542391,1.0893160287385422,0.03610210188097777,0.8537526586794607,0.5194256790316857,1.0299982958509843,0.7562406798283342,1.773805064928223,1.0299982958509843,0.7562406798283342,1.773805064928223,False,False,False,False,0.0,-0.0,0.0,-0.0,0.0,-0.0,0.0,0.00012325615045036498,0.006264466842265372,0.006490144613965583,0.001697864942243837,"[1, 1, 1]",0.006490310667028374,-1.9253470611380052e-05,1.9253470611380052e-05,3.780311260670466e-05,-3.780311260670466e-05,2.9466792815568965e-05,-2.9466792815568965e-05,False,1526,951,True,True
1525,DSC08003.JPG,257.0,169.0,4.357927322387695,1.186569930175391,1.4771564172943712,1.0830201687015728,0.016226177746809865,0.8104421535775356,0.5855939095143794,1.0210816766871549,0.7573606117681014,1.7738853061685682,1.0210816766871549,0.7573606117681014,1.7738853061685682,False,False,False,False,0.0,-0.0,0.0,-0.0,0.0,-0.0,0.0,0.00012301173420239332,0.011075030620201647,0.011210181552998175,0.0017396318429718067,"[1, 1, 1]",0.011210503871712692,-3.404275247076427e-05,3.404275247076427e-05,5.9377207789035324e-05,-5.9377207789035324e-05,3.920523670242204e-05,-3.920523670242204e-05,False,1527,811,True,True
1526,DSC08003.JPG,258.0,169.0,4.386890411376953,1.2031922650576756,1.495053752448703,1.0664542945565867,0.13000915903378193,0.7865297559354277,0.6037123169155033,1.0161219756261204,0.7856788102168254,1.7805580725181922,1.0161219756261204,0.7856788102168254,1.7805580725181922,False,False,False,False,0.0,-0.0,0.0,-0.0,0.0,-0.0,0.0,0.00010584339908157693,0.011770487374854137,0.012798430501791944,0.005051069062518684,"[1, 1, 1]",0.012803466205421271,-3.527883395415543e-05,3.527883395415543e-05,8.18775861775034e-05,-8.18775861775034e-05,7.577717341344936e-05,-7.577717341344936e-05,False,1528,466,True,True
1527,DSC08003.JPG,259.0,169.0,2.9665722846984863,0.07806993070364089,0.762390534692282,1.5849404821876258,-0.14574631727876416,0.8198982442496346,0.5536468911463736,0.8083508388106155,-0.5984138975738875,1.4449360892891432,0.8083508388106155,-0.5984138975738875,1.4449360892891432,False,False,True,False,0.0,-0.0,-1.3156265861070513,1.3156265861070513,-2.2730185369854183,2.2730185369854183,-0.706659885227937,0.0010098916345042278,0.9129169298244934,2.073509628451175,1.8689684088006,"[1, 1, 1]",2.076782394109166,-0.0033649903130212877,0.0033649903130212877,-1.3174360870574522,1.3174360870574522,-2.2779764493593655,2.2779764493593655,True,1,1,True,True
1528,DSC08003.JPG,260.0,169.0,4.416038990020752,1.2135601263880107,1.5160412121225424,1.0437516762587475,-0.0538999617922506,-0.9154063590316237,-0.39890599389237047,1.0018760427518763,0.8142727761383334,1.7871012673896325,1.0018760427518763,0.8142727761383334,1.7871012673896325,False,False,False,False,0.0,-0.0,0.0,-0.0,0.0,-0.0,0.0,9.051933342846518e-05,0.015242443188885992,0.016766684470786677,0.007112750794390582,"[1, 1, 1]",0.016793525674436722,-4.4028679442531526e-05,4.4028679442531526e-05,0.00010900122205037555,-0.00010900122205037555,0.00010634692827649062,-0.00010634692827649062,False,1529,306,True,True
1529,DSC08003.JPG,261.0,169.0,4.4358296394348145,1.2227757339512184,1.529272796400455,1.0304008315567266,-0.1577266696518496,-0.8665360213188177,-0.4735373495696931,0.9953698960703162,0.8336545671712015,1.7916027706092577,0.9953698960703162,0.8336545671712015,1.7916027706092577,False,False,False,False,0.0,-0.0,0.0,-0.0,0.0,-0.0,0.0,8.072824436808092e-05,0.015276712586168953,0.01707253430255928,0.007880592901338327,"[1, 1, 1]",0.017131157602780247,-4.2478637488851945e-05,4.2478637488851945e-05,0.00011313267773194191,-0.00011313267773194191,0.00011637066682812502,-0.00011637066682812502,False,1530,257,True,True
1530,DSC08003.JPG,262.0,169.0,4.401808738708496,1.1897759720015553,1.5145532169396756,1.037084566185844,0.05143808055576609,0.9878100665296775,0.1469196934769901,0.981591501310714,0.8005911629980907,1.7833997370750592,0.981591501310714,0.8005911629980907,1.7833997370750592,False,False,False,False,0.0,-0.0,0.0,-0.0,0.0,-0.0,0.0,0.00010257424352608466,0.025328937345567137,0.025997582332784534,0.006062542482179303,"[1, 1, 1]",0.026020989388182425,-7.487538004635752e-05,7.487538004635752e-05,0.00014729368156474187,-0.00014729368156474187,0.00011506993030740986,-0.00011506993030740986,False,1531,262,True,True
1531,DSC08003.JPG,263.0,169.0,4.435719966888428,1.2099978998096768,1.5351527748145357,1.0184088636109019,-0.04030097690925128,0.893992108974176,0.44626666955091415,0.976889875074778,0.833736049040676,1.791233079627628,0.976889875074778,0.833736049040676,1.791233079627628,False,False,False,False,0.0,-0.0,0.0,-0.0,0.0,-0.0,0.0,8.554204733197008e-05,0.021386363548810353,0.02261549279526587,0.007853308745206277,"[1, 1, 1]",0.02269924580127652,-5.962442734608331e-05,5.962442734608331e-05,0.00013924650065866295,-0.00013924650065866295,0.00012956299401656324,-0.00012956299401656324,False,1532,216,True,True
1532,DSC08003.JPG,264.0,169.0,4.4036993980407715,1.1786570771223726,1.5214302752197295,1.0244328698021836,0.13952310049184494,-0.9047173764844836,-0.4025167985515336,0.9635122728352217,0.802620854472601,1.7835047397185557,0.9635122728352217,0.802620854472601,1.7835047397185557,False,False,False,False,0.0,-0.0,0.0,-0.0,0.0,-0.0,0.0,0.0001061719464302938,0.03254005791826759,0.03304449590921622,0.006105962004749624,"[1, 1, 1]",0.03307625170688785,-9.614573472394028e-05,9.614573472394028e-05,0.00017898513774405878,-0.00017898513774405878,0.0001302171722903367,-0.0001302171722903367,False,1533,212,True,True
1533,DSC08003.JPG,265.0,169.0,4.394931793212891,1.1655256455443135,1.5198012619711547,1.0217686104992192,-0.04648306028522486,0.9719347801407392,0.23061246336504293,0.9532296420918385,0.7941686813130432,1.7812653802202176,0.9532296420918385,0.7941686813130432,1.7812653802202176,False,False,False,False,0.0,-0.0,0.0,-0.0,0.0,-0.0,0.0,0.00011384656941733064,0.03891038357310671,0.039225132364670755,0.0053109699098620325,"[1, 1, 1]",0.03924815514034705,-0.0001163655475251435,0.0001163655475251435,0.00020251128966952692,-0.00020251128966952692,0.00013321282647416055,-0.00013321282647416055,False,1534,204,True,True
1534,DSC08003.JPG,266.0,169.0,4.3633646965026855,1.134687473337812,1.506245591439235,1.0277630568296123,-0.05161184194975186,0.8778381005513247,0.4761685489309394,0.9401270468643579,0.7634932642888188,1.773648081216602,0.9401270468643579,0.7634932642888188,1.773648081216602,False,False,False,False,0.0,-0.0,0.0,-0.0,0.0,-0.0,0.0,0.00013461689516383612,0.05336460045266808,0.05338540255806656,0.0015873842627238627,"[1, 1, 1]",0.05338680350480621,-0.00016470316825012432,0.00016470316825012432,0.0002452173772331534,-0.0002452173772331534,0.0001169869120833944,-0.0001169869120833944,False,1535,253,True,True
1535,DSC08003.JPG,267.0,169.0,4.383378028869629,1.1439814281233578,1.5196379129096647,1.0142379593101822,-0.0064759811475123726,0.8713018423612721,0.49070475967329885,0.9335108176005693,0.7830935140129786,1.7781995484429762,0.9335108176005693,0.7830935140129786,1.7781995484429762,False,False,False,False,0.0,-0.0,0.0,-0.0,0.0,-0.0,0.0,0.00012614902703866527,0.05094663922098552,0.051078423591218065,0.004010457914030377,"[1, 1, 1]",0.051091335762561835,-0.0001545971433962734,0.0001545971433962734,0.0002480668339719383,-0.0002480668339719383,0.0001407269070181627,-0.0001407269070181627,False,1536,180,True,True
1536,DSC08003.JPG,268.0,169.0,4.373741626739502,1.1302434954930751,1.517522505133789,1.0119683376920519,0.007025428350784423,0.8576110509751499,0.5142508421011938,0.9232199993952829,0.7737934893673897,1.775757105493982,0.9232199993952829,0.7737934893673897,1.775757105493982,False,False,False,False,0.0,-0.0,0.0,-0.0,0.0,-0.0,0.0,0.0001345662563985202,0.05887809133447284,0.05893238210108521,0.002785302105822953,"[1, 1, 1]",0.05893815915213547,-0.0001804757784589217,0.0001804757784589217,0.0002761072833010747,-0.0002761072833010747,0.00014098149250374448,-0.00014098149250374448,False,1537,179,True,True
1537,DSC08003.JPG,269.0,169.0,4.374092102050781,1.124257357178393,1.5206333516735022,1.0059018588047444,0.029664475012751323,0.8356611391799478,0.5484436884372815,0.9141581536766116,0.7742279916847563,1.7756702486376046,0.9141581536766116,0.7742279916847563,1.7756702486376046,False,False,False,False,0.0,-0.0,0.0,-0.0,0.0,-0.0,0.0,0.00013759408786552518,0.06324247700937702,0.06329007575600229,0.0027464962671502314,"[1, 1, 1]",0.06329608135879838,-0.00019397464781634177,0.00019397464781634177,0.0002950062914701679,-0.0002950062914701679,0.000148494497820284,-0.000148494497820284,False,1538,163,True,True
1538,DSC08003.JPG,270.0,169.0,4.394775867462158,1.1339676486295724,1.5344251922175376,0.9920232235181291,-0.0112103158094466,0.8463284163620433,0.5325434634633764,0.9074730423886973,0.794483278138472,1.7803770310655433,0.9074730423886973,0.794483278138472,1.7803770310655433,False,False,False,False,0.0,-0.0,0.0,-0.0,0.0,-0.0,0.0,0.00013023893268839575,0.058995359057749455,0.0591514622567083,0.005038526132671341,"[1, 1, 1]",0.05918080190818764,-0.00017733845836342965,0.00017733845836342965,0.00028842547963603415,-0.00028842547963603415,0.00016810333720718162,-0.00016810333720718162,False,1539,120,True,True
1539,DSC08003.JPG,271.0,169.0,4.4149980545043945,1.1432630772590202,1.5480019531766385,0.9782664247614126,-0.04376144107128546,0.8755211304294163,0.4811940216242941,0.9006488024055102,0.8142894893302256,1.7849734090371683,0.9006488024055102,0.8142894893302256,1.7849734090371683,False,False,False,False,0.0,-0.0,0.0,-0.0,0.0,-0.0,0.0,0.00012423893779594248,0.05423905321510299,0.05450405589218429,0.006780230931301835,"[1, 1, 1]",0.05458268287979886,-0.00015879274332109006,0.00015879274332109006,0.00027568359410934384,-0.00027568359410934384,0.0001806240041850593,-0.0001806240041850593,False,1540,104,True,True
1540,DSC08003.JPG,272.0,169.0,4.360592842102051,1.0951013343424452,1.5223061506571074,0.9933259585979626,-0.15710192728686878,0.825690718069331,0.5418060746585479,0.8853225780550595,0.761347048682814,1.7719802518875705,0.8853225780550595,0.761347048682814,1.7719802518875705,False,False,False,False,0.0,-0.0,0.0,-0.0,0.0,-0.0,0.0,0.0001551088059384031,0.08321860537070785,0.08322008645327143,0.0005753870654865301,"[1, 1, 1]",0.08322034048312961,-0.0002588161892529417,0.0002588161892529417,0.0003707264893491047,-0.0003707264893491047,0.00015855918755747211,-0.00015855918755747211,False,1541,141,True,True
1541,DSC08003.JPG,273.0,169.0,4.355320930480957,1.084815612777168,1.5224445610500967,0.9894581778913244,-0.14470583359414052,0.808064704870961,0.5710443542016956,0.8756626923727704,0.7563002743676771,1.7705690003978924,0.8756626923727704,0.7563002743676771,1.7705690003978924,False,False,False,False,0.0,-0.0,0.0,-0.0,0.0,-0.0,0.0,0.00016146062841394029,0.09072062669232793,0.0907211483155203,0.0003602671883274088,"[1, 1, 1]",0.09072124517544251,-0.0002835055940311193,0.0002835055940311193,0.0003985282026366388,-0.0003985282026366388,0.00016060980594145846,-0.00016060980594145846,False,1542,136,True,True
1542,DSC08003.JPG,274.0,169.0,4.359835147857666,1.0820439295931517,1.5277424992495894,0.9817921803213758,-0.1390263715521504,0.7910897122503534,0.5956918122525241,0.8670878681300509,0.7607935671973968,1.7714637653578231,0.8670878681300509,0.7607935671973968,1.7714637653578231,False,False,False,False,0.0,-0.0,0.0,-0.0,0.0,-0.0,0.0,0.00016291478799139648,0.09323463642574259,0.09323485277934934,0.0002413266385236531,"[1, 1, 1]",0.0932349007675167,-0.00029066162427016096,0.00029066162427016096,0.0004128431346044348,-0.0004128431346044348,0.00017201205022887578,-0.00017201205022887578,False,1543,112,True,True
1543,DSC08003.JPG,275.0,169.0,4.387930870056152,1.0972957234491933,1.5455121091252828,0.9648949785312333,0.030508807075236184,0.8646052364854818,0.5015246731046539,0.8610069440833951,0.7882766647680325,1.7779130591145111,0.8610069440833951,0.7882766647680325,1.7779130591145111,False,False,False,False,0.0,-0.0,0.0,-0.0,0.0,-0.0,0.0,0.0001534670800123766,0.082631232678742,0.08268803451662186,0.004023381563163203,"[1, 1, 1]",0.08270858260112138,-0.00025149746544972373,0.00025149746544972373,0.0003859624229705094,-0.0003859624229705094,0.00019850697333234635,-0.00019850697333234635,False,1544,85,True,True
1544,DSC08003.JPG,276.0,169.0,4.4081549644470215,1.1064577484496014,1.5591529640686768,0.9510095741015298,0.0944675960451973,0.8231187367116737,0.5599566220446185,0.8539866969234486,0.8080867370422297,1.7825062331995636,0.8539866969234486,0.8080867370422297,1.7825062331995636,False,False,False,False,0.0,-0.0,0.0,-0.0,0.0,-0.0,0.0,0.0001489953316361557,0.07549189168421769,0.07560684447527559,0.006159445048557848,"[1, 1, 1]",0.07567482876286218,-0.0002244394779977732,0.0002244394779977732,0.0003642840399828984,-0.0003642840399828984,0.00021144367272052378,-0.00021144367272052378,False,1545,73,True,True
1545,DSC08003.JPG,277.0,169.0,4.410444259643555,1.1018957316020914,1.5633162088483183,0.9441293937279744,0.12710809227758163,0.8460785387417545,0.5176819865111894,0.8450459040187007,0.8104122677672334,1.7828744937952103,0.8450459040187007,0.8104122677672334,1.7828744937952103,False,False,False,False,0.0,-0.0,0.0,-0.0,0.0,-0.0,0.0,0.0001526641011018734,0.07783007628354047,0.07793595503436622,0.0063684026488832835,"[1, 1, 1]",0.07801310924105331,-0.00023087980366254257,0.00023087980366254257,0.0003750094979197982,-0.0003750094979197982,0.0002179790099701151,-0.0002179790099701151,False,1546,69,True,True
1546,DSC08003.JPG,278.0,169.0,4.412735939025879,1.0973289778025754,1.567483782814677,0.9372420614165298,0.1073659128850658,0.8323131075343019,0.5438082858663981,0.8360958203277978,0.8127402202053609,1.7832431382992873,0.8360958203277978,0.8127402202053609,1.7832431382992873,False,False,False,False,0.0,-0.0,0.0,-0.0,0.0,-0.0,0.0,0.00015646838240338066,0.08005602481809217,0.08015188161987508,0.006583528253519967,"[1, 1, 1]",0.0802391241657755,-0.0002369340461341185,0.0002369340461341185,0.0003852028954483,-0.0003852028954483,0.00022431403082601165,-0.00022431403082601165,False,1547,64,True,True
1547,DSC08003.JPG,279.0,169.0,4.415029525756836,1.0927571148365922,1.5716554374127962,0.9303477564676859,0.07669439883363602,0.8459771278981238,0.5276747750847948,0.8271363841246165,0.8150701295993608,1.7836120541843719,0.8271363841246165,0.8150701295993608,1.7836120541843719,False,False,False,False,0.0,-0.0,0.0,-0.0,0.0,-0.0,0.0,0.00016039938224548608,0.08216972551086757,0.08225452821258854,0.006805243739250494,"[1, 1, 1]",0.0823528462196302,-0.00024260155158417618,0.00024260155158417618,0.00039486402332045145,-0.00039486402332045145,0.00023044961281426524,-0.00023044961281426524,False,1548,56,True,True
1548,DSC08003.JPG,242.0,170.0,4.323206424713135,1.2494208745039244,1.4222412640269178,1.1894772262858886,-0.016070624142020637,0.8976159560312013,0.44048533519049016,1.1508694893996714,0.7193329689649753,1.7767212231323128,1.1508694893996714,0.7193329689649753,1.7767212231323128,False,False,False,False,0.0,-0.0,0.0,-0.0,0.0,-0.0,0.0,0.00016182228934171424,0.07111744142149927,0.07123549104497937,0.00430162911512442,"[1, 1, 1]",0.0712414544904378,0.00021581395441372386,-0.00021581395441372386,-0.000292445593808921,0.000292445593808921,-0.00010353128994244898,0.00010353128994244898,False,1549,313,True,True
1549,DSC08003.JPG,243.0,170.0,4.320934295654297,1.241395398044746,1.4239786248527664,1.1844000676990716,-0.010888230813212043,0.8995102611973873,0.4367639367328377,1.141477766552584,0.7172126885331637,1.776011161722519,1.141477766552584,0.7172126885331637,1.776011161722519,False,False,False,False,0.0,-0.0,0.0,-0.0,0.0,-0.0,0.0,0.00016060446316220215,0.06559636468968383,0.06569674772490393,0.00377668680855708,"[1, 1, 1]",0.06570087172159648,0.0001995356602910725,-0.0001995356602910725,-0.0002706545247923575,0.0002706545247923575,-9.617975044307059e-05,9.617975044307059e-05,False,1550,345,True,True
1550,DSC08003.JPG,244.0,170.0,4.428435325622559,1.322142409705349,1.4816267559802223,1.1411765597962062,-0.23842404930409283,-0.6461082521062336,-0.7250504115395475,1.1508704428467609,0.8219664605209326,1.8015078955604498,1.1508704428467609,0.8219664605209326,1.8015078955604498,False,False,False,False,0.0,-0.0,0.0,-0.0,0.0,-0.0,0.0,0.00010856290950257248,0.040023908511938204,0.041677255011497716,0.013594907930458713,"[1, 1, 1]",0.041974565952335806,0.00010605745762015673,-0.00010605745762015673,-0.00010230832748003849,0.00010230832748003849,2.068309041369787e-05,-2.068309041369787e-05,False,1551,1065,True,True
1551,DSC08003.JPG,245.0,170.0,4.43367862701416,1.3200393494636136,1.4872645691141924,1.1333405980954416,0.05692163782073652,0.660001831143627,0.7491044720430284,1.142538904860714,0.8271654322337312,1.8025878321356061,1.142538904860714,0.8271654322337312,1.8025878321356061,False,False,False,False,0.0,-0.0,0.0,-0.0,0.0,-0.0,0.0,0.00010290826273382585,0.0355334604079817,0.03738742270613833,0.013442890255613849,"[1, 1, 1]",0.03769056575873107,9.292644441916131e-05,-9.292644441916131e-05,-8.269794237580896e-05,8.269794237580896e-05,3.012056365436777e-05,-3.012056365436777e-05,False,1552,938,True,True
1552,DSC08003.JPG,246.0,170.0,4.33386754989624,1.2332716403704127,1.43925852765887,1.1622878576667803,0.000901616420934009,0.8839504268648146,0.46757975783104816,1.1166549943885153,0.7300801782011207,1.7785954203711833,1.1166549943885153,0.7300801782011207,1.7785954203711833,False,False,False,False,0.0,-0.0,0.0,-0.0,0.0,-0.0,0.0,0.0001474576767023145,0.04661332249859573,0.046910680776320476,0.0054071291507374036,"[1, 1, 1]",0.04691828457468791,0.0001409483446812576,-0.0001409483446812576,-0.0001761057596583182,0.0001761057596583182,-4.1873057869956654e-05,4.1873057869956654e-05,False,1553,781,True,True
1553,DSC08003.JPG,247.0,170.0,4.334205627441406,1.227343405521008,1.4423317103061268,1.1562907474762383,0.01570301254477715,0.8831422249156475,0.46884243191935876,1.1076901335625429,0.7305013708318445,1.778508140422937,1.1076901335625429,0.7305013708318445,1.778508140422937,False,False,False,False,0.0,-0.0,0.0,-0.0,0.0,-0.0,0.0,0.0001454801457877247,0.0409756553049737,0.041306385018322435,0.005319244908960328,"[1, 1, 1]",0.0413129286045378,0.0001239863237458838,-0.0001239863237458838,-0.00015136472454391203,0.00015136472454391203,-3.070082324230228e-05,3.070082324230228e-05,False,1554,930,True,True
1554,DSC08003.JPG,248.0,170.0,4.4494829177856445,1.3136998796388433,1.5042582039603771,1.1097211148747306,-0.2813181022380198,0.5984020348203378,0.7501833976275925,1.1174254324510338,0.842836111788503,1.8058429506246898,1.1174254324510338,0.842836111788503,1.8058429506246898,False,False,False,False,0.0,-0.0,0.0,-0.0,0.0,-0.0,0.0,8.634718045758928e-05,0.023456044646376628,0.026100217445301208,0.012740797983492778,"[1, 1, 1]",0.026398251061328794,5.836583223239877e-05,-5.836583223239877e-05,-3.149776019184536e-05,3.149776019184536e-05,5.424202866155525e-05,-5.424202866155525e-05,False,1555,661,True,True
1555,DSC08003.JPG,249.0,170.0,4.454776287078857,1.3115768314722713,1.5099498081681766,1.1018104173092493,0.006707979052458176,-0.26011853207918545,0.9655533917324312,1.1090144740413368,0.8480847267062706,1.806933201982715,1.1090144740413368,0.8480847267062706,1.806933201982715,False,False,False,False,0.0,-0.0,0.0,-0.0,0.0,-0.0,0.0,8.101803619374606e-05,0.01989823397114543,0.022891847099104762,0.012426562380883063,"[1, 1, 1]",0.023177530438773162,4.8480366557912546e-05,-4.8480366557912546e-05,-1.6998543301838254e-05,1.6998543301838254e-05,6.088915420532359e-05,-6.088915420532359e-05,False,1556,584,True,True
1556,DSC08003.JPG,250.0,170.0,4.460082054138184,1.309448556391838,1.515654861889633,1.0938809506069838,0.22012195960073117,0.9708295702935978,-0.09505928857866648,1.1005834458558879,0.8533456383461263,1.8080259999598494,1.1005834458558879,0.8533456383461263,1.8080259999598494,False,False,False,False,0.0,-0.0,0.0,-0.0,0.0,-0.0,0.0,7.582465129406807e-05,0.01657586988603375,0.01997806452963069,0.012073653768251341,"[1, 1, 1]",0.020244204620620706,3.942448234628415e-05,-3.942448234628415e-05,-3.7957362748475276e-06,3.7957362748475276e-06,6.684059852624102e-05,-6.684059852624102e-05,False,1557,534,True,True
1557,DSC08003.JPG,251.0,170.0,4.33051061630249,1.1995899179744813,1.4520344292155671,1.1340952928462875,0.05120892466869884,0.8967777086567905,0.43950811970946807,1.0710268921575876,0.7272715086126124,1.7769551590361257,1.0710268921575876,0.7272715086126124,1.7769551590361257,False,False,False,False,0.0,-0.0,0.0,-0.0,0.0,-0.0,0.0,0.00014258307058268596,0.018555194711436886,0.019028184105860876,0.0042321527790648355,"[1, 1, 1]",0.01902995216237155,5.650118997735376e-05,-5.650118997735376e-05,-5.760071119831345e-05,5.760071119831345e-05,5.670831645598895e-06,-5.670831645598895e-06,False,1558,1387,True,True
1558,DSC08003.JPG,252.0,170.0,4.333096027374268,1.195455610215156,1.4562632250178709,1.1272949795400506,0.05087698968829535,0.8936246970959747,0.4459220028888288,1.0624124494570903,0.7298810310770698,1.7774037625545311,1.0624124494570903,0.7298810310770698,1.7774037625545311,False,False,False,False,0.0,-0.0,0.0,-0.0,0.0,-0.0,0.0,0.00014034340636369264,0.012996848012695177,0.013750647891577917,0.004498955187148563,"[1, 1, 1]",0.013752072105354458,3.954056227484237e-05,-3.954056227484237e-05,-3.127875211439424e-05,3.127875211439424e-05,1.9572998140038322e-05,-1.9572998140038322e-05,False,1559,1096,True,True
1559,DSC08003.JPG,253.0,170.0,4.335684776306152,1.1913165610392333,1.4604972014953792,1.1204864519540927,0.04976713014166764,0.9002148178427716,0.4325927813703875,1.0537877524953498,0.7324939136827187,1.7778529613844405,1.0537877524953498,0.7324939136827187,1.7778529613844405,False,False,False,False,0.0,-0.0,0.0,-0.0,0.0,-0.0,0.0,0.0001382989086391167,0.007557548911483611,0.008929589841192171,0.0047594281789654184,"[1, 1, 1]",0.008930461248134848,2.2970897006313606e-05,-2.2970897006313606e-05,-5.54667681740284e-06,5.54667681740284e-06,3.3182985072155446e-05,-3.3182985072155446e-05,False,1560,893,True,True
1560,DSC08003.JPG,254.0,170.0,4.338276386260986,1.1871723773574148,1.4647361192775668,1.1136698687025386,0.06647118190967548,0.8894274283772106,0.45221723941689007,1.045152708799557,0.7351096922966109,1.7783026414851955,1.045152708799557,0.7351096922966109,1.7783026414851955,False,False,False,False,0.0,-0.0,0.0,-0.0,0.0,-0.0,0.0,0.0001364594923294364,0.002237596255073092,0.005490197193191137,0.005013841693967209,"[1, 1, 1]",0.0054903421089301605,6.7943798576219905e-06,-6.7943798576219905e-06,1.9594647209908445e-05,-1.9594647209908445e-05,4.650342243417427e-05,-4.650342243417427e-05,False,1561,735,True,True
1561,DSC08003.JPG,255.0,170.0,4.340871334075928,1.1830234249718843,1.4689802304992763,1.1068450453009762,0.11324828442199245,0.8833881125569133,0.45475297543678556,1.0365073711426995,0.737728831456686,1.7787529161582951,1.0365073711426995,0.737728831456686,1.7787529161582951,False,False,False,False,0.0,-0.0,0.0,-0.0,0.0,-0.0,0.0,0.00013483412019481546,0.002962650158308181,0.0060387144467286494,0.005262624883216237,"[1, 1, 1]",0.006038981148200942,-8.986646534925313e-06,8.986646534925313e-06,4.414487653892074e-05,-4.414487653892074e-05,5.953813672165964e-05,-5.953813672165964e-05,False,1562,599,True,True
1562,DSC08003.JPG,256.0,170.0,4.343469142913818,1.178869312157699,1.4732292951517667,1.1000121416570443,0.29680900330221366,0.8763824744170298,0.37928640114487466,1.0278516490369587,0.7403508670097464,1.779203671400039,1.0278516490369587,0.7403508670097464,1.779203671400039,False,False,False,False,0.0,-0.0,0.0,-0.0,0.0,-0.0,0.0,0.00013343178511698918,0.008042904301116894,0.009744267277024004,0.005506090435584573,"[1, 1, 1]",0.00974566795569363,-2.4370070357271345e-05,2.4370070357271345e-05,6.81031597606907e-05,-6.81031597606907e-05,7.228964590311193e-05,-7.228964590311193e-05,False,1563,495,True,True
1563,DSC08003.JPG,257.0,170.0,4.346070289611816,1.1747104033526852,1.4774835660080947,1.0931709719928175,0.08137029411007991,0.8559849525188359,0.5105571822017252,1.019185593270332,0.7429762635139782,1.7796550204749675,1.019185593270332,0.7429762635139782,1.7796550204749675,False,False,False,False,0.0,-0.0,0.0,-0.0,0.0,-0.0,0.0,0.0001322601722092284,0.013002778023132584,0.014209532684414779,0.005744703898857225,"[1, 1, 1]",0.01421240093692691,-3.935347880124063e-05,3.935347880124063e-05,9.146895134626298e-05,-9.146895134626298e-05,8.476155565562138e-05,-8.476155565562138e-05,False,1564,406,True,True
1564,DSC08003.JPG,258.0,170.0,4.3523945808410645,1.1734801321037205,1.4836726132511997,1.0849580401253935,0.025530671005729286,0.8132324535187204,0.5813786729679027,1.011037001945966,0.7492276968816437,1.7809929903029056,1.011037001945966,0.7492276968816437,1.7809929903029056,False,False,False,False,0.0,-0.0,0.0,-0.0,0.0,-0.0,0.0,0.00012904467475633328,0.017231070570573014,0.01838798025526119,0.006450952770721229,"[1, 1, 1]",0.018393509767759348,-5.192446505986048e-05,5.192446505986048e-05,0.00011430316377536442,-0.00011430316377536442,0.00010080599198802886,-0.00010080599198802886,False,1565,326,True,True
1565,DSC08003.JPG,259.0,170.0,4.353919506072998,1.168453840749638,1.4873773534731747,1.078493653422363,-0.053059054472709435,0.7937349206442244,0.6059452223496519,1.0021910710135857,0.7508052511605783,1.7811874865016615,1.0021910710135857,0.7508052511605783,1.7811874865016615,False,False,False,False,0.0,-0.0,0.0,-0.0,0.0,-0.0,0.0,0.00012902222297015123,0.022069608740087402,0.023002184047465648,0.006537392089728489,"[1, 1, 1]",0.02300984133535862,-6.647907201462466e-05,6.647907201462466e-05,0.0001361682425968791,-0.0001361682425968791,0.00011148225379065124,-0.00011148225379065124,False,1566,274,True,True
1566,DSC08003.JPG,260.0,170.0,4.38755989074707,1.188657618712352,1.5077862693021682,1.0601661971330452,-0.0027349828765703414,0.8829911378513386,0.4693816894007088,0.9977620979730801,0.7836610999460684,1.78902901324777,0.9977620979730801,0.7836610999460684,1.78902901324777,False,False,False,False,0.0,-0.0,0.0,-0.0,0.0,-0.0,0.0,0.00010985097597765522,0.020571655033900498,0.02270024839550994,0.009739867168428179,"[1, 1, 1]",0.022730588213798284,-5.982633479906241e-05,5.982633479906241e-05,0.00014801512020046204,-0.00014801512020046204,0.00014433615323872218,-0.00014433615323872218,False,1567,170,True,True
1567,DSC08003.JPG,261.0,170.0,4.356972694396973,1.158390786330801,1.4947946950989657,1.0655512329762784,-0.12446421825849531,0.8351082312774047,0.5358198395226015,0.9844806179251235,0.7539638049077777,1.7815769189872557,0.9844806179251235,0.7539638049077777,1.7815769189872557,False,False,False,False,0.0,-0.0,0.0,-0.0,0.0,-0.0,0.0,0.00012972421920148247,0.03152472002542965,0.03220712852543514,0.006715035244830541,"[1, 1, 1]",0.03221954997474373,-9.488023310155747e-05,9.488023310155747e-05,0.00017884149331526267,-0.00017884149331526267,0.00013232528900353202,-0.00013232528900353202,False,1568,206,True,True
1568,DSC08003.JPG,262.0,170.0,4.398077487945557,1.1843376766842901,1.519142650000422,1.0443518280880335,0.02752752389189013,0.9795107189405803,0.1995018468808976,0.9809022609341957,0.7940912805560302,1.791192523693121,0.9809022609341957,0.7940912805560302,1.791192523693121,False,False,False,False,0.0,-0.0,0.0,-0.0,0.0,-0.0,0.0,0.00010701111487170717,0.02675995987243901,0.028565657182636893,0.010322365190915499,"[1, 1, 1]",0.02862379647189883,-7.682954507459705e-05,7.682954507459705e-05,0.00017817588815804974,-0.00017817588815804974,0.00016478453045687402,-0.00016478453045687402,False,1569,126,True,True
1569,DSC08003.JPG,263.0,170.0,4.373429298400879,1.1587843469108732,1.5092177699204443,1.0475883724444701,-0.16918487417138509,0.9359945532426863,0.30869187655595465,0.9685071215354506,0.7701774688825517,1.7851558642681415,0.9685071215354506,0.7701774688825517,1.7851558642681415,False,False,False,False,0.0,-0.0,0.0,-0.0,0.0,-0.0,0.0,0.00012348116649261228,0.037077044619085286,0.0379403608306956,0.008335885274985922,"[1, 1, 1]",0.03797147091747995,-0.00010999132410738355,0.00010999132410738355,0.00021235806160047055,-0.00021235806160047055,0.0001620926140031287,-0.0001620926140031287,False,1570,133,True,True
1570,DSC08003.JPG,264.0,170.0,4.351902008056641,1.1357359010245716,1.5008913253072067,1.049722426611453,0.1589713710853055,-0.8625369535365222,-0.48037288324716415,0.9566184504667339,0.7493024148902232,1.7798637620491806,0.9566184504667339,0.7493024148902232,1.7798637620491806,False,False,False,False,0.0,-0.0,0.0,-0.0,0.0,-0.0,0.0,0.00013830712849612601,0.04804796035643377,0.04837201164257684,0.005807610400767582,"[1, 1, 1]",0.04838484445854049,-0.0001456621178863582,0.0001456621178863582,0.00024621332329921586,-0.00024621332329921586,0.00015416188424755006,-0.00015416188424755006,False,1571,148,True,True
1571,DSC08003.JPG,265.0,170.0,4.3306427001953125,1.1129576982406921,1.4926763328719854,1.051814105358769,-0.13515445471143062,0.8479763916467007,0.5125127438235046,0.9448535144837572,0.7286874715112863,1.7746370868578252,0.9448535144837572,0.7286874715112863,1.7746370868578252,False,False,False,False,0.0,-0.0,0.0,-0.0,0.0,-0.0,0.0,0.0001530895417217207,0.060262467386756745,0.06031362382091873,0.0025869788090732426,"[1, 1, 1]",0.06031579666146666,-0.00018585302229157108,0.00018585302229157108,0.00028148978095132726,-0.00028148978095132726,0.00014026728846738834,-0.00014026728846738834,False,1572,182,True,True
1572,DSC08003.JPG,266.0,170.0,4.3289594650268555,1.105454009624591,1.4946923253929696,1.0465754949146577,0.11446696658903796,-0.8504652378804761,-0.5134259369342468,0.93562884098086,0.727139856174432,1.7740688495734964,0.93562884098086,0.727139856174432,1.7740688495734964,False,False,False,False,0.0,-0.0,0.0,-0.0,0.0,-0.0,0.0,0.00015637589333305948,0.06647899650785341,0.06651186961568316,0.002194306069733303,"[1, 1, 1]",0.06651353529626503,-0.00020544659434063028,0.00020544659434063028,0.00030656018505426097,-0.00030656018505426097,0.00014709255607980865,-0.00014709255607980865,False,1573,166,True,True
1573,DSC08003.JPG,267.0,170.0,4.326846122741699,1.0976214916685456,1.4964803663972894,1.0415043552653378,-0.07281058921438052,0.8586510336266988,0.5073628095850706,0.9263582018752321,0.7251732109323024,1.773398444790831,0.9263582018752321,0.7251732109323024,1.773398444790831,False,False,False,False,0.0,-0.0,0.0,-0.0,0.0,-0.0,0.0,0.00016006157296188448,0.0729404097211716,0.07295853295176635,0.001719957471812164,"[1, 1, 1]",0.07295960922068544,-0.0002259378902489395,0.0002259378902489395,0.0003322328026247323,-0.0003322328026247323,0.00015328551585858108,-0.00015328551585858108,False,1574,151,True,True
1574,DSC08003.JPG,268.0,170.0,4.354111671447754,1.1125429763497174,1.5137018062770546,1.0252717349412888,-0.08408509107280031,0.8533313515433166,0.5145437803846582,0.92065355777277,0.7518244683112991,1.7797146283687733,0.92065355777277,0.7518244683112991,1.7797146283687733,False,False,False,False,0.0,-0.0,0.0,-0.0,0.0,-0.0,0.0,0.0001472035817938932,0.06758933522182232,0.06779756153955752,0.00574961163958031,"[1, 1, 1]",0.06781550570253801,-0.00020527639244027895,0.00020527639244027895,0.0003313485466314159,-0.0003313485466314159,0.00019023144362684263,-0.00019023144362684263,False,1575,93,True,True
1575,DSC08003.JPG,269.0,170.0,4.335585117340088,1.0919953197817325,1.506869053700496,1.0264333028046837,-0.09860592689517825,0.8347639091629636,0.5417066430644083,0.9093862142114478,0.733869801057605,1.775140917513258,0.9093862142114478,0.733869801057605,1.775140917513258,False,False,False,False,0.0,-0.0,0.0,-0.0,0.0,-0.0,0.0,0.00016049561806383934,0.08051058185616038,0.08055634356097721,0.0029411236918277703,"[1, 1, 1]",0.08056031433304459,-0.0002483424139967383,0.0002483424139967383,0.0003723195157325776,-0.0003723195157325776,0.00018081454802576502,-0.00018081454802576502,False,1576,103,True,True
1576,DSC08003.JPG,270.0,170.0,4.365665435791016,1.1089976993024793,1.5256155359399812,1.0090373081540325,-0.08627897275322023,0.8155915703444887,0.5721593565115056,0.9038789739072571,0.7632643900085441,1.7821237951611595,0.9038789739072571,0.7632643900085441,1.7821237951611595,False,False,False,False,0.0,-0.0,0.0,-0.0,0.0,-0.0,0.0,0.0001471355801271932,0.07260616873069155,0.07287690174796077,0.0070517265219445366,"[1, 1, 1]",0.07291236316606924,-0.00021858265790797304,0.00021858265790797304,0.00036007028792295337,-0.00036007028792295337,0.00021507055019975851,-0.00021507055019975851,False,1577,71,True,True
1577,DSC08003.JPG,271.0,170.0,4.34898042678833,1.0899045200506576,1.5197369987147604,1.0095259787604647,-0.14314469044414865,0.8259663159607841,0.545242370415047,0.8928761803528816,0.7471031486331084,1.7779887856065406,0.8928761803528816,0.7471031486331084,1.7779887856065406,False,False,False,False,0.0,-0.0,0.0,-0.0,0.0,-0.0,0.0,0.0001593589141276941,0.0851130748322949,0.08521980843133273,0.004784299405341893,"[1, 1, 1]",0.08523362243395487,-0.00026033755666854397,0.00026033755666854397,0.0004025194614791783,-0.0004025194614791783,0.00021064690668293196,-0.00021064690668293196,False,1578,74,True,True
1578,DSC08003.JPG,272.0,170.0,4.3762617111206055,1.1046504049798307,1.5370545475513115,0.993109343670412,-0.05301111456875846,0.8641004682295254,0.5005199322081921,0.8869002362835556,0.7737725211513278,1.784303624456062,0.8869002362835556,0.7737725211513278,1.784303624456062,False,False,False,False,0.0,-0.0,0.0,-0.0,0.0,-0.0,0.0,0.000148713360783452,0.07706299271333365,0.07737128555972224,0.008144735148292927,"[1, 1, 1]",0.0774317680445266,-0.00022988225336995072,0.00022988225336995072,0.000384703687287935,-0.000384703687287935,0.00023658307661245104,-0.00023658307661245104,False,1579,49,True,True
1579,DSC08003.JPG,273.0,170.0,4.369197845458984,1.0929705971893455,1.536248094422757,0.989906561433608,-0.11998825465305028,0.7911068300842508,0.5997939664079351,0.8770096448988385,0.7669837781817894,1.7824555817937509,0.8770096448988385,0.7669837781817894,1.7824555817937509,False,False,False,False,0.0,-0.0,0.0,-0.0,0.0,-0.0,0.0,0.0001559841044867089,0.08511288603317975,0.08533352469274713,0.0072999479148889565,"[1, 1, 1]",0.08537945615096651,-0.00025605535107575683,0.00025605535107575683,0.00041539483679664535,-0.00041539483679664535,0.00024086263376776884,-0.00024086263376776884,False,1580,42,True,True
1580,DSC08003.JPG,274.0,170.0,4.354217529296875,1.075249278639397,1.5312409463003172,0.9897964889770029,-0.2118910115409669,0.7504765768659319,0.6260088711861349,0.8662887994322459,0.7524823083050626,1.7787273619356512,0.8662887994322459,0.7524823083050626,1.7787273619356512,False,False,False,False,0.0,-0.0,0.0,-0.0,0.0,-0.0,0.0,0.00016722187921509453,0.09775530553496767,0.09785684303560083,0.00528110942062598,"[1, 1, 1]",0.09787735085511334,-0.0002985208190977584,0.0002985208190977584,0.00046006360853323436,-0.00046006360853323436,0.000238946014151864,-0.000238946014151864,False,1581,45,True,True
1581,DSC08003.JPG,275.0,170.0,4.372276782989502,1.0828223553028875,1.5437281403415286,0.9768546868789861,-0.07771695539573306,0.8023246668775952,0.5918067283867037,0.8591493639792573,0.7701689744925233,1.7828482899020386,0.8591493639792573,0.7701689744925233,1.7828482899020386,False,False,False,False,0.0,-0.0,0.0,-0.0,0.0,-0.0,0.0,0.00016228575434698795,0.09276444126070041,0.0929619188467813,0.007570548134040139,"[1, 1, 1]",0.09301739929024092,-0.0002787145483760245,0.0002787145483760245,0.0004496159015578982,-0.0004496159015578982,0.0002577818474671645,-0.0002577818474671645,False,1582,34,True,True
1582,DSC08003.JPG,276.0,170.0,4.370903491973877,1.075519625741548,1.5459252405307042,0.9714612606099129,-0.10459501177172821,0.7574953453775763,0.6444072355613167,0.8499054348823719,0.768923855178472,1.7823527014106495,0.8499054348823719,0.768923855178472,1.7823527014106495,False,False,False,False,0.0,-0.0,0.0,-0.0,0.0,-0.0,0.0,0.00016699668813295577,0.09814709635795159,0.0983164386996059,0.007360283227927591,"[1, 1, 1]",0.09836957974702348,-0.00029559047914284875,0.00029559047914284875,0.00047180627117859864,-0.00047180627117859864,0.0002646873540679273,-0.0002646873540679273,False,1583,31,True,True
1583,DSC08003.JPG,277.0,170.0,4.369631767272949,1.0682981601741564,1.5481744792593273,0.9660317134454736,-0.004025875110790784,0.7772922094360901,0.6291268659654853,0.8406776176000407,0.7677776327527008,1.781881336833279,0.8406776176000407,0.7677776327527008,1.781881336833279,False,False,False,False,0.0,-0.0,0.0,-0.0,0.0,-0.0,0.0,0.00017173165761589203,0.10353294989666433,0.10367826427734533,0.007155237942543827,"[1, 1, 1]",0.10372909827157412,-0.00031251369706586374,0.00031251369706586374,0.0004940344389827711,-0.0004940344389827711,0.0002715693437203015,-0.0002715693437203015,False,1584,27,True,True
1584,DSC08003.JPG,278.0,170.0,4.40644645690918,1.0900256131429842,1.5706882225796701,0.9456120005221383,0.02447461420255084,0.8602405050387834,0.5093007625659473,0.8352738631985303,0.8037394384869017,1.7904524215593853,0.8352738631985303,0.8037394384869017,1.7904524215593853,False,False,False,False,0.0,-0.0,0.0,-0.0,0.0,-0.0,0.0,0.00016041228970585687,0.08570525941142734,0.08598920984341037,0.010973320929208441,"[1, 1, 1]",0.08619730134423663,-0.0002468783452624912,0.0002468783452624912,0.00043174688981628684,-0.00043174688981628684,0.000286199304812218,-0.000286199304812218,False,1585,23,True,True
1585,DSC08003.JPG,279.0,170.0,4.3709540367126465,1.0567985210514264,1.554727429557379,0.9536558938401528,0.3481533795740588,0.7019849246166542,0.6212941251147572,0.8226174185966724,0.7692515274333879,1.7818565397734425,0.8226174185966724,0.7692515274333879,1.7818565397734425,False,False,False,False,0.0,-0.0,0.0,-0.0,0.0,-0.0,0.0,0.00017970466189365042,0.11198428132053743,0.11210640742715268,0.007232754824767828,"[1, 1, 1]",0.11216202259074967,-0.000338206156327292,0.000338206156327292,0.0005306498416131067,-0.0005306498416131067,0.00028697196156457494,-0.00028697196156457494,False,1586,22,True,True
