ply
format ascii 1.0
element vertex 3840
property float x
property float y
property float z
property float nx
property float ny
property float nz
property uchar red
property uchar green
property uchar blue
element face 7410
property list uchar int vertex_indices
end_header
-0.753112137 1.44331229 1.00042987 0.0994682536 0.890672624 0.443630785 0 174 220
-0.718604445 1.45523369 0.96897918 0.0853925496 0.895721138 0.436339051 0 174 220
-0.684104085 1.46732724 0.937626779 0.0715638474 0.900377631 0.429183751 0 174 220
-0.649611354 1.47959268 0.906372964 0.0579950921 0.904655695 0.422178417 0 174 220
-0.615126073 1.49203014 0.875217438 0.0446979553 0.908568919 0.415336668 0 174 220
-0.580648243 1.50463927 0.844160318 0.0316833928 0.91213125 0.408671975 0 174 220
-0.546177983 1.51742077 0.813201666 0.0189614482 0.915356755 0.402197123 0 174 220
-0.511715114 1.53037405 0.782341361 0.00654188963 0.918259799 0.395924538 0 174 220
-0.477259725 1.54349911 0.751579463 -0.00557091599 0.920856178 0.389862567 0 174 220
-0.442811906 1.55679643 0.720916033 -0.0173688587 0.923160136 0.38402313 0 174 220
-0.408371449 1.57026553 0.69035089 -0.0288507473 0.925187826 0.378411531 0 174 220
-0.37393856 1.58390665 0.659884274 -0.0400096588 0.926952362 0.373039395 0 174 220
-0.339513183 1.59771979 0.629516006 -0.050843671 0.928469121 0.367912978 0 174 220
-0.305095255 1.61170495 0.599246264 -0.0613525175 0.929752529 0.363037288 0 174 220
-0.270684838 1.62586188 0.56907481 -0.071533516 0.930815697 0.358420253 0 174 220
-0.236281902 1.64019096 0.539001882 -0.0813873559 0.931672454 0.354065835 0 174 220
-0.20188646 1.65469205 0.509027302 -0.0909141749 0.932335436 0.349978954 0 174 220
-0.167498484 1.66936493 0.4791511 -0.100114882 0.932817042 0.346163779 0 174 220
-0.133118019 1.68420982 0.449373364 -0.108990841 0.933129132 0.342623681 0 174 220
-0.0987450108 1.69922662 0.419693977 -0.117544308 0.933282912 0.339361697 0 174 220
-0.0643791407 1.71440649 0.39010787 -0.125141576 0.933559597 0.335866123 0 174 220
-0.0300179664 1.72969449 0.360583693 -0.131728113 0.933962822 0.332206637 0 174 220
0.00433891034 1.74508166 0.331116259 -0.137925908 0.934231102 0.328920603 0 174 220
0.038691543 1.76056802 0.30170548 -0.143738151 0.934374928 0.326010376 0 174 220
0.0730397701 1.77615368 0.272351563 -0.149167225 0.934403837 0.323479027 0 174 220
0.107383683 1.79183829 0.243054375 -0.15421918 0.934326768 0.321325302 0 174 220
0.14172329 1.80762219 0.213813946 -0.158895373 0.934151232 0.319552422 0 174 220
0.176058576 1.82350516 0.18463023 -0.163201481 0.933884561 0.318158805 0 174 220
0.210389525 1.83948743 0.155503303 -0.167138487 0.933532178 0.317147493 0 174 220
0.244716182 1.85556889 0.126433134 -0.170710176 0.933099329 0.316517979 0 174 220
0.279038519 1.8717494 0.0974196866 -0.173919395 0.932590365 0.316270858 0 174 220
0.313356549 1.88802922 0.0684630051 -0.176768258 0.932008624 0.31640631 0 174 220
0.347670227 1.90440798 0.039563071 -0.179258913 0.93135643 0.316924989 0 174 220
0.381979614 1.92088604 0.0107198935 -0.181392029 0.930635273 0.317828387 0 174 220
0.416284651 1.93746328 -0.0180665404 -0.183168441 0.929846108 0.319116831 0 174 220
0.450585425 1.95413971 -0.0467962176 -0.184590876 0.928989053 0.32078889 0 174 220
0.484881818 1.9709152 -0.0754691437 -0.185657218 0.928062856 0.322847813 0 174 220
0.51917392 1.98778999 -0.104085311 -0.186367884 0.92706579 0.325293481 0 174 220
0.55346173 2.00476408 -0.132644743 -0.186723381 0.925995767 0.328125417 0 174 220
0.587745011 2.021837 -0.161147282 -0.186722636 0.924849033 0.331344008 0 174 220
-0.740427852 1.43636298 1.01150167 0.0963654518 0.888469398 0.448704571 0 174 220
-0.705931187 1.44853783 0.980195761 0.0827803835 0.893356919 0.441656858 0 174 220
-0.671441674 1.46087778 0.948984563 0.0694405437 0.897871435 0.434746951 0 174 220
-0.636959195 1.47338247 0.917867661 0.0563574657 0.902025461 0.427988201 0 174 220
-0.602484047 1.48605263 0.88684535 0.0435408913 0.905832589 0.421392471 0 174 220
-0.568016052 1.49888802 0.855917633 0.0310033746 0.909304559 0.4149746 0 174 220
-0.53355521 1.51188815 0.82508415 0.0187533926 0.912455797 0.408745229 0 174 220
-0.499101758 1.52505374 0.79434526 0.00679782499 0.915300071 0.402715236 0 174 220
-0.46465528 1.5383842 0.763700902 -0.00485794805 0.917851686 0.396893561 0 174 220
-0.430216074 1.55187964 0.733151019 -0.0162080135 0.92012459 0.391290218 0 174 220
-0.39578402 1.56554019 0.702695429 -0.0272471774 0.922132134 0.385914326 0 174 220
-0.361359149 1.57936585 0.672334373 -0.0379737914 0.923889041 0.380771607 0 174 220
-0.32694149 1.59335685 0.642067909 -0.0483845808 0.925408363 0.375870049 0 174 220
-0.292531043 1.60751295 0.611895859 -0.0584781952 0.926703274 0.37121582 0 174 220
-0.258127779 1.62183392 0.581818342 -0.0682545677 0.927787244 0.366813451 0 174 220
-0.223731667 1.63631988 0.55183512 -0.0777105913 0.928671539 0.362670839 0 174 220
-0.189342752 1.65097117 0.521946609 -0.0868503377 0.929369509 0.358788788 0 174 220
-0.154961005 1.66578758 0.492152423 -0.095671773 0.929891646 0.355173767 0 174 220
-0.120586485 1.68076885 0.462452859 -0.104177155 0.930249214 0.351828724 0 174 220
-0.0862191245 1.69591522 0.432847679 -0.112369232 0.930452943 0.348755717 0 174 220
-0.0518586002 1.71121776 0.403331697 -0.119601406 0.930792868 0.345427603 0 174 220
-0.0175023992 1.72662008 0.373872906 -0.125836983 0.931274712 0.341895491 0 174 220
0.0168498661 1.74211299 0.344466031 -0.131710872 0.931626678 0.338709414 0 174 220
0.051198259 1.75769651 0.315110862 -0.137229681 0.931858778 0.335867792 0 174 220
0.0855426118 1.7733711 0.285807818 -0.14239265 0.931978822 0.333376408 0 174 220
0.119883023 1.78913593 0.256556541 -0.147206381 0.931995332 0.331232607 0 174 220
0.154219508 1.80499196 0.227357313 -0.151670694 0.931914508 0.329440862 0 174 220
0.188552037 1.82093799 0.198209822 -0.155791312 0.931743383 0.327998996 0 174 220
0.222880617 1.83697534 0.169114321 -0.159569263 0.931487024 0.326909244 0 174 220
0.257205248 1.85310316 0.140070692 -0.163008496 0.931150138 0.326171279 0 174 220
0.29152593 1.86932158 0.111078963 -0.166109756 0.930736661 0.325786412 0 174 220
0.325842619 1.88563073 0.082139127 -0.168874532 0.930249453 0.325756371 0 174 220
0.360155493 1.90203059 0.0532511882 -0.171306655 0.929691553 0.326079071 0 174 220
0.394464284 1.91852105 0.0244151521 -0.173405886 0.929064214 0.326756954 0 174 220
0.428769112 1.93510234 -0.00436899252 -0.175172716 0.928368568 0.327790052 0 174 220
0.463070065 1.95177436 -0.0331012458 -0.176608995 0.927604795 0.329178572 0 174 220
0.497367054 1.96853685 -0.0617816001 -0.177715495 0.926772475 0.330922842 0 174 220
0.53166008 1.98539007 -0.0904100537 -0.178491101 0.925870657 0.333023131 0 174 220
0.565949202 2.00233412 -0.118986607 -0.178935945 0.924897134 0.335480511 0 174 220
0.600234151 2.01936865 -0.147511154 -0.17904833 0.923849404 0.338295877 0 174 220
-0.727742374 1.42938554 1.02255738 0.0934069976 0.886281967 0.453629136 0 174 220
-0.693256259 1.44180501 0.99139148 0.0803111568 0.891008317 0.446826935 0 174 220
-0.658777058 1.45438242 0.960316181 0.0674587265 0.895379543 0.440164447 0 174 220
-0.624304771 1.46711826 0.929331481 0.0548601151 0.899407923 0.43365404 0 174 220
-0.589839399 1.48001266 0.898437381 0.0425253548 0.903105557 0.427307725 0 174 220
-0.555380881 1.49306512 0.867633998 0.0304644387 0.906484306 0.421139061 0 174 220
-0.520929277 1.50627625 0.836921155 0.0186839756 0.909557998 0.415156871 0 174 220
-0.486484557 1.51964545 0.806298912 0.00719163334 0.912339151 0.409372181 0 174 220
-0.452046633 1.5331732 0.775767386 -0.00400806731 0.914841294 0.403793633 0 174 220
-0.417615801 1.54685962 0.745326638 -0.0149085 0.917077363 0.398430437 0 174 220
-0.383191705 1.56070399 0.714976311 -0.0255078077 0.919060588 0.393289983 0 174 220
-0.348774612 1.57470655 0.684716702 -0.0358012319 0.920803368 0.388380498 0 174 220
-0.314364403 1.58886778 0.654547513 -0.0457886904 0.922319114 0.383706719 0 174 220
-0.27996096 1.60318732 0.624469042 -0.0554672927 0.923619628 0.379275948 0 174 220
-0.245564535 1.61766529 0.59448123 -0.0648359954 0.924716711 0.375093579 0 174 220
-0.21117498 1.63230145 0.564584136 -0.073895447 0.925622463 0.371163666 0 174 220
-0.176792309 1.64709568 0.534777522 -0.0826454163 0.926347792 0.367490888 0 174 220
-0.142416537 1.66204882 0.505061567 -0.0910874233 0.926903367 0.364078522 0 174 220
-0.108047649 1.67716038 0.4754363 -0.099221535 0.927299321 0.360930741 0 174 220
-0.073685661 1.6924299 0.445901573 -0.107049517 0.927545369 0.358050138 0 174 220
-0.0393302105 1.70784855 0.41645214 -0.113919564 0.927938819 0.354896933 0 174 220
-0.00497870939 1.72335923 0.387055486 -0.119809285 0.928487778 0.351505607 0 174 220
0.0293691605 1.73895323 0.357706279 -0.12536867 0.928913355 0.348428756 0 174 220
0.0637134984 1.75462949 0.328404397 -0.130599558 0.929223537 0.345669419 0 174 220
0.0980541483 1.77038908 0.29915002 -0.135505781 0.929426372 0.343227178 0 174 220
0.132391185 1.78623176 0.269943148 -0.140088528 0.929528117 0.341105074 0 174 220
0.166724637 1.80215693 0.240783632 -0.144351438 0.929535508 0.339302868 0 174 220
0.201054499 1.81816518 0.211671591 -0.148295954 0.92945379 0.337822556 0 174 220
0.235380664 1.83425629 0.18260695 -0.151924863 0.929287851 0.336664289 0 174 220
0.269703329 1.85043037 0.153589755 -0.155239969 0.92904222 0.33582899 0 174 220
0.304022312 1.8666873 0.124619998 -0.158243507 0.928720415 0.335316867 0 174 220
0.338337719 1.88302684 0.0956976563 -0.160936013 0.928325295 0.33512944 0 174 220
0.372649461 1.89944947 0.0668227673 -0.163320586 0.927859426 0.335265934 0 174 220
0.406957626 1.91595495 0.0379953012 -0.165398091 0.927324593 0.335726917 0 174 220
0.441262305 1.93254364 0.00921526179 -0.167168498 0.926721632 0.336514145 0 174 220
0.475563198 1.94921482 -0.0195173509 -0.168632701 0.926051438 0.337626815 0 174 220
0.509860635 1.96596909 -0.0482025221 -0.169792563 0.92531389 0.339064449 0 174 220
0.544154346 1.98280609 -0.0768402666 -0.170646593 0.924507976 0.340829432 0 174 220
0.578444481 1.99972594 -0.105430573 -0.171195447 0.923632801 0.342920691 0 174 220
0.612730861 2.01672888 -0.13397333 -0.171437949 0.922685981 0.345339775 0 174 220
-0.715055645 1.42237997 1.03359675 0.0905923918 0.8841151 0.458403319 0 174 220
-0.680579841 1.43503487 1.00256574 0.0779860541 0.888679028 0.451849341 0 174 220
-0.646110594 1.44784105 0.971621394 0.0656209812 0.892905354 0.445436954 0 174 220
-0.611647904 1.46079934 0.940763891 0.053506162 0.896805406 0.439177781 0 174 220
-0.577191949 1.4739095 0.909993291 0.0416513979 0.900391102 0.433083236 0 174 220
-0.54274255 1.48717105 0.879309475 0.030064825 0.903673649 0.427165091 0 174 220
-0.508299708 1.50058448 0.848712683 0.0187537372 0.906665981 0.421432078 0 174 220
-0.473863572 1.51414967 0.818202674 0.00772404298 0.90937984 0.415895045 0 174 220
-0.439433992 1.52786684 0.787779331 -0.00301971752 0.911827862 0.410561591 0 174 220
-0.405010998 1.54173553 0.757442951 -0.0134726139 0.914022148 0.40544045 0 174 220
-0.370594621 1.55575609 0.727193475 -0.0236309841 0.915974796 0.400539249 0 174 220
-0.3361848 1.56992805 0.697030723 -0.0334927663 0.917698145 0.395864159 0 174 220
-0.301781654 1.58425236 0.666954935 -0.0430561081 0.919203758 0.391421229 0 174 220
-0.267385155 1.59872842 0.63696593 -0.0523190647 0.92050302 0.387216896 0 174 220
-0.232995212 1.61335576 0.607063711 -0.0612815432 0.921607316 0.383255273 0 174 220
-0.198611856 1.62813497 0.577248394 -0.0699421912 0.922526836 0.379542321 0 174 220
-0.164235145 1.64306617 0.547520041 -0.0783026591 0.92327255 0.376080424 0 174 220
-0.129865006 1.65814877 0.517878354 -0.0863632932 0.923854172 0.372873873 0 174 220
-0.0955015197 1.67338371 0.488323659 -0.0941237658 0.924280763 0.36992684 0 174 220
-0.0611445904 1.68876958 0.458855599 -0.101586834 0.924561441 0.367241263 0 174 220
-0.0267939232 1.70429838 0.429469198 -0.108096719 0.924998343 0.364270687 0 174 220
0.00755307963 1.71991205 0.400131404 -0.113648459 0.925602913 0.361030817 0 174 220
0.0418967828 1.73560178 0.370837063 -0.118900426 0.926091373 0.358074665 0 174 220
0.0762372613 1.75136721 0.341585994 -0.123853616 0.92647028 0.355405629 0 174 220
0.110574365 1.76720846 0.312378287 -0.128509358 0.92674607 0.353025526 0 174 220
0.14490816 1.78312528 0.283213973 -0.132869929 0.926925063 0.35093537 0 174 220
0.179238677 1.79911792 0.254093021 -0.136938557 0.927012682 0.34913516 0 174 220
0.213565871 1.81518626 0.225015432 -0.140716165 0.927013814 0.347626716 0 174 220
0.247889772 1.83133066 0.195981205 -0.144204989 0.926932931 0.346410573 0 174 220
0.28221041 1.84755063 0.166990325 -0.147406921 0.926773906 0.345487118 0 174 220
0.316527754 1.8638463 0.138042793 -0.150323316 0.926540017 0.344857305 0 174 220
0.35084179 1.88021791 0.10913863 -0.152954891 0.926233947 0.344522148 0 174 220
0.385152459 1.8966651 0.0802777931 -0.155304059 0.92585808 0.344481498 0 174 220
0.419459879 1.91318798 0.0514603294 -0.157371849 0.925414264 0.344735444 0 174 220
0.453763962 1.92978668 0.0226862319 -0.159158289 0.92490387 0.345284611 0 174 220
0.488064796 1.94646144 -0.006044521 -0.160665363 0.924327314 0.346129477 0 174 220
0.522362351 1.96321166 -0.0347319134 -0.161890939 0.923684835 0.347271681 0 174 220
0.556656539 1.98003757 -0.0633759424 -0.162838548 0.922976315 0.348709375 0 174 220
0.590947568 1.99693954 -0.0919766426 -0.163505509 0.922201216 0.350443691 0 174 220
0.625235021 2.01391697 -0.120533817 -0.163893163 0.921358109 0.352474481 0 174 220
-0.702367663 1.41534603 1.04462016 0.087924175 0.881971478 0.463028818 0 174 220
-0.667901754 1.42822742 1.01371861 0.0758061409 0.886372149 0.45672518 0 174 220
-0.633442104 1.44125414 0.982900381 0.0639275387 0.890451789 0.4505651 0 174 220
-0.598988771 1.45442605 0.952165246 0.0522952788 0.894221902 0.44455862 0 174 220
-0.564541757 1.46774304 0.92151314 0.0409196056 0.897692919 0.438717455 0 174 220
-0.530101061 1.48120534 0.890944242 0.0298066363 0.900876045 0.433051884 0 174 220
-0.495666772 1.49481308 0.860458434 0.0189634636 0.903783202 0.427570254 0 174 220
-0.461238772 1.50856626 0.830056012 0.00839503668 0.906425238 0.422282815 0 174 220
-0.42681706 1.52246439 0.79973644 -0.00189348438 0.908814251 0.41719681 0 174 220
-0.392401725 1.5365082 0.769500136 -0.01189915 0.910961449 0.412319839 0 174 220
-0.357992589 1.55069697 0.739346862 -0.0216178261 0.912878156 0.407659501 0 174 220
-0.323589951 1.56503105 0.709276855 -0.0310477335 0.914575577 0.403221458 0 174 220
-0.289193541 1.57951081 0.679289997 -0.0401873477 0.916064799 0.399011523 0 174 220
-0.254803479 1.59413564 0.649386287 -0.0490345657 0.917356133 0.395035863 0 174 220
-0.22041972 1.60890567 0.619565725 -0.0575892217 0.918460071 0.391298681 0 174 220
-0.186042324 1.6238209 0.589828193 -0.0658518001 0.919386685 0.387803644 0 174 220
-0.151671231 1.63888168 0.560173869 -0.0738210604 0.920145094 0.384556174 0 174 220
-0.117306463 1.65408754 0.530602753 -0.0814987496 0.920744896 0.381558299 0 174 220
-0.0829480365 1.66943884 0.501114845 -0.0888854861 0.921194553 0.378813803 0 174 220
-0.0485959463 1.68493545 0.471709907 -0.0959806219 0.921501994 0.376326799 0 174 220
-0.0142497681 1.7005676 0.442382783 -0.10213425 0.921972454 0.373544306 0 174 220
0.0200929772 1.71627891 0.413100719 -0.107357018 0.922621191 0.370465308 0 174 220
0.0544327274 1.73205924 0.383858293 -0.112308793 0.923161089 0.367641687 0 174 220
0.0887695402 1.74790907 0.354655534 -0.116990946 0.923598111 0.365074903 0 174 220
0.123103239 1.76382804 0.325492501 -0.121404752 0.923937738 0.362767071 0 174 220
0.157433927 1.77981687 0.296369165 -0.125552505 0.924185395 0.360718727 0 174 220
0.191761613 1.79587436 0.267285436 -0.129435807 0.924345672 0.358930886 0 174 220
0.226086274 1.81200159 0.238241389 -0.133056313 0.924423218 0.357404292 0 174 220
0.260407925 1.82819796 0.209237054 -0.136414796 0.92442143 0.356140465 0 174 220
0.294726551 1.84446359 0.180272341 -0.139512882 0.924343944 0.35514006 0 174 220
0.329042137 1.86079848 0.151347309 -0.142353266 0.924194098 0.354402035 0 174 220
0.363354743 1.87720299 0.122461967 -0.144935369 0.923973978 0.353929102 0 174 220
0.397664309 1.89367664 0.0936162695 -0.14726083 0.923686087 0.353720605 0 174 220
0.431970775 1.91021955 0.0648102388 -0.149331465 0.923332095 0.353776634 0 174 220
0.466274381 1.92683184 0.0360439122 -0.151146442 0.922913253 0.354098618 0 174 220
0.500574887 1.94351363 0.0073172315 -0.152707517 0.922430575 0.354686201 0 174 220
0.534872413 1.96026468 -0.0213697739 -0.154014707 0.921884239 0.355540276 0 174 220
0.569166839 1.97708488 -0.0500170961 -0.155069396 0.92127496 0.356659442 0 174 220
0.603458345 1.99397445 -0.0786247775 -0.155869529 0.920601785 0.358046234 0 174 220
0.637746632 2.01093364 -0.107192643 -0.156417474 0.919864297 0.359698802 0 174 220
-0.68967849 1.40828419 1.05562747 0.0854024738 0.879855156 0.467505366 0 174 220
-0.655222058 1.42138326 1.02485049 0.0737728253 0.88409102 0.461454868 0 174 220
-0.620771468 1.43462098 0.994153082 0.0623783804 0.888022959 0.455548167 0 174 220
-0.586327136 1.44799769 0.96353519 0.051228255 0.891660273 0.449797332 0 174 220
-0.551888824 1.46151376 0.932996869 0.0403300524 0.89501375 0.444211423 0 174 220
-0.517456532 1.47516847 0.902538121 0.0296899751 0.898094237 0.438799918 0 174 220
-0.483030379 1.48896241 0.872158766 0.0193130504 0.900912046 0.433571756 0 174 220
-0.448610157 1.502895 0.841859043 0.00920541212 0.903478146 0.428535432 0 174 220
-0.414195925 1.51696646 0.811638653 -0.000629749848 0.905803204 0.423698395 0 174 220
-0.379787892 1.53117728 0.781498075 -0.0101888999 0.907898009 0.419067413 0 174 220
-0.34538582 1.54552674 0.75143677 -0.0194685291 0.909772754 0.414649665 0 174 220
-0.310989797 1.56001532 0.721455038 -0.0284674764 0.911438465 0.410450339 0 174 220
-0.276599914 1.57464314 0.691552937 -0.0371830612 0.91290462 0.406475961 0 174 220
-0.242215991 1.58940947 0.66173023 -0.0456150621 0.914181292 0.402730495 0 174 220
-0.207838193 1.60431504 0.631987214 -0.0537623577 0.915277958 0.399219096 0 174 220
-0.173466355 1.61935914 0.602323532 -0.0616251417 0.916203856 0.39594543 0 174 220
-0.139100626 1.63454258 0.572739422 -0.0692027211 0.91696763 0.392913938 0 174 220
-0.104740918 1.64986515 0.543234825 -0.0764972791 0.917577982 0.390126646 0 174 220
-0.0703872964 1.66532636 0.51380986 -0.0835068226 0.918042183 0.387588799 0 174 220
-0.0360396914 1.68092656 0.484464288 -0.090235129 0.918368816 0.385300279 0 174 220
-0.00169777055 1.69665635 0.455192983 -0.0960342884 0.918862164 0.382713586 0 174 220
0.0326409973 1.71245885 0.425963342 -0.100935675 0.919542909 0.379806399 0 174 220
0.0669770092 1.72832537 0.396770149 -0.105595328 0.920123041 0.377125144 0 174 220
0.101310313 1.7442553 0.367613167 -0.110015169 0.920607567 0.374670982 0 174 220
0.135640785 1.7602489 0.338492692 -0.114195786 0.921001375 0.372445792 0 174 220
0.169968501 1.77630603 0.309408605 -0.118139043 0.921308815 0.370450139 0 174 220
0.20429343 1.79242647 0.280360878 -0.121846005 0.921533942 0.368685126 0 174 220
0.238615632 1.80861092 0.251349479 -0.125317886 0.92168057 0.367151767 0 174 220
0.272935003 1.82485783 0.222374439 -0.128556326 0.921752095 0.36585018 0 174 220
0.307251662 1.84116948 0.193435818 -0.131561771 0.92175144 0.364781946 0 174 220
0.34156552 1.85754454 0.164533585 -0.134335712 0.921681225 0.363947362 0 174 220
0.375876635 1.87398279 0.135667682 -0.136879325 0.921544135 0.363346249 0 174 220
0.41018495 1.89048469 0.106838189 -0.139193386 0.921341896 0.3629798 0 174 220
0.444490522 1.90705025 0.0780450553 -0.141277745 0.921076179 0.362848908 0 174 220
0.478793293 1.92367935 0.0492883101 -0.143134847 0.920748651 0.362952232 0 174 220
0.513093352 1.94037163 0.0205679107 -0.144764498 0.920360148 0.363291204 0 174 220
0.54739064 1.95712805 -0.00811610185 -0.146166623 0.919911087 0.363866597 0 174 220
0.581685126 1.973948 -0.0367637388 -0.147340909 0.919401944 0.36467883 0 174 220
0.61597693 1.99083138 -0.0653750077 -0.148290932 0.918833256 0.365725547 0 174 220
0.650265634 2.00777793 -0.093949765 -0.149013028 0.918204188 0.367009759 0 174 220
-0.676988125 1.4011941 1.06661856 0.0830282196 0.877769589 0.471833527 0 174 220
-0.642540693 1.41450167 1.03596115 0.0718855113 0.881839693 0.46603784 0 174 220
-0.608099043 1.42794216 1.00537968 0.0609755479 0.88562125 0.460387856 0 174 220
-0.573663175 1.44151556 0.974874198 0.0503062196 0.889123797 0.454893529 0 174 220
-0.539233208 1.45522153 0.944444656 0.0398837216 0.892357171 0.449564338 0 174 220
-0.504808903 1.46906006 0.914091051 0.029714115 0.895331204 0.444408596 0 174 220
-0.47039032 1.48303139 0.883813381 0.0198024865 0.898055911 0.439435452 0 174 220
-0.435977638 1.49713576 0.853611887 0.0101543507 0.900541127 0.434652239 0 174 220
-0.401570678 1.51137304 0.823486269 0.000771388819 0.902797461 0.430065274 0 174 220
-0.367169589 1.52574265 0.793436527 -0.00834154058 0.904834151 0.425682515 0 174 220
-0.332774132 1.54024518 0.763462901 -0.0171831287 0.906661332 0.421508998 0 174 220
-0.298384547 1.55488086 0.733565331 -0.0257509593 0.908288598 0.417550802 0 174 220
-0.264000684 1.56964862 0.703743517 -0.0340437032 0.909725308 0.413812518 0 174 220
-0.229622677 1.58454955 0.67399776 -0.0420603715 0.910980403 0.41029942 0 174 220
-0.195250437 1.59958339 0.644328058 -0.0498000048 0.912062585 0.407015711 0 174 220
-0.160883948 1.61474979 0.614734232 -0.05726308 0.912980556 0.403964728 0 174 220
-0.126523256 1.63004899 0.585216463 -0.064448595 0.913741767 0.401151329 0 174 220
-0.0921683237 1.64548111 0.555774629 -0.0713583678 0.914354682 0.398576885 0 174 220
-0.0578192063 1.66104567 0.526408851 -0.0779916421 0.914825976 0.396245807 0 174 220
-0.0234758444 1.67674339 0.497119009 -0.0843501613 0.915162921 0.394159645 0 174 220
0.0108621158 1.69256413 0.467899799 -0.0897993818 0.915668845 0.39177379 0 174 220
0.045197133 1.70845318 0.438719422 -0.094386369 0.916368902 0.389049172 0 174 220
0.0795296207 1.72439992 0.409572363 -0.0987629518 0.916977584 0.386520445 0 174 220
0.113859646 1.74040616 0.380458951 -0.102928035 0.917498827 0.384189665 0 174 220
0.148187026 1.75646973 0.351378828 -0.106884211 0.917936802 0.382057428 0 174 220
0.182511881 1.7725929 0.322332352 -0.1106316 0.918294966 0.380124986 0 174 220
0.216834158 1.78877389 0.293319285 -0.114171997 0.918577075 0.378392577 0 174 220
0.251153916 1.80501342 0.264339626 -0.117505178 0.918785751 0.376862526 0 174 220
0.285471141 1.82131159 0.235393479 -0.12063279 0.918924272 0.375534177 0 174 220
0.319785833 1.8376683 0.206480816 -0.123556122 0.918995142 0.374408543 0 174 220
0.354097933 1.85408342 0.177601635 -0.126275063 0.919000685 0.373486638 0 174 220
0.388407469 1.87055707 0.148755863 -0.128791034 0.918943226 0.372768342 0 174 220
0.422714561 1.88708901 0.119943574 -0.131104767 0.918824315 0.372254491 0 174 220
0.457018971 1.90367961 0.0911647603 -0.133216709 0.91864574 0.371945411 0 174 220
0.491320968 1.92032874 0.0624194108 -0.13512823 0.918408811 0.371840924 0 174 220
0.525620341 1.93703592 0.0337075256 -0.136838526 0.918114543 0.371942163 0 174 220
0.559917212 1.95380199 0.0050291107 -0.138348967 0.917763472 0.372249514 0 174 220
0.594211459 1.97062635 -0.0236158352 -0.139659032 0.917356789 0.372762352 0 174 220
0.628503203 1.98750949 -0.052227322 -0.140770972 0.916894436 0.373481005 0 174 220
0.662792265 2.00445104 -0.0808052048 -0.141682595 0.916376591 0.374406129 0 174 220
-0.664296448 1.39407575 1.07759356 0.0808027908 0.875717342 0.476014823 0 174 220
-0.629857779 1.40758324 1.04705048 0.0701454878 0.879620612 0.470475495 0 174 220
-0.595424592 1.4212172 1.01657987 0.0597184189 0.883250356 0.465083361 0 174 220
-0.56099689 1.43497825 0.986181855 0.0495281368 0.886615455 0.459847718 0 174 220
-0.52657479 1.44886601 0.955856383 0.0395804755 0.889725447 0.454776853 0 174 220
-0.492158085 1.46288013 0.925603211 0.029880628 0.892589748 0.449878603 0 174 220
-0.457746923 1.47702122 0.895422459 0.0204331912 0.895216942 0.445161968 0 174 220
-0.423341334 1.49128902 0.865314484 0.0112424586 0.897616982 0.44063282 0 174 220
-0.388941288 1.50568342 0.835278928 0.00231081597 0.899799287 0.436297923 0 174 220
-0.354546726 1.52020478 0.805316031 -0.00635775365 0.901772618 0.432164103 0 174 220
-0.320157677 1.53485262 0.775425494 -0.0147616593 0.903546095 0.428236485 0 174 220
-0.285774142 1.54962742 0.745607436 -0.0228997469 0.905129015 0.424519956 0 174 220
-0.25139609 1.56452847 0.715861857 -0.0307699014 0.906529367 0.421019912 0 174 220
-0.217023581 1.57955647 0.686188877 -0.0383709706 0.907755554 0.417740971 0 174 220
-0.182656601 1.59471107 0.656588435 -0.0457037836 0.908816099 0.414686024 0 174 220
-0.148295149 1.60999286 0.627060533 -0.052766405 0.909718156 0.4118599 0 174 220
-0.113939181 1.62540078 0.597605109 -0.0595597513 0.910469353 0.409265429 0 174 220
-0.0795887113 1.64093566 0.568222165 -0.0660843402 0.911076665 0.406905621 0 174 220
-0.045243822 1.65659714 0.5389117 -0.0723398104 0.911546707 0.404783368 0 174 220
-0.0109044025 1.67238545 0.509673774 -0.0783280283 0.911885917 0.402900428 0 174 220
0.0234298557 1.68829143 0.480503261 -0.0834307 0.912393332 0.400721401 0 174 220
0.0577613711 1.70426035 0.451368779 -0.0877126232 0.913100243 0.398188829 0 174 220
0.0920905694 1.72028363 0.422265261 -0.0918134153 0.913725793 0.395822585 0 174 220
0.126417473 1.73636103 0.393192649 -0.0957335606 0.914272785 0.393624663 0 174 220
0.160741955 1.75249243 0.364151061 -0.0994732305 0.914744556 0.391596079 0 174 220
0.195064038 1.76867759 0.335140377 -0.103034131 0.915144265 0.38973707 0 174 220
0.229383811 1.784917 0.306160718 -0.106416561 0.915474653 0.38804847 0 174 220
0.26370126 1.80121076 0.277211964 -0.109621271 0.915738344 0.386531234 0 174 220
0.29801628 1.81755841 0.248294145 -0.112648606 0.915937603 0.385186493 0 174 220
0.332329005 1.83396018 0.21940726 -0.115499303 0.916074693 0.384014398 0 174 220
0.366639346 1.85041595 0.190551385 -0.118174866 0.916151881 0.383014947 0 174 220
0.400947243 1.86692548 0.16172637 -0.120674841 0.916170478 0.382189959 0 174 220
0.435252935 1.88348985 0.13293238 -0.122999683 0.916132569 0.381539196 0 174 220
0.469556242 1.90010786 0.104169331 -0.12515147 0.916039705 0.38106218 0 174 220
0.503857195 1.91677999 0.0754372254 -0.127129272 0.915892601 0.380760938 0 174 220
0.538155735 1.93350625 0.0467360578 -0.128933311 0.915692806 0.380635053 0 174 220
0.57245189 1.95028639 0.0180658381 -0.130565673 0.915441155 0.38068378 0 174 220
0.60674578 1.96712089 -0.0105734188 -0.132025585 0.915138185 0.38090843 0 174 220
0.641037226 1.98400939 -0.0391817316 -0.133313149 0.914784729 0.381308973 0 174 220
0.675326288 2.00095177 -0.0677589625 -0.134428948 0.914380848 0.381885588 0 174 220
-0.65160358 1.38692915 1.08855247 0.0787263438 0.873702049 0.480048925 0 174 220
-0.617173254 1.40062749 1.05811858 0.0685541108 0.877436578 0.474768788 0 174 220
-0.582748115 1.41444683 1.02775395 0.0586082973 0.880912781 0.469635814 0 174 220
-0.548328221 1.42838669 0.997458279 0.0488953963 0.884137988 0.464660376 0 174 220
-0.513913631 1.44244754 0.96723187 0.0394209437 0.887121618 0.459849089 0 174 220
-0.479504168 1.45662892 0.937074363 0.030188987 0.889872193 0.45521 0 174 220
-0.445100188 1.47093153 0.906986117 0.0212040264 0.892398119 0.450750381 0 174 220
-0.410701275 1.48535454 0.876966894 0.0124690169 0.894708455 0.44647643 0 174 220
-0.376307726 1.49989855 0.84701699 0.00398799963 0.896811247 0.442395359 0 174 220
-0.341919422 1.5145632 0.817136109 -0.00423766905 0.898715675 0.438511252 0 174 220
-0.307536334 1.52934885 0.787324369 -0.0122054787 0.900429547 0.434830576 0 174 220
-0.27315852 1.54425502 0.757581651 -0.0199140497 0.901961207 0.431357533 0 174 220
-0.238785923 1.55928183 0.727908075 -0.0273617692 0.903318405 0.428097099 0 174 220
-0.204418659 1.57442963 0.698303699 -0.0345486924 0.904509127 0.425052553 0 174 220
-0.170056641 1.58969831 0.668768346 -0.0414740108 0.905540347 0.422228128 0 174 220
-0.135699853 1.605088 0.639302254 -0.0481366552 0.906418979 0.419627815 0 174 220
-0.101348363 1.62059808 0.609905243 -0.0545373596 0.907152057 0.417253822 0 174 220
-0.0670020804 1.63622892 0.580577254 -0.0606765784 0.907745898 0.415109277 0 174 220
-0.0326611251 1.65198064 0.551318467 -0.0665536523 0.908206344 0.413197219 0 174 220
0.00167463545 1.66785347 0.52212882 -0.0721703395 0.908539176 0.4115192 0 174 220
0.0360054485 1.68383801 0.493003249 -0.0769302472 0.909037232 0.409552276 0 174 220
0.0703337342 1.69988167 0.463911533 -0.0809152648 0.909738123 0.407221317 0 174 220
0.104659826 1.71597576 0.434848636 -0.084749572 0.910368145 0.405027539 0 174 220
0.138983801 1.73212051 0.405814499 -0.0884331018 0.91092962 0.40297249 0 174 220
0.173305497 1.7483151 0.37680921 -0.0919664502 0.911425114 0.401056588 0 174 220
0.207625031 1.76456022 0.347832739 -0.0953499079 0.91185689 0.399280995 0 174 220
0.241942346 1.78085589 0.318885148 -0.0985840037 0.912227273 0.397646368 0 174 220
0.276257515 1.79720175 0.289966345 -0.10166952 0.91253829 0.396153003 0 174 220
0.310570449 1.81359816 0.261076391 -0.104606412 0.912791789 0.394802094 0 174 220
0.344881147 1.83004498 0.232215226 -0.107395574 0.912989616 0.393593937 0 174 220
0.37918973 1.84654176 0.203382865 -0.110037498 0.913133621 0.392528594 0 174 220
0.413496047 1.86308908 0.174579337 -0.112532414 0.913225114 0.391607225 0 174 220
0.447800249 1.87968695 0.145804659 -0.11488124 0.913265884 0.390829563 0 174 220
0.482102185 1.89633477 0.117058784 -0.117084108 0.913256824 0.390196383 0 174 220
0.516402006 1.91303349 0.0883417428 -0.11914137 0.913199425 0.389707655 0 174 220
0.550699651 1.92978227 0.0596535094 -0.121053234 0.913094342 0.38936463 0 174 220
0.584994972 1.94658136 0.0309941005 -0.122819744 0.912943006 0.389166385 0 174 220
0.619288146 1.96343088 0.00236352091 -0.124442957 0.912745655 0.389113516 0 174 220
0.653579116 1.98033082 -0.0262382459 -0.125920847 0.912503064 0.389207006 0 174 220
0.68786782 1.99728096 -0.0548110567 -0.127255097 0.912216067 0.389445841 0 174 220
-0.638909519 1.37975442 1.09949517 0.0767999664 0.871726215 0.483937144 0 174 220
-0.604487062 1.39363503 1.06916547 0.067110844 0.875291169 0.478917122 0 174 220
-0.570069611 1.40763032 1.03890169 0.0576449148 0.878611147 0.474045873 0 174 220
-0.535657167 1.42174065 1.00870359 0.0484086312 0.881694138 0.469331443 0 174 220
-0.501249731 1.43596613 0.978571296 0.039405182 0.884548247 0.464781225 0 174 220
-0.466847271 1.45030653 0.948504806 0.030639397 0.887181342 0.460402519 0 174 220
-0.432449788 1.46476185 0.918504 0.0221154764 0.889601529 0.456201613 0 174 220
-0.398057401 1.47933221 0.888569236 0.0138356304 0.891817153 0.452184409 0 174 220
-0.363669962 1.49401748 0.858700156 0.00580278132 0.893835664 0.448357105 0 174 220
-0.329287559 1.50881791 0.82889688 -0.00198106212 0.895665348 0.444724262 0 174 220
-0.294910163 1.5237335 0.799159527 -0.00951391924 0.897313595 0.441291034 0 174 220
-0.260537714 1.53876388 0.769487798 -0.0167942811 0.898787856 0.438062012 0 174 220
-0.226170346 1.55390918 0.739881992 -0.023820905 0.900095105 0.435041696 0 174 220
-0.191807911 1.5691694 0.71034199 -0.0305936337 0.901242673 0.432233185 0 174 220
-0.157450572 1.58454502 0.680867851 -0.0371119045 0.902237296 0.429640025 0 174 220
-0.12309818 1.60003519 0.651459396 -0.0433747247 0.903084755 0.42726624 0 174 220
-0.0887508094 1.61564064 0.622116864 -0.0493828468 0.903791726 0.425114036 0 174 220
-0.0544084311 1.63136125 0.592840135 -0.055136364 0.904363751 0.423185766 0 174 220
-0.0200710893 1.64719665 0.56362915 -0.0606350601 0.904806137 0.421484619 0 174 220
0.0142612541 1.66314697 0.534483969 -0.0658795834 0.905124009 0.420012444 0 174 220
0.0485889204 1.67920387 0.505399823 -0.0703004971 0.905601799 0.418262303 0 174 220
0.0829142034 1.69531631 0.476347595 -0.0739983097 0.906283796 0.416141719 0 174 220
0.117237404 1.71147645 0.447322398 -0.0775748789 0.906906068 0.414129764 0 174 220
0.151558653 1.72768402 0.418324292 -0.0810305625 0.907470584 0.412227124 0 174 220
0.18587777 1.74393868 0.389353335 -0.0843658745 0.907978952 0.410434723 0 174 220
0.220194802 1.76024079 0.360409468 -0.0875811949 0.908433139 0.408752739 0 174 220
0.254509777 1.77659023 0.331492633 -0.0906771049 0.908834875 0.407181621 0 174 220
0.288822681 1.79298687 0.302602887 -0.0936530605 0.909185529 0.405722648 0 174 220
0.323133528 1.8094306 0.273740172 -0.0965101123 0.909486651 0.40437597 0 174 220
0.357442349 1.82592201 0.244904622 -0.099248603 0.909739912 0.403141528 0 174 220
0.391749084 1.84246087 0.216096118 -0.101867303 0.909945965 0.402021527 0 174 220
0.426053762 1.8590467 0.187314719 -0.104369581 0.910107017 0.401013911 0 174 220
0.460356355 1.87568009 0.15856038 -0.106753267 0.910223782 0.400120646 0 174 220
0.494656891 1.89236069 0.129833117 -0.109018847 0.910297036 0.399342179 0 174 220
0.5289554 1.90908885 0.101132981 -0.111168064 0.910328388 0.398677707 0 174 220
0.563251853 1.92586398 0.0724598989 -0.113199972 0.910318375 0.39812839 0 174 220
0.59754622 1.94268656 0.0438138954 -0.115115292 0.910268009 0.39769423 0 174 220
0.63183856 1.95955658 0.0151949879 -0.116914861 0.910178065 0.39737466 0 174 220
0.666128814 1.97647393 -0.0133968387 -0.118597001 0.910048902 0.397172153 0 174 220
0.700416923 1.9934386 -0.0419614539 -0.120164149 0.90988183 0.397083908 0 174 220
-0.626214206 1.37255156 1.1104219 0.0750241354 0.869792819 0.487680137 0 174 220
-0.591799378 1.38660502 1.08019114 0.065816991 0.873186529 0.482921809 0 174 220
-0.557389081 1.4007678 1.05002308 0.0568291843 0.876348734 0.478313059 0 174 220
-0.52298373 1.41504002 1.01991773 0.0480671078 0.879286408 0.473861665 0 174 220
-0.488583088 1.42942154 0.989874721 0.039533522 0.882007539 0.469574094 0 174 220
-0.454187155 1.44391215 0.9598943 0.0312324539 0.884519577 0.465456277 0 174 220
-0.41979596 1.45851243 0.929976404 0.0231666546 0.886830151 0.461514443 0 174 220
-0.385409683 1.47322226 0.900121272 0.0153402779 0.888945878 0.457755208 0 174 220
-0.351028055 1.48804104 0.870328486 0.00775440875 0.890874922 0.454182327 0 174 220
-0.316651225 1.50296926 0.840598524 0.000411423185 0.89262408 0.450801641 0 174 220
-0.282279074 1.51800692 0.810930967 -0.0066876309 0.894200504 0.447616816 0 174 220
-0.247911766 1.53315365 0.781325996 -0.013540661 0.895610631 0.444632888 0 174 220
-0.213549182 1.54841006 0.751783669 -0.0201473348 0.896861136 0.441853076 0 174 220
-0.179191381 1.56377566 0.722303927 -0.0265067033 0.897958457 0.439281106 0 174 220
-0.144838363 1.57925069 0.692886651 -0.0326182507 0.898908615 0.436920345 0 174 220
-0.110490069 1.59483504 0.663532138 -0.0384819731 0.899717331 0.434773296 0 174 220
-0.0761465356 1.61052883 0.634240091 -0.0440977886 0.900390148 0.43284291 0 174 220
-0.0418077707 1.62633193 0.605010629 -0.0494652353 0.900931895 0.431132078 0 174 220
-0.00747378776 1.64224422 0.575843692 -0.0545849837 0.901347756 0.429642469 0 174 220
0.0268554706 1.65826583 0.54673934 -0.0594571866 0.901642025 0.428376466 0 174 220
0.0611802787 1.674389 0.517693102 -0.0635440424 0.902088404 0.426847458 0 174 220
0.0955027714 1.69056487 0.488677114 -0.0669629648 0.902738273 0.424946547 0 174 220
0.129823327 1.7067858 0.459686756 -0.0702911317 0.903340578 0.423125207 0 174 220
0.164142042 1.72305202 0.430722237 -0.0735289156 0.903896511 0.421384245 0 174 220
0.198458686 1.73936307 0.401783466 -0.0766755268 0.904406965 0.419724733 0 174 220
0.232773349 1.75571907 0.372870386 -0.0797324255 0.904873848 0.418146044 0 174 220
0.267086118 1.77211976 0.343983084 -0.0826995149 0.905297995 0.416648895 0 174 220
0.301396877 1.78856587 0.315121472 -0.0855763704 0.905680478 0.415234268 0 174 220
0.335705698 1.80505669 0.286285609 -0.0883635134 0.906022549 0.413902253 0 174 220
0.370012552 1.82159269 0.257475525 -0.0910608619 0.906324863 0.412653714 0 174 220
0.404317409 1.83817315 0.228691131 -0.093669571 0.90658921 0.411487699 0 174 220
0.438620359 1.85479891 0.199932441 -0.0961884633 0.906815648 0.410406053 0 174 220
0.472921401 1.87146997 0.17119956 -0.0986184776 0.907005608 0.409408361 0 174 220
0.507220447 1.88818562 0.142492369 -0.100960158 0.907159865 0.408494949 0 174 220
0.541517556 1.90494633 0.113810927 -0.103213862 0.907279313 0.407665402 0 174 220
0.575812638 1.9217521 0.0851552039 -0.105378136 0.907364368 0.406921774 0 174 220
0.610105753 1.93860233 0.056525223 -0.107454956 0.907416284 0.406262517 0 174 220
0.644396901 1.95549786 0.02792098 -0.109443493 0.90743494 0.405689329 0 174 220
0.678686142 1.97243845 -0.000657529279 -0.111344397 0.907421887 0.405201077 0 174 220
0.712973416 1.98942411 -0.0292101726 -0.113158107 0.907377124 0.404798687 0 174 220
-0.613517642 1.36532032 1.12133241 0.0733992383 0.867904484 0.491278321 0 174 220
-0.579109848 1.37953806 1.0911957 0.0646720082 0.871125281 0.486783683 0 174 220
-0.544706643 1.39385962 1.06111836 0.0561617911 0.874126971 0.482439458 0 174 220
-0.510307848 1.40828478 1.03110039 0.0478716046 0.876917183 0.478251547 0 174 220
-0.475913674 1.42281389 1.00114202 0.0398060195 0.879502296 0.474226892 0 174 220
-0.441523969 1.43744695 0.971242905 0.0319673233 0.881889403 0.470371366 0 174 220
-0.407138735 1.45218372 0.94140321 0.0243594367 0.884085357 0.466690183 0 174 220
-0.37275812 1.46702421 0.911622941 0.0169841368 0.886097014 0.463188469 0 174 220
-0.338381916 1.48196852 0.881902158 0.00984335784 0.88793093 0.459871441 0 174 220
-0.304010302 1.49701691 0.852240741 0.00293900841 0.889593959 0.456742764 0 174 220
-0.269643158 1.512169 0.82263875 -0.00372701162 0.891092002 0.453807443 0 174 220
-0.235280618 1.52742517 0.793096364 -0.0101543833 0.892431617 0.451068401 0 174 220
-0.200922549 1.54278469 0.763613045 -0.016341798 0.893618345 0.448529929 0 174 220
-0.166569009 1.55824852 0.734189332 -0.0222887471 0.894658267 0.446194798 0 174 220
-0.132219985 1.57381582 0.704825103 -0.0279947799 0.895556569 0.444066197 0 174 220
-0.0978755131 1.58948731 0.675520241 -0.0334593914 0.896318316 0.442146927 0 174 220
-0.0635355115 1.60526216 0.646274805 -0.0386832431 0.896948755 0.440438956 0 174 220
-0.0292000379 1.62114131 0.617088735 -0.0436653234 0.897452235 0.438945144 0 174 220
0.00513085909 1.63712418 0.58796221 -0.0484061055 0.89783293 0.437667459 0 174 220
0.0394572876 1.65321064 0.558894932 -0.0529063083 0.898095071 0.436607569 0 174 220
0.0737794861 1.66939342 0.529882967 -0.0566631109 0.898498356 0.435304403 0 174 220
0.108099483 1.6856271 0.500899971 -0.0598127507 0.899102986 0.43363145 0 174 220
0.142417625 1.7019043 0.47194171 -0.0629016235 0.899672747 0.432009816 0 174 220
0.176733926 1.71822464 0.443008214 -0.0659302622 0.900208235 0.43043977 0 174 220
0.21104829 1.73458815 0.414099544 -0.0688985363 0.900710285 0.428921789 0 174 220
0.245360762 1.75099504 0.3852157 -0.0718067735 0.90117985 0.427455992 0 174 220
0.279671341 1.76744545 0.356356561 -0.0746547505 0.901617467 0.426042944 0 174 220
0.313980043 1.78393877 0.327522248 -0.0774425939 0.902023911 0.424682796 0 174 220
0.348286867 1.80047584 0.298712701 -0.0801701993 0.902399778 0.423376173 0 174 220
0.382591814 1.81705582 0.269927949 -0.0828380287 0.902745903 0.422122747 0 174 220
0.416894823 1.83367908 0.241167888 -0.0854461417 0.903062999 0.420922995 0 174 220
0.451196045 1.85034609 0.212432668 -0.087994054 0.903351367 0.419777632 0 174 220
0.485495329 1.86705601 0.183722198 -0.0904824734 0.903611898 0.418686688 0 174 220
0.519792676 1.88380909 0.155036494 -0.0929116532 0.903845012 0.417649955 0 174 220
0.554088175 1.90060568 0.126375601 -0.0952807069 0.904051602 0.416668057 0 174 220
0.588381827 1.91744566 0.0977394506 -0.0975907892 0.904231787 0.415741324 0 174 220
0.622673571 1.93432879 0.0691280961 -0.0998416841 0.904386759 0.41486904 0 174 220
0.656963348 1.95125496 0.040541511 -0.102032967 0.90451622 0.414052844 0 174 220
0.691251397 1.96822488 0.0119797057 -0.104165681 0.904621124 0.413291723 0 174 220
0.7255373 1.98523796 -0.016557198 -0.106239207 0.904702067 0.412586182 0 174 220
-0.600819886 1.35806131 1.13222694 0.0719260052 0.866063476 0.494732946 0 174 220
-0.566418827 1.37243414 1.10217881 0.0636778325 0.869109571 0.490503401 0 174 220
-0.532022178 1.38690555 1.07218742 0.0556418337 0.871949196 0.486424297 0 174 220
-0.497629702 1.40147531 1.04225218 0.0478223637 0.874588549 0.482501656 0 174 220
-0.463241488 1.4161433 1.01237309 0.0402225815 0.877034068 0.478741497 0 174 220
-0.428857595 1.43090999 0.98255074 0.0328453071 0.879292369 0.475148559 0 174 220
-0.394477963 1.44577491 0.9527843 0.0256919153 0.88136971 0.471728027 0 174 220
-0.360102743 1.46073854 0.923074484 0.0187663157 0.883272171 0.468484819 0 174 220
-0.325731665 1.47580063 0.893421054 0.0120691424 0.885005832 0.465423495 0 174 220
-0.291364938 1.49096096 0.863823771 0.00560230343 0.886576653 0.46254766 0 174 220
-0.257002443 1.50621974 0.834282875 -0.000632959767 0.887990415 0.459861577 0 174 220
-0.222644284 1.52157724 0.804798484 -0.00663551921 0.889252543 0.457368344 0 174 220
-0.188290432 1.53703344 0.7753703 -0.0124050425 0.89036864 0.45507127 0 174 220
-0.153940812 1.55258763 0.745998502 -0.0179406479 0.891343713 0.452973038 0 174 220
-0.119595543 1.5682404 0.71668303 -0.0232415982 0.89218235 0.451077074 0 174 220
-0.0852545127 1.58399141 0.687423885 -0.0283086002 0.892889678 0.449384719 0 174 220
-0.0509177744 1.599841 0.658221066 -0.0331403427 0.893469393 0.447899729 0 174 220
-0.0165853184 1.61578929 0.629074633 -0.037737716 0.893926144 0.446622819 0 174 220
0.0177428238 1.63183594 0.599984586 -0.0421002768 0.894263268 0.44555679 0 174 220
0.0520667024 1.64798081 0.570950747 -0.046227783 0.894484282 0.444703132 0 174 220
0.0863865688 1.66421747 0.541969359 -0.0496600829 0.894833565 0.443629116 0 174 220
0.120704316 1.68050301 0.513016164 -0.0525500961 0.895379663 0.442191988 0 174 220
0.155020237 1.69683111 0.484087139 -0.0554096736 0.895904005 0.440778524 0 174 220
0.189334363 1.7132014 0.455182284 -0.0582390614 0.896407366 0.439388245 0 174 220
0.223646566 1.72961402 0.426301658 -0.0610386282 0.896890104 0.438021123 0 174 220
0.257956982 1.74606931 0.397445291 -0.0638075545 0.897352099 0.436678141 0 174 220
0.292265475 1.76256633 0.368613094 -0.0665469691 0.897794187 0.435358524 0 174 220
0.32657218 1.7791059 0.339805096 -0.0692559481 0.898216486 0.434063047 0 174 220
0.360877007 1.79568756 0.311021298 -0.0719343722 0.898619235 0.432791948 0 174 220
0.395180017 1.81231189 0.282261729 -0.0745836049 0.899003088 0.431544513 0 174 220
0.429481298 1.82897866 0.253526419 -0.0772016943 0.899367869 0.430322319 0 174 220
0.463780552 1.84568703 0.224815205 -0.0797898397 0.899714172 0.429124683 0 174 220
0.498078108 1.8624382 0.196128279 -0.0823479444 0.900042295 0.427951604 0 174 220
0.532373726 1.87923169 0.167465508 -0.0848755836 0.900352776 0.426803291 0 174 220
0.566667497 1.89606714 0.138826966 -0.0873738453 0.900645554 0.425679982 0 174 220
0.60095942 1.91294503 0.110212617 -0.0898413733 0.900920987 0.424582094 0 174 220
0.635249615 1.92986524 0.0816224888 -0.0922792554 0.901179433 0.423509121 0 174 220
0.669537902 1.94682777 0.0530565642 -0.0946862474 0.90142113 0.422462404 0 174 220
0.703824341 1.96383297 0.0245148502 -0.0970639661 0.901646435 0.42144075 0 174 220
0.738108814 1.9808799 -0.00400254317 -0.0994110182 0.901855469 0.420445293 0 174 220
-0.588120937 1.35077393 1.14310515 0.0706048161 0.864272296 0.49804461 0 174 220
-0.553726256 1.36529291 1.11314094 0.0628331453 0.867142081 0.494081616 0 174 220
-0.519335568 1.37990522 1.08323002 0.0552706644 0.869817078 0.490268648 0 174 220
-0.484949112 1.394611 1.0533725 0.0479193404 0.872302771 0.48661235 0 174 220
-0.45056662 1.40940976 1.02356839 0.0407832414 0.874605536 0.483116657 0 174 220
-0.41618821 1.42430162 0.993817508 0.0338645838 0.876731098 0.47978729 0 174 220
-0.381813794 1.43928671 0.964119971 0.0271649323 0.878685296 0.476627976 0 174 220
-0.347443551 1.45436525 0.934475899 0.0206870269 0.880473256 0.473644316 0 174 220
-0.313077271 1.4695369 0.904885054 0.0144314812 0.882101297 0.470838636 0 174 220
-0.278715074 1.48480165 0.875347614 0.00840044301 0.883574069 0.468215972 0 174 220
-0.244356886 1.50015974 0.845863461 0.00259439368 0.884897292 0.465778977 0 174 220
-0.21000284 1.51561093 0.816432655 -0.00298528327 0.886075616 0.463531137 0 174 220
-0.175652802 1.53115547 0.787055254 -0.00833818503 0.887113869 0.461475164 0 174 220
-0.141306832 1.54679322 0.75773114 -0.0134635875 0.888016701 0.459614038 0 174 220
-0.106964931 1.56252408 0.728460312 -0.0183612239 0.888788342 0.457949966 0 174 220
-0.0726271048 1.57834816 0.699242949 -0.0230306499 0.889432907 0.456485242 0 174 220
-0.0382933095 1.59426534 0.670078874 -0.0274716653 0.889953911 0.455222279 0 174 220
-0.00396356685 1.61027586 0.640968144 -0.0316849016 0.890355468 0.454162151 0 174 220
0.0303620864 1.62637985 0.61191088 -0.035669703 0.890640557 0.453306884 0 174 220
0.064683713 1.64257669 0.582906783 -0.0394250974 0.890811563 0.452659339 0 174 220
0.099001497 1.65886033 0.553952396 -0.0425380059 0.891095459 0.45181784 0 174 220
0.133317232 1.67519259 0.525025725 -0.0451777279 0.891569316 0.450625271 0 174 220
0.167631134 1.69156659 0.496123046 -0.0478178561 0.892036021 0.449427515 0 174 220
0.201943278 1.70798266 0.467244357 -0.0504582301 0.892495334 0.448225379 0 174 220
0.236253515 1.72444081 0.438389719 -0.0530987754 0.892947435 0.447018206 0 174 220
0.270561934 1.74094105 0.40955916 -0.0557389185 0.893392026 0.445806891 0 174 220
0.304868519 1.75748301 0.380752653 -0.0583798029 0.893829465 0.444590509 0 174 220
0.339173287 1.77406704 0.351970077 -0.0610202998 0.894259334 0.443369627 0 174 220
0.373476207 1.79069281 0.323211551 -0.0636608228 0.89468205 0.442143917 0 174 220
0.407777339 1.80736089 0.294477075 -0.0663005561 0.895097077 0.440914392 0 174 220
0.442076594 1.82407093 0.265766591 -0.0689406171 0.895504892 0.439679712 0 174 220
0.47637403 1.84082294 0.237080172 -0.0715803429 0.895905197 0.438440531 0 174 220
0.510669649 1.85761678 0.208417758 -0.0742190182 0.896297872 0.437197477 0 174 220
0.544963479 1.87445283 0.179779395 -0.0768578872 0.896683216 0.435949624 0 174 220
0.579255462 1.89133072 0.151165038 -0.0794961154 0.89706111 0.434697211 0 174 220
0.613545656 1.90825069 0.122574717 -0.0821336359 0.897431672 0.433440268 0 174 220
0.647833824 1.9252125 0.0940084085 -0.0847700983 0.897794247 0.432179868 0 174 220
0.682120323 1.9422164 0.0654661432 -0.0874063075 0.89814949 0.430914789 0 174 220
0.716405034 1.95926237 0.0369478874 -0.0900408104 0.898497343 0.429645538 0 174 220
0.750687718 1.97635007 0.00845379196 -0.092675522 0.898837686 0.42837137 0 174 220
-0.575420678 1.34345829 1.15396726 0.0694356486 0.862533271 0.50121361 0 174 220
-0.541032076 1.35811472 1.12408173 0.0621389709 0.865224779 0.497518718 0 174 220
-0.50664717 1.37285948 1.09424651 0.0550472662 0.867732763 0.493973374 0 174 220
-0.472266108 1.38769221 1.06446171 0.048163332 0.870061934 0.490583897 0 174 220
-0.43788898 1.40261304 1.03472745 0.0414887369 0.872218311 0.487353921 0 174 220
-0.403515637 1.41762197 1.00504351 0.0350267142 0.874207139 0.484288096 0 174 220
-0.369146198 1.43271899 0.975410104 0.028778445 0.876033425 0.481390864 0 174 220
-0.334780514 1.44790411 0.945827007 0.0227454286 0.877702534 0.478665709 0 174 220
-0.300418675 1.46317756 0.916294396 0.0169299375 0.879219234 0.476116478 0 174 220
-0.26606071 1.47853887 0.88681221 0.0113324439 0.880588293 0.473746538 0 174 220
-0.231706485 1.49398828 0.857380271 0.00595396385 0.881814599 0.47155863 0 174 220
-0.197356179 1.50952578 0.827998936 0.000795771542 0.882902265 0.469556153 0 174 220
-0.163009703 1.52515149 0.798668027 -0.00414206553 0.88385582 0.467741221 0 174 220
-0.128667057 1.54086518 0.769387364 -0.00885886606 0.884679019 0.466116428 0 174 220
-0.094328247 1.55666709 0.740157306 -0.0133538973 0.885375798 0.464684159 0 174 220
-0.0599932559 1.57255709 0.710977554 -0.017627649 0.88594985 0.463445932 0 174 220
-0.025662126 1.58853531 0.681848347 -0.0216787588 0.886403918 0.462404609 0 174 220
0.00866521616 1.60460138 0.652769327 -0.025508143 0.886741698 0.461560905 0 174 220
0.0429886542 1.62075555 0.623740911 -0.0291155633 0.886965811 0.460916489 0 174 220
0.0773082972 1.63699794 0.594762862 -0.0325009972 0.887078643 0.460472733 0 174 220
0.111624315 1.65332258 0.5658319 -0.0352987163 0.887285352 0.459868073 0 174 220
0.145938247 1.66969573 0.536928594 -0.0376989767 0.887674034 0.458926618 0 174 220
0.180250362 1.68611062 0.508049428 -0.0401296504 0.888070107 0.457953125 0 174 220
0.214560717 1.70256841 0.479194462 -0.0425909571 0.88847363 0.456946999 0 174 220
0.248869166 1.71906829 0.450363815 -0.045083046 0.888884127 0.455908388 0 174 220
0.283175737 1.73561049 0.421557367 -0.0476049483 0.889301121 0.45483759 0 174 220
0.317480445 1.75219524 0.392775148 -0.0501572266 0.889724493 0.453733921 0 174 220
0.351783365 1.76882195 0.364017129 -0.0527398512 0.890153944 0.452597409 0 174 220
0.386084378 1.78549111 0.335283399 -0.0553522892 0.890588939 0.451428115 0 174 220
0.420383632 1.80220306 0.306573898 -0.0579946153 0.891029418 0.45022589 0 174 220
0.454680949 1.81895673 0.277888566 -0.0606664903 0.891474605 0.448990732 0 174 220
0.488976479 1.8357532 0.249227554 -0.0633686557 0.89192456 0.447722048 0 174 220
0.52327019 1.85259199 0.22059077 -0.066100277 0.892378926 0.446419775 0 174 220
0.557562053 1.8694731 0.191978186 -0.0688612908 0.892837226 0.445083946 0 174 220
0.591852009 1.88639629 0.163389847 -0.0716513693 0.893298864 0.443715245 0 174 220
0.626140177 1.90336215 0.134825751 -0.0744702071 0.8937639 0.442312509 0 174 220
0.660426438 1.92037022 0.10628587 -0.077318944 0.894231617 0.440875947 0 174 220
0.69471091 1.93742073 0.0777702406 -0.0801958442 0.894701838 0.43940565 0 174 220
0.728993475 1.95451343 0.0492788404 -0.0831012502 0.895174086 0.437901288 0 174 220
0.763274133 1.97164857 0.0208118092 -0.0860357806 0.895648003 0.436362803 0 174 220
-0.562719285 1.33611453 1.16481328 0.0684196502 0.86084801 0.504241526 0 174 220
-0.528336227 1.35089934 1.13500118 0.061595913 0.86335963 0.500815451 0 174 220
-0.493956715 1.36576748 1.10523665 0.0549737141 0.865697622 0.49753955 0 174 220
-0.459580868 1.38071883 1.0755198 0.0485532619 0.867867768 0.494417042 0 174 220
-0.425208598 1.39575338 1.0458504 0.0423383862 0.869874418 0.491452962 0 174 220
-0.390839994 1.41087079 1.01622856 0.0363303907 0.871722281 0.488651544 0 174 220
-0.356475055 1.42607152 0.98665452 0.0305310041 0.873416483 0.486016035 0 174 220
-0.322113633 1.44135535 0.957127869 0.0249418393 0.874961257 0.483550012 0 174 220
-0.287755907 1.45672214 0.927648842 0.0195641834 0.876361132 0.481257111 0 174 220
-0.253401786 1.47217226 0.89821744 0.0143981604 0.877620697 0.479139417 0 174 220
-0.219051227 1.48770535 0.868833423 0.00944554526 0.878743649 0.477200627 0 174 220
-0.184704363 1.50332189 0.839497209 0.00470667705 0.879734159 0.475442529 0 174 220
-0.150361076 1.51902115 0.81020838 0.000182380827 0.880595803 0.473868102 0 174 220
-0.116021425 1.53480387 0.780967236 -0.00412687473 0.88133204 0.472479403 0 174 220
-0.0816853791 1.55066943 0.751773536 -0.00822118204 0.881946385 0.471277982 0 174 220
-0.0473529734 1.56661856 0.72262758 -0.0121001732 0.882441878 0.470265776 0 174 220
-0.0130241867 1.5826503 0.693529189 -0.015763009 0.882821083 0.469444871 0 174 220
0.0213009957 1.59876549 0.664478302 -0.0192099884 0.883086801 0.46881631 0 174 220
0.0556225441 1.61496377 0.63547498 -0.0224413034 0.883241296 0.468381494 0 174 220
0.0899404883 1.63124502 0.606519222 -0.0254566334 0.883286834 0.468141437 0 174 220
0.124255002 1.64760458 0.577608228 -0.0279460382 0.883405507 0.467775404 0 174 220
0.158567414 1.66401243 0.548724949 -0.030117197 0.883695722 0.467091978 0 174 220
0.192877978 1.68046367 0.519866407 -0.0323488414 0.884008527 0.466350198 0 174 220
0.22718668 1.69695842 0.49103266 -0.0346416906 0.88434422 0.465548337 0 174 220
0.261493444 1.71349645 0.462223828 -0.0369950272 0.884701848 0.46468699 0 174 220
0.295798302 1.73007786 0.433439821 -0.0394090377 0.885081112 0.463765442 0 174 220
0.330101281 1.74670279 0.404680699 -0.0418838672 0.885481298 0.462783486 0 174 220
0.364402384 1.76337099 0.375946343 -0.0444182642 0.88590157 0.461741805 0 174 220
0.398701608 1.78008282 0.347236842 -0.0470141731 0.886341989 0.460638285 0 174 220
0.432998925 1.79683769 0.318552166 -0.0496689864 0.886801004 0.459474832 0 174 220
0.467294335 1.81363618 0.289892346 -0.0523848385 0.887278736 0.458249182 0 174 220
0.501587868 1.83047807 0.261257321 -0.055160109 0.88777411 0.456962377 0 174 220
0.535879552 1.84736335 0.232647181 -0.0579952709 0.888286591 0.455613196 0 174 220
0.57016927 1.86429191 0.204061836 -0.0608894788 0.888815224 0.454202652 0 174 220
0.60445714 1.88126397 0.175501347 -0.0638429299 0.889359474 0.452729344 0 174 220
0.638743162 1.89827943 0.146965697 -0.0668564141 0.889918625 0.451192856 0 174 220
0.673027277 1.9153384 0.118454851 -0.0699278861 0.890491605 0.449593961 0 174 220
0.707309425 1.93244064 0.0899688676 -0.0730584562 0.891077757 0.447931916 0 174 220
0.741589725 1.94958615 0.0615077056 -0.0762470737 0.891676426 0.446205795 0 174 220
0.775867999 1.96677494 0.0330715068 -0.0794939026 0.89228636 0.444416165 0 174 220
-0.550016463 1.32874095 1.17564213 0.0683325306 0.858756542 0.507806897 0 174 220
-0.51563859 1.34364581 1.1458987 0.0618130714 0.861190319 0.504510045 0 174 220
-0.481264174 1.35862899 1.11620021 0.0554935783 0.863455474 0.501363337 0 174 220
-0.446893096 1.37369049 1.08654618 0.049376417 0.865556419 0.498371363 0 174 220
-0.412525475 1.3888303 1.05693722 0.0434632674 0.867497861 0.495538473 0 174 220
-0.378161252 1.40404844 1.02737296 0.0377557129 0.869284928 0.49286744 0 174 220
-0.343800426 1.41934454 0.997853458 0.0322555937 0.870921314 0.490362734 0 174 220
-0.309443027 1.43471944 0.968378961 0.0269637797 0.872411907 0.488027006 0 174 220
-0.275089055 1.45017219 0.938949108 0.0218818393 0.873760402 0.485864043 0 174 220
-0.240738437 1.46570337 0.909563959 0.017010482 0.87497133 0.48387593 0 174 220
-0.20639123 1.48131287 0.880223751 0.0123510854 0.876047909 0.482065916 0 174 220
-0.172047466 1.49700069 0.850928426 0.00790343527 0.876994371 0.48043561 0 174 220
-0.137707055 1.5127666 0.821677744 0.00366833922 0.877813995 0.478987724 0 174 220
-0.103370078 1.52861094 0.792471826 -0.0003534063 0.87850976 0.477724224 0 174 220
-0.0690365434 1.54453361 0.763310909 -0.00416147383 0.879084766 0.476647258 0 174 220
-0.0347063802 1.56053448 0.734194577 -0.00775591424 0.879541934 0.475758106 0 174 220
-0.000379646197 1.57661355 0.705123127 -0.0111362357 0.879883826 0.475058317 0 174 220
0.0339436941 1.59277093 0.676096499 -0.0143022696 0.880112588 0.474549711 0 174 220
0.0682636052 1.60900652 0.647114635 -0.0172546059 0.880230546 0.474232495 0 174 220
0.10258013 1.62532079 0.618177652 -0.0199919827 0.880239367 0.474108666 0 174 220
0.136893377 1.64170873 0.58928299 -0.0222644135 0.880295694 0.473902702 0 174 220
0.171204522 1.65814626 0.560416579 -0.0242950208 0.880506873 0.473410428 0 174 220
0.205513686 1.67462873 0.531575859 -0.0264079571 0.880752683 0.472839594 0 174 220
0.239821002 1.69115663 0.502761006 -0.028603524 0.881032467 0.472190142 0 174 220
0.274126202 1.70772922 0.473972052 -0.0308814067 0.88134557 0.471461922 0 174 220
0.308429569 1.72434723 0.445208907 -0.0332415737 0.881691337 0.470654219 0 174 220
0.34273085 1.74101007 0.416471511 -0.0356843136 0.88206917 0.469766587 0 174 220
0.377030194 1.75771821 0.387759954 -0.0382091105 0.882478118 0.468799055 0 174 220
0.41132763 1.77447128 0.359074205 -0.0408159718 0.882917404 0.467750788 0 174 220
0.44562307 1.79126966 0.330414325 -0.0435039699 0.883385956 0.466622502 0 174 220
0.479916543 1.80811298 0.301780164 -0.046274662 0.883883655 0.46541214 0 174 220
0.514208019 1.82500148 0.273171842 -0.0491270646 0.884408951 0.464119941 0 174 220
0.548497498 1.84193492 0.244589359 -0.05206047 0.884960949 0.462745994 0 174 220
0.58278513 1.8589139 0.216032729 -0.0550753176 0.885538697 0.461289436 0 174 220
0.617070794 1.8759377 0.187501833 -0.0581713393 0.886141419 0.45974949 0 174 220
0.651354492 1.89300668 0.15899682 -0.0613472983 0.886767149 0.458127052 0 174 220
0.685636163 1.91012061 0.130517557 -0.0646048859 0.887416244 0.456419319 0 174 220
0.719915867 1.92727971 0.102064133 -0.0679408237 0.888085842 0.454629064 0 174 220
0.754193664 1.94448411 0.0736365244 -0.0713577047 0.888775766 0.452753484 0 174 220
0.788469255 1.96173346 0.0452348553 -0.0748538747 0.889484644 0.450792611 0 174 220
-0.537309408 1.3212688 1.18641484 0.0720413029 0.85427475 0.514805496 0 174 220
-0.502937078 1.3362999 1.15674353 0.0649975836 0.857159436 0.510933578 0 174 220
-0.468567908 1.35140407 1.1271143 0.0581694841 0.85985148 0.507219672 0 174 220
-0.434201866 1.36658156 1.09752679 0.0515612848 0.862356901 0.503668547 0 174 220
-0.399839163 1.38183212 1.06798112 0.0451744311 0.864681244 0.500285625 0 174 220
-0.365479469 1.397156 1.03847718 0.0390123501 0.866829872 0.497075528 0 174 220
-0.331123054 1.41255271 1.00901556 0.0330755599 0.868808091 0.494042993 0 174 220
-0.296769798 1.42802286 0.979595363 0.0273668524 0.870621383 0.491191924 0 174 220
-0.26241976 1.44356632 0.950217426 0.0218875986 0.872274578 0.488526374 0 174 220
-0.228072822 1.45918286 0.920881093 0.0166387726 0.873772562 0.486050069 0 174 220
-0.193729088 1.47487223 0.891586661 0.0116215507 0.875120103 0.483766139 0 174 220
-0.159388572 1.4906354 0.862334311 0.00683661969 0.876321912 0.481677383 0 174 220
-0.12505126 1.5064714 0.833123744 0.0022848777 0.877381921 0.479787111 0 174 220
-0.0907171145 1.52238047 0.803954959 -0.00203337031 0.878304482 0.478097349 0 174 220
-0.0563861802 1.53836286 0.774828196 -0.00611740211 0.879093051 0.476610959 0 174 220
-0.0220584068 1.55441868 0.745743275 -0.00996686984 0.879751205 0.475329876 0 174 220
0.0122661712 1.57054722 0.716700137 -0.0135821486 0.880282402 0.474255562 0 174 220
0.0465875901 1.5867492 0.68769896 -0.016962491 0.880689442 0.473390311 0 174 220
0.0809057653 1.60302436 0.658739626 -0.0201074872 0.88097471 0.472735882 0 174 220
0.115220785 1.61937273 0.629822254 -0.0230180584 0.881141186 0.472292691 0 174 220
0.149532765 1.63579094 0.600944936 -0.025501417 0.881317854 0.471835345 0 174 220
0.18384254 1.65225923 0.57209605 -0.0277803931 0.881610453 0.471159369 0 174 220
0.218150318 1.66877425 0.543274045 -0.0301203802 0.881926179 0.470424205 0 174 220
0.252456188 1.68533576 0.514478743 -0.0325220227 0.882264912 0.469628572 0 174 220
0.286759853 1.70194447 0.485710204 -0.0349855609 0.882626057 0.468772203 0 174 220
0.321061462 1.71859944 0.456968367 -0.0375101641 0.883008659 0.467855364 0 174 220
0.355361074 1.73530161 0.428253353 -0.0400965065 0.883412719 0.466877043 0 174 220
0.389658689 1.75205028 0.399565071 -0.0427433476 0.883837104 0.465837926 0 174 220
0.423954248 1.76884592 0.370903581 -0.0454523936 0.884281754 0.464736432 0 174 220
0.458247781 1.78568792 0.342268765 -0.0482214205 0.88474524 0.463573754 0 174 220
0.492539227 1.80257702 0.313660711 -0.0510512479 0.885227263 0.462348849 0 174 220
0.526828706 1.81951272 0.285079449 -0.0539416336 0.885727227 0.461061299 0 174 220
0.561116159 1.83649528 0.256524861 -0.0568927228 0.886244297 0.459711015 0 174 220
0.595401466 1.85352445 0.227997124 -0.0599040352 0.88677758 0.458297879 0 174 220
0.629684806 1.87060034 0.199496105 -0.0629756972 0.887326717 0.456820875 0 174 220
0.663966179 1.88772321 0.171021834 -0.0661069751 0.887890577 0.455280304 0 174 220
0.698245466 1.90489268 0.142574325 -0.0692973807 0.888468266 0.453676105 0 174 220
0.732522666 1.92210865 0.114153542 -0.0725476295 0.889059126 0.452007413 0 174 220
0.76679796 1.93937182 0.0857595205 -0.0758565962 0.889662206 0.450274318 0 174 220
0.801070869 1.95668125 0.0573923811 -0.079223983 0.890276551 0.448476493 0 174 220
-0.524596512 1.31366062 1.19710946 0.0754907727 0.849616766 0.521969736 0 174 220
-0.490230292 1.32883215 1.16751873 0.0679325685 0.85296613 0.517526805 0 174 220
-0.455866903 1.34407127 1.13796628 0.0606062748 0.856098592 0.513246655 0 174 220
-0.421506554 1.3593781 1.10845268 0.0535159856 0.859020293 0.509136617 0 174 220
-0.387149125 1.37475204 1.07897794 0.0466654338 0.861738026 0.50520283 0 174 220
-0.352794677 1.39019406 1.04954183 0.0400564522 0.864257932 0.501451492 0 174 220
-0.31844306 1.40570354 1.02014434 0.033692386 0.866586626 0.497887999 0 174 220
-0.284094542 1.42128086 0.990785658 0.0275749359 0.868730247 0.494517267 0 174 220
-0.249748826 1.43692529 0.961465597 0.0217064694 0.870694518 0.491345048 0 174 220
-0.215406179 1.45263791 0.932184398 0.0160878338 0.872485936 0.488374412 0 174 220
-0.181066364 1.468418 0.902941585 0.0107211471 0.874109507 0.485610604 0 174 220
-0.146729544 1.48426557 0.873737812 0.00560699077 0.875570834 0.483057201 0 174 220
-0.112395674 1.50018084 0.844572544 0.000746233156 0.876875341 0.480717272 0 174 220
-0.0780647323 1.51616359 0.81544584 -0.00386052066 0.878027856 0.478594035 0 174 220
-0.0437367558 1.53221416 0.786358118 -0.00821259338 0.879032731 0.47669071 0 174 220
-0.00941169728 1.54833221 0.757308841 -0.0123095047 0.879894376 0.475009829 0 174 220
0.0249103885 1.56451786 0.728298366 -0.0161512792 0.880616963 0.473553419 0 174 220
0.0592295602 1.58077109 0.699326575 -0.0197375193 0.881204009 0.472323984 0 174 220
0.0935457572 1.59709203 0.670393527 -0.0230678227 0.881658673 0.47132355 0 174 220
0.127859026 1.61348081 0.641499102 -0.026143048 0.881984234 0.47055313 0 174 220
0.162169427 1.62993443 0.612641931 -0.028828511 0.882282495 0.469836712 0 174 220
0.196477696 1.64643872 0.583813846 -0.0313469283 0.882657766 0.468969733 0 174 220
0.230783835 1.66299069 0.555012882 -0.033906091 0.883045077 0.468061656 0 174 220
0.265087962 1.67959023 0.526239276 -0.0365057774 0.883444488 0.467111409 0 174 220
0.299389958 1.69623828 0.497493327 -0.03914636 0.883855522 0.4661192 0 174 220
0.333689839 1.71293402 0.468774736 -0.0418269783 0.884277165 0.465085268 0 174 220
0.367987663 1.72967768 0.440083534 -0.0445479341 0.884709537 0.464009076 0 174 220
0.4022834 1.74646926 0.411419749 -0.047309231 0.885152102 0.462890476 0 174 220
0.436577052 1.76330888 0.382783443 -0.0501105748 0.885604441 0.461729079 0 174 220
0.470868558 1.78019607 0.354174435 -0.0529517308 0.886065722 0.460525423 0 174 220
0.505158067 1.79713118 0.325592995 -0.0558329076 0.886535883 0.459278554 0 174 220
0.53944546 1.81411457 0.297038853 -0.0587536357 0.887014389 0.457988441 0 174 220
0.573730767 1.83114576 0.268512219 -0.0617135577 0.887500584 0.456655443 0 174 220
0.608013928 1.84822464 0.240012914 -0.0647132471 0.88799417 0.455278575 0 174 220
0.642295063 1.86535192 0.211541086 -0.0677518323 0.888494432 0.453858346 0 174 220
0.676574111 1.88252652 0.183096662 -0.0708294362 0.889000893 0.452394307 0 174 220
0.710851073 1.89974976 0.154679671 -0.0739455298 0.889513075 0.450886428 0 174 220
0.745125949 1.91701996 0.126290083 -0.0771009922 0.890030622 0.449333757 0 174 220
0.77939862 1.93433869 0.0979279205 -0.080293633 0.89055258 0.447737694 0 174 220
0.813669324 1.95170534 0.0695933104 -0.0835255235 0.891078949 0.446096122 0 174 220
-0.511877656 1.30591631 1.20772612 0.0786810219 0.844780564 0.529296696 0 174 220
-0.477518082 1.32124257 1.17822397 0.0706191212 0.848608732 0.52428627 0 174 220
-0.443161279 1.33663046 1.14875686 0.0628041998 0.852194428 0.51944226 0 174 220
-0.408807099 1.35207975 1.11932504 0.0552416816 0.855544448 0.514773726 0 174 220
-0.37445569 1.36759067 1.08992815 0.0479353927 0.858666241 0.510288596 0 174 220
-0.340106815 1.38316321 1.06056702 0.0408892184 0.861567438 0.505993724 0 174 220
-0.305760711 1.39879727 1.03124082 0.0341054313 0.86425519 0.501896143 0 174 220
-0.27141726 1.41449296 1.00194991 0.0275876485 0.86673677 0.498002201 0 174 220
-0.237076521 1.43025041 0.972694278 0.0213379022 0.86901927 0.494317859 0 174 220
-0.202738434 1.44606912 0.943473876 0.0153578576 0.871109664 0.490848273 0 174 220
-0.168403059 1.46194959 0.91428864 0.00964917894 0.873014569 0.487598628 0 174 220
-0.134070337 1.47789168 0.88513881 0.00421372103 0.874740422 0.484573573 0 174 220
-0.0997403115 1.49389553 0.856024086 -0.000948181085 0.876293182 0.48177734 0 174 220
-0.065412946 1.50996065 0.826944709 -0.00583541067 0.87767899 0.479213625 0 174 220
-0.0310883112 1.52608764 0.797900558 -0.0104470719 0.878902972 0.476886123 0 174 220
0.00323368493 1.54227591 0.768891513 -0.0147829726 0.879970551 0.474798083 0 174 220
0.03755299 1.55852568 0.739917874 -0.0188432001 0.880886793 0.4729518 0 174 220
0.0718696415 1.57483721 0.710979402 -0.0226270258 0.881655753 0.471350521 0 174 220
0.106183559 1.59121025 0.682076097 -0.0261347014 0.882281482 0.469996184 0 174 220
0.140494838 1.60764515 0.653208137 -0.0293662585 0.882767975 0.468890518 0 174 220
0.174803436 1.62413967 0.624374449 -0.0322456025 0.883189082 0.46790731 0 174 220
0.209109887 1.64068449 0.595569491 -0.0349954665 0.883648574 0.466840923 0 174 220
0.243414238 1.65727806 0.566792428 -0.0377651602 0.884109557 0.465751141 0 174 220
0.277716547 1.67392015 0.538043141 -0.0405544713 0.884571135 0.464638829 0 174 220
0.312016666 1.690611 0.50932163 -0.0433632843 0.885033607 0.463503182 0 174 220
0.346314698 1.70735025 0.480627954 -0.0461912788 0.885496438 0.462344497 0 174 220
0.380610496 1.72413814 0.451962113 -0.0490384996 0.885959446 0.461162806 0 174 220
0.414904356 1.7409749 0.423324108 -0.0519055501 0.886422694 0.459957182 0 174 220
0.449195981 1.75786006 0.394713908 -0.0547907799 0.886885464 0.45872888 0 174 220
0.48348549 1.77479386 0.366131485 -0.0576952286 0.887347698 0.457477093 0 174 220
0.517772913 1.79177618 0.337576926 -0.0606193356 0.887809515 0.456201255 0 174 220
0.55205816 1.80880713 0.309050173 -0.0635611117 0.88827014 0.45490247 0 174 220
0.586341381 1.82588673 0.280551225 -0.06652233 0.888729751 0.453579277 0 174 220
0.620622456 1.84301484 0.252080083 -0.0695012584 0.889187634 0.452233166 0 174 220
0.654901445 1.8601917 0.223636776 -0.0724992678 0.889644027 0.450862795 0 174 220
0.689178348 1.87741721 0.195221305 -0.0755150542 0.890098512 0.449468672 0 174 220
0.723452985 1.89469123 0.166833609 -0.0785485655 0.890550435 0.448051393 0 174 220
0.757725596 1.91201377 0.138473764 -0.0816002563 0.891000211 0.446609497 0 174 220
0.791996181 1.92938507 0.110141732 -0.0846697837 0.891447186 0.44514358 0 174 220
0.826264322 1.94680488 0.0818376318 -0.0877567008 0.891891122 0.44365412 0 174 220
-0.499152869 1.29803598 1.21826518 0.0816108584 0.839764535 0.536782205 0 174 220
-0.464800656 1.31353116 1.18885946 0.0730560198 0.844085574 0.531208456 0 174 220
-0.430450886 1.32908154 1.15948546 0.0647632927 0.848136783 0.525803864 0 174 220
-0.396103561 1.34468699 1.13014305 0.0567377843 0.851926684 0.520578206 0 174 220
-0.36175856 1.36034727 1.10083175 0.0489854068 0.855463624 0.515540957 0 174 220
-0.327416003 1.37606323 1.07155252 0.0415097363 0.858755767 0.510701001 0 174 220
-0.29307586 1.3918339 1.0423044 0.034315452 0.861811459 0.50606662 0 174 220
-0.258738041 1.40765965 1.01308799 0.0274049882 0.864639044 0.501645625 0 174 220
-0.224402681 1.42354023 0.983902991 0.020781951 0.867246807 0.49744463 0 174 220
-0.19006972 1.43947649 0.954749644 0.0144482059 0.869642556 0.49347046 0 174 220
-0.155739114 1.45546722 0.925627589 0.0084062824 0.87183398 0.489729285 0 174 220
-0.121410936 1.47151363 0.896537364 0.00265692011 0.873828888 0.48622638 0 174 220
-0.0870851502 1.48761463 0.86747843 -0.00279769977 0.875634015 0.482967108 0 174 220
-0.0527617522 1.50377095 0.838451207 -0.00795717537 0.877256513 0.479955971 0 174 220
-0.0184407923 1.51998246 0.809455454 -0.0128209414 0.878703058 0.477196574 0 174 220
0.0158777963 1.53624904 0.780491173 -0.0173880886 0.879979372 0.474693626 0 174 220
0.0501939803 1.55257022 0.751558363 -0.0216583777 0.881091237 0.472450078 0 174 220
0.0845078006 1.5689472 0.722657204 -0.0256317277 0.882044196 0.470469028 0 174 220
0.118819162 1.58537889 0.693787575 -0.0293081924 0.882842839 0.46875304 0 174 220
0.153128177 1.60186553 0.664949298 -0.0326877423 0.883491933 0.467304677 0 174 220
0.187434763 1.61840665 0.636142313 -0.0357526578 0.884037673 0.466046393 0 174 220
0.221739233 1.63499761 0.607363522 -0.0387256481 0.884583116 0.464772105 0 174 220
0.256041557 1.65163684 0.578612745 -0.0416972712 0.885118604 0.463493645 0 174 220
0.290341824 1.6683253 0.549889803 -0.0446671695 0.885644257 0.462211102 0 174 220
0.324639976 1.68506253 0.521195054 -0.0476356931 0.886160016 0.460924298 0 174 220
0.358935922 1.70184863 0.492528141 -0.0506026894 0.886666059 0.459633201 0 174 220
0.393229783 1.71868324 0.463889092 -0.0535676666 0.88716203 0.45833835 0 174 220
0.427521497 1.73556721 0.435278088 -0.0565311201 0.887648284 0.457039118 0 174 220
0.461811095 1.75249982 0.406694978 -0.0594922379 0.888124585 0.45573616 0 174 220
0.496098518 1.76948094 0.378139794 -0.0624519661 0.88859117 0.454428762 0 174 220
0.530383825 1.78651118 0.349612623 -0.0654097795 0.889047921 0.45311743 0 174 220
0.564667165 1.80359042 0.321113378 -0.0683649778 0.889494658 0.451802582 0 174 220
0.59894824 1.82071829 0.292642027 -0.0713179335 0.8899315 0.450483948 0 174 220
0.63322717 1.83789504 0.264198661 -0.074268952 0.890358746 0.449160874 0 174 220
0.667503953 1.85512042 0.235783204 -0.0772168785 0.89077574 0.447834879 0 174 220
0.70177871 1.87239468 0.207395718 -0.0801622868 0.891182959 0.446505189 0 174 220
0.736051261 1.88971794 0.17903617 -0.0831058621 0.891580582 0.445171297 0 174 220
0.770321548 1.90708995 0.150704563 -0.0860457495 0.89196825 0.443834096 0 174 220
0.804589987 1.92451072 0.122400925 -0.0889834315 0.892345905 0.442493707 0 174 220
0.838856101 1.9419806 0.0941253379 -0.0919177681 0.892713845 0.441149861 0 174 220
-0.486422062 1.29001927 1.22872603 0.0842803791 0.834566593 0.54442215 0 174 220
-0.452077925 1.3056978 1.19942534 0.0752440542 0.839393318 0.538290977 0 174 220
-0.417735785 1.3214246 1.17015231 0.0664827749 0.843923271 0.532328367 0 174 220
-0.383395791 1.33719957 1.14090681 0.0580044836 0.848164916 0.526547015 0 174 220
-0.349057913 1.35302258 1.11168873 0.0498143546 0.852127731 0.520957768 0 174 220
-0.314722091 1.36889374 1.08249819 0.0419184417 0.855820775 0.515571117 0 174 220
-0.280388445 1.38481295 1.05333531 0.0343210399 0.859253228 0.510397792 0 174 220
-0.24605684 1.40078032 1.02419984 0.027026793 0.862434983 0.505445838 0 174 220
-0.211727321 1.41679609 0.995091975 0.0200385563 0.865374982 0.500724018 0 174 220
-0.177399933 1.43285942 0.966011584 0.0133596649 0.868082345 0.496240377 0 174 220
-0.143074572 1.44897127 0.93695879 0.00699167652 0.87056613 0.492001742 0 174 220
-0.108751327 1.46513081 0.907933414 0.000937067554 0.872834682 0.488015026 0 174 220
-0.0744301826 1.48133898 0.878935635 -0.00480292505 0.874896705 0.484285802 0 174 220
-0.0401111543 1.49759519 0.849965572 -0.0102269873 0.876759768 0.480819732 0 174 220
-0.00579421408 1.51389909 0.821022809 -0.0153343612 0.878431737 0.477621764 0 174 220
0.0285206344 1.53025138 0.792107701 -0.0201245211 0.879919469 0.474696338 0 174 220
0.0628333762 1.54665196 0.763220131 -0.0245968197 0.881229699 0.472047865 0 174 220
0.0971440449 1.56310058 0.734360158 -0.0287515465 0.882368922 0.469679236 0 174 220
0.131452605 1.57959723 0.705527663 -0.0325882062 0.883342266 0.467594177 0 174 220
0.165759057 1.59614229 0.676722765 -0.0361070856 0.884155512 0.465795279 0 174 220
0.200063393 1.61273515 0.647945285 -0.0393498167 0.884827793 0.464253515 0 174 220
0.234365657 1.62937677 0.61919564 -0.0425365493 0.885460198 0.462764353 0 174 220
0.26866582 1.64606702 0.590473831 -0.0457013287 0.886072159 0.461288989 0 174 220
0.302963912 1.6628058 0.561779737 -0.0488436781 0.886663437 0.459828407 0 174 220
0.337259859 1.67959309 0.533113539 -0.0519637093 0.887234688 0.458382279 0 174 220
0.3715536 1.69642866 0.504475117 -0.0550605357 0.887785733 0.456951618 0 174 220
0.405845314 1.71331334 0.47586453 -0.0581349656 0.888317227 0.455535859 0 174 220
0.440134883 1.73024631 0.447281718 -0.0611866415 0.888829172 0.454135358 0 174 220
0.474422246 1.74722779 0.418726623 -0.0642155632 0.889321983 0.452750117 0 174 220
0.508707702 1.76425815 0.390199453 -0.0672212839 0.889795721 0.451380998 0 174 220
0.542990863 1.78133678 0.361700028 -0.0702040195 0.890250862 0.450027615 0 174 220
0.577272058 1.79846406 0.333228379 -0.0731640607 0.890687644 0.448689818 0 174 220
0.611550987 1.81563997 0.304784566 -0.0761004165 0.891106009 0.44736883 0 174 220
0.645827889 1.83286476 0.276368618 -0.0790144354 0.891506672 0.44606328 0 174 220
0.680102587 1.85013771 0.247980356 -0.0819049776 0.891889513 0.444774747 0 174 220
0.714375257 1.8674593 0.21961993 -0.0847723931 0.892255008 0.443502575 0 174 220
0.748645902 1.88482976 0.191287339 -0.0876169503 0.892603457 0.442246914 0 174 220
0.782914281 1.9022485 0.162982538 -0.0904377475 0.892934859 0.441008389 0 174 220
0.817180514 1.91971588 0.134705529 -0.0932350606 0.893249571 0.439786762 0 174 220
0.851444542 1.9372319 0.106456459 -0.0960097015 0.893547833 0.438582361 0 174 220
-0.473685414 1.28186655 1.23910928 0.086689353 0.829184294 0.552212238 0 174 220
-0.43934983 1.29774284 1.20992172 0.0771820173 0.834530652 0.54552871 0 174 220
-0.405015975 1.31365979 1.1807574 0.0679628551 0.839551508 0.539012313 0 174 220
-0.370683968 1.32961738 1.15161657 0.0590408817 0.844256461 0.532677352 0 174 220
-0.336353749 1.3456161 1.12249875 0.0504226573 0.848655701 0.526536763 0 174 220
-0.302025288 1.36165512 1.09340441 0.0421151705 0.85275954 0.520603001 0 174 220
-0.267698556 1.37773502 1.06433332 0.0341238566 0.856578112 0.51488775 0 174 220
-0.233373612 1.39385545 1.03528535 0.0264532957 0.860122204 0.509401739 0 174 220
-0.199050441 1.41001678 1.00626099 0.0191080235 0.863401711 0.50415504 0 174 220
-0.164729059 1.42621851 0.977259696 0.0120909559 0.866427481 0.499156475 0 174 220
-0.13040939 1.44246089 0.948281705 0.00540542556 0.869209111 0.494415045 0 174 220
-0.0960915387 1.45874417 0.91932714 -0.000946844695 0.871756852 0.489937901 0 174 220
-0.0617754534 1.47506809 0.89039582 -0.00696365349 0.874079764 0.485732555 0 174 220
-0.0274611358 1.49143279 0.861487687 -0.012644182 0.876187325 0.481804878 0 174 220
0.00685138395 1.50783813 0.832602918 -0.0179869402 0.878087938 0.478161186 0 174 220
0.0411621593 1.52428401 0.803741395 -0.0229919329 0.879790068 0.4748061 0 174 220
0.0754711553 1.54077053 0.774903059 -0.0276583228 0.881301343 0.471744627 0 174 220
0.109778389 1.55729818 0.746088207 -0.0319857523 0.882628798 0.468981177 0 174 220
0.144083828 1.57386637 0.7172966 -0.0359747931 0.883779287 0.466519088 0 174 220
0.178387538 1.5904752 0.68852818 -0.0396246351 0.884758532 0.464362115 0 174 220
0.212689355 1.6071254 0.659783661 -0.0430359095 0.885558784 0.4625296 0 174 220
0.246989161 1.62382293 0.631066024 -0.0464286469 0.88628006 0.460816681 0 174 220
0.281286955 1.64056802 0.602375627 -0.0497784652 0.886969984 0.459136397 0 174 220
0.315582663 1.65736115 0.573712647 -0.0530842878 0.887628734 0.457490176 0 174 220
0.349876255 1.67420232 0.545077205 -0.0563464426 0.888257027 0.455877781 0 174 220
0.384167731 1.6910907 0.516469002 -0.0595650822 0.888855457 0.45429942 0 174 220
0.418457121 1.70802736 0.487888247 -0.0627399161 0.889424622 0.4527556 0 174 220
0.452744484 1.72501206 0.45933488 -0.0658711419 0.889964938 0.451246649 0 174 220
0.487029701 1.74204445 0.430808932 -0.0689585954 0.890477002 0.449772656 0 174 220
0.521312833 1.75912452 0.402310312 -0.0720020756 0.890961349 0.448334306 0 174 220
0.555594027 1.77625275 0.37383917 -0.0750015154 0.891418397 0.446931779 0 174 220
0.589873016 1.79342866 0.345395356 -0.0779573545 0.891848981 0.445564896 0 174 220
0.624149799 1.81065238 0.316978931 -0.080869779 0.89225328 0.444234401 0 174 220
0.658424675 1.82792425 0.288589895 -0.0837382078 0.892632127 0.442939967 0 174 220
0.692697406 1.84524357 0.260228217 -0.0865628496 0.892985702 0.441682518 0 174 220
0.72696811 1.86261106 0.231893986 -0.0893432572 0.89331454 0.440462202 0 174 220
0.761236668 1.88002622 0.2035871 -0.0920809656 0.89361912 0.439278871 0 174 220
0.795503139 1.89748931 0.175307617 -0.0947740451 0.893899977 0.43813318 0 174 220
0.829767644 1.91500032 0.147055522 -0.0974241719 0.894157708 0.437024534 0 174 220
0.864029586 1.93255889 0.118830934 -0.100030757 0.894392669 0.435953617 0 174 220
-0.460942835 1.27357769 1.24941432 0.0888372958 0.82361573 0.560147405 0 174 220
-0.42661646 1.28966618 1.22034824 0.0788700208 0.829494476 0.552918136 0 174 220
-0.392291576 1.30578744 1.19130075 0.0692036226 0.835018516 0.545852423 0 174 220
-0.357968092 1.32194102 1.16227198 0.0598475486 0.840198636 0.538966179 0 174 220
-0.323646009 1.33812773 1.13326204 0.05081027 0.845045388 0.532275081 0 174 220
-0.289325416 1.35434735 1.10427105 0.0420999005 0.849569857 0.525793374 0 174 220
-0.255006164 1.37059963 1.07529855 0.0337228179 0.853783429 0.519535005 0 174 220
-0.220688388 1.38688469 1.046345 0.0256847143 0.857698083 0.513511717 0 174 220
-0.186372116 1.40320277 1.01741028 0.0179900005 0.861325026 0.507735789 0 174 220
-0.152057156 1.4195534 0.988494098 0.010643309 0.864675462 0.502218127 0 174 220
-0.117743626 1.43593705 0.959596813 0.00364782009 0.867761135 0.49696818 0 174 220
-0.0834315792 1.45235324 0.930718362 -0.00299397274 0.870592892 0.491994888 0 174 220
-0.049120944 1.46880221 0.901858568 -0.00927995145 0.873181641 0.487306595 0 174 220
-0.0148117309 1.48528421 0.87301755 -0.0152090006 0.875537634 0.482910514 0 174 220
0.0194960367 1.50179887 0.844195366 -0.0207792185 0.877670586 0.478813767 0 174 220
0.0538023897 1.51834643 0.815391898 -0.0259905737 0.879590034 0.475021899 0 174 220
0.0881073177 1.53492677 0.786607325 -0.0308425222 0.881304979 0.471540451 0 174 220
0.122410826 1.5515399 0.757841408 -0.0353344716 0.882823229 0.468374431 0 174 220
0.156712875 1.56818581 0.729094207 -0.0394671597 0.88415277 0.465527982 0 174 220
0.191013545 1.58486438 0.700365901 -0.0432402566 0.885300457 0.463004768 0 174 220
0.22531262 1.60157752 0.671657264 -0.0468112901 0.886230111 0.460874051 0 174 220
0.259609789 1.6183356 0.642974317 -0.0504014455 0.887042046 0.45892936 0 174 220
0.29390493 1.63514042 0.614318252 -0.0539272614 0.887811422 0.457036883 0 174 220
0.328198105 1.65199196 0.585688651 -0.0573878549 0.888539433 0.455197036 0 174 220
0.362489223 1.66889012 0.557085872 -0.0607840829 0.889226854 0.453410268 0 174 220
0.396778226 1.685835 0.528509736 -0.0641153529 0.889874637 0.451677144 0 174 220
0.431065291 1.70282638 0.499960393 -0.0673821196 0.890484035 0.449997723 0 174 220
0.4653503 1.71986437 0.471437752 -0.0705838054 0.891055167 0.448373348 0 174 220
0.499633253 1.73694932 0.442941785 -0.0737213194 0.891589642 0.446803331 0 174 220
0.533914208 1.75408089 0.41447252 -0.0767940506 0.892087698 0.445288956 0 174 220
0.568193078 1.77125919 0.386029989 -0.0798023194 0.892550647 0.443829864 0 174 220
0.602469981 1.78848374 0.35761416 -0.0827457607 0.892978907 0.442427188 0 174 220
0.636744738 1.80575526 0.329225004 -0.0856247395 0.89337343 0.441080987 0 174 220
0.671017647 1.82307339 0.300862521 -0.0884397849 0.893734753 0.43979153 0 174 220
0.705288351 1.84043801 0.272526801 -0.0911901444 0.89406395 0.438558847 0 174 220
0.739557147 1.85784972 0.244217783 -0.093876332 0.894361496 0.437384099 0 174 220
0.773823857 1.87530768 0.215935439 -0.0964982733 0.894627869 0.436267197 0 174 220
0.808088481 1.89281237 0.187679827 -0.0990565941 0.894864261 0.435207635 0 174 220
0.842351198 1.91036403 0.159450904 -0.101550609 0.89507091 0.434206724 0 174 220
0.87661159 1.92796206 0.131248832 -0.103981398 0.895248592 0.433264136 0 174 220
-0.448194265 1.26515269 1.25964153 0.0907238945 0.817858577 0.568222284 0 174 220
-0.413877845 1.28146744 1.23070502 0.080308497 0.82428205 0.560454786 0 174 220
-0.379562378 1.29780638 1.20178223 0.0702043921 0.830321789 0.552844465 0 174 220
-0.345247984 1.31417 1.1728735 0.0604241677 0.835988402 0.545410216 0 174 220
-0.310934722 1.33055806 1.14397871 0.050977096 0.841293395 0.538169801 0 174 220
-0.276622444 1.34697032 1.115098 0.0418725125 0.846248686 0.531140149 0 174 220
-0.242311314 1.36340725 1.08623135 0.0331178196 0.850866914 0.524336457 0 174 220
-0.208001211 1.37986839 1.05737841 0.024720246 0.855160236 0.517773926 0 174 220
-0.173692212 1.3963542 1.02853978 0.0166845229 0.859141946 0.511465311 0 174 220
-0.13938418 1.41286409 0.999714732 0.00901603512 0.86282438 0.505423307 0 174 220
-0.105077259 1.42939889 0.970903993 0.00171856582 0.866220117 0.499659687 0 174 220
-0.0707713962 1.44595778 0.942107081 -0.00520470459 0.869341433 0.494184524 0 174 220
-0.0364666358 1.4625411 0.913324118 -0.0117522115 0.872200787 0.489006877 0 174 220
-0.00216289354 1.47914922 0.88455534 -0.017921349 0.874809325 0.484135807 0 174 220
0.0321397521 1.4957813 0.855800509 -0.0237108748 0.877178252 0.479579091 0 174 220
0.0664413422 1.51243818 0.827059567 -0.0291203968 0.879318416 0.475343198 0 174 220
0.100741878 1.52911913 0.798332572 -0.0341496803 0.881239712 0.471434295 0 174 220
0.135041356 1.545825 0.769619703 -0.0387978181 0.882951498 0.467858493 0 174 220
0.169339716 1.56255496 0.740920722 -0.0430656113 0.884462237 0.464620054 0 174 220
0.203637093 1.57930958 0.712235689 -0.0469532758 0.885780454 0.461723149 0 174 220
0.237933189 1.59609091 0.683566153 -0.0506763011 0.886841834 0.459285736 0 174 220
0.272227526 1.61291516 0.654920995 -0.0544548146 0.887745559 0.45710212 0 174 220
0.306519896 1.62978411 0.626301467 -0.0581477806 0.888596356 0.454989374 0 174 220
0.340810359 1.646698 0.597707689 -0.0617546588 0.889395297 0.452948451 0 174 220
0.375098765 1.66365671 0.569139659 -0.0652759075 0.890143931 0.450979888 0 174 220
0.409385264 1.68066084 0.540597498 -0.0687113777 0.890843391 0.449084431 0 174 220
0.443669796 1.69770992 0.512080967 -0.0720613599 0.891495168 0.447262228 0 174 220
0.477952302 1.71480358 0.483590156 -0.0753251165 0.892100096 0.445514888 0 174 220
0.512232959 1.73194265 0.455125242 -0.0785039812 0.892659783 0.443841845 0 174 220
0.54651165 1.74912667 0.426686049 -0.0815972388 0.893175125 0.442244351 0 174 220
0.580788255 1.7663554 0.398272485 -0.0846051797 0.893647075 0.440723062 0 174 220
0.615063012 1.78362942 0.369884789 -0.0875276849 0.894077063 0.439277858 0 174 220
0.649335802 1.8009485 0.341522843 -0.090365313 0.894465983 0.437909573 0 174 220
0.683606625 1.81831229 0.313186586 -0.0931184515 0.89481461 0.436618477 0 174 220
0.717875481 1.83572125 0.284876108 -0.0957867354 0.895124376 0.435404718 0 174 220
0.75214231 1.85317504 0.25659138 -0.0983693898 0.895395696 0.434269488 0 174 220
0.786407292 1.87067389 0.228332385 -0.100869268 0.895629764 0.433212131 0 174 220
0.820670247 1.88821805 0.2000992 -0.103283785 0.895827413 0.432233423 0 174 220
0.854931355 1.90580702 0.171891719 -0.105614722 0.89598918 0.43133384 0 174 220
0.889190197 1.92344093 0.143710122 -0.107861564 0.896116018 0.430513412 0 174 220
-0.435439885 1.25659168 1.26979101 0.092349112 0.811910629 0.576431096 0 174 220
-0.401133865 1.27314699 1.24099195 0.0814965442 0.818891108 0.568133533 0 174 220
-0.366828561 1.28971803 1.21220195 0.0709663555 0.825457931 0.559984803 0 174 220
-0.332523823 1.30630434 1.18342078 0.0607708432 0.831622779 0.552005827 0 174 220
-0.298219919 1.32290637 1.15464854 0.0509230271 0.837396801 0.544218242 0 174 220
-0.263916612 1.33952415 1.12588537 0.0414327644 0.842793226 0.536640465 0 174 220
-0.229613975 1.35615742 1.09713089 0.0323092602 0.84782511 0.529290855 0 174 220
-0.195312038 1.37280619 1.0683856 0.0235597994 0.852506161 0.522185922 0 174 220
-0.161010817 1.3894707 1.03964913 0.0151913948 0.856850266 0.515341401 0 174 220
-0.126710251 1.40615118 1.01092172 0.00720944814 0.860871553 0.5087713 0 174 220
-0.0924103037 1.42284667 0.982202947 -0.000382131984 0.864583671 0.502488732 0 174 220
-0.058111079 1.43955815 0.953493416 -0.00757930567 0.868000388 0.496505708 0 174 220
-0.0238125473 1.45628512 0.924792647 -0.0143794818 0.871135056 0.490832925 0 174 220
0.0104853138 1.47302783 0.896100879 -0.0207806453 0.874000549 0.485480428 0 174 220
0.0447824784 1.48978591 0.867417991 -0.0267820023 0.876609802 0.480456144 0 174 220
0.0790789798 1.50655973 0.838744104 -0.0323811658 0.878973722 0.475769579 0 174 220
0.113374785 1.52334917 0.810079098 -0.0375794619 0.881104589 0.47142601 0 174 220
0.147669941 1.54015422 0.781423032 -0.0423756987 0.883012533 0.467432529 0 174 220
0.181964383 1.55697477 0.752775848 -0.0467702448 0.884707272 0.463794738 0 174 220
0.216258168 1.57381117 0.724137664 -0.050764028 0.886198163 0.46051687 0 174 220
0.250551105 1.59066653 0.695510328 -0.0546298921 0.887392938 0.457765639 0 174 220
0.284842342 1.60756123 0.666905582 -0.0585881919 0.888390362 0.45533514 0 174 220
0.319131702 1.62449872 0.638325512 -0.0624397248 0.889324129 0.452994257 0 174 220
0.353419244 1.64147913 0.609769702 -0.0661839992 0.890196025 0.450744569 0 174 220
0.387704879 1.65850246 0.581238568 -0.0698214993 0.891007781 0.448586762 0 174 220
0.421988666 1.67556894 0.55273205 -0.0733523071 0.891761243 0.446521461 0 174 220
0.456270576 1.69267774 0.524249911 -0.0767759979 0.892457664 0.444549978 0 174 220
0.490550578 1.70982981 0.495792329 -0.080094181 0.893099368 0.442671895 0 174 220
0.524828732 1.72702432 0.467359245 -0.0833054408 0.893687308 0.44088915 0 174 220
0.559105098 1.74426222 0.438950777 -0.0864102989 0.894222975 0.43920207 0 174 220
0.593379617 1.76154268 0.410566777 -0.089409776 0.894708097 0.437610984 0 174 220
0.627652168 1.77886593 0.382207304 -0.0923033059 0.895143867 0.436116487 0 174 220
0.661922812 1.7962321 0.353872359 -0.09509065 0.895531356 0.434719861 0 174 220
0.696191669 1.81364107 0.32556197 -0.0977735519 0.895872235 0.433420539 0 174 220
0.730458617 1.83109307 0.297276139 -0.100351043 0.896167219 0.432219774 0 174 220
0.764723778 1.84858787 0.269014776 -0.102823794 0.896417737 0.431117773 0 174 220
0.798986971 1.86612558 0.24077794 -0.10519179 0.896624982 0.430114269 0 174 220
0.833248436 1.88370609 0.212565631 -0.107455827 0.896789551 0.429210603 0 174 220
0.867507935 1.90132952 0.184377879 -0.109615393 0.896912515 0.428406805 0 174 220
0.901765406 1.9189955 0.156214774 -0.111671038 0.896994889 0.427702814 0 174 220
-0.422679454 1.24789441 1.2798624 0.0937130004 0.805769324 0.584768057 0 174 220
-0.388384581 1.2647047 1.25120938 0.0824343488 0.813318908 0.575948656 0 174 220
-0.354089946 1.2815212 1.22255993 0.0714875534 0.820424795 0.567267776 0 174 220
-0.319795579 1.29834402 1.19391382 0.060887523 0.827098668 0.55874902 0 174 220
-0.28550148 1.31517303 1.16527164 0.0506479219 0.833352685 0.550416231 0 174 220
-0.25120765 1.3320086 1.13663316 0.0407809243 0.83920002 0.542291701 0 174 220
-0.216914117 1.34885025 1.10799801 0.0312967934 0.844655275 0.534395039 0 174 220
-0.182620868 1.36569846 1.07936668 0.0222043879 0.849732518 0.526746213 0 174 220
-0.148327902 1.38255286 1.05073893 0.0135109071 0.854447424 0.519362271 0 174 220
-0.114035152 1.3994137 1.02211463 0.00522291055 0.858814716 0.512259662 0 174 220
-0.0797427073 1.41628075 0.993494213 -0.00265437434 0.862849712 0.505453646 0 174 220
-0.0454505458 1.43315423 0.964877188 -0.0101175364 0.866567612 0.498957157 0 174 220
-0.011158647 1.45003378 0.936263859 -0.0171625335 0.869982839 0.492783308 0 174 220
0.023132965 1.46692002 0.907654226 -0.023788223 0.873110175 0.486942291 0 174 220
0.057424292 1.48381209 0.879048049 -0.0299920235 0.875963092 0.481444895 0 174 220
0.0917153582 1.50071096 0.850445688 -0.0357734486 0.878555059 0.476299554 0 174 220
0.126006141 1.51761591 0.821846783 -0.0411317423 0.880898476 0.471514732 0 174 220
0.160296679 1.5345273 0.793251455 -0.0460678935 0.8830055 0.467096359 0 174 220
0.194586873 1.55144489 0.764659882 -0.0505808815 0.884886742 0.463051826 0 174 220
0.228876844 1.56836879 0.736071825 -0.0546716712 0.886552691 0.459385931 0 174 220
0.263166308 1.58530319 0.707489908 -0.0586720519 0.887882829 0.456313103 0 174 220
0.297454268 1.60227394 0.678928554 -0.0628011227 0.888975561 0.453628063 0 174 220
0.331740409 1.61928463 0.650390267 -0.0668025911 0.889994323 0.451051503 0 174 220
0.366024941 1.63633573 0.621874869 -0.0706753582 0.890940964 0.4485856 0 174 220
0.400307596 1.653427 0.593382657 -0.074420698 0.891818166 0.44623071 0 174 220
0.434588492 1.67055845 0.564913392 -0.0780377835 0.892627716 0.443988562 0 174 220
0.46886766 1.68773019 0.536467135 -0.0815278292 0.893372059 0.441859215 0 174 220
0.503145158 1.70494235 0.508044004 -0.0848897845 0.894052684 0.439844847 0 174 220
0.537420809 1.72219455 0.479643941 -0.0881252512 0.894672036 0.437945127 0 174 220
0.571694732 1.73948705 0.451266825 -0.0912334695 0.895231485 0.436161667 0 174 220
0.605966866 1.75681984 0.422912717 -0.094215624 0.895733118 0.434494466 0 174 220
0.640237272 1.77419281 0.394581735 -0.0970714614 0.896178663 0.432944566 0 174 220
0.674506009 1.79160631 0.366273761 -0.0998010039 0.896569252 0.431512862 0 174 220
0.708772898 1.80905962 0.337988764 -0.102404751 0.896906793 0.430199385 0 174 220
0.743038058 1.82655358 0.309726864 -0.104883984 0.897192419 0.429004878 0 174 220
0.77730149 1.84408748 0.281487972 -0.10723798 0.897427559 0.42792955 0 174 220
0.811563015 1.86166167 0.253272086 -0.109467097 0.897613347 0.426974535 0 174 220
0.84582299 1.87927628 0.225079268 -0.111571915 0.897750854 0.426139772 0 174 220
0.880081058 1.89693093 0.196909457 -0.113552496 0.897841394 0.425425231 0 174 220
0.914337337 1.91462588 0.168762833 -0.115409404 0.897885561 0.424832076 0 174 220
-0.409913182 1.23906112 1.28985608 0.0948153511 0.799432635 0.593226373 0 174 220
-0.375630021 1.25614071 1.26135707 0.083122015 0.80756253 0.583895087 0 174 220
-0.341346681 1.27321649 1.23285604 0.0717693567 0.815218925 0.574688852 0 174 220
-0.307063133 1.29028904 1.20435286 0.0607745424 0.82241267 0.565635741 0 174 220
-0.272779495 1.30735815 1.17584813 0.0501525328 0.829157412 0.556761026 0 174 220
-0.238495722 1.32442403 1.14734125 0.039917551 0.835466027 0.548090458 0 174 220
-0.204211786 1.3414861 1.11883235 0.0300807785 0.841354072 0.539646626 0 174 220
-0.169927731 1.35854495 1.09032154 0.0206532925 0.846836567 0.531451941 0 174 220
-0.135643497 1.37560022 1.06180871 0.0116430288 0.851930141 0.523526013 0 174 220
-0.101359092 1.39265215 1.03329396 0.00305733294 0.856651008 0.51588726 0 174 220
-0.0670745298 1.40970087 1.00477719 -0.00509825628 0.861015737 0.50855279 0 174 220
-0.0327898338 1.42674589 0.976258636 -0.0128189707 0.86504066 0.501537919 0 174 220
0.00149499672 1.44378757 0.947737873 -0.0201013181 0.868742168 0.494856417 0 174 220
0.035779994 1.4608258 0.919215202 -0.0269424543 0.872135758 0.488521576 0 174 220
0.0700651184 1.47786045 0.890690684 -0.0333412662 0.875237107 0.482543707 0 174 220
0.104350403 1.49489188 0.86216414 -0.0392963961 0.878060579 0.476933271 0 174 220
0.138635829 1.51191986 0.833635569 -0.0448071882 0.880620241 0.471699417 0 174 220
0.172921449 1.52894425 0.80510509 -0.0498737395 0.882929146 0.466849744 0 174 220
0.207207158 1.54596531 0.776572645 -0.054496482 0.884999752 0.462391168 0 174 220
0.241493031 1.5629828 0.748038173 -0.0586766228 0.886843383 0.458329499 0 174 220
0.2757788 1.58000183 0.719504654 -0.0628020763 0.888310909 0.454928219 0 174 220
0.310063213 1.59705317 0.690989494 -0.0670941025 0.889501214 0.451980084 0 174 220
0.344346017 1.61414158 0.662495732 -0.0712359771 0.890606523 0.449160755 0 174 220
0.37862727 1.63126743 0.634023011 -0.0752290264 0.891630232 0.446470886 0 174 220
0.412906855 1.64843035 0.605571747 -0.079072766 0.892574728 0.443912089 0 174 220
0.447184801 1.66563022 0.577141762 -0.082767345 0.89344269 0.441485703 0 174 220
0.481461138 1.68286741 0.548732936 -0.0863143355 0.894237161 0.439192116 0 174 220
0.515735805 1.70014167 0.52034539 -0.0897126049 0.894960046 0.437033385 0 174 220
0.550008893 1.71745312 0.491979122 -0.0929632857 0.89561373 0.435010105 0 174 220
0.584280431 1.73480177 0.463634163 -0.0960663334 0.896200657 0.433123201 0 174 220
0.618550301 1.75218773 0.435310483 -0.0990224555 0.896722674 0.431373328 0 174 220
0.652818561 1.76961064 0.407007992 -0.101832084 0.897181928 0.42976144 0 174 220
0.687085092 1.78707075 0.37872681 -0.104495421 0.897580206 0.428287953 0 174 220
0.721350193 1.80456805 0.350466937 -0.107012428 0.89791882 0.426954567 0 174 220
0.755613446 1.82210231 0.322228283 -0.109384783 0.898200154 0.425759882 0 174 220
0.789875388 1.83967423 0.294010907 -0.111611947 0.898425043 0.424705982 0 174 220
0.824135423 1.857283 0.265814781 -0.113694444 0.898595154 0.423792928 0 174 220
0.858393967 1.87492871 0.237639979 -0.115632355 0.898711741 0.423020571 0 174 220
0.892650902 1.89261222 0.20948644 -0.117426589 0.898775518 0.422390342 0 174 220
0.92690599 1.9103322 0.181354269 -0.119077705 0.898787975 0.421901315 0 174 220
-0.39714095 1.23009169 1.29977179 0.0956561342 0.792898297 0.60179913 0 174 220
-0.362870097 1.24745452 1.2714349 0.0835599676 0.801619172 0.591966569 0 174 220
-0.328598708 1.26480401 1.24309039 0.0718118548 0.809836864 0.582243323 0 174 220
-0.294326603 1.28213966 1.21473789 0.060431242 0.817562222 0.572660446 0 174 220
-0.260054022 1.29946172 1.18637764 0.0494359285 0.824808061 0.563247502 0 174 220
-0.2257808 1.31677008 1.15800977 0.0388415605 0.831588089 0.554032981 0 174 220
-0.191506967 1.33406484 1.1296339 0.0286615696 0.837918282 0.545042634 0 174 220
-0.157232568 1.3513459 1.10125017 0.0189070106 0.843815148 0.536300838 0 174 220
-0.122957535 1.36861312 1.07285893 0.00958776847 0.849295795 0.527830184 0 174 220
-0.0886819437 1.38586688 1.04445946 0.000712089066 0.854377806 0.51965183 0 174 220
-0.054405719 1.40310693 1.01605237 -0.00771382777 0.859079301 0.511784434 0 174 220
-0.0201289188 1.42033339 0.98763746 -0.0156839509 0.863417566 0.504246116 0 174 220
0.0141484691 1.43754601 0.959214687 -0.0231955051 0.867410898 0.497051656 0 174 220
0.048426453 1.45474517 0.930784106 -0.0302446596 0.871076047 0.490216047 0 174 220
0.0827050135 1.47193062 0.902345777 -0.0368297324 0.874430001 0.483751774 0 174 220
0.116984196 1.48910248 0.873899579 -0.0429498069 0.87748903 0.477669775 0 174 220
0.151263952 1.50626051 0.845445633 -0.0486047082 0.880268455 0.471979827 0 174 220
0.185544342 1.52340496 0.816983759 -0.0537938923 0.882782757 0.466691315 0 174 220
0.219825253 1.54053569 0.788514137 -0.0585180409 0.885045588 0.461811662 0 174 220
0.25410682 1.55765295 0.760036647 -0.0627779514 0.887069345 0.457347751 0 174 220
0.288388699 1.57476234 0.731554806 -0.0670205131 0.888676703 0.453609943 0 174 220
0.322669357 1.59189928 0.70308876 -0.0714660287 0.889966249 0.45039168 0 174 220
0.356948584 1.60907018 0.674641907 -0.0757404193 0.891160429 0.447321415 0 174 220
0.391226411 1.62627447 0.646214306 -0.0798436701 0.892262757 0.444400847 0 174 220
0.425502628 1.64351213 0.617805958 -0.0837775096 0.893277168 0.441630363 0 174 220
0.459777504 1.66078389 0.589416862 -0.087541528 0.894206345 0.439011961 0 174 220
0.49405089 1.6780889 0.561047018 -0.0911356956 0.895053267 0.436547786 0 174 220
0.528322816 1.69542789 0.532696366 -0.0945614651 0.895821095 0.434237987 0 174 220
0.562593222 1.71280015 0.504364967 -0.0978182778 0.896512508 0.432084471 0 174 220
0.596862257 1.73020625 0.476052791 -0.100907639 0.897130191 0.430087298 0 174 220
0.631129742 1.74764562 0.447759837 -0.103829443 0.897676289 0.428248495 0 174 220
0.665395737 1.76511884 0.419486135 -0.106584631 0.898153365 0.426567972 0 174 220
0.69966042 1.78262579 0.391231716 -0.109173045 0.898563504 0.425046921 0 174 220
0.733923554 1.80016625 0.362996489 -0.111595809 0.898908496 0.423685968 0 174 220
0.768185198 1.8177402 0.334780484 -0.113852754 0.899190247 0.422485918 0 174 220
0.802445292 1.83534777 0.306583673 -0.115945533 0.899410546 0.42144677 0 174 220
0.836704135 1.85298908 0.278406173 -0.117873386 0.899570644 0.420569241 0 174 220
0.870961428 1.870664 0.250247866 -0.119637422 0.899671853 0.419854164 0 174 220
0.90521723 1.8883723 0.222108811 -0.121237077 0.899715483 0.419301301 0 174 220
0.939471483 1.90611446 0.193989128 -0.122674011 0.899702251 0.418911606 0 174 220
-0.384362847 1.22098613 1.30960965 0.0962361321 0.786163867 0.610479295 0 174 220
-0.350104928 1.23864686 1.28144324 0.0837480426 0.795486391 0.600156426 0 174 220
-0.315846026 1.25628352 1.25326312 0.0716151893 0.804276049 0.589924753 0 174 220
-0.281586021 1.27389574 1.22506893 0.0598592311 0.812543333 0.579819083 0 174 220
-0.247324958 1.2914834 1.19686079 0.0484996587 0.820300519 0.569872618 0 174 220
-0.213062808 1.30904686 1.16863859 0.037554767 0.827562392 0.560116291 0 174 220
-0.178799644 1.32658601 1.14040267 0.0270387121 0.834344923 0.55057925 0 174 220
-0.144535437 1.34410083 1.11215281 0.0169657432 0.840664864 0.541289985 0 174 220
-0.110270113 1.36159122 1.08388901 0.00734541565 0.846541166 0.532272577 0 174 220
-0.0760037899 1.37905741 1.05561125 -0.00181213254 0.85199219 0.523551345 0 174 220
-0.0417363271 1.39649916 1.02731943 -0.0104999086 0.857037306 0.515147388 0 174 220
-0.00746785617 1.41391647 0.99901396 -0.0187122989 0.861695647 0.507080257 0 174 220
0.0268016849 1.43130958 0.970694363 -0.0264442731 0.865986347 0.499367893 0 174 220
0.0610722788 1.44867814 0.942360699 -0.0336935706 0.869928598 0.492025495 0 174 220
0.0953439325 1.46602273 0.914013445 -0.0404567458 0.873539925 0.485068262 0 174 220
0.129616663 1.48334265 0.885652065 -0.0467338189 0.876838803 0.478507698 0 174 220
0.163890421 1.50063825 0.857276738 -0.0525245667 0.879841864 0.472355098 0 174 220
0.198165253 1.51790941 0.828887403 -0.0578271002 0.882564723 0.466621518 0 174 220
0.232441142 1.53515637 0.8004843 -0.0626441985 0.885022879 0.461313546 0 174 220
0.266718119 1.55237937 0.772067308 -0.0669761077 0.887230039 0.456439584 0 174 220
0.300995827 1.56958425 0.743640184 -0.0713266581 0.888979495 0.452358305 0 174 220
0.335272521 1.5868119 0.715226054 -0.0759167895 0.890370309 0.448862314 0 174 220
0.369548023 1.60406947 0.686828971 -0.0803141519 0.891655207 0.44553417 0 174 220
0.403822243 1.62135673 0.658448637 -0.0845199227 0.892838895 0.442374408 0 174 220
0.438095063 1.63867319 0.63008523 -0.0885341167 0.893925011 0.439385831 0 174 220
0.472366661 1.65601957 0.60173893 -0.0923581496 0.894917548 0.436569005 0 174 220
0.506636977 1.67339516 0.573409438 -0.0959917977 0.895820022 0.433926344 0 174 220
0.540905952 1.69080031 0.545096934 -0.0994354635 0.896635652 0.431459248 0 174 220
0.575173676 1.70823562 0.516801417 -0.102690786 0.897368073 0.429167986 0 174 220
0.609440088 1.72570002 0.488522679 -0.105757393 0.89801985 0.427054614 0 174 220
0.643705308 1.7431941 0.460260957 -0.108636469 0.898594081 0.425119728 0 174 220
0.677969098 1.76071787 0.432016134 -0.111328423 0.89909327 0.423364252 0 174 220
0.712231576 1.77827072 0.403788239 -0.11383383 0.899519563 0.421789467 0 174 220
0.746492982 1.79585409 0.37557736 -0.116153911 0.899875581 0.420395106 0 174 220
0.780752957 1.81346643 0.34738335 -0.118288137 0.900163054 0.419183105 0 174 220
0.81501168 1.83110857 0.319206268 -0.120238483 0.900383949 0.418152362 0 174 220
0.849268973 1.84877992 0.291046083 -0.122004077 0.900539458 0.417305201 0 174 220
0.883525193 1.86648118 0.262902856 -0.1235855 0.900631487 0.416640908 0 174 220
0.917779982 1.8842119 0.234776542 -0.124984249 0.900660872 0.416159749 0 174 220
0.952033401 1.90197217 0.206667304 -0.126198962 0.900628686 0.415862828 0 174 220
-0.371578753 1.21174431 1.31936944 0.0965556055 0.779227316 0.619259059 0 174 220
-0.337334454 1.22971737 1.29138184 0.0836866796 0.789161563 0.608457506 0 174 220
-0.303088605 1.24765491 1.26337373 0.0711792335 0.79853338 0.597727299 0 174 220
-0.268841207 1.26555693 1.23534548 0.0590573549 0.807352781 0.587106168 0 174 220
-0.234592333 1.28342366 1.20729709 0.0473426655 0.815632463 0.576630294 0 174 220
-0.200341836 1.30125463 1.17922807 0.0360556059 0.823386133 0.566335022 0 174 220
-0.166089848 1.31905007 1.15113878 0.0252130982 0.830630004 0.556253552 0 174 220
-0.13183628 1.33681011 1.12302911 0.0148286643 0.837382972 0.546415508 0 174 220
-0.0975811705 1.35453463 1.09489942 0.00491576688 0.843663394 0.536850035 0 174 220
-0.063324526 1.37222385 1.06674922 -0.00451597245 0.849491537 0.527583003 0 174 220
-0.0290663019 1.38987732 1.03857863 -0.0134572349 0.854887366 0.518639147 0 174 220
0.00519344304 1.40749526 1.01038778 -0.0219035652 0.85987246 0.510038912 0 174 220
0.0394547284 1.42507792 0.982176781 -0.0298483763 0.864466846 0.501802921 0 174 220
0.0737175718 1.44262481 0.953945279 -0.0372889116 0.868691087 0.493948579 0 174 220
0.107981935 1.46013653 0.925693572 -0.0442228727 0.872565269 0.48649171 0 174 220
0.142247856 1.4776125 0.897421479 -0.0506484918 0.876108408 0.479446411 0 174 220
0.176515326 1.49505317 0.869129121 -0.0565651245 0.879338741 0.472825378 0 174 220
0.210784346 1.51245809 0.840816379 -0.0619738884 0.882274151 0.466638535 0 174 220
0.245054901 1.52982771 0.81248343 -0.0668753833 0.884931087 0.460895598 0 174 220
0.279327005 1.5471617 0.784130037 -0.0712697729 0.887324274 0.455605447 0 174 220
0.313600302 1.56446791 0.755760789 -0.0757207274 0.889218628 0.451172411 0 174 220
0.347872853 1.5817914 0.727401555 -0.0804460421 0.890712619 0.447391927 0 174 220
0.382144332 1.59914029 0.699056566 -0.0849573091 0.89209038 0.443798304 0 174 220
0.416414768 1.61651397 0.670726001 -0.0892560333 0.893357277 0.440393031 0 174 220
0.450684071 1.63391316 0.642409801 -0.0933430418 0.894518018 0.437177926 0 174 220
0.484952271 1.65133691 0.614107907 -0.0972177386 0.895576596 0.434155971 0 174 220
0.519219339 1.66878593 0.585820377 -0.100881331 0.896537125 0.431328386 0 174 220
0.553485394 1.68625998 0.557547212 -0.104334675 0.897403777 0.428696603 0 174 220
0.587750196 1.70375931 0.529288411 -0.107579619 0.898180485 0.426261067 0 174 220
0.622014165 1.72128367 0.501043916 -0.110615373 0.898870111 0.424024433 0 174 220
0.656276882 1.73883307 0.472813874 -0.113442965 0.899475932 0.421987742 0 174 220
0.690538526 1.7564075 0.444598109 -0.11606361 0.900001287 0.420151114 0 174 220
0.724799037 1.77400708 0.416396677 -0.118478052 0.900448501 0.418515623 0 174 220
0.759058535 1.7916317 0.388209671 -0.120686688 0.900820196 0.417082399 0 174 220
0.793316901 1.80928135 0.360036969 -0.122690775 0.901118577 0.415851325 0 174 220
0.827574193 1.82695615 0.331878632 -0.124490276 0.901345313 0.414823771 0 174 220
0.861830235 1.84465587 0.30373463 -0.126085579 0.901502132 0.414000362 0 174 220
0.896085441 1.86238086 0.275605023 -0.127477556 0.901590705 0.413380682 0 174 220
0.930339396 1.88013113 0.24748975 -0.128666759 0.901611924 0.412965745 0 174 220
0.964592159 1.89790618 0.219388962 -0.129653215 0.901567101 0.412755102 0 174 220
-0.358788729 1.20236647 1.32905138 0.0966141224 0.772087514 0.628129423 0 174 220
-0.324558675 1.22066617 1.30125058 0.0833764151 0.782642007 0.616862953 0 174 220
-0.290326536 1.23891854 1.27342284 0.0705047622 0.792606056 0.605644166 0 174 220
-0.25609234 1.25712383 1.24556804 0.058026474 0.801988006 0.594515085 0 174 220
-0.221856162 1.27528214 1.21768641 0.0459665582 0.810799241 0.583516657 0 174 220
-0.187617868 1.29339314 1.18977773 0.0343460999 0.819054723 0.572686493 0 174 220
-0.153377533 1.31145692 1.16184211 0.0231848676 0.826770186 0.562061906 0 174 220
-0.119135179 1.32947385 1.13387954 0.0124984263 0.833964765 0.551676154 0 174 220
-0.0848907307 1.34744346 1.10588992 0.00230013276 0.840658426 0.541560829 0 174 220
-0.0506442562 1.36536622 1.07787347 -0.00739706587 0.846871495 0.531746089 0 174 220
-0.0163956881 1.38324153 1.04982984 -0.0165862292 0.852626801 0.52225697 0 174 220
0.0178548917 1.40106988 1.02175939 -0.0252573341 0.857945085 0.513120115 0 174 220
0.0521075316 1.41885114 0.993662 -0.0334072597 0.862849653 0.504355431 0 174 220
0.0863622203 1.43658543 0.965537548 -0.0410313942 0.867362142 0.495983154 0 174 220
0.120618939 1.45427227 0.937386215 -0.0481270514 0.871503949 0.488021165 0 174 220
0.154877737 1.47191215 0.90920794 -0.0546927601 0.875295877 0.480485082 0 174 220
0.189138591 1.48950481 0.881002665 -0.0607281439 0.878758132 0.473388076 0 174 220
0.223401487 1.50705051 0.852770388 -0.066234462 0.881910026 0.466741621 0 174 220
0.257666409 1.52454901 0.82451123 -0.0712113678 0.884768963 0.460557103 0 174 220
0.291933417 1.54200053 0.796224952 -0.0756600425 0.887351573 0.454843611 0 174 220
0.326202065 1.55941319 0.767916739 -0.080201447 0.88939321 0.450052679 0 174 220
0.360470235 1.57683754 0.739615142 -0.0850527957 0.890992403 0.445980459 0 174 220
0.394737542 1.59428203 0.711325049 -0.0896695629 0.892465532 0.442113906 0 174 220
0.429004014 1.61174667 0.683046341 -0.094052583 0.8938182 0.438455343 0 174 220
0.463269591 1.62923169 0.654779255 -0.098202005 0.895055592 0.4350079 0 174 220
0.497534245 1.64673626 0.626523674 -0.102119021 0.896182775 0.431773275 0 174 220
0.531798005 1.6642611 0.598279595 -0.105804145 0.897204459 0.428753585 0 174 220
0.56606096 1.68180621 0.570047021 -0.109259181 0.89812535 0.425949901 0 174 220
0.600323021 1.69937146 0.54182595 -0.112483524 0.898949146 0.423364818 0 174 220
0.634584188 1.71695673 0.513616383 -0.115480147 0.899680316 0.420998454 0 174 220
0.668844521 1.73456228 0.485418409 -0.118248448 0.900322139 0.418852448 0 174 220
0.70310396 1.75218785 0.457231849 -0.120789476 0.900877774 0.416928202 0 174 220
0.737362444 1.76983333 0.429056793 -0.123104587 0.901350439 0.415225953 0 174 220
0.771620154 1.78749919 0.400893301 -0.125194296 0.901742518 0.413747251 0 174 220
0.805876911 1.80518484 0.372741252 -0.12705934 0.902056634 0.412492126 0 174 220
0.840132892 1.822891 0.344600767 -0.128700539 0.902294695 0.411461323 0 174 220
0.87438786 1.84061694 0.316471756 -0.13011831 0.902458489 0.410655379 0 174 220
0.908642054 1.85836303 0.288354278 -0.1313131 0.902549446 0.41007477 0 174 220
0.942895293 1.87612915 0.260248274 -0.132285953 0.902568877 0.409719348 0 174 220
0.977147579 1.89391553 0.232153937 -0.133035913 0.902517259 0.409590006 0 174 220
-0.345992863 1.19285369 1.33865619 0.0961571261 0.764932632 0.636892378 0 174 220
-0.311777622 1.21149397 1.3110503 0.082566455 0.776106238 0.625173569 0 174 220
-0.277559787 1.230075 1.28341067 0.0693498477 0.78665942 0.613479853 0 174 220
-0.243339419 1.24859703 1.25573695 0.056538038 0.796599388 0.601857841 0 174 220
-0.209116414 1.26705956 1.22802937 0.0441575423 0.805937469 0.590351522 0 174 220
-0.174890891 1.28546298 1.20028806 0.0322320834 0.814687729 0.579003513 0 174 220
-0.140662774 1.30380738 1.17251301 0.0207846835 0.822866023 0.56785506 0 174 220
-0.106432058 1.32209241 1.14470387 0.00983055308 0.830493033 0.556942225 0 174 220
-0.0721987858 1.34031773 1.11686087 -0.000613196578 0.83758837 0.546301484 0 174 220
-0.0379629284 1.35848463 1.08898377 -0.0105349207 0.844174862 0.53596437 0 174 220
-0.00372444862 1.37659204 1.06107295 -0.0199237354 0.850275278 0.525961041 0 174 220
0.0305165574 1.39464033 1.0331285 -0.0287728012 0.85591352 0.516317904 0 174 220
0.0647601634 1.41262925 1.00514996 -0.0370752439 0.861113191 0.507059634 0 174 220
0.0990063325 1.4305588 0.977137506 -0.0448273718 0.865898013 0.498207957 0 174 220
0.133255079 1.44842935 0.949091196 -0.0520256907 0.870290875 0.489782661 0 174 220
0.167506397 1.46624076 0.921010911 -0.0586698577 0.874314964 0.48180002 0 174 220
0.201760322 1.48399282 0.892896831 -0.0647596493 0.877991796 0.474274784 0 174 220
0.23601681 1.50168562 0.864748836 -0.0702938065 0.881341398 0.467221737 0 174 220
0.270275831 1.5193193 0.836567044 -0.0752754584 0.884384036 0.460650027 0 174 220
0.304537475 1.53689384 0.808351278 -0.0797046199 0.887137055 0.454571128 0 174 220
0.338801295 1.55441809 0.780106902 -0.0842600986 0.889306068 0.449482948 0 174 220
0.373064876 1.57194817 0.751865745 -0.0891607106 0.890990973 0.445180207 0 174 220
0.407327831 1.5894928 0.723632812 -0.0938051865 0.892540395 0.441103458 0 174 220
0.44159022 1.60705197 0.695408285 -0.0981938764 0.893960297 0.437256247 0 174 220
0.475851893 1.62462592 0.667192221 -0.102327563 0.895256698 0.433640957 0 174 220
0.510112882 1.6422143 0.638984561 -0.106208324 0.896435678 0.430259019 0 174 220
0.544373274 1.65981758 0.610785186 -0.109835371 0.897501767 0.427114427 0 174 220
0.578632951 1.67743528 0.582594275 -0.113211915 0.898460805 0.424206614 0 174 220
0.612892151 1.695068 0.554411769 -0.11633756 0.899316728 0.4215388 0 174 220
0.647150636 1.71271527 0.526237726 -0.119213946 0.900074124 0.419111609 0 174 220
0.681408346 1.73037708 0.498071909 -0.121842071 0.900736809 0.416926593 0 174 220
0.715665698 1.74805355 0.469914585 -0.124223217 0.901308298 0.414984345 0 174 220
0.749922216 1.76574469 0.441765606 -0.1263576 0.901791513 0.413286597 0 174 220
0.784178138 1.78345096 0.413625151 -0.128246367 0.902189493 0.411833704 0 174 220
0.818433464 1.8011713 0.385492951 -0.129890457 0.902504623 0.410626233 0 174 220
0.852688074 1.81890655 0.357369184 -0.131291032 0.902739227 0.409663945 0 174 220
0.886942148 1.83665621 0.329253793 -0.13244769 0.902894557 0.408948839 0 174 220
0.921195507 1.8544209 0.301146835 -0.133361131 0.902971923 0.408480763 0 174 220
0.95544821 1.87220013 0.273048252 -0.134032384 0.902972579 0.408259422 0 174 220
0.989700198 1.88999379 0.244958162 -0.134460941 0.902897298 0.40828523 0 174 220
-0.333191633 1.18321884 1.34819114 0.0949357748 0.757959783 0.645355821 0 174 220
-0.298991799 1.20221376 1.32078815 0.0810156837 0.769741356 0.633194089 0 174 220
-0.264788955 1.22113669 1.29334414 0.0674851686 0.780869246 0.621038675 0 174 220
-0.230582863 1.23998785 1.26585901 0.0543765388 0.791349709 0.608940721 0 174 220
-0.196373671 1.25876689 1.23833263 0.0417194478 0.801193714 0.596948981 0 174 220
-0.16216135 1.27747393 1.21076512 0.0295413844 0.810414851 0.585111141 0 174 220
-0.12794587 1.29610932 1.18315625 0.017864475 0.819030881 0.573471367 0 174 220
-0.0937273055 1.31467271 1.15550637 0.00670841569 0.827061713 0.562071085 0 174 220
-0.0595055744 1.33316398 1.12781537 -0.00391022069 0.834529757 0.550949037 0 174 220
-0.0252807252 1.35158336 1.10008311 -0.013976573 0.841457486 0.540142596 0 174 220
0.00894729979 1.36993074 1.07230985 -0.0234810393 0.847870767 0.529682696 0 174 220
0.0431784093 1.38820612 1.04449511 -0.0324143767 0.853794456 0.519600153 0 174 220
0.0774126649 1.40640974 1.01663935 -0.040770635 0.85925436 0.509921312 0 174 220
0.111650035 1.42454123 0.988742352 -0.0485453084 0.864275932 0.500670016 0 174 220
0.145890549 1.44260073 0.960804284 -0.055735644 0.868884265 0.491867542 0 174 220
0.180134207 1.46058857 0.932825148 -0.0623407438 0.873103738 0.483532369 0 174 220
0.214381009 1.47850442 0.904804707 -0.0683592781 0.876957297 0.475681603 0 174 220
0.248630911 1.49634814 0.876742959 -0.0737933666 0.880467653 0.468328089 0 174 220
0.282883883 1.51411998 0.848640203 -0.0786434487 0.883655548 0.46148473 0 174 220
0.317140102 1.53181982 0.820496202 -0.0829115957 0.886540174 0.455161691 0 174 220
0.351398915 1.54945779 0.792316794 -0.0873354524 0.888796031 0.449904561 0 174 220
0.385657847 1.56709468 0.764136732 -0.0921388417 0.890526354 0.445503265 0 174 220
0.419916481 1.58474004 0.735961676 -0.0966640115 0.892113328 0.441350102 0 174 220
0.454174668 1.6023941 0.707791328 -0.100911289 0.893563271 0.437448978 0 174 220
0.488432467 1.62005675 0.679626226 -0.104881674 0.894882977 0.433802336 0 174 220
0.522689879 1.63772845 0.651465952 -0.108576931 0.896078348 0.430412114 0 174 220
0.556946993 1.65540862 0.623310804 -0.111997604 0.897155166 0.427281141 0 174 220
0.59120357 1.67309749 0.595160484 -0.115145974 0.898118794 0.424410105 0 174 220
0.625459909 1.69079518 0.56701529 -0.118021458 0.898973703 0.421802253 0 174 220
0.659715772 1.7085017 0.538874984 -0.120627053 0.899724603 0.419457674 0 174 220
0.693971336 1.72621655 0.510739684 -0.122962549 0.900375247 0.417378306 0 174 220
0.728226483 1.74394059 0.482609451 -0.125028953 0.900929153 0.415565193 0 174 220
0.762481272 1.76167297 0.454484135 -0.126828417 0.901389658 0.414018482 0 174 220
0.796735644 1.77941418 0.426363766 -0.128360376 0.901759088 0.412739724 0 174 220
0.830989599 1.7971642 0.398248434 -0.129626602 0.902040124 0.411728799 0 174 220
0.865243137 1.81492269 0.370138079 -0.130626917 0.902234495 0.410986215 0 174 220
0.899496555 1.83269024 0.34203276 -0.131362721 0.902342975 0.410513133 0 174 220
0.933749318 1.85046613 0.313932329 -0.131832808 0.902366817 0.410309911 0 174 220
0.968001902 1.86825109 0.285836935 -0.132038891 0.902307451 0.410374314 0 174 220
1.00225389 1.88604438 0.257746696 -0.131980345 0.902163386 0.41070962 0 174 220
-0.320385367 1.17346656 1.35765874 0.0934691653 0.750789523 0.653894901 0 174 220
-0.286201596 1.19282997 1.33046687 0.0792337507 0.763187945 0.641300321 0 174 220
-0.252014101 1.2121079 1.30322576 0.0654018596 0.774900436 0.62869072 0 174 220
-0.217822894 1.23130035 1.27593601 0.052008599 0.785932124 0.61612159 0 174 220
-0.183628008 1.2504077 1.24859762 0.0390878357 0.796292424 0.603647649 0 174 220
-0.149429381 1.26942933 1.22121012 0.0266675074 0.805996239 0.591319621 0 174 220
-0.115227051 1.28836596 1.19377363 0.0147737525 0.815060139 0.579187989 0 174 220
-0.0810210109 1.307217 1.1662885 0.00342764799 0.8235057 0.567297637 0 174 220
-0.0468112379 1.32598293 1.13875449 -0.00735295843 0.83135587 0.555691779 0 174 220
-0.0125977667 1.34466338 1.11117172 -0.01755335 0.838635862 0.544409513 0 174 220
0.0216194894 1.3632586 1.08354008 -0.0271608643 0.845371366 0.533487976 0 174 220
0.055840414 1.38176811 1.05585945 -0.0361672975 0.851590216 0.522958875 0 174 220
0.090065062 1.40019238 1.02813005 -0.044566147 0.857319832 0.512851477 0 174 220
0.124293402 1.4185313 1.00035167 -0.0523514412 0.862586796 0.50319308 0 174 220
0.158525467 1.43678486 0.972524524 -0.0595215708 0.867418766 0.494006038 0 174 220
0.192761272 1.45495319 0.944648683 -0.066075094 0.871841669 0.485310346 0 174 220
0.227000758 1.47303605 0.916723907 -0.0720118135 0.875880539 0.477124214 0 174 220
0.261243969 1.49103343 0.888750076 -0.0773333684 0.879559457 0.469462067 0 174 220
0.295490891 1.5089457 0.860727727 -0.0820405483 0.882900476 0.462337703 0 174 220
0.329741627 1.52677238 0.832656384 -0.0861354545 0.88592416 0.455762088 0 174 220
0.363995492 1.54452467 0.804542363 -0.0904165283 0.888272941 0.450328797 0 174 220
0.398249686 1.56226838 0.776423395 -0.0951143205 0.890054226 0.445821583 0 174 220
0.432503849 1.58001435 0.748305738 -0.0995115265 0.891683877 0.441585094 0 174 220
0.466758043 1.59776235 0.720189393 -0.103608452 0.893169224 0.437623233 0 174 220
0.501012027 1.61551297 0.692074299 -0.107407145 0.894517481 0.433938026 0 174 220
0.535265803 1.63326526 0.663960457 -0.110908657 0.895735085 0.430532128 0 174 220
0.569519699 1.65102029 0.635848045 -0.114113681 0.896827638 0.427408665 0 174 220
0.603773415 1.66877747 0.607736766 -0.117024481 0.89780122 0.424568385 0 174 220
0.638026953 1.68653691 0.579626799 -0.119641982 0.898660421 0.422013193 0 174 220
0.672280431 1.7042985 0.551518202 -0.121967122 0.899410009 0.41974476 0 174 220
0.706533909 1.72206235 0.523410797 -0.124001458 0.90005374 0.417764008 0 174 220
0.740787148 1.73982835 0.495304793 -0.125745922 0.900595486 0.416071802 0 174 220
0.775040448 1.75759673 0.467200011 -0.127200603 0.901037812 0.414669603 0 174 220
0.809293449 1.77536738 0.43909651 -0.128367648 0.901383281 0.413557619 0 174 220
0.84354651 1.79314029 0.410994232 -0.129246548 0.901634216 0.412736088 0 174 220
0.877799451 1.81091535 0.382893324 -0.129838258 0.901791692 0.412205935 0 174 220
0.912052214 1.82869267 0.354793698 -0.130142868 0.901856959 0.41196695 0 174 220
0.946304977 1.84647202 0.326695293 -0.130161077 0.901830256 0.412019819 0 174 220
0.980557561 1.86425412 0.29859823 -0.129891768 0.901711702 0.412364006 0 174 220
1.01480997 1.88203788 0.270502567 -0.129336536 0.901500881 0.412999094 0 174 220
-0.307573885 1.16359651 1.36705911 0.0917587057 0.743419528 0.662501097 0 174 220
-0.273406774 1.18334186 1.34008563 0.0772216693 0.756443202 0.649484813 0 174 220
-0.239235297 1.20298779 1.3130554 0.063100785 0.768749714 0.63642925 0 174 220
-0.205059543 1.22253454 1.2859683 0.0494359583 0.780342996 0.623394668 0 174 220
-0.170879439 1.24198174 1.25882423 0.0362627171 0.791231096 0.610441208 0 174 220
-0.136694998 1.26132917 1.23162293 0.0236130543 0.801427364 0.597625673 0 174 220
-0.10250622 1.28057718 1.20436502 0.0115135331 0.810950935 0.585000873 0 174 220
-0.0683131143 1.29972577 1.17705011 -1.12435137e-05 0.819822073 0.572618425 0 174 220
-0.034115687 1.31877494 1.14967823 -0.0109426631 0.828065336 0.560524762 0 174 220
8.60704167e-05 1.33772445 1.12224936 -0.0212649703 0.835707486 0.548763037 0 174 220
0.0342921913 1.35657489 1.09476376 -0.030964246 0.842775583 0.537373841 0 174 220
0.0685026199 1.37532556 1.06722128 -0.0400319137 0.849299133 0.526391983 0 174 220
0.102717377 1.39397693 1.03962171 -0.048460234 0.855307043 0.515850186 0 174 220
0.136936456 1.41252875 1.01196527 -0.056245368 0.860829115 0.505776405 0 174 220
0.171159878 1.43098128 0.984251916 -0.0633833855 0.865893543 0.496196479 0 174 220
0.205387607 1.44933391 0.956481636 -0.0698737502 0.87052846 0.487132281 0 174 220
0.239619717 1.46758747 0.928654492 -0.0757164508 0.874760866 0.478602618 0 174 220
0.273856133 1.48574138 0.900770307 -0.080913499 0.878616214 0.470623612 0 174 220
0.308096856 1.50379598 0.872829378 -0.0854661763 0.882118285 0.463209301 0 174 220
0.34234193 1.52175117 0.844831347 -0.0893761739 0.885288715 0.45637247 0 174 220
0.376590788 1.53961849 0.816783309 -0.0935044512 0.887736976 0.450754702 0 174 220
0.410840362 1.55746925 0.788725734 -0.0980881527 0.889574528 0.446134269 0 174 220
0.445090175 1.57531536 0.760665357 -0.102347791 0.89125216 0.441808164 0 174 220
0.479340255 1.59315681 0.732602298 -0.106286138 0.892778516 0.437778264 0 174 220
0.513590574 1.61099362 0.704536676 -0.109903611 0.894160569 0.434048414 0 174 220
0.547840893 1.62882531 0.676468194 -0.113202855 0.89540571 0.430620074 0 174 220
0.582091689 1.64665258 0.648397148 -0.116183698 0.896519721 0.427497119 0 174 220
0.616342366 1.66447496 0.620323241 -0.118848614 0.897508562 0.424680233 0 174 220
0.6505934 1.6822927 0.592246652 -0.121199191 0.898377478 0.422171354 0 174 220
0.684844732 1.70010579 0.56416738 -0.123236105 0.899131119 0.419971466 0 174 220
0.719096124 1.71791375 0.536085308 -0.124960393 0.89977318 0.418082744 0 174 220
0.753347874 1.73571742 0.508000731 -0.126373142 0.900307298 0.416505128 0 174 220
0.787599742 1.75351608 0.479913414 -0.127475411 0.900736272 0.41523993 0 174 220
0.82185185 1.77131021 0.451823294 -0.128267586 0.901062191 0.414287776 0 174 220
0.856104195 1.78909957 0.423730493 -0.128750533 0.901287019 0.413648427 0 174 220
0.890356541 1.80688369 0.395634919 -0.128924325 0.901411474 0.413322955 0 174 220
0.924609423 1.82466388 0.367536724 -0.12878938 0.901436508 0.413310558 0 174 220
0.958862305 1.84243894 0.339435786 -0.128344551 0.901361465 0.413612247 0 174 220
0.993115366 1.86020899 0.311332107 -0.127591267 0.901186049 0.414227217 0 174 220
1.02736855 1.87797475 0.283225894 -0.126528025 0.900909066 0.415154815 0 174 220
-0.294757366 1.15360904 1.37639225 0.0898053795 0.735848904 0.671164215 0 174 220
-0.260607451 1.17375016 1.34964538 0.0749797374 0.749505699 0.65773797 0 174 220
-0.226452604 1.1937772 1.32283306 0.0605837256 0.762415171 0.644245803 0 174 220
-0.192292765 1.21369004 1.29595518 0.0466596335 0.774579346 0.630753219 0 174 220
-0.158127993 1.23348856 1.26901245 0.0332458876 0.786005318 0.617325068 0 174 220
-0.123958185 1.25317287 1.24200404 0.02037834 0.79670614 0.604023159 0 174 220
-0.089783445 1.27274287 1.2149303 0.00808534957 0.806699693 0.590906262 0 174 220
-0.055603724 1.29219878 1.18779123 -0.00360672106 0.816007495 0.578030109 0 174 220
-0.0214189962 1.31154001 1.1605866 -0.0146774789 0.824654937 0.565445662 0 174 220
0.0127706714 1.33076751 1.13331652 -0.025109753 0.832669497 0.553200662 0 174 220
0.046965342 1.34988034 1.10598123 -0.0348898806 0.840080798 0.541338146 0 174 220
0.0811649859 1.3688792 1.07858062 -0.0440072417 0.846919119 0.529897571 0 174 220
0.115369588 1.38776362 1.05111468 -0.0524542853 0.853215456 0.518914104 0 174 220
0.149579182 1.40653396 1.02358317 -0.0602263622 0.859001279 0.508418679 0 174 220
0.183793724 1.42518997 0.995986342 -0.0673207045 0.864307284 0.498438567 0 174 220
0.218013257 1.44373155 0.968324125 -0.0737363473 0.869163156 0.48899734 0 174 220
0.252237737 1.46215904 0.940596461 -0.0794737563 0.873597682 0.480115712 0 174 220
0.286467224 1.48047221 0.912803531 -0.0845339894 0.877637506 0.471811771 0 174 220
0.320701659 1.49867129 0.884945035 -0.0889195502 0.881308377 0.464100063 0 174 220
0.3549411 1.51675606 0.857021332 -0.0926332921 0.884633839 0.456992507 0 174 220
0.389184892 1.53473949 0.829039693 -0.0965988263 0.887188435 0.451182187 0 174 220
0.423429847 1.55269766 0.80104357 -0.101058356 0.889087021 0.446443141 0 174 220
0.457675308 1.57064354 0.773040473 -0.105172925 0.890818477 0.442019403 0 174 220
0.491921365 1.58857751 0.745030224 -0.108942971 0.892390847 0.437915564 0 174 220
0.526167929 1.60649884 0.717013001 -0.112371758 0.893812656 0.434133053 0 174 220
0.56041503 1.62440825 0.688989043 -0.115459152 0.89509052 0.430676281 0 174 220
0.594662607 1.64230537 0.660957932 -0.118207581 0.896231413 0.42754668 0 174 220
0.628910661 1.66019022 0.632919729 -0.120618254 0.897241235 0.424746454 0 174 220
0.66315937 1.67806292 0.604874551 -0.122693077 0.898125172 0.422276586 0 174 220
0.697408557 1.69592309 0.576822519 -0.124432847 0.898887932 0.420139134 0 174 220
0.73165822 1.71377122 0.548763454 -0.125838369 0.899533451 0.41833505 0 174 220
0.76590848 1.7316072 0.520697296 -0.126911342 0.900065064 0.416865021 0 174 220
0.800159335 1.74943113 0.492624253 -0.12765193 0.900485218 0.415729821 0 174 220
0.834410608 1.76724255 0.464544117 -0.12806125 0.900796056 0.414929867 0 174 220
0.868662536 1.78504193 0.436457038 -0.128138587 0.900998831 0.414465457 0 174 220
0.902914941 1.80282891 0.408362925 -0.127884865 0.901094019 0.41433692 0 174 220
0.937167823 1.82060361 0.380261779 -0.127300695 0.901081562 0.414543778 0 174 220
0.971421361 1.83836639 0.352153778 -0.126384884 0.900960863 0.415086061 0 174 220
1.0056752 1.85611653 0.324038625 -0.125136256 0.900730193 0.415963888 0 174 220
1.03992963 1.87385476 0.295916647 -0.123555645 0.900387883 0.4171758 0 174 220
-0.281935692 1.14350379 1.38565791 0.0876114815 0.728075802 0.679874778 0 174 220
-0.247803584 1.16405475 1.3591454 0.0725107342 0.742372751 0.666051745 0 174 220
-0.213665903 1.18447578 1.33255875 0.0578513816 0.755894184 0.652132869 0 174 220
-0.179522544 1.20476711 1.30589759 0.0436805561 0.76863867 0.638190091 0 174 220
-0.145373583 1.22492874 1.27916253 0.0300388858 0.780613244 0.624292135 0 174 220
-0.111218937 1.24496078 1.25235319 0.0169647112 0.79182893 0.610507309 0 174 220
-0.0770586282 1.26486301 1.22546971 0.00448950892 0.802303731 0.596899033 0 174 220
-0.0428926945 1.28463542 1.19851148 -0.00735858502 0.812059283 0.583528459 0 174 220
-0.00872110389 1.30427849 1.17147958 -0.0185576659 0.82112211 0.570450842 0 174 220
0.0254561212 1.32379138 1.1443733 -0.0290884376 0.829519987 0.557718992 0 174 220
0.0596390329 1.3431747 1.11719251 -0.0389369614 0.837284446 0.545379221 0 174 220
0.093827568 1.36242831 1.08993769 -0.0480922423 0.844447792 0.533474624 0 174 220
0.128021747 1.38155222 1.06260872 -0.0565460548 0.85104239 0.522043407 0 174 220
0.162221581 1.40054643 1.03520536 -0.0642937571 0.857101798 0.511119246 0 174 220
0.196427047 1.41941082 1.00772774 -0.0713331252 0.862658799 0.500730813 0 174 220
0.230638176 1.43814552 0.980175912 -0.0776617527 0.867744327 0.490905702 0 174 220
0.264854968 1.45675051 0.952549994 -0.0832816213 0.872389495 0.481664598 0 174 220
0.299077421 1.47522593 0.924849749 -0.0881940573 0.876622736 0.473026872 0 174 220
0.333305448 1.4935714 0.897075236 -0.0924009904 0.880470872 0.465008646 0 174 220
0.367539138 1.51178706 0.869226515 -0.0959069282 0.883959115 0.45762226 0 174 220
0.401777864 1.52988684 0.841311514 -0.0996991992 0.886626661 0.451611996 0 174 220
0.436018109 1.54795277 0.813376904 -0.104026303 0.888592064 0.446746767 0 174 220
0.470259249 1.56599832 0.785430729 -0.107986577 0.890382648 0.442218989 0 174 220
0.504501343 1.58402383 0.757472992 -0.111580022 0.892006755 0.438034028 0 174 220
0.538744271 1.60202897 0.72950381 -0.114810124 0.893473327 0.434193492 0 174 220
0.572988033 1.62001383 0.701522946 -0.117677979 0.894789875 0.43070057 0 174 220
0.607232571 1.63797855 0.673530459 -0.120185301 0.895963073 0.427557677 0 174 220
0.64147824 1.65592301 0.645526469 -0.122332945 0.896999121 0.424767286 0 174 220
0.675724685 1.67384732 0.617510855 -0.124123558 0.897903562 0.422329813 0 174 220
0.709972024 1.69175112 0.589483678 -0.125557616 0.898680985 0.420247406 0 174 220
0.744220018 1.70963478 0.561444759 -0.126636103 0.899334848 0.418521345 0 174 220
0.778469145 1.72749829 0.533394516 -0.127360076 0.899868846 0.41715157 0 174 220
0.812719047 1.74534154 0.505332589 -0.127730399 0.900284946 0.416139334 0 174 220
0.846969843 1.76316464 0.47725904 -0.127747402 0.900584936 0.415484488 0 174 220
0.881221652 1.78096759 0.449173987 -0.127410904 0.900769532 0.415187538 0 174 220
0.915474117 1.7987498 0.421077222 -0.126720741 0.900838912 0.415248454 0 174 220
0.949727654 1.81651211 0.392968982 -0.125677764 0.900792122 0.415666521 0 174 220
0.983982146 1.83425438 0.36484924 -0.124279879 0.900627911 0.416441917 0 174 220
1.01823723 1.85197592 0.336717725 -0.122527681 0.900343955 0.417573601 0 174 220
1.05249321 1.86967754 0.308574885 -0.120419152 0.899937272 0.419060975 0 174 220
-0.269108921 1.13328087 1.39485633 0.0851790607 0.720099628 0.688622653 0 174 220
-0.234995261 1.15425503 1.36858582 0.0698162317 0.735043049 0.674416363 0 174 220
-0.200875297 1.1750834 1.34223247 0.0549067445 0.749184012 0.660082221 0 174 220
-0.166748971 1.19576573 1.31579518 0.0405000597 0.762518942 0.645697117 0 174 220
-0.132616311 1.21630228 1.28927445 0.0266421475 0.775051713 0.631335855 0 174 220
-0.0984772593 1.23669314 1.26267028 0.0133732567 0.786793172 0.617071927 0 174 220
-0.0643318966 1.25693774 1.23598278 0.000727486797 0.797760189 0.602974474 0 174 220
-0.0301801674 1.27703667 1.20921171 -0.0112654129 0.807974756 0.589109361 0 174 220
0.0039779162 1.2969898 1.18235707 -0.0225809943 0.817463636 0.575537384 0 174 220
0.0381423496 1.3167969 1.15541899 -0.0331994258 0.826256275 0.562315226 0 174 220
0.0723131597 1.33645809 1.12839746 -0.0431051329 0.834384918 0.549494088 0 174 220
0.106490299 1.35597348 1.10129237 -0.0522868186 0.84188354 0.537120223 0 174 220
0.140673801 1.37534297 1.07410383 -0.0607362054 0.848786771 0.525235236 0 174 220
0.174863651 1.39456654 1.04683197 -0.068448022 0.855129778 0.513875484 0 174 220
0.209059805 1.41364443 1.01947641 -0.0754196346 0.860946774 0.503073156 0 174 220
0.243262351 1.43257618 0.992037296 -0.081650354 0.866271555 0.492855757 0 174 220
0.277471244 1.45136213 0.964514971 -0.0871411711 0.871136427 0.483247191 0 174 220
0.311686486 1.47000217 0.93690896 -0.0918937176 0.87557143 0.474268049 0 174 220
0.345908076 1.48849654 0.909219623 -0.0959109217 0.879605472 0.465934962 0 174 220
0.380136013 1.50684464 0.88144666 -0.0991968066 0.883264601 0.458261609 0 174 220
0.414369613 1.52506173 0.853598654 -0.102805883 0.886051655 0.452043653 0 174 220
0.44860518 1.54323554 0.825725913 -0.106991604 0.888089597 0.447045445 0 174 220
0.482842028 1.56138039 0.797836602 -0.11078798 0.889944613 0.442407697 0 174 220
0.517080128 1.57949662 0.76993078 -0.114196725 0.891626298 0.438134253 0 174 220
0.55131942 1.59758377 0.742008626 -0.117219716 0.893143356 0.434228748 0 174 220
0.585560024 1.61564279 0.714069903 -0.119859315 0.894503951 0.43069303 0 174 220
0.619801819 1.63367236 0.686114728 -0.122116722 0.895715058 0.427530169 0 174 220
0.654044926 1.65167356 0.658143222 -0.123993248 0.896782935 0.424742311 0 174 220
0.688289225 1.66964614 0.630155146 -0.125490621 0.897713065 0.422330856 0 174 220
0.722534895 1.68758953 0.602150679 -0.126610413 0.898510218 0.420296609 0 174 220
0.756781638 1.70550442 0.574129701 -0.127353236 0.899177909 0.418640852 0 174 220
0.791029632 1.72339034 0.546092212 -0.12771973 0.89971894 0.417364866 0 174 220
0.825279057 1.74124801 0.518038392 -0.127711147 0.900135696 0.416467905 0 174 220
0.859529674 1.75907648 0.489968032 -0.127326548 0.90042913 0.415951192 0 174 220
0.893781424 1.77687609 0.46188125 -0.126567006 0.90059936 0.41581434 0 174 220
0.928034604 1.79464734 0.433777988 -0.125431508 0.900646329 0.416056663 0 174 220
0.962288916 1.81238949 0.405658275 -0.123919629 0.900568247 0.416678309 0 174 220
0.99654454 1.83010316 0.377522141 -0.122031033 0.900362492 0.417678893 0 174 220
1.0308013 1.84778762 0.349369466 -0.119764425 0.900026858 0.419056118 0 174 220
1.06505919 1.86544359 0.32120049 -0.117118187 0.899556577 0.420810401 0 174 220
-0.256276965 1.12294042 1.40398741 0.0825101808 0.711919785 0.697396815 0 174 220
-0.222182333 1.14435148 1.37796724 0.0668979213 0.727514923 0.682822526 0 174 220
-0.188080654 1.16560006 1.35185397 0.0517501757 0.742282748 0.668085575 0 174 220
-0.15397191 1.18668592 1.32564771 0.0371206477 0.756216586 0.653267622 0 174 220
-0.119856074 1.20760906 1.29934835 0.0230579618 0.769317627 0.638450265 0 174 220
-0.0857331455 1.22836936 1.27295554 0.00960571598 0.781595051 0.623712122 0 174 220
-0.051603131 1.24896705 1.24646997 -0.00319963251 0.793065727 0.609127641 0 174 220
-0.0174660441 1.26940191 1.21989119 -0.0153256264 0.803750575 0.594769001 0 174 220
0.0166781526 1.28967381 1.19321907 -0.0267466158 0.813677013 0.580701649 0 174 220
0.0508294255 1.30978358 1.1664542 -0.0374410897 0.822875559 0.56698674 0 174 220
0.0849878043 1.32973039 1.13959599 -0.0473930016 0.831379473 0.55368042 0 174 220
0.119153254 1.34951425 1.11264467 -0.0565900281 0.839224339 0.540832758 0 174 220
0.153325766 1.36913562 1.08560026 -0.0650231168 0.846446633 0.528488636 0 174 220
0.187505394 1.38859415 1.05846262 -0.0726877898 0.853083193 0.516687095 0 174 220
0.221692055 1.40788996 1.031232 -0.0795807391 0.859170377 0.505463302 0 174 220
0.255885839 1.42702317 1.00390816 -0.0857016444 0.86474365 0.49484697 0 174 220
0.290086716 1.44599354 0.976491332 -0.0910513103 0.869837284 0.484863669 0 174 220
0.324294657 1.46480119 0.948981285 -0.0956327245 0.874483347 0.475534856 0 174 220
0.358509719 1.48344624 0.921378195 -0.0994483754 0.878711522 0.46687904 0 174 220
0.392731786 1.50192845 0.893681943 -0.102502532 0.882549882 0.458910555 0 174 220
0.426960289 1.52026343 0.865901351 -0.105917998 0.885463595 0.452477217 0 174 220
0.461191177 1.53854537 0.838090479 -0.109953493 0.88757962 0.447339594 0 174 220
0.495423675 1.55678928 0.810257912 -0.113578394 0.88950491 0.442584485 0 174 220
0.529657841 1.57499528 0.782403529 -0.116793156 0.891249478 0.438216567 0 174 220
0.563893616 1.59316361 0.75452745 -0.119600967 0.892822742 0.434238464 0 174 220
0.598131061 1.61129415 0.726630092 -0.122003421 0.894232988 0.430653661 0 174 220
0.632370174 1.6293869 0.698710918 -0.124001861 0.895487368 0.427464545 0 174 220
0.666610897 1.64744186 0.670770168 -0.125598699 0.896592557 0.424672574 0 174 220
0.700853229 1.66545892 0.642807662 -0.126794592 0.897553802 0.422279805 0 174 220
0.735097289 1.68343842 0.614823699 -0.127591461 0.898375869 0.420287102 0 174 220
0.769342899 1.70137966 0.58681792 -0.127989709 0.899062157 0.418695301 0 174 220
0.803590238 1.71928358 0.558790565 -0.127990335 0.899615645 0.417504668 0 174 220
0.837839127 1.73714948 0.530741632 -0.127593383 0.900037408 0.416716456 0 174 220
0.872089803 1.7549777 0.502671123 -0.126799166 0.900328398 0.416330189 0 174 220
0.90634203 1.7727679 0.474578917 -0.125606582 0.900488436 0.416345596 0 174 220
0.940596044 1.79052067 0.446465105 -0.124016613 0.900516033 0.416762143 0 174 220
0.974851429 1.80823517 0.418329567 -0.12202698 0.900409222 0.417579532 0 174 220
1.00910878 1.82591224 0.390172541 -0.119637854 0.900164723 0.418796122 0 174 220
1.04336751 1.84355164 0.361993819 -0.116846703 0.899778426 0.420411289 0 174 220
1.0776279 1.86115289 0.333793581 -0.113652647 0.899245083 0.422423244 0 174 220
-0.243439943 1.11248231 1.41305125 0.079607293 0.703536093 0.706186652 0 174 220
-0.209364966 1.13434434 1.38728905 0.0637587309 0.719787836 0.69125998 0 174 220
-0.175282165 1.15602589 1.36142373 0.0483851358 0.735188961 0.676133156 0 174 220
-0.141191468 1.17752767 1.33545518 0.033543922 0.749729693 0.6608935 0 174 220
-0.107092977 1.19884884 1.30938375 0.0192879196 0.76340878 0.645627558 0 174 220
-0.0729866177 1.2199899 1.28320909 0.00566338003 0.776233077 0.630420744 0 174 220
-0.0388724171 1.24095082 1.25693107 -0.00729019986 0.788217962 0.615353048 0 174 220
-0.00475037843 1.26173127 1.23055005 -0.01953841 0.799384475 0.600502074 0 174 220
0.0293795411 1.28233182 1.20406592 -0.0310533643 0.809759796 0.585939229 0 174 220
0.0635172799 1.30275166 1.17747879 -0.0418131612 0.819375396 0.571730435 0 174 220
0.0976629108 1.32299149 1.15078807 -0.0517999828 0.828265965 0.557935715 0 174 220
0.131816342 1.34305096 1.12399447 -0.0610003807 0.836467981 0.544610202 0 174 220
0.165977642 1.36293042 1.09709775 -0.069406651 0.844020069 0.531801462 0 174 220
0.200146779 1.38262928 1.07009768 -0.0770125017 0.850960732 0.519552529 0 174 220
0.234323755 1.40214813 1.04299474 -0.0838151574 0.857328117 0.507901132 0 174 220
0.268508613 1.42148674 1.01578844 -0.08981435 0.863159716 0.496878892 0 174 220
0.302701294 1.44064498 0.988479018 -0.0950120166 0.868491471 0.486513287 0 174 220
0.336901844 1.4596231 0.961066544 -0.0994105637 0.873357534 0.476827234 0 174 220
0.371110171 1.47842085 0.933550775 -0.103013381 0.877789021 0.467840433 0 174 220
0.405326396 1.49703848 0.905932069 -0.105824314 0.881815016 0.459568769 0 174 220
0.439549744 1.51549244 0.878219664 -0.109036274 0.884862483 0.452912122 0 174 220
0.473775834 1.53388202 0.850470483 -0.112913281 0.887062192 0.447628468 0 174 220
0.508004069 1.55222499 0.822694421 -0.116356842 0.889063299 0.442749798 0 174 220
0.542234361 1.5705204 0.794891119 -0.119369425 0.890876591 0.438280433 0 174 220
0.576466739 1.58876824 0.767060816 -0.12195313 0.892511725 0.434223771 0 174 220
0.610701084 1.60696876 0.739203334 -0.124109589 0.893977046 0.430583149 0 174 220
0.644937515 1.62512195 0.711318791 -0.125841469 0.89528054 0.427360147 0 174 220
0.679175973 1.6432277 0.683407009 -0.127149388 0.896428406 0.424557775 0 174 220
0.713416576 1.66128635 0.655468345 -0.12803565 0.897426248 0.42217651 0 174 220
0.747659206 1.67929745 0.627502501 -0.128500879 0.898278475 0.42021817 0 174 220
0.781903863 1.69726121 0.599509656 -0.128546074 0.898988664 0.418682784 0 174 220
0.816150725 1.71517777 0.571489573 -0.128171742 0.899558604 0.417572021 0 174 220
0.850399554 1.73304689 0.543442488 -0.127377972 0.899990082 0.416884482 0 174 220
0.884650409 1.7508688 0.515368223 -0.126164213 0.900282741 0.416621476 0 174 220
0.91890341 1.76864326 0.487266958 -0.12453071 0.900436223 0.416781455 0 174 220
0.953158379 1.7863704 0.459138542 -0.122476332 0.900447965 0.41736421 0 174 220
0.987415373 1.80404997 0.430983007 -0.11999952 0.900315166 0.418369114 0 174 220
1.02167451 1.82168245 0.402800411 -0.117099434 0.900033534 0.41979453 0 174 220
1.0559355 1.83926713 0.374590665 -0.113774024 0.899597943 0.421638489 0 174 220
1.09019887 1.85680509 0.346354067 -0.110021882 0.899001896 0.423899442 0 174 220
-0.230597749 1.10190642 1.4220475 0.0764739588 0.694948912 0.71498096 0 174 220
-0.196542993 1.12423313 1.39655149 0.0604008287 0.711860597 0.699718595 0 174 220
-0.162479624 1.14636111 1.3709414 0.0448132567 0.72790128 0.684216022 0 174 220
-0.128407583 1.16829062 1.34521794 0.029772317 0.743056774 0.66856581 0 174 220
-0.0943269506 1.19002199 1.319381 0.0153344767 0.757322609 0.65286088 0 174 220
-0.0602376387 1.21155477 1.29343033 0.001548553 0.770703852 0.637191653 0 174 220
-0.0261396933 1.23288906 1.26736629 -0.0115421768 0.783213615 0.62164557 0 174 220
0.00796687137 1.25402486 1.24118865 -0.0239017494 0.794873297 0.606304526 0 174 220
0.0420821197 1.27496231 1.21489739 -0.0355003402 0.805709124 0.591246665 0 174 220
0.0762059763 1.29570115 1.1884923 -0.0463142321 0.815753698 0.576542258 0 174 220
0.110338502 1.3162415 1.16197371 -0.0563247576 0.825042069 0.562257171 0 174 220
0.144479662 1.33658361 1.13534188 -0.0655183345 0.8336128 0.548449636 0 174 220
0.178629443 1.35672688 1.10859632 -0.0738856494 0.841505587 0.535172164 0 174 220
0.212787867 1.37667191 1.08173716 -0.0814213082 0.848760962 0.522470593 0 174 220
0.246954918 1.39641869 1.05476439 -0.0881224051 0.855418861 0.510385215 0 174 220
0.281130642 1.41596675 1.02767813 -0.0939892456 0.861518919 0.498950064 0 174 220
0.315315008 1.43531644 1.00047827 -0.0990230963 0.86709857 0.488195151 0 174 220
0.349507987 1.45446765 0.973164916 -0.103227265 0.872193635 0.478144705 0 174 220
0.38370961 1.4734205 0.945737839 -0.106605597 0.876837373 0.468819141 0 174 220
0.417919844 1.49217474 0.918197215 -0.109162077 0.881060004 0.460235685 0 174 220
0.452137977 1.51074803 0.890553236 -0.112160154 0.884247959 0.453349382 0 174 220
0.486359447 1.52924657 0.862866282 -0.115869656 0.886537313 0.447912723 0 174 220
0.520583332 1.54768777 0.835146487 -0.119123921 0.888620198 0.442903757 0 174 220
0.554809868 1.56607127 0.80739373 -0.121925138 0.890507638 0.438326716 0 174 220
0.589038849 1.58439755 0.77960819 -0.124276295 0.892210364 0.434184432 0 174 220
0.623270094 1.6026659 0.75178957 -0.126178861 0.893736601 0.430480838 0 174 220
0.657504022 1.62087727 0.723938406 -0.127634421 0.895094395 0.427218229 0 174 220
0.691740513 1.63903153 0.69605428 -0.128646016 0.8962906 0.424397647 0 174 220
0.725979388 1.6571281 0.668137252 -0.129213497 0.897330344 0.422021478 0 174 220
0.760220885 1.6751672 0.640187442 -0.129338667 0.898217976 0.420090437 0 174 220
0.794464707 1.69314873 0.612204731 -0.129022017 0.898956776 0.41860491 0 174 220
0.828711092 1.71107304 0.584189117 -0.128264025 0.899548411 0.417565435 0 174 220
0.8629601 1.72893989 0.556140721 -0.127064466 0.899993777 0.41697219 0 174 220
0.897211373 1.74674928 0.528059423 -0.125422835 0.900292575 0.416824192 0 174 220
0.931465387 1.76450145 0.499945313 -0.123338632 0.90044266 0.417121828 0 174 220
0.965721726 1.78219604 0.471798331 -0.120810531 0.900441647 0.41786322 0 174 220
0.999980628 1.79983294 0.443618506 -0.117836982 0.900285363 0.419047236 0 174 220
1.03424215 1.81741309 0.41540584 -0.114416733 0.899968684 0.420672208 0 174 220
1.06850612 1.83493531 0.387160242 -0.110547312 0.899484932 0.422736406 0 174 220
1.10277224 1.85240006 0.35888198 -0.106226876 0.898826361 0.425237656 0 174 220
-0.217750445 1.09121299 1.43097675 0.073113136 0.686158895 0.723768234 0 174 220
-0.183716521 1.11401784 1.40575409 0.0568277873 0.703732967 0.708188117 0 174 220
-0.149673149 1.13660538 1.38040709 0.0410377048 0.720418394 0.692324579 0 174 220
-0.115620315 1.15897548 1.35493588 0.0258079991 0.736195743 0.676276386 0 174 220
-0.0815579891 1.18112826 1.32934022 0.0111988224 0.751056969 0.660142422 0 174 220
-0.0474862196 1.20306373 1.30361998 -0.00273672864 0.765004873 0.64401865 0 174 220
-0.0134049933 1.22478163 1.27777529 -0.0159540921 0.77805084 0.62799871 0 174 220
0.020685697 1.24628246 1.25180638 -0.0284146611 0.790214539 0.612171173 0 174 220
0.05478587 1.26756573 1.22571313 -0.0400858372 0.801522672 0.596619308 0 174 220
0.0888954848 1.28863168 1.19949543 -0.0509429239 0.812007666 0.58141923 0 174 220
0.123014614 1.30948055 1.17315352 -0.0609664172 0.821705878 0.56664139 0 174 220
0.157143161 1.33011174 1.14668703 -0.0701417327 0.830656648 0.552349269 0 174 220
0.191281185 1.35052586 1.12009621 -0.0784594715 0.838901401 0.538598776 0 174 220
0.225428656 1.37072217 1.09338093 -0.0859137625 0.846482277 0.525439441 0 174 220
0.259585589 1.39070141 1.06654143 -0.0925024375 0.853441536 0.512913942 0 174 220
0.293751985 1.41046333 1.03957736 -0.0982249305 0.859819949 0.501060307 0 174 220
0.327927887 1.43000793 1.01248908 -0.103083991 0.865657508 0.489908874 0 174 220
0.362113178 1.44933486 0.985276222 -0.107082382 0.870991409 0.479486555 0 174 220
0.396307975 1.46844482 0.957939148 -0.110224783 0.8758564 0.469814897 0 174 220
0.430512249 1.48733723 0.93047756 -0.11251568 0.880284369 0.46091181 0 174 220
0.464725077 1.5060308 0.902902305 -0.115289621 0.883620203 0.453788042 0 174 220
0.498941779 1.52463794 0.875277579 -0.118822999 0.886004865 0.448192388 0 174 220
0.533161461 1.54317701 0.847613871 -0.12187925 0.888175368 0.443046153 0 174 220
0.567384124 1.56164837 0.819911182 -0.124460787 0.890143096 0.438354552 0 174 220
0.601609647 1.58005118 0.792169511 -0.126570806 0.891918838 0.434120506 0 174 220
0.635838211 1.59838629 0.764389098 -0.128210306 0.893511772 0.430347472 0 174 220
0.670069754 1.61665368 0.736569881 -0.129382268 0.894929647 0.427037776 0 174 220
0.704304159 1.63485265 0.708711505 -0.13008748 0.896179259 0.424193263 0 174 220
0.738541543 1.6529839 0.680814326 -0.130328119 0.897266209 0.421815097 0 174 220
0.772781968 1.67104721 0.652878344 -0.130104586 0.898194432 0.419904172 0 174 220
0.807025135 1.68904197 0.624903202 -0.129417554 0.89896673 0.418461353 0 174 220
0.841271639 1.70696938 0.596889377 -0.128267035 0.899584651 0.417486548 0 174 220
0.875520766 1.72482848 0.56883657 -0.126652673 0.900048494 0.416979343 0 174 220
0.909773052 1.74261963 0.540744722 -0.12457408 0.900356948 0.416939646 0 174 220
0.944028139 1.76034272 0.512614071 -0.122029923 0.900507629 0.417366326 0 174 220
0.978286326 1.77799797 0.484444588 -0.119018853 0.90049696 0.418257862 0 174 220
1.01254749 1.79558516 0.456236094 -0.115538783 0.900319636 0.419613451 0 174 220
1.04681146 1.81310427 0.427988708 -0.111588739 0.89996922 0.421430171 0 174 220
1.08107853 1.83055568 0.39970246 -0.10716515 0.899438143 0.423705727 0 174 220
1.11534834 1.84793866 0.371377349 -0.102266401 0.898717225 0.426437467 0 174 220
-0.204898074 1.0804019 1.43983853 0.0695285946 0.677167177 0.732536912 0 174 220
-0.170885578 1.10369885 1.41489756 0.0530426167 0.695405483 0.716657281 0 174 220
-0.13686277 1.12675869 1.38982081 0.0370607153 0.712739646 0.70044899 0 174 220
-0.102829613 1.14958167 1.36460865 0.0216540545 0.729145169 0.684016407 0 174 220
-0.068786189 1.17216778 1.33926082 0.0068847728 0.744610131 0.667464137 0 174 220
-0.0347324163 1.1945169 1.31377745 -0.00719092228 0.759134471 0.650894165 0 174 220
-0.000668347871 1.21662903 1.28815842 -0.0205243938 0.772726774 0.634406924 0 174 220
0.0334060453 1.23850417 1.26240385 -0.0330746472 0.785405755 0.618097007 0 174 220
0.0674907491 1.26014256 1.23651385 -0.0448079705 0.797197938 0.602052987 0 174 220
0.101585768 1.28154397 1.21048796 -0.0556975901 0.808135271 0.586357534 0 174 220
0.135691151 1.30270851 1.18432665 -0.0657232106 0.818254888 0.571086049 0 174 220
0.169806793 1.32363582 1.15802956 -0.0748694912 0.82759738 0.55630672 0 174 220
0.203932777 1.3443265 1.13159716 -0.083126843 0.836205661 0.542079389 0 174 220
0.238069072 1.36478019 1.10502899 -0.0904889554 0.844123542 0.528457403 0 174 220
0.272215635 1.38499653 1.07832527 -0.096953541 0.851394653 0.515487254 0 174 220
0.306372583 1.40497637 1.0514859 -0.102521263 0.858062387 0.503208101 0 174 220
0.340539813 1.42471921 1.0245111 -0.107193992 0.86416775 0.4916538 0 174 220
0.374717385 1.44422507 0.997400582 -0.110975638 0.869750142 0.480852485 0 174 220
0.408905268 1.46349406 0.970154583 -0.113870718 0.874845743 0.470827281 0 174 220
0.443103433 1.48252606 0.942772806 -0.115884699 0.87948817 0.461596519 0 174 220
0.477310985 1.50134063 0.915266871 -0.11842481 0.882979333 0.454228073 0 174 220
0.511522949 1.52005672 0.887704432 -0.121773072 0.885465264 0.448466897 0 174 220
0.545738339 1.53869343 0.860096574 -0.124622688 0.887729108 0.443177313 0 174 220
0.579957247 1.55725133 0.832443595 -0.126976222 0.889782965 0.438364446 0 174 220
0.614179552 1.57573009 0.804745376 -0.128836036 0.891637504 0.434031993 0 174 220
0.648405194 1.59412956 0.777001798 -0.130204618 0.893302619 0.430182874 0 174 220
0.682634354 1.61245024 0.74921298 -0.131083727 0.894786119 0.426819474 0 174 220
0.71686703 1.63069165 0.721378922 -0.13147524 0.896094918 0.42394349 0 174 220
0.751102984 1.6488539 0.693499565 -0.131379962 0.897234321 0.421556532 0 174 220
0.785342634 1.66693747 0.665575027 -0.130799145 0.898208141 0.419658959 0 174 220
0.819585443 1.68494141 0.637605131 -0.129732892 0.899018884 0.418251544 0 174 220
0.853831828 1.70286632 0.609590054 -0.128181085 0.89966774 0.41733399 0 174 220
0.88808167 1.72071254 0.581529737 -0.126142874 0.900154054 0.416906118 0 174 220
0.922334969 1.73847973 0.55342412 -0.123618215 0.900476158 0.416966736 0 174 220
0.956591606 1.75616741 0.525273204 -0.12060459 0.900630653 0.417515218 0 174 220
0.9908517 1.77377594 0.497077048 -0.11710117 0.90061295 0.418549389 0 174 220
1.02511537 1.79130578 0.468835711 -0.113105632 0.900416851 0.420067459 0 174 220
1.05938244 1.80875635 0.440549076 -0.108615331 0.900034606 0.422066838 0 174 220
1.09365296 1.82612789 0.4122172 -0.103627943 0.899456859 0.424545199 0 174 220
1.12792671 1.84342015 0.383840144 -0.0981410891 0.898673713 0.427497238 0 174 220
-0.192040533 1.06947327 1.44863307 0.0657239333 0.667975724 0.741275132 0 174 220
-0.158050045 1.09327579 1.42398155 0.0490485914 0.686878502 0.72511524 0 174 220
-0.12404836 1.11682117 1.39918268 0.0328869559 0.704864919 0.708578765 0 174 220
-0.0900354832 1.1401093 1.37423658 0.0173129626 0.721904099 0.691776574 0 174 220
-0.056011416 1.16314042 1.34914339 0.0023943116 0.737980664 0.674817622 0 174 220
-0.0219761468 1.18591404 1.32390296 -0.0118104713 0.753089845 0.657811642 0 174 220
0.0120703205 1.20843089 1.29851556 -0.0252497047 0.767238975 0.640864134 0 174 220
0.0461279824 1.23069024 1.27298069 -0.0378797427 0.78044492 0.624076068 0 174 220
0.0801968575 1.25269258 1.24729884 -0.0496647879 0.792732418 0.607543111 0 174 220
0.114276901 1.27443731 1.22146964 -0.060576953 0.804133952 0.591353476 0 174 220
0.14836821 1.29592514 1.19549334 -0.0705942065 0.814687073 0.575587809 0 174 220
0.182470664 1.31715572 1.16936982 -0.079700999 0.824433327 0.560319066 0 174 220
0.21658431 1.33812916 1.14309919 -0.0878866985 0.83341676 0.545611978 0 174 220
0.250709176 1.35884523 1.11668134 -0.0951461643 0.84168309 0.531523168 0 174 220
0.284845233 1.37930429 1.09011626 -0.101475902 0.849277377 0.518102884 0 174 220
0.318992496 1.39950597 1.06340408 -0.106877528 0.856244802 0.505392909 0 174 220
0.353150964 1.41945064 1.03654468 -0.111352675 0.86262846 0.493429571 0 174 220
0.387320578 1.43913782 1.00953794 -0.114906572 0.868469298 0.482242197 0 174 220
0.421501398 1.4585681 0.982384205 -0.117543526 0.873805285 0.47185576 0 174 220
0.455693483 1.47774112 0.955083191 -0.119268738 0.878670931 0.462290376 0 174 220
0.489895791 1.49667764 0.927646935 -0.121565253 0.882324874 0.454669833 0 174 220
0.524102926 1.51550233 0.900146723 -0.12471994 0.884918213 0.448736668 0 174 220
0.558314145 1.53423691 0.872594893 -0.127354473 0.887281477 0.443297029 0 174 220
0.592529237 1.55288053 0.844990849 -0.129470795 0.889427066 0.438356936 0 174 220
0.626748323 1.57143331 0.817335069 -0.131072491 0.891366482 0.433919251 0 174 220
0.660971344 1.58989596 0.789627433 -0.132161275 0.893109322 0.429987282 0 174 220
0.695198238 1.60826755 0.761867881 -0.132739291 0.89466399 0.426563561 0 174 220
0.729429126 1.62654841 0.734056413 -0.132808104 0.89603734 0.423649758 0 174 220
0.763663948 1.64473855 0.70619303 -0.132368937 0.897234499 0.421246588 0 174 220
0.797902822 1.66283798 0.678277791 -0.131421819 0.898259044 0.419355392 0 174 220
0.832145452 1.68084681 0.650310516 -0.129967585 0.89911288 0.417976528 0 174 220
0.866392076 1.6987648 0.622291386 -0.128005803 0.899797201 0.417108685 0 174 220
0.900642812 1.71659243 0.594220459 -0.125535131 0.900310218 0.4167521 0 174 220
0.934897423 1.7343291 0.566097558 -0.122554891 0.900649726 0.416905761 0 174 220
0.969155908 1.75197506 0.53792274 -0.119062975 0.900811374 0.417567849 0 174 220
1.00341833 1.76953018 0.509696007 -0.115057893 0.900789559 0.41873613 0 174 220
1.0376848 1.78699481 0.481417388 -0.110536695 0.900576532 0.420408845 0 174 220
1.0719552 1.80436909 0.453086972 -0.105496749 0.900163531 0.422582507 0 174 220
1.10622954 1.82165205 0.424704492 -0.0999354199 0.899540126 0.425253481 0 174 220
1.1405077 1.83884478 0.396270365 -0.0938500538 0.89869374 0.428417712 0 174 220
-0.179177895 1.05842686 1.45736027 0.0617037825 0.658586562 0.749970913 0 174 220
-0.145210028 1.08274889 1.43300581 0.0448498502 0.678153455 0.733550608 0 174 220
-0.111230068 1.10679281 1.40849233 0.0285189804 0.696793199 0.716704905 0 174 220
-0.0772379637 1.13055861 1.3838197 0.0127887409 0.714471459 0.699547708 0 174 220
-0.0432337895 1.1540463 1.35898769 -0.00226945081 0.731166422 0.682195365 0 174 220
-0.00921749137 1.17725575 1.33399665 -0.0165931303 0.746869802 0.664763272 0 174 220
0.0248109307 1.20018709 1.30884647 -0.0301281121 0.761585891 0.647363245 0 174 220
0.058851447 1.22284031 1.28353715 -0.0428276546 0.775329292 0.630103469 0 174 220
0.0929040909 1.24521542 1.25806856 -0.0546546914 0.788123846 0.61308527 0 174 220
0.126968816 1.26731217 1.23244059 -0.0655791834 0.80000186 0.596402943 0 174 220
0.1610457 1.28913093 1.20665383 -0.0755776912 0.811000645 0.580143094 0 174 220
0.19513467 1.31067133 1.18070769 -0.0846345499 0.821162581 0.564383686 0 174 220
0.229235753 1.33193386 1.15460241 -0.0927383602 0.830533147 0.549194157 0 174 220
0.263348937 1.35291803 1.12833798 -0.0998837873 0.83915931 0.534635365 0 174 220
0.297474235 1.37362421 1.10191441 -0.10606847 0.847088337 0.52075994 0 174 220
0.331611633 1.39405215 1.07533145 -0.111292496 0.854366362 0.507614076 0 174 220
0.365761161 1.41420186 1.04858959 -0.115560159 0.861039102 0.495234787 0 174 220
0.399922758 1.43407333 1.02168834 -0.118874788 0.867148519 0.483655065 0 174 220
0.434096545 1.45366704 0.994628131 -0.121242031 0.872734308 0.472900838 0 174 220
0.468282372 1.47298229 0.967408478 -0.1226684 0.877832949 0.462992311 0 174 220
0.502479374 1.49204147 0.940042436 -0.124710813 0.881657064 0.455113292 0 174 220
0.536681712 1.51097572 0.912604809 -0.127663672 0.88436389 0.44900164 0 174 220
0.570888698 1.52980745 0.885108531 -0.130073994 0.886832416 0.443406165 0 174 220
0.605100095 1.54853606 0.857553184 -0.131945595 0.889075875 0.438331336 0 174 220
0.639316022 1.5671618 0.829939127 -0.133280441 0.89110589 0.433781892 0 174 220
0.673536301 1.5856849 0.8022663 -0.134080648 0.892932177 0.429760933 0 174 220
0.707761168 1.60410523 0.774534583 -0.134349093 0.894563735 0.426269889 0 174 220
0.741990387 1.62242258 0.746743917 -0.134086937 0.896007001 0.423310935 0 174 220
0.776224256 1.64063752 0.71889466 -0.133294612 0.897267044 0.420885265 0 174 220
0.810462534 1.65874922 0.690986395 -0.131973282 0.898347259 0.418993264 0 174 220
0.844705164 1.67675817 0.66301924 -0.130122155 0.899249315 0.417634934 0 174 220
0.878952384 1.69466436 0.634993434 -0.127741471 0.899973094 0.416809857 0 174 220
0.913204134 1.71246791 0.60690856 -0.124829166 0.900516927 0.416517556 0 174 220
0.947460234 1.73016834 0.578765035 -0.12138465 0.900877476 0.416756064 0 174 220
0.981720805 1.7477659 0.550562561 -0.117405109 0.901049435 0.417523623 0 174 220
1.01598608 1.76526105 0.522301316 -0.112888873 0.901025891 0.418817878 0 174 220
1.05025566 1.78265321 0.493981242 -0.10783235 0.900797963 0.420636624 0 174 220
1.08452964 1.79994237 0.465602249 -0.102233194 0.900355756 0.422975093 0 174 220
1.11880815 1.81712878 0.437164515 -0.096087873 0.899686396 0.425830334 0 174 220
1.15309107 1.8342123 0.408667982 -0.0893939659 0.898776531 0.429196388 0 174 220
-0.166310102 1.04726279 1.46601999 0.0574726872 0.649002492 0.758612394 0 174 220
-0.13236545 1.07211828 1.44197083 0.0404512435 0.669231474 0.741952062 0 174 220
-0.0984077528 1.09667373 1.41775012 0.0239610951 0.68852663 0.72481519 0 174 220
-0.0644370094 1.12092948 1.39335787 0.00808497146 0.70684725 0.707320035 0 174 220
-0.0304532126 1.1448853 1.36879373 -0.00710308971 0.724166751 0.689588368 0 174 220
0.00354366098 1.16854155 1.34405851 -0.0215361919 0.740472555 0.671741486 0 174 220
0.0375535525 1.19189799 1.31915152 -0.0351571143 0.7557652 0.653898299 0 174 220
0.0715765059 1.21495438 1.29407299 -0.0479164422 0.770056844 0.636173368 0 174 220
0.105612516 1.23771131 1.26882291 -0.0597753078 0.783370316 0.618674278 0 174 220
0.13966158 1.26016819 1.24340105 -0.0707017854 0.795736313 0.60150224 0 174 220
0.173723742 1.28232563 1.21780789 -0.0806717202 0.807192981 0.584749162 0 174 220
0.207798928 1.30418289 1.19204319 -0.0896683857 0.817783117 0.568498433 0 174 220
0.241887122 1.32574046 1.16610682 -0.0976805314 0.827553093 0.552823961 0 174 220
0.27598837 1.34699833 1.13999891 -0.104701757 0.836551249 0.537791371 0 174 220
0.310102731 1.36795652 1.11371958 -0.110730104 0.844826221 0.523457289 0 174 220
0.344230086 1.38861477 1.08726859 -0.115766786 0.852426529 0.509869695 0 174 220
0.378370553 1.40897322 1.06064594 -0.11981497 0.859398723 0.497069746 0 174 220
0.412524015 1.42903173 1.03385174 -0.122879878 0.865787029 0.485090971 0 174 220
0.4466905 1.44879067 1.00688612 -0.124967165 0.871632934 0.473961294 0 174 220
0.480870128 1.46824992 0.979748905 -0.126082808 0.876973629 0.463702857 0 174 220
0.515061677 1.487432 0.952453375 -0.127861708 0.880975723 0.455558032 0 174 220
0.549259365 1.50647593 0.925078452 -0.130603448 0.883802235 0.449262053 0 174 220
0.583462059 1.52540445 0.897637486 -0.132781968 0.886382222 0.443503648 0 174 220
0.61766988 1.54421747 0.870130479 -0.13439998 0.888729393 0.438288271 0 174 220
0.651882589 1.56291497 0.842557371 -0.135459259 0.89085567 0.433620661 0 174 220
0.686100423 1.58149695 0.81491822 -0.135962963 0.892771482 0.429503441 0 174 220
0.720323205 1.59996367 0.787213087 -0.135913134 0.894485235 0.425938755 0 174 220
0.754550993 1.61831474 0.759441733 -0.135311306 0.896003842 0.422927856 0 174 220
0.788783908 1.63655043 0.731604457 -0.134157658 0.897332013 0.420472324 0 174 220
0.82302177 1.65467072 0.70370096 -0.132453158 0.898472846 0.418572307 0 174 220
0.857264578 1.67267525 0.67573148 -0.13019681 0.899427533 0.417227685 0 174 220
0.891512513 1.69056463 0.647695899 -0.127387881 0.90019536 0.416438043 0 174 220
0.925765514 1.70833862 0.619594276 -0.124025524 0.900774062 0.416201591 0 174 220
0.960023522 1.72599709 0.591426671 -0.120107122 0.901159048 0.416517347 0 174 220
0.994286597 1.74354005 0.563192844 -0.115630381 0.901344061 0.417382866 0 174 220
1.0285548 1.76096773 0.534893036 -0.110592984 0.901321232 0.418795109 0 174 220
1.06282771 1.77827954 0.506527007 -0.10499204 0.901080191 0.420750737 0 174 220
1.09710574 1.7954762 0.478095084 -0.0988240242 0.900609434 0.423245251 0 174 220
1.1313889 1.81255746 0.449597031 -0.0920847356 0.899894118 0.4262757 0 174 220
1.16567695 1.82952297 0.421033055 -0.0847723931 0.898919821 0.429833442 0 174 220
-0.153437242 1.0359813 1.47461259 0.0530356988 0.639226854 0.767187238 0 174 220
-0.119516395 1.06138361 1.45087647 0.0358568244 0.660114467 0.750308752 0 174 220
-0.0855815485 1.08646381 1.42695606 0.0192178264 0.680065036 0.732899845 0 174 220
-0.0516326539 1.11122167 1.40285087 0.00320533291 0.699031413 0.715083838 0 174 220
-0.0176697522 1.13565755 1.37856162 -0.0121030752 0.716981232 0.696987391 0 174 220
0.0163071807 1.15977168 1.35408843 -0.0266359299 0.733896852 0.678738475 0 174 220
0.0502981395 1.18356335 1.32943034 -0.0403328501 0.74977535 0.660462022 0 174 220
0.0843031034 1.20703268 1.3045882 -0.053143099 0.764626026 0.642279506 0 174 220
0.118322104 1.23018026 1.27956176 -0.0650243908 0.778469384 0.624305367 0 174 220
0.152355134 1.25300586 1.25435102 -0.0759432912 0.791335821 0.606646657 0 174 220
0.186402217 1.27550912 1.22895575 -0.0858750045 0.803262591 0.589401901 0 174 220
0.220463276 1.29769027 1.20337617 -0.0948015302 0.814293325 0.572659612 0 174 220
0.254538387 1.3195492 1.17761242 -0.102711476 0.82447499 0.556499124 0 174 220
0.288627505 1.34108627 1.15166426 -0.109598555 0.833857238 0.540990114 0 174 220
0.322730631 1.36230111 1.12553167 -0.115460165 0.842489958 0.5261935 0 174 220
0.356847793 1.38319373 1.09921491 -0.120298877 0.850423872 0.512159586 0 174 220
0.390978992 1.40376425 1.07271373 -0.124117367 0.857706666 0.498932898 0 174 220
0.425124228 1.42401302 1.04602826 -0.126921654 0.86438477 0.48654893 0 174 220
0.459283471 1.44393933 1.01915848 -0.128717527 0.870500505 0.475037575 0 174 220
0.493456721 1.46354365 0.992104232 -0.129512161 0.876093149 0.46442157 0 174 220
0.527642965 1.48284996 0.964879632 -0.131017461 0.880280912 0.456004202 0 174 220
0.561835885 1.50200355 0.937567592 -0.133540526 0.883233368 0.44951722 0 174 220
0.596034348 1.52102852 0.91018188 -0.135477841 0.885930896 0.443589985 0 174 220
0.630238473 1.53992498 0.882722616 -0.136833146 0.88838774 0.438228101 0 174 220
0.664448142 1.55869281 0.855189741 -0.137609214 0.890616357 0.43343538 0 174 220
0.698663414 1.57733178 0.827583194 -0.137808189 0.892627239 0.429215014 0 174 220
0.732884347 1.59584248 0.799903274 -0.137431517 0.89442873 0.425569862 0 174 220
0.767110825 1.61422431 0.772149563 -0.136481375 0.896027982 0.422500551 0 174 220
0.801342905 1.63247764 0.7443223 -0.134957954 0.897429407 0.420008123 0 174 220
0.835580587 1.65060246 0.716421425 -0.132861391 0.898635685 0.418093055 0 174 220
0.869823873 1.66859877 0.688447058 -0.130190715 0.899647534 0.416754991 0 174 220
0.904072762 1.68646634 0.660399079 -0.126945272 0.9004637 0.415992826 0 174 220
0.938327253 1.70420504 0.632277369 -0.123122998 0.901080787 0.415805399 0 174 220
0.972587287 1.72181559 0.604082227 -0.118722096 0.901493728 0.416190147 0 174 220
1.00685298 1.73929727 0.575813413 -0.113739178 0.901694655 0.417145163 0 174 220
1.04112434 1.75665045 0.547471046 -0.108171336 0.901674747 0.418666422 0 174 220
1.07540107 1.77387488 0.519054949 -0.102015764 0.901421964 0.420750707 0 174 220
1.10968363 1.79097092 0.49056536 -0.095268935 0.900923193 0.423392475 0 174 220
1.14397168 1.80793822 0.462002188 -0.0879260898 0.900162399 0.426587164 0 174 220
1.17826533 1.82477689 0.433365524 -0.0799859464 0.899122417 0.430326998 0 174 220
-0.140561506 1.02463377 1.48316741 0.0401694626 0.63579905 0.770808697 0 174 220
-0.106664859 1.05059159 1.45974922 0.0235095136 0.656622052 0.753853261 0 174 220
-0.0727531686 1.07620442 1.43613338 0.00741535006 0.676528811 0.736378729 0 174 220
-0.038826488 1.1014725 1.41232038 -0.0080319196 0.695473135 0.71850723 0 174 220
-0.00488480832 1.12639582 1.38831007 -0.0227564331 0.713422894 0.700364172 0 174 220
0.0290719122 1.15097392 1.36410236 -0.0366916321 0.7303617 0.682074368 0 174 220
0.0630436316 1.17520702 1.33969724 -0.0497817993 0.746285677 0.663761556 0 174 220
0.0970303789 1.19909549 1.31509483 -0.0619780049 0.761203051 0.645545185 0 174 220
0.131032124 1.22263896 1.29029453 -0.0732410997 0.775133789 0.627537489 0 174 220
0.165048897 1.24583769 1.26529741 -0.0835409984 0.788106561 0.609843373 0 174 220
0.199080721 1.26869142 1.24010253 -0.0928545669 0.800157011 0.592559576 0 174 220
0.233127549 1.29120028 1.21471083 -0.101165235 0.811325848 0.575774193 0 174 220
0.267189354 1.31336391 1.18912125 -0.108463429 0.821658969 0.559564292 0 174 220
0.301266193 1.33518279 1.16333449 -0.114743464 0.831203461 0.543998778 0 174 220
0.335358024 1.35665679 1.1373502 -0.120004371 0.840007663 0.529137075 0 174 220
0.369464964 1.37778616 1.11116886 -0.124247707 0.848119318 0.515030205 0 174 220
0.403586864 1.39857018 1.08478975 -0.127477676 0.855584979 0.501720786 0 174 220
0.437723786 1.41900957 1.05821359 -0.129699185 0.862448514 0.489244998 0 174 220
0.471875638 1.43910384 1.03143978 -0.130919158 0.868751287 0.477631092 0 174 220
0.506042659 1.45885336 1.0044688 -0.131142497 0.874529839 0.466903806 0 174 220
0.54022342 1.47828341 0.97731483 -0.132162139 0.878851473 0.458424717 0 174 220
0.574411631 1.49754572 0.950065076 -0.134284467 0.881888628 0.451929361 0 174 220
0.608605921 1.51666605 0.922733903 -0.135828421 0.884673178 0.445986748 0 174 220
0.64280659 1.53564441 0.895321548 -0.136797413 0.887218535 0.440601617 0 174 220
0.677013218 1.55448055 0.867827892 -0.137193084 0.889536262 0.435778856 0 174 220
0.711226165 1.5731746 0.840252757 -0.137018085 0.89163655 0.43152082 0 174 220
0.745445251 1.59172666 0.81259644 -0.13627474 0.893527687 0.427828848 0 174 220
0.779670537 1.61013639 0.784858763 -0.134962589 0.895215094 0.424705863 0 174 220
0.81390202 1.62840426 0.757039726 -0.133082896 0.896703243 0.422151893 0 174 220
0.848139584 1.64652991 0.729139447 -0.130635843 0.897994578 0.420166731 0 174 220
0.882383525 1.66451359 0.701157749 -0.127619818 0.899089158 0.418750376 0 174 220
0.916633487 1.68235493 0.673094809 -0.124034122 0.899985433 0.417901486 0 174 220
0.950889647 1.70005417 0.644950509 -0.119877562 0.900680125 0.417617887 0 174 220
0.985152006 1.71761143 0.616724908 -0.115145743 0.901166856 0.417899311 0 174 220
1.01942062 1.73502672 0.588418007 -0.10983777 0.901438475 0.418741375 0 174 220
1.05369544 1.75229979 0.560029685 -0.103950649 0.901485562 0.420140594 0 174 220
1.08797657 1.76943064 0.531560242 -0.097480543 0.901296079 0.422093511 0 174 220
1.12226343 1.78641939 0.50300926 -0.0904240459 0.900856495 0.424595386 0 174 220
1.15655684 1.80326617 0.474377066 -0.0827786103 0.900151312 0.427639216 0 174 220
1.19085622 1.81997073 0.44566372 -0.0745410994 0.899162889 0.431218833 0 174 220
-0.127696365 1.01353037 1.49186182 0.0192601159 0.638887048 0.76905942 0 174 220
-0.0938229561 1.04002166 1.46874905 0.00381246372 0.658933818 0.752191305 0 174 220
-0.0599335581 1.06614614 1.44542599 -0.0110342372 0.6781075 0.734879911 0 174 220
-0.0260281973 1.09190369 1.42189324 -0.0252086017 0.69637084 0.717239261 0 174 220
0.00789315533 1.11729419 1.39815009 -0.0386477299 0.713698387 0.69938612 0 174 220
0.0418304875 1.14231753 1.37419724 -0.0512959845 0.730078161 0.681435645 0 174 220
0.0757837743 1.16697407 1.35003412 -0.0631063357 0.745509744 0.663500428 0 174 220
0.10975305 1.19126379 1.32566166 -0.0740380511 0.760002553 0.645689189 0 174 220
0.1437383 1.2151866 1.30107844 -0.0840606019 0.773575783 0.628103793 0 174 220
0.177739531 1.23874235 1.27628553 -0.0931486711 0.786255538 0.610840082 0 174 220
0.211756766 1.26193106 1.25128245 -0.101284698 0.79807502 0.593984604 0 174 220
0.245789945 1.28475285 1.22606993 -0.108455524 0.809070885 0.577617168 0 174 220
0.279839069 1.30720758 1.20064676 -0.114654168 0.819284081 0.561807871 0 174 220
0.313904256 1.32929552 1.17501402 -0.119876996 0.828756273 0.546619177 0 174 220
0.347985327 1.3510164 1.14917099 -0.124123827 0.837530613 0.532105029 0 174 220
0.382082433 1.37237024 1.12311816 -0.127396837 0.8456496 0.518311501 0 174 220
0.416195482 1.3933574 1.09685528 -0.129699886 0.853153944 0.505278349 0 174 220
0.450324535 1.41397738 1.07038236 -0.131037995 0.860082984 0.49303782 0 174 220
0.484469593 1.43423069 1.04369962 -0.131415978 0.866472244 0.481617779 0 174 220
0.518630564 1.45411658 1.01680684 -0.130840033 0.872355103 0.471038699 0 174 220
0.552806377 1.47366238 0.989719033 -0.13117829 0.876743376 0.462723762 0 174 220
0.586989999 1.49302649 0.962527454 -0.13273488 0.879810512 0.456415236 0 174 220
0.621180475 1.51223576 0.935247242 -0.133748993 0.882638156 0.450623006 0 174 220
0.655377805 1.53129017 0.90787828 -0.134222478 0.885237634 0.445352286 0 174 220
0.689581752 1.55018973 0.880420804 -0.13415806 0.887619257 0.440606117 0 174 220
0.723792434 1.5689342 0.852874577 -0.133556828 0.889791369 0.43638742 0 174 220
0.75800997 1.58752358 0.825239658 -0.132420242 0.891760707 0.43269816 0 174 220
0.792234004 1.6059581 0.797516108 -0.130749345 0.893532634 0.429539293 0 174 220
0.826465011 1.62423742 0.769703865 -0.128544062 0.895110667 0.426911354 0 174 220
0.860702753 1.64236224 0.74180305 -0.125804141 0.896496415 0.42481482 0 174 220
0.894947112 1.66033173 0.713813365 -0.122528732 0.897689819 0.423248917 0 174 220
0.929198265 1.67814648 0.685735106 -0.11871621 0.89868933 0.422213227 0 174 220
0.963456333 1.6958065 0.657568276 -0.114365816 0.899491668 0.421705276 0 174 220
0.997720897 1.71331108 0.629312575 -0.109475613 0.900091767 0.421722591 0 174 220
1.03199232 1.73066127 0.600968421 -0.104042061 0.900482237 0.422264129 0 174 220
1.06627059 1.74785614 0.572535455 -0.0980639383 0.900654733 0.423325598 0 174 220
1.10055566 1.76489627 0.544013917 -0.0915382355 0.900598764 0.424903095 0 174 220
1.13484716 1.78178132 0.515403628 -0.0844609365 0.900301993 0.426992685 0 174 220
1.16914546 1.79851103 0.486704558 -0.0768315122 0.899750769 0.429587603 0 174 220
1.20345056 1.81508636 0.457917124 -0.0686476156 0.898929238 0.432682127 0 174 220
-0.114844136 1.00272274 1.50072563 -0.00131662993 0.642019331 0.766687334 0 174 220
-0.0809927657 1.02972043 1.47790253 -0.0155235147 0.661301315 0.749959826 0 174 220
-0.0471245125 1.0563302 1.45485711 -0.0291018765 0.679755628 0.732861102 0 174 220
-0.0132393287 1.08255196 1.43159008 -0.041993361 0.697352588 0.715496957 0 174 220
0.0206627175 1.10838532 1.40810049 -0.0541435331 0.714072526 0.697974801 0 174 220
0.0545816645 1.13383114 1.38438928 -0.065507099 0.729907811 0.680399477 0 174 220
0.088517502 1.15888846 1.36045563 -0.0760445073 0.74485898 0.662874341 0 174 220
0.122470245 1.18355799 1.33630013 -0.0857240558 0.758936882 0.645496845 0 174 220
0.156439856 1.20783937 1.31192243 -0.0945200175 0.772159636 0.628359318 0 174 220
0.190426379 1.23173261 1.28732276 -0.102413073 0.784551203 0.611548066 0 174 220
0.224429861 1.25523806 1.262501 -0.109389283 0.796141386 0.595141053 0 174 220
0.25845015 1.27835512 1.23745704 -0.115439132 0.806963325 0.579209805 0 174 220
0.292487413 1.3010844 1.21219122 -0.120557234 0.817052841 0.563817859 0 174 220
0.326541513 1.32342565 1.18670321 -0.12474183 0.826447308 0.549021184 0 174 220
0.360612482 1.34537864 1.16099334 -0.127993405 0.835184515 0.534868777 0 174 220
0.394700378 1.36694348 1.13506103 -0.130314335 0.843301535 0.521402597 0 174 220
0.428805113 1.38812053 1.10890698 -0.131707743 0.85083431 0.508659005 0 174 220
0.462926865 1.40890956 1.08253074 -0.132179379 0.857817173 0.496667236 0 174 220
0.497065455 1.42931056 1.0559324 -0.131732374 0.864281178 0.48545292 0 174 220
0.531220973 1.4493233 1.0291121 -0.13037242 0.870255232 0.475035608 0 174 220
0.565392017 1.46897554 1.00208545 -0.130044028 0.874697685 0.466896653 0 174 220
0.599571645 1.48843324 0.974947572 -0.131047696 0.877783239 0.460785329 0 174 220
0.633758605 1.5077244 0.947714031 -0.131544158 0.880642056 0.455154687 0 174 220
0.667952895 1.52684808 0.920384765 -0.131535366 0.883284092 0.450008482 0 174 220
0.702154338 1.54580486 0.892960131 -0.131022871 0.885718048 0.445349932 0 174 220
0.736363053 1.56459486 0.865439951 -0.130008399 0.887950897 0.441181362 0 174 220
0.77057904 1.58321786 0.837824225 -0.128492162 0.889988422 0.437504768 0 174 220
0.804802299 1.60167372 0.810113013 -0.126474991 0.891834915 0.434320718 0 174 220
0.839032888 1.61996281 0.782306075 -0.123956725 0.893493056 0.431630492 0 174 220
0.873270571 1.63808453 0.754403532 -0.120937519 0.894964218 0.429433376 0 174 220
0.907515645 1.65603971 0.72640568 -0.11741595 0.89624846 0.42772916 0 174 220
0.94176811 1.67382789 0.698312223 -0.113391377 0.897343755 0.426516891 0 174 220
0.976027668 1.69144869 0.6701231 -0.108862445 0.898247063 0.425794721 0 174 220
1.01029468 1.70890296 0.641838431 -0.103826895 0.898953795 0.425560921 0 174 220
1.04456878 1.72618997 0.613458216 -0.0982836187 0.899457455 0.42581287 0 174 220
1.07885015 1.74331009 0.584982514 -0.0922295824 0.899750352 0.426547796 0 174 220
1.11313891 1.76026332 0.556411266 -0.0856626406 0.89982307 0.427762061 0 174 220
1.14743495 1.77704954 0.527744353 -0.0785816684 0.899664819 0.429450899 0 174 220
1.18173814 1.79366887 0.498981982 -0.0709833652 0.899263322 0.43160966 0 174 220
1.21604836 1.81012094 0.470124125 -0.0628681555 0.89860487 0.434231311 0 174 220
-0.102004699 0.992210865 1.50975871 -0.0215390716 0.645206273 0.763704836 0 174 220
-0.0681741908 1.01968777 1.4872098 -0.0344808549 0.663735688 0.747171998 0 174 220
-0.0343259238 1.04675663 1.46442735 -0.0467768162 0.681485295 0.730335355 0 174 220
-0.000459866278 1.07341731 1.44141138 -0.058377035 0.698430657 0.713292778 0 174 220
0.0334239528 1.09966958 1.41816151 -0.069237642 0.714558005 0.696141541 0 174 220
0.0673255399 1.12551379 1.39467824 -0.0793209225 0.7298612 0.678977847 0 174 220
0.101244889 1.15094984 1.37096155 -0.0885950327 0.744343519 0.661893904 0 174 220
0.135182023 1.17597759 1.34701085 -0.0970346853 0.758015811 0.644977689 0 174 220
0.169136927 1.20059729 1.32282662 -0.104619578 0.77089411 0.628312886 0 174 220
0.203109637 1.22480893 1.29840934 -0.111335024 0.783001363 0.611974895 0 174 220
0.237100109 1.24861217 1.27375793 -0.117169701 0.79436326 0.59603554 0 174 220
0.271108329 1.27200723 1.248873 -0.122117482 0.805009544 0.580557525 0 174 220
0.305134326 1.29499412 1.22375453 -0.126174554 0.814971626 0.56559819 0 174 220
0.339178085 1.31757283 1.19840264 -0.129339635 0.824281812 0.551208377 0 174 220
0.373239636 1.33974338 1.17281711 -0.131614074 0.832973421 0.537431836 0 174 220
0.40731892 1.36150587 1.14699805 -0.13300088 0.841078877 0.524306357 0 174 220
0.441416025 1.38285983 1.12094522 -0.133502662 0.848628998 0.511865199 0 174 220
0.475530833 1.40380585 1.09465861 -0.133123755 0.855653644 0.500134826 0 174 220
0.509663522 1.42434359 1.06813884 -0.131868392 0.862179756 0.489138782 0 174 220
0.543813825 1.44447291 1.04138505 -0.129740417 0.868232012 0.478895247 0 174 220
0.577980757 1.46422291 1.01441443 -0.128759369 0.872716069 0.470943481 0 174 220
0.612156749 1.4837662 0.987325311 -0.129222721 0.875807822 0.465039998 0 174 220
0.64634037 1.50313127 0.960134327 -0.12921454 0.878685951 0.459580958 0 174 220
0.680531979 1.52231824 0.932841182 -0.128735825 0.881358683 0.454569995 0 174 220
0.714731097 1.54132676 0.905446172 -0.127788544 0.883833408 0.450009495 0 174 220
0.748938024 1.56015706 0.877949178 -0.126372904 0.886115968 0.445901901 0 174 220
0.783152699 1.5788095 0.850350142 -0.124489784 0.888210833 0.442248702 0 174 220
0.817375302 1.59728348 0.8226493 -0.122139595 0.890121758 0.439050466 0 174 220
0.851605475 1.61557961 0.794846416 -0.119322054 0.891850591 0.436308026 0 174 220
0.885843515 1.63369727 0.766941547 -0.116036937 0.893398702 0.434021115 0 174 220
0.920089126 1.6516366 0.738934696 -0.112283304 0.894765139 0.432189494 0 174 220
0.954342723 1.66939819 0.710825861 -0.108060598 0.895948708 0.430811703 0 174 220
0.988604009 1.68698132 0.682615161 -0.103366993 0.896946073 0.429887235 0 174 220
1.02287304 1.70438623 0.654302359 -0.0982016176 0.897753239 0.42941305 0 174 220
1.05714977 1.72161305 0.625887632 -0.0925624445 0.898364365 0.429387599 0 174 220
1.09143424 1.73866189 0.597371042 -0.0864479542 0.898772657 0.429807544 0 174 220
1.12572658 1.75553215 0.568752408 -0.0798564553 0.89896965 0.430669904 0 174 220
1.16002667 1.77222443 0.540031791 -0.0727866516 0.898945749 0.431970596 0 174 220
1.19433451 1.78873861 0.51120919 -0.0652364045 0.898690343 0.433704913 0 174 220
1.22864974 1.8050741 0.482284695 -0.0572050847 0.898191154 0.43586731 0 174 220
-0.0891782269 0.981994927 1.51896107 -0.0413873866 0.648457289 0.760125101 0 174 220
-0.0553674065 1.00992405 1.49667096 -0.0530444048 0.66624862 0.743840694 0 174 220
-0.0215379819 1.03742564 1.47413611 -0.06404645 0.683307886 0.727315843 0 174 220
0.0123100672 1.06449997 1.45135677 -0.0743519142 0.699617267 0.710638702 0 174 220
0.0461767018 1.09114695 1.42833281 -0.0839244053 0.715165555 0.69389838 0 174 220
0.0800619721 1.11736655 1.40506434 -0.0927346274 0.729949713 0.677180707 0 174 220
0.113965824 1.14315867 1.38155127 -0.100756332 0.74397409 0.660568535 0 174 220
0.147888273 1.16852331 1.35779369 -0.10797029 0.757248342 0.64414072 0 174 220
0.181829318 1.1934607 1.33379114 -0.114360742 0.769788444 0.627970755 0 174 220
0.21578899 1.21797085 1.30954468 -0.119916022 0.781613886 0.612127423 0 174 220
0.249767318 1.24205363 1.28505337 -0.124628089 0.792747617 0.596673369 0 174 220
0.283764243 1.26570904 1.26031733 -0.128492415 0.803215563 0.581665218 0 174 220
0.31777969 1.28893697 1.2353369 -0.131507218 0.813045144 0.567153752 0 174 220
0.351813793 1.31173742 1.21011174 -0.133671671 0.822264314 0.553184688 0 174 220
0.385866553 1.33411074 1.18464231 -0.134987861 0.830901742 0.53979671 0 174 220
0.419937819 1.35605645 1.15892804 -0.135457829 0.838985085 0.527024865 0 174 220
0.454027772 1.37757504 1.13296938 -0.135084748 0.846541166 0.5148983 0 174 220
0.488136321 1.39866614 1.10676587 -0.133872375 0.853595138 0.503441691 0 174 220
0.522263467 1.41932988 1.08031821 -0.131824404 0.860170126 0.49267599 0 174 220
0.55640924 1.43956614 1.0536257 -0.128943816 0.866287053 0.482618123 0 174 220
0.590572238 1.45940495 1.02670574 -0.127324656 0.870799661 0.474864542 0 174 220
0.624744773 1.47902524 0.99966079 -0.127260581 0.873885334 0.469179302 0 174 220
0.658925593 1.49845719 0.972507954 -0.126760527 0.876770556 0.463902056 0 174 220
0.693114579 1.51770031 0.945247114 -0.125824824 0.879462063 0.459036589 0 174 220
0.72731173 1.53675473 0.91787833 -0.124455065 0.881966054 0.454584211 0 174 220
0.761517227 1.55562103 0.89040184 -0.12265119 0.884286761 0.450547993 0 174 220
0.795730889 1.57429862 0.862817407 -0.120414101 0.886428297 0.44692868 0 174 220
0.829952717 1.59278762 0.835124969 -0.117743917 0.888393342 0.443726957 0 174 220
0.864182651 1.61108792 0.807324588 -0.114640176 0.890183449 0.440943331 0 174 220
0.89842093 1.62919974 0.779416382 -0.111102819 0.891799212 0.438577592 0 174 220
0.932667375 1.64712322 0.751400232 -0.107131019 0.893239915 0.436629534 0 174 220
0.966922104 1.66485786 0.723276198 -0.102723859 0.89450407 0.435098082 0 174 220
1.00118506 1.68240404 0.69504416 -0.0978803486 0.895588756 0.433981866 0 174 220
1.03545618 1.69976151 0.666704297 -0.092599459 0.896490216 0.433278978 0 174 220
1.06973529 1.71693039 0.638256431 -0.0868801177 0.897203267 0.432987511 0 174 220
1.10402274 1.73391056 0.60970062 -0.0807204992 0.897721946 0.433104545 0 174 220
1.13831854 1.75070274 0.581037104 -0.074119702 0.898038745 0.433627516 0 174 220
1.17262244 1.76730573 0.552265525 -0.0670759901 0.898145139 0.43455264 0 174 220
1.20693457 1.78372061 0.523386121 -0.0595893264 0.898032367 0.435875088 0 174 220
1.24125481 1.79994643 0.494398862 -0.0516580828 0.897689283 0.43759051 0 174 220
-0.076364629 0.972074747 1.52833259 -0.0608437285 0.651782215 0.755961657 0 174 220
-0.0425723121 1.0004288 1.50628555 -0.0712017417 0.668849409 0.739980221 0 174 220
-0.00876058266 1.02833712 1.48398352 -0.0809021443 0.685234308 0.723815382 0 174 220
0.0250705443 1.05579996 1.46142662 -0.0899116471 0.700922251 0.707547843 0 174 220
0.0589210689 1.08281708 1.43861437 -0.0982010141 0.715905607 0.691256702 0 174 220
0.0927909911 1.10938847 1.41554713 -0.105746567 0.730183184 0.675018668 0 174 220
0.126680315 1.13551462 1.39222538 -0.112528719 0.743759274 0.658907652 0 174 220
0.160589024 1.1611948 1.36864817 -0.118531764 0.756643474 0.642993689 0 174 220
0.194517151 1.18642962 1.34481633 -0.123744585 0.76884985 0.627341449 0 174 220
0.228464678 1.21121871 1.32072914 -0.128157526 0.780395389 0.612012029 0 174 220
0.262431651 1.23556232 1.2963872 -0.131765634 0.791300476 0.59706068 0 174 220
0.296417981 1.25946021 1.27179003 -0.134565949 0.801586866 0.582537949 0 174 220
0.330423743 1.28291273 1.24693775 -0.136556908 0.811278403 0.568488777 0 174 220
0.364448875 1.30591953 1.22183108 -0.13773942 0.820398927 0.554953456 0 174 220
0.398493379 1.3284806 1.19646883 -0.138114721 0.828972697 0.541967273 0 174 220
0.432557285 1.35059619 1.17085171 -0.137685642 0.837023318 0.529560745 0 174 220
0.466640592 1.37226593 1.14497983 -0.136454582 0.84457314 0.517760932 0 174 220
0.500743389 1.39349031 1.11885285 -0.134425014 0.851643622 0.506589651 0 174 220
0.534865439 1.41426909 1.09247065 -0.131600067 0.858254015 0.496065885 0 174 220
0.569007039 1.4346025 1.06583369 -0.12798281 0.864421546 0.486205399 0 174 220
0.603166521 1.45452094 1.03895926 -0.125739202 0.86894989 0.478660375 0 174 220
0.637336195 1.47421038 1.01195395 -0.125161096 0.872016966 0.473202974 0 174 220
0.671514392 1.49370146 0.984835148 -0.124181755 0.874896944 0.468117774 0 174 220
0.705701172 1.51299489 0.957602918 -0.122801632 0.877595067 0.463407576 0 174 220
0.739896655 1.53208959 0.930257142 -0.121022135 0.880116045 0.459074348 0 174 220
0.774100542 1.55098629 0.902798057 -0.11884322 0.882463753 0.45511964 0 174 220
0.80831337 1.56968522 0.875225842 -0.116265371 0.884641171 0.451544434 0 174 220
0.842534661 1.58818555 0.847539961 -0.113288082 0.886650026 0.448349923 0 174 220
0.876764655 1.60648835 0.819740891 -0.109911464 0.888491571 0.445535958 0 174 220
0.911003172 1.62459254 0.791828334 -0.106135622 0.890165985 0.44310239 0 174 220
0.945250511 1.64249885 0.763802409 -0.10195937 0.89167273 0.441048741 0 174 220
0.979506314 1.66020668 0.735663116 -0.0973821431 0.893009901 0.439374566 0 174 220
1.01377058 1.67771649 0.707410276 -0.0924031362 0.894174993 0.438078433 0 174 220
1.04804385 1.69502854 0.679044247 -0.0870217681 0.895164609 0.437158406 0 174 220
1.08232546 1.71214175 0.65056473 -0.0812366009 0.895974278 0.436612725 0 174 220
1.11661577 1.72905707 0.621971786 -0.0750474632 0.896598577 0.436438799 0 174 220
1.15091479 1.74577475 0.593265593 -0.0684520155 0.89703095 0.436634719 0 174 220
1.18522251 1.76229346 0.564445794 -0.0614512153 0.897264421 0.437196016 0 174 220
1.21953869 1.77861464 0.535512805 -0.0540432073 0.897290528 0.438119918 0 174 220
1.25386322 1.79473722 0.506466448 -0.0462279283 0.897100389 0.439401597 0 174 220
-0.0635639206 0.962450504 1.53787374 -0.0798925161 0.655189931 0.751227915 0 174 220
-0.0297889076 0.991202176 1.51605403 -0.0889404938 0.671548963 0.735602975 0 174 220
0.00400624657 1.01949108 1.49396992 -0.0973357633 0.687274933 0.719846487 0 174 220
0.0378215685 1.04731703 1.47162068 -0.105051138 0.702356458 0.704030991 0 174 220
0.0716570243 1.07467997 1.44900656 -0.112064645 0.71678865 0.688226461 0 174 220
0.105512656 1.10158026 1.42612743 -0.118356429 0.730571091 0.672501087 0 174 220
0.139388427 1.12801766 1.40298367 -0.123912841 0.743708432 0.656919658 0 174 220
0.173284322 1.15399206 1.37957489 -0.128720701 0.756209016 0.641544163 0 174 220
0.207200393 1.17950356 1.35590124 -0.132772923 0.76808542 0.626431227 0 174 220
0.24113664 1.20455241 1.33196282 -0.136061966 0.779352486 0.611634552 0 174 220
0.275093049 1.22913837 1.3077594 -0.138584852 0.790027142 0.597202957 0 174 220
0.309069544 1.25326133 1.28329122 -0.140339702 0.80012852 0.583180189 0 174 220
0.343066216 1.27692127 1.2585578 -0.141325936 0.809675932 0.569606781 0 174 220
0.377083123 1.30011868 1.23355997 -0.141544327 0.818689704 0.556518078 0 174 220
0.411120057 1.32285297 1.2082969 -0.140996829 0.827190101 0.543945312 0 174 220
0.445177197 1.34512448 1.1827693 -0.139685482 0.835196435 0.53191632 0 174 220
0.479254484 1.36693323 1.15697646 -0.137613073 0.842727602 0.520454407 0 174 220
0.513351977 1.38827896 1.13091898 -0.134782583 0.849801362 0.509579539 0 174 220
0.547469497 1.40916181 1.1045965 -0.131196499 0.856433094 0.499309361 0 174 220
0.581607282 1.42958188 1.07800913 -0.126857564 0.862637162 0.489657283 0 174 220
0.615763783 1.44957113 1.05117524 -0.124004014 0.867167354 0.482331574 0 174 220
0.649930596 1.46932137 1.02420485 -0.122923873 0.870203257 0.477112055 0 174 220
0.684106588 1.48886478 0.997115731 -0.121478423 0.873065531 0.472228259 0 174 220
0.718291521 1.50820112 0.969908178 -0.119667083 0.875757933 0.467683494 0 174 220
0.752485514 1.52733076 0.942582309 -0.117490582 0.878284335 0.463478774 0 174 220
0.786688447 1.54625356 0.915138185 -0.114949599 0.88064754 0.459615588 0 174 220
0.82090044 1.56496942 0.887575686 -0.112043254 0.882849336 0.456095695 0 174 220
0.855121315 1.58347833 0.859894574 -0.108772881 0.884891868 0.452918082 0 174 220
0.889351308 1.6017803 0.832095265 -0.105137199 0.886775136 0.450084478 0 174 220
0.923590243 1.61987543 0.804177403 -0.101136081 0.88849932 0.447594106 0 174 220
0.957838297 1.6377635 0.776141286 -0.0967693403 0.890063584 0.445446402 0 174 220
0.992095232 1.65544474 0.747986674 -0.0920365155 0.891466379 0.44364059 0 174 220
1.02636123 1.67291939 0.719713628 -0.0869368389 0.892705083 0.442175895 0 174 220
1.06063628 1.6901871 0.691322207 -0.0814698786 0.893777132 0.441050082 0 174 220
1.09492028 1.70724773 0.662812471 -0.0756339058 0.894677937 0.440262347 0 174 220
1.12921321 1.72410142 0.634184301 -0.0694304854 0.895403206 0.43980974 0 174 220
1.16351545 1.74074829 0.605437696 -0.0628562272 0.89594692 0.439690948 0 174 220
1.19782639 1.75718808 0.576572776 -0.0559131689 0.896303654 0.43990168 0 174 220
1.23214638 1.77342129 0.547589302 -0.0485991575 0.896465719 0.440440059 0 174 220
1.26647532 1.78944743 0.518487692 -0.0409155935 0.896425962 0.44130078 0 174 220
-0.0507760085 0.95312196 1.54758382 -0.09851937 0.65868926 0.745937228 0 174 220
-0.0170171391 0.982244253 1.52597654 -0.106251307 0.674356043 0.730721891 0 174 220
0.0167626105 1.0108875 1.50409484 -0.113341317 0.68943876 0.715421498 0 174 220
0.050563205 1.03905129 1.4819392 -0.119767405 0.703929007 0.700099826 0 174 220
0.0843846574 1.06673598 1.45950913 -0.125513405 0.717822969 0.684818566 0 174 220
0.118226983 1.09394145 1.43680477 -0.130564064 0.731121421 0.669637561 0 174 220
0.152090192 1.12066805 1.41382658 -0.13490884 0.743828654 0.654613256 0 174 220
0.185974211 1.14691508 1.39057374 -0.138538778 0.75595206 0.639799535 0 174 220
0.219879135 1.172683 1.36704683 -0.141447768 0.767502129 0.625246346 0 174 220
0.253804892 1.19797182 1.34324574 -0.143631488 0.77849108 0.611000478 0 174 220
0.287751555 1.22278142 1.31917 -0.145088062 0.788933516 0.597104132 0 174 220
0.32171905 1.24711192 1.29482079 -0.145815924 0.798844993 0.583596051 0 174 220
0.355707377 1.27096295 1.2701968 -0.145815149 0.808241487 0.570511758 0 174 220
0.389716655 1.29433525 1.24529898 -0.145087704 0.817139924 0.557881713 0 174 220
0.423746735 1.31722808 1.22012675 -0.143634453 0.825556278 0.545734346 0 174 220
0.457797676 1.33964193 1.19468021 -0.141458109 0.833506882 0.534093618 0 174 220
0.491869509 1.36157632 1.16895962 -0.138560638 0.841006637 0.52298063 0 174 220
0.525962174 1.38303149 1.1429646 -0.134945124 0.848069906 0.512413263 0 174 220
0.560075641 1.40400779 1.11669552 -0.130613416 0.854708791 0.502407193 0 174 220
0.594210088 1.42450488 1.09015238 -0.125567853 0.860934675 0.492974877 0 174 220
0.628363848 1.44455552 1.06335354 -0.122118562 0.865453243 0.485878319 0 174 220
0.662528574 1.46435857 1.03641331 -0.120549895 0.868445396 0.480905771 0 174 220
0.69670248 1.48394668 1.00934994 -0.118650362 0.871276975 0.476233691 0 174 220
0.730885863 1.50331986 0.98216337 -0.116420694 0.873951375 0.471863657 0 174 220
0.765078545 1.52247846 0.954854131 -0.113860488 0.876470983 0.467797279 0 174 220
0.799280584 1.54142201 0.927422047 -0.110970229 0.878838003 0.464035958 0 174 220
0.833491921 1.56015098 0.899866819 -0.107749037 0.881053388 0.460581183 0 174 220
0.867712617 1.57866478 0.872188628 -0.104198456 0.883118927 0.457431644 0 174 220
0.901942849 1.59696412 0.84438771 -0.100317128 0.885034263 0.454588652 0 174 220
0.936182201 1.61504829 0.816463768 -0.0961049646 0.886799097 0.452052206 0 174 220
0.97043097 1.63291776 0.788416743 -0.0915620029 0.888412774 0.449821264 0 174 220
1.00468922 1.65057254 0.760246992 -0.0866878703 0.889873624 0.447895259 0 174 220
1.03895676 1.66801226 0.731954098 -0.0814818069 0.891179442 0.446273386 0 174 220
1.07323349 1.68523729 0.703538418 -0.0759432241 0.892327428 0.444954455 0 174 220
1.10751987 1.70224738 0.674999774 -0.070072569 0.893314183 0.443936497 0 174 220
1.1418153 1.7190429 0.646338165 -0.0638690814 0.894135833 0.443217516 0 174 220
1.17612016 1.73562348 0.617553532 -0.057332132 0.894787431 0.44279626 0 174 220
1.21043456 1.75198913 0.588646173 -0.050461892 0.895263672 0.442669779 0 174 220
1.24475813 1.76814008 0.559615731 -0.0432577468 0.895558774 0.442835391 0 174 220
1.279091 1.78407598 0.530462503 -0.0357209183 0.895666718 0.443288982 0 174 220
-0.0380010456 0.944089293 1.55746341 -0.116711967 0.662288427 0.740102947 0 174 220
-0.00425713183 0.973555028 1.53605258 -0.123125173 0.677279532 0.725350022 0 174 220
0.0295083243 1.00252604 1.51435864 -0.128912359 0.691735268 0.710551858 0 174 220
0.0632953048 1.03100264 1.49238181 -0.134057164 0.705648661 0.69576478 0 174 220
0.0971038118 1.05898499 1.47012198 -0.138546184 0.719017804 0.681042135 0 174 220
0.130933881 1.08647251 1.44757903 -0.142369837 0.731842756 0.666436076 0 174 220
0.16478543 1.11346543 1.42475307 -0.145518929 0.744127929 0.651995242 0 174 220
0.198658541 1.13996398 1.40164435 -0.147987545 0.755879223 0.63776654 0 174 220
0.232553169 1.16596782 1.37825227 -0.149771854 0.76710552 0.623792887 0 174 220
0.266469359 1.19147718 1.35457742 -0.150868669 0.777816415 0.610114992 0 174 220
0.300407082 1.21649206 1.33061981 -0.151276708 0.788023889 0.596769333 0 174 220
0.334366292 1.24101222 1.3063786 -0.150996 0.797740459 0.583789647 0 174 220
0.368347049 1.26503789 1.28185463 -0.150026783 0.806978762 0.571206808 0 174 220
0.402349353 1.28856909 1.25704753 -0.148370624 0.815752447 0.55904752 0 174 220
0.436373204 1.31160581 1.23195779 -0.146028906 0.824074268 0.54733634 0 174 220
0.470418632 1.33414793 1.20658481 -0.143004388 0.831957161 0.536094248 0 174 220
0.504485428 1.35619545 1.18092883 -0.139297932 0.839412212 0.525341094 0 174 220
0.538573921 1.37774849 1.15498984 -0.134912789 0.846450865 0.515091717 0 174 220
0.572683811 1.39880681 1.12876785 -0.129851013 0.853082716 0.505359888 0 174 220
0.606815338 1.41937089 1.10226297 -0.124114349 0.859315574 0.496157646 0 174 220
0.640966833 1.43947423 1.07549441 -0.120082632 0.863808334 0.489300907 0 174 220
0.675129533 1.45932162 1.04857934 -0.118038841 0.866743982 0.484584153 0 174 220
0.709301829 1.47894716 1.02153742 -0.115698591 0.869532347 0.480132699 0 174 220
0.743483901 1.49835062 0.994368315 -0.113063619 0.872176111 0.475946963 0 174 220
0.777675569 1.51753235 0.967072308 -0.110131577 0.874676466 0.472029895 0 174 220
0.811876953 1.53649211 0.939649224 -0.106905125 0.877035379 0.468380451 0 174 220
0.846087992 1.55522966 0.912099242 -0.103382863 0.879253507 0.465000272 0 174 220
0.880308568 1.57374561 0.884422123 -0.0995651111 0.881331325 0.461889416 0 174 220
0.91453898 1.59203935 0.856618106 -0.0954518095 0.883268833 0.459048063 0 174 220
0.948778868 1.61011124 0.828686953 -0.0910427198 0.885065377 0.456476122 0 174 220
0.983028591 1.62796128 0.800628901 -0.0863377154 0.886720181 0.454172969 0 174 220
1.01728773 1.64558911 0.772443652 -0.081336461 0.888231456 0.452138424 0 174 220
1.05155683 1.66299546 0.744131684 -0.0760390311 0.889597774 0.450370818 0 174 220
1.08583546 1.68017948 0.71569258 -0.0704443753 0.890816033 0.448870003 0 174 220
1.12012374 1.69714165 0.687126398 -0.0645535365 0.891883731 0.447634101 0 174 220
1.15442169 1.71388197 0.658433318 -0.0583654493 0.892797172 0.446661681 0 174 220
1.18872941 1.7304002 0.629613101 -0.0518800244 0.893552482 0.445951015 0 174 220
1.22304654 1.74669659 0.600665987 -0.0450977609 0.894145429 0.445499897 0 174 220
1.25737357 1.76277113 0.571591794 -0.0380197391 0.894570947 0.445305824 0 174 220
1.29171002 1.77862346 0.542390764 -0.0306447893 0.894823849 0.445366353 0 174 220
-0.0252389684 0.935352445 1.56751204 -0.134459272 0.665995181 0.733737707 0 174 220
0.00849117618 0.965134501 1.54628241 -0.139555007 0.680328071 0.719498515 0 174 220
0.0422434844 0.994407415 1.5247612 -0.144045353 0.694172621 0.705248415 0 174 220
0.0760179535 1.02317166 1.502949 -0.147917837 0.707524061 0.69103545 0 174 220
0.109814577 1.05142665 1.48084533 -0.151163578 0.720380485 0.67690587 0 174 220
0.143633366 1.07917297 1.45845044 -0.153774023 0.73274231 0.662904382 0 174 220
0.177474305 1.10641015 1.43576431 -0.155744269 0.744612694 0.649072886 0 174 220
0.211337417 1.13313854 1.41278684 -0.157069311 0.755996764 0.635451138 0 174 220
0.245222673 1.15935779 1.38951838 -0.157746598 0.766900837 0.622076511 0 174 220
0.279130071 1.18506825 1.36595845 -0.157775193 0.7773332 0.608982742 0 174 220
0.313059658 1.21026957 1.34210718 -0.157153726 0.787302494 0.596202552 0 174 220
0.347011387 1.23496222 1.31796503 -0.155882537 0.796818495 0.583764553 0 174 220
0.38098532 1.25914574 1.2935313 -0.153962359 0.805891097 0.571694911 0 174 220
0.414981395 1.28282034 1.26880634 -0.151395038 0.814530611 0.560017347 0 174 220
0.448999554 1.30598605 1.24379027 -0.148181677 0.822746694 0.548753202 0 174 220
0.483039916 1.32864273 1.21848297 -0.144324481 0.830548882 0.537920952 0 174 220
0.51710242 1.3507905 1.19288433 -0.139825583 0.837946117 0.527536809 0 174 220
0.551187158 1.37242925 1.16699457 -0.134686351 0.844946027 0.517615497 0 174 220
0.585293949 1.3935591 1.14081323 -0.128909573 0.851555526 0.508168817 0 174 220
0.619422972 1.41418016 1.11434102 -0.12249662 0.857780099 0.499207169 0 174 220
0.653572619 1.43432713 1.08759749 -0.117896944 0.862233281 0.492599338 0 174 220
0.68773371 1.45421076 1.06070328 -0.115390487 0.865099251 0.488147944 0 174 220
0.721904755 1.47386634 1.03367853 -0.112622626 0.867831469 0.483926296 0 174 220
0.756085753 1.49329364 1.00652301 -0.109594338 0.87043184 0.479934901 0 174 220
0.790276706 1.51249266 0.979236841 -0.106305093 0.872901201 0.4761751 0 174 220
0.824477613 1.53146362 0.951820135 -0.102755398 0.875240326 0.472647607 0 174 220
0.858688295 1.55020607 0.924272954 -0.098945111 0.877449811 0.469352543 0 174 220
0.89290911 1.56872058 0.896595001 -0.094874233 0.879529536 0.466290355 0 174 220
0.92713964 1.58700645 0.868786395 -0.0905425474 0.881479323 0.46346119 0 174 220
0.961380243 1.60506439 0.840847254 -0.0859503746 0.883298457 0.460864842 0 174 220
0.995630801 1.62289393 0.812777579 -0.0810976475 0.884986043 0.458500594 0 174 220
1.02989125 1.6404953 0.784577191 -0.0759835765 0.886540592 0.456368625 0 174 220
1.06416166 1.65786839 0.756246269 -0.0706088468 0.887960255 0.454467684 0 174 220
1.0984422 1.67501342 0.727784753 -0.0649729297 0.889243007 0.452797145 0 174 220
1.13273227 1.69193006 0.699192464 -0.0590767115 0.890386462 0.451355696 0 174 220
1.1670326 1.70861852 0.670469701 -0.0529195294 0.891387582 0.450141937 0 174 220
1.2013427 1.7250787 0.641616344 -0.0465012863 0.892242968 0.449154824 0 174 220
1.2356627 1.74131072 0.612632334 -0.0398237966 0.892949462 0.448391944 0 174 220
1.26999283 1.75731444 0.583517671 -0.032884974 0.893502474 0.447852492 0 174 220
1.30433249 1.77308977 0.554272592 -0.0256877374 0.893898547 0.447532684 0 174 220
-0.0124897007 0.926911473 1.57773042 -0.151751593 0.669816792 0.726854146 0 174 220
0.021227859 0.956982493 1.55666614 -0.155534938 0.683508813 0.713179231 0 174 220
0.0549681708 0.986531258 1.53530276 -0.158736929 0.696758628 0.699521244 0 174 220
0.0887312144 1.01555753 1.51364028 -0.161349386 0.709562421 0.685920894 0 174 220
0.122517012 1.04406154 1.49167895 -0.163365155 0.721918166 0.672418118 0 174 220
0.156325564 1.07204306 1.46941888 -0.164779231 0.733826399 0.659049809 0 174 220
0.190156817 1.09950197 1.44685972 -0.165586844 0.745289087 0.645852208 0 174 220
0.22401084 1.12643874 1.42400157 -0.165786639 0.756310046 0.632858574 0 174 220
0.257887632 1.15285313 1.40084481 -0.165375322 0.766893387 0.620101213 0 174 220
0.291787118 1.17874503 1.37738848 -0.164353848 0.777045727 0.60760814 0 174 220
0.325709403 1.20411479 1.35363376 -0.162720665 0.786773145 0.595407486 0 174 220
0.359654427 1.22896171 1.32957983 -0.160476744 0.796082377 0.58352381 0 174 220
0.39362216 1.25328648 1.30522704 -0.157623395 0.804981232 0.571979165 0 174 220
0.427612633 1.27708888 1.28057516 -0.154161632 0.813476562 0.560794115 0 174 220
0.461625904 1.30036867 1.25562453 -0.150093064 0.821575403 0.549987257 0 174 220
0.495661885 1.32312632 1.23037481 -0.145419821 0.82928443 0.539574325 0 174 220
0.529720604 1.34536147 1.20482624 -0.140142977 0.836609483 0.529570162 0 174 220
0.563802063 1.36707425 1.17897868 -0.134265736 0.843556106 0.519986451 0 174 220
0.597906291 1.38826466 1.15283215 -0.127789035 0.850128412 0.510834336 0 174 220
0.632033229 1.40893257 1.12638664 -0.120715171 0.856329739 0.502122641 0 174 220
0.666181326 1.4291141 1.0996629 -0.115561299 0.860728681 0.495773911 0 174 220
0.700341225 1.44902611 1.07278478 -0.112604775 0.86351186 0.491596848 0 174 220
0.734511316 1.46870422 1.04577303 -0.109422497 0.866175115 0.487613976 0 174 220
0.768691599 1.48814881 1.01862729 -0.10601452 0.868719399 0.483825952 0 174 220
0.802882075 1.5073595 0.991348028 -0.102380775 0.871145308 0.480233312 0 174 220
0.837082565 1.52633643 0.963934898 -0.0985209867 0.873452842 0.476837248 0 174 220
0.871293247 1.54507983 0.936387897 -0.0944361091 0.87564224 0.473637432 0 174 220
0.9055143 1.56358945 0.90870738 -0.090125598 0.877713382 0.470634133 0 174 220
0.939745307 1.58186531 0.880892992 -0.0855896026 0.879665673 0.467827708 0 174 220
0.973986626 1.59990752 0.852944911 -0.0808284655 0.881498456 0.465217412 0 174 220
1.00823796 1.6177156 0.824862897 -0.0758419335 0.88321048 0.462803662 0 174 220
1.04249954 1.6352905 0.79664737 -0.0706297979 0.884800613 0.460585713 0 174 220
1.0767715 1.65263176 0.768298209 -0.0651926249 0.886267364 0.458563089 0 174 220
1.11105347 1.66973901 0.739815056 -0.0595304333 0.887608707 0.456734955 0 174 220
1.14534557 1.68661261 0.711198211 -0.0536435619 0.888822854 0.455100387 0 174 220
1.17964792 1.70325232 0.682447731 -0.0475323088 0.88990742 0.453657985 0 174 220
1.21396053 1.71965885 0.653563321 -0.0411965027 0.890859306 0.45240742 0 174 220
1.24828315 1.73583114 0.624545276 -0.0346371867 0.891676068 0.451347023 0 174 220
1.28261602 1.75177002 0.595393479 -0.0278548263 0.892354608 0.450474679 0 174 220
1.3169589 1.76747489 0.566108108 -0.0208499357 0.892891169 0.449789584 0 174 220
0.000246615673 0.91876632 1.58811772 -0.168580607 0.67375946 0.719464302 0 174 220
0.0339527689 0.949099243 1.56720304 -0.171059057 0.686828732 0.706402898 0 174 220
0.0676822141 0.978897393 1.54598248 -0.172984228 0.699499905 0.693380356 0 174 220
0.101434954 1.00816071 1.52445579 -0.174350142 0.711770356 0.680429995 0 174 220
0.135210976 1.0368892 1.50262308 -0.175151601 0.723637402 0.66758579 0 174 220
0.169010296 1.06508267 1.48048425 -0.175386176 0.735101044 0.654878736 0 174 220
0.202832878 1.09274125 1.45803928 -0.175049856 0.746162593 0.642338634 0 174 220
0.236678764 1.11986494 1.43528831 -0.174141601 0.756823719 0.629994094 0 174 220
0.270547926 1.14645398 1.41223121 -0.172660753 0.767087579 0.617871284 0 174 220
0.304440409 1.17250788 1.38886786 -0.170606837 0.776957989 0.605994761 0 174 220
0.338356167 1.1980269 1.36519837 -0.167979956 0.786439121 0.594387233 0 174 220
0.372295201 1.2230109 1.34122288 -0.164780885 0.795535386 0.583070099 0 174 220
0.40625757 1.24746048 1.3169415 -0.16101107 0.804251671 0.572061777 0 174 220
0.440243155 1.2713747 1.29235375 -0.156671762 0.812592506 0.56137991 0 174 220
0.474252045 1.29475427 1.26745999 -0.151764244 0.820562303 0.551040053 0 174 220
0.508284211 1.31759882 1.24226022 -0.146290287 0.828164876 0.541056454 0 174 220
0.542339683 1.33990848 1.21675408 -0.140252009 0.835404098 0.531440854 0 174 220
0.576418579 1.36168349 1.19094229 -0.133650959 0.842282355 0.522204757 0 174 220
0.610520542 1.38292348 1.16482413 -0.126489475 0.84880209 0.513357043 0 174 220
0.644645929 1.40362847 1.13839996 -0.118769817 0.854964554 0.504905283 0 174 220
0.678792834 1.42383587 1.11169088 -0.113075979 0.859295249 0.49882406 0 174 220
0.712951899 1.44376755 1.08482409 -0.109682538 0.861982286 0.494930565 0 174 220
0.747121215 1.46346104 1.05782104 -0.106098473 0.864563525 0.49119556 0 174 220
0.781301141 1.48291612 1.03068137 -0.102323979 0.867039084 0.487619698 0 174 220
0.81549114 1.50213265 1.00340533 -0.0983582661 0.869408846 0.484204412 0 174 220
0.849691689 1.52111113 0.975992978 -0.0942025483 0.871673167 0.480948836 0 174 220
0.883902609 1.53985107 0.948444188 -0.089856334 0.873831332 0.477854252 0 174 220
0.91812396 1.55835271 0.920759082 -0.0853199139 0.875883162 0.474920183 0 174 220
0.952355504 1.57661593 0.892937422 -0.0805936605 0.877828062 0.47214666 0 174 220
0.986597657 1.59464085 0.864979565 -0.0756771937 0.879665017 0.469534129 0 174 220
1.02084994 1.61242712 0.836884975 -0.0705710575 0.881393373 0.467081875 0 174 220
1.05511272 1.62997508 0.80865413 -0.0652758554 0.883011878 0.464789242 0 174 220
1.08938599 1.6472851 0.780286968 -0.0597907901 0.884518862 0.462656766 0 174 220
1.12366962 1.66435659 0.751783371 -0.0541173071 0.885913372 0.460683018 0 174 220
1.15796351 1.68118954 0.723143339 -0.0482546538 0.887193143 0.458867848 0 174 220
1.19226766 1.69778395 0.694366813 -0.0422045067 0.888356805 0.457210004 0 174 220
1.22658241 1.71414042 0.66545397 -0.035966441 0.889401972 0.455708951 0 174 220
1.26090741 1.73025823 0.636404634 -0.0295406654 0.890326083 0.454364151 0 174 220
1.29524291 1.74613762 0.607218921 -0.0229289513 0.891127527 0.45317328 0 174 220
1.32958853 1.76177895 0.577897012 -0.0161316525 0.891803145 0.45213595 0 174 220
0.0129700508 0.910916984 1.59867442 -0.184939355 0.677829087 0.711579323 0 174 220
0.0466659889 0.941484749 1.57789409 -0.186124191 0.690294027 0.699179471 0 174 220
0.0803857148 0.971506298 1.55680144 -0.186785713 0.702403367 0.686833739 0 174 220
0.11412923 1.00098109 1.53539586 -0.186920017 0.714153945 0.674570203 0 174 220
0.147896528 1.02990985 1.5136776 -0.186524823 0.725543857 0.662415683 0 174 220
0.181687638 1.05829191 1.49164677 -0.185596332 0.736571729 0.650396943 0 174 220
0.215502501 1.08612764 1.46930301 -0.184134617 0.747237742 0.638537526 0 174 220
0.249341175 1.11341691 1.44664693 -0.182137132 0.757542431 0.626861632 0 174 220
0.283203661 1.14015985 1.4236778 -0.179604277 0.767487109 0.615390778 0 174 220
0.317089885 1.16635621 1.40039587 -0.176536426 0.777073383 0.604145646 0 174 220
0.351000011 1.19200647 1.37680185 -0.172933206 0.786303461 0.593144953 0 174 220
0.3849338 1.21710992 1.35289443 -0.168796733 0.795179904 0.582405925 0 174 220
0.41889146 1.24166715 1.32867467 -0.16412735 0.803704858 0.571944654 0 174 220
0.452872902 1.26567805 1.30414236 -0.158926204 0.811880291 0.561776459 0 174 220
0.486878127 1.28914237 1.27929699 -0.153195754 0.819708943 0.55191344 0 174 220
0.520907104 1.31206024 1.2541393 -0.146936715 0.82719177 0.542368352 0 174 220
0.554959834 1.33443165 1.22866869 -0.14015168 0.83433044 0.533151209 0 174 220
0.589036465 1.3562566 1.20288515 -0.132842585 0.841125667 0.524271369 0 174 220
0.623136818 1.37753522 1.17678928 -0.125011429 0.847577512 0.515736878 0 174 220
0.657260954 1.39826739 1.15038049 -0.116660178 0.853685021 0.507555246 0 174 220
0.691407263 1.41849136 1.12368095 -0.110440388 0.857932925 0.501751006 0 174 220
0.725565672 1.43843472 1.09682095 -0.10662318 0.860510886 0.498149127 0 174 220
0.75973475 1.4581362 1.06982231 -0.10265062 0.862997055 0.49467057 0 174 220
0.793914497 1.47759545 1.04268503 -0.0985223725 0.865390956 0.491316557 0 174 220
0.828104496 1.49681234 1.01540935 -0.0942388475 0.86769253 0.488086849 0 174 220
0.862305224 1.51578701 0.98799485 -0.089800261 0.869901359 0.484982014 0 174 220
0.896516502 1.53451967 0.960441887 -0.0852063075 0.872016966 0.482002467 0 174 220
0.930738211 1.55300987 0.932750165 -0.0804580599 0.874039054 0.479147464 0 174 220
0.964970469 1.57125819 0.904919922 -0.0755549297 0.875966489 0.476418108 0 174 220
0.999213338 1.5892638 0.876951098 -0.0704981387 0.877798975 0.473813146 0 174 220
1.0334667 1.60702765 0.848843634 -0.0652871206 0.879535317 0.471333385 0 174 220
1.06773078 1.62454927 0.820597649 -0.0599227399 0.881174684 0.468978077 0 174 220
1.10200524 1.64182866 0.792212963 -0.0544051938 0.882715702 0.466747224 0 174 220
1.13629031 1.65886569 0.763689756 -0.0487346388 0.88415736 0.464640379 0 174 220
1.17058587 1.67566049 0.73502779 -0.0429119766 0.885498166 0.462657064 0 174 220
1.20489204 1.6922133 0.706227362 -0.0369370542 0.886736631 0.460796863 0 174 220
1.2392087 1.70852363 0.677288294 -0.0308113992 0.887871504 0.459058702 0 174 220
1.27353597 1.72459209 0.648210585 -0.0245346911 0.88890034 0.457443178 0 174 220
1.30787361 1.74041784 0.618994236 -0.0181085244 0.889822245 0.455947787 0 174 220
1.34222174 1.75600147 0.589639425 -0.0115335975 0.890635192 0.45457235 0 174 220
0.0256806072 0.903363347 1.60940027 -0.200821728 0.682031214 0.703209877 0 174 220
0.059367504 0.934138954 1.58873904 -0.200726017 0.693910122 0.691518426 0 174 220
0.0930786505 0.964357376 1.56775892 -0.200140148 0.7054739 0.679890037 0 174 220
0.126814052 0.994018853 1.54646015 -0.199060783 0.716718853 0.668347776 0 174 220
0.160573691 1.02312338 1.52484262 -0.197485045 0.727642775 0.656913817 0 174 220
0.194357589 1.05167079 1.5029062 -0.195413202 0.738243163 0.645608842 0 174 220
0.228165716 1.07966125 1.48065114 -0.192843378 0.748519123 0.634452939 0 174 220
0.261998147 1.10709476 1.45807731 -0.189775229 0.758469939 0.623465002 0 174 220
0.295854777 1.13397098 1.43518472 -0.186208993 0.768095195 0.612663031 0 174 220
0.329735696 1.1602906 1.41197348 -0.182144508 0.777394712 0.602063835 0 174 220
0.363640904 1.18605304 1.38844335 -0.177583382 0.786369026 0.591682196 0 174 220
0.397570252 1.21125841 1.36459446 -0.17252548 0.795018017 0.581533551 0 174 220
0.431523919 1.23590696 1.3404268 -0.16697295 0.803342402 0.57163018 0 174 220
0.465501785 1.2599982 1.31594038 -0.160926431 0.811341822 0.561984956 0 174 220
0.49950397 1.28353274 1.29113543 -0.154388249 0.819016576 0.55260849 0 174 220
0.533530354 1.30651009 1.2660116 -0.147359848 0.826366246 0.543510735 0 174 220
0.567581058 1.32893062 1.240569 -0.139843166 0.833390057 0.534700751 0 174 220
0.60165596 1.35079384 1.21480763 -0.131840542 0.840086639 0.526186645 0 174 220
0.635755062 1.37210035 1.1887275 -0.123353899 0.84645468 0.517975211 0 174 220
0.669878602 1.3928498 1.16232872 -0.114386871 0.852491796 0.510071874 0 174 220
0.704024434 1.41308117 1.13563335 -0.107655033 0.856642127 0.504553854 0 174 220
0.738182783 1.43302822 1.1087755 -0.103427313 0.859097838 0.501252115 0 174 220
0.772351801 1.45273018 1.08177722 -0.0990788862 0.861475646 0.498039305 0 174 220
0.806531549 1.4721868 1.0546385 -0.0946104452 0.863775015 0.494915694 0 174 220
0.840722024 1.49139845 1.02735972 -0.0900219455 0.865995884 0.491881251 0 174 220
0.874922991 1.51036489 0.999940395 -0.0853138641 0.868137479 0.488936484 0 174 220
0.909134626 1.52908564 0.972380579 -0.0804864243 0.870199323 0.486081302 0 174 220
0.94335705 1.54756153 0.94468075 -0.0755401477 0.872180939 0.483315736 0 174 220
0.977590144 1.56579208 0.916840434 -0.0704746768 0.874081314 0.480640382 0 174 220
1.01183391 1.58377743 0.888859928 -0.0652911291 0.87590003 0.478054583 0 174 220
1.04608846 1.60151768 0.860738993 -0.059989661 0.877636194 0.475558609 0 174 220
1.0803535 1.61901224 0.832477629 -0.0545708686 0.879288971 0.473152101 0 174 220
1.11462927 1.63626206 0.804076076 -0.0490346327 0.880857408 0.470835268 0 174 220
1.14891577 1.65326655 0.775534093 -0.0433824733 0.88234067 0.468607366 0 174 220
1.18321276 1.67002559 0.746851802 -0.0376139805 0.883737445 0.466469049 0 174 220
1.21752071 1.68653977 0.718029201 -0.0317301042 0.885046959 0.464419097 0 174 220
1.25183904 1.70280838 0.689066231 -0.0257319082 0.88626802 0.462457538 0 174 220
1.28616834 1.71883202 0.659963012 -0.0196195692 0.887399137 0.460584253 0 174 220
1.32050824 1.73461044 0.630719304 -0.0133937029 0.888439536 0.45879814 0 174 220
1.3548584 1.75014317 0.601335466 -0.00705561461 0.889387488 0.457099557 0 174 220
0.0383783542 0.896105587 1.62029552 -0.216221616 0.686369896 0.694366395 0 174 220
0.0720573962 0.927061617 1.59973752 -0.214862227 0.697681785 0.683428347 0 174 220
0.105761088 0.957450926 1.57885516 -0.213046163 0.70871675 0.672556162 0 174 220
0.139489472 0.987273693 1.55764854 -0.21077086 0.719469786 0.66176945 0 174 220
0.173242539 1.0165298 1.53611779 -0.208035082 0.729938328 0.651084781 0 174 220
0.207020223 1.04521918 1.5142628 -0.204837918 0.740119517 0.640518963 0 174 220
0.240822598 1.07334197 1.49208331 -0.201179415 0.750010431 0.63008827 0 174 220
0.27464968 1.10089815 1.46958005 -0.197058797 0.759609461 0.619807363 0 174 220
0.308501393 1.12788773 1.44675207 -0.192477122 0.768915117 0.609690249 0 174 220
0.342377782 1.1543107 1.42360008 -0.187434137 0.777924657 0.599751294 0 174 220
0.376278847 1.18016696 1.40012348 -0.181931138 0.786637723 0.590001822 0 174 220
0.410204619 1.2054565 1.37632287 -0.175969243 0.795051813 0.580454469 0 174 220
0.444155037 1.23017979 1.35219812 -0.169549346 0.803165972 0.571119428 0 174 220
0.478130132 1.25433612 1.32774889 -0.16267319 0.810978174 0.562006891 0 174 220
0.512129903 1.27792585 1.30297554 -0.155342519 0.818486571 0.553126097 0 174 220
0.54615432 1.3009491 1.27787781 -0.147559345 0.825688958 0.544485033 0 174 220
0.580203354 1.3234055 1.25245583 -0.139325827 0.83258301 0.536091268 0 174 220
0.614277184 1.34529543 1.22670972 -0.130644545 0.839165807 0.52795136 0 174 220
0.648375511 1.36661851 1.20063925 -0.121517971 0.845434368 0.520071328 0 174 220
0.682498693 1.38737535 1.17424452 -0.111949213 0.85138458 0.512456536 0 174 220
0.716644585 1.40760529 1.14754844 -0.104719378 0.855422914 0.507233083 0 174 220
0.750803053 1.42754769 1.12068772 -0.100094058 0.857743025 0.504240215 0 174 220
0.784972548 1.44724286 1.09368575 -0.0953833684 0.859999239 0.501301587 0 174 220
0.819152653 1.46669078 1.06654179 -0.090588212 0.862191737 0.498416722 0 174 220
0.853343487 1.48589087 1.03925657 -0.0857085586 0.864319384 0.495586604 0 174 220
0.887545168 1.50484383 1.01182961 -0.0807447359 0.866381943 0.492811024 0 174 220
0.921757579 1.5235492 0.984260976 -0.0756976604 0.868378818 0.490089864 0 174 220
0.955980778 1.54200733 0.956550896 -0.0705670044 0.870309174 0.487424016 0 174 220
0.990214527 1.56021774 0.928699136 -0.0653530285 0.872172475 0.484813541 0 174 220
1.02445936 1.57818079 0.900705814 -0.0600576587 0.873968601 0.482257187 0 174 220
1.05871487 1.59589672 0.872570932 -0.0546797477 0.875696182 0.479756594 0 174 220
1.09298098 1.6133647 0.84429431 -0.0492213406 0.877355337 0.477310061 0 174 220
1.12725818 1.63058579 0.815876245 -0.0436819531 0.878944576 0.4749192 0 174 220
1.16154611 1.64755929 0.78731674 -0.0380622372 0.880463719 0.472583234 0 174 220
1.19584453 1.66428518 0.758615375 -0.0323626846 0.881911695 0.470302582 0 174 220
1.23015392 1.68076372 0.729772449 -0.0265848096 0.883288145 0.468076229 0 174 220
1.26447392 1.6969949 0.700787902 -0.02072905 0.884592235 0.465904444 0 174 220
1.29880488 1.7129786 0.671661854 -0.0147951841 0.885822892 0.463787585 0 174 220
1.33314657 1.72871494 0.642394304 -0.00878461823 0.886979401 0.461725444 0 174 220
1.36749876 1.74420369 0.612985075 -0.00269762892 0.888060927 0.45971784 0 174 220
0.0510631539 0.889143825 1.63136017 -0.231135055 0.690848887 0.685057998 0 174 220
0.0847355202 0.920253158 1.61088991 -0.228530824 0.701613545 0.674916387 0 174 220
0.118432924 0.950787127 1.59009039 -0.2255041 0.712135434 0.664839149 0 174 220
0.152155384 0.980745792 1.56896162 -0.222052112 0.722410381 0.654840529 0 174 220
0.185902879 1.01012909 1.54750347 -0.218175352 0.732434332 0.644933641 0 174 220
0.219675437 1.03893733 1.52571654 -0.213872761 0.742203891 0.635131359 0 174 220
0.253473014 1.06717002 1.5036 -0.20914425 0.751714766 0.625446677 0 174 220
0.287295669 1.09482753 1.48115456 -0.203990102 0.760964334 0.615890682 0 174 220
0.321143389 1.12190962 1.45837963 -0.198410407 0.76994884 0.606475174 0 174 220
0.355016142 1.14841664 1.43527555 -0.192406669 0.778665721 0.597209632 0 174 220
0.388913929 1.17434824 1.41184223 -0.18597877 0.787111342 0.588105083 0 174 220
0.422836751 1.19970453 1.38807976 -0.179128617 0.795282841 0.579170227 0 174 220
0.456784636 1.2244854 1.36398804 -0.171857193 0.80317688 0.570413768 0 174 220
0.490757525 1.2486912 1.33956707 -0.164166659 0.8107903 0.561843753 0 174 220
0.524755597 1.2723217 1.31481707 -0.156058922 0.818119526 0.553467274 0 174 220
0.558778584 1.29537678 1.28973746 -0.147535577 0.825160682 0.545291781 0 174 220
0.592826664 1.31785655 1.26432884 -0.138600454 0.831910312 0.537322283 0 174 220
0.626899838 1.33976102 1.23859107 -0.129255101 0.838363647 0.529565513 0 174 220
0.660997927 1.36109018 1.21252406 -0.119502738 0.844516277 0.522026122 0 174 220
0.695121169 1.38184404 1.18612778 -0.109347433 0.850363791 0.514708221 0 174 220
0.729267657 1.40206349 1.15942574 -0.101633832 0.854275405 0.509788275 0 174 220
0.763426721 1.42199326 1.13255775 -0.096624136 0.856446564 0.507112563 0 174 220
0.797596633 1.44167423 1.10554755 -0.0915643647 0.85856837 0.50445646 0 174 220
0.831777453 1.46110642 1.07839477 -0.0864559934 0.860640764 0.501819491 0 174 220
0.865969062 1.48028994 1.05109978 -0.0812984183 0.862662971 0.499202549 0 174 220
0.900171459 1.49922442 1.02366233 -0.0760928988 0.864634514 0.496605515 0 174 220
0.934384704 1.51791012 0.996082485 -0.0708394945 0.866554856 0.494028687 0 174 220
0.968608856 1.53634703 0.968360364 -0.0655385405 0.868423641 0.491472393 0 174 220
1.00284374 1.55453515 0.940495729 -0.0601915792 0.870240569 0.488935918 0 174 220
1.03708959 1.57247448 0.912488818 -0.0547983274 0.872004807 0.486420274 0 174 220
1.07134616 1.59016514 0.884339571 -0.0493590608 0.873715937 0.48392567 0 174 220
1.10561347 1.60760677 0.856047809 -0.0438749492 0.875373662 0.481451869 0 174 220
1.13989186 1.62479961 0.827613652 -0.0383463539 0.876977265 0.478999317 0 174 220
1.17418087 1.64174366 0.799037158 -0.0327745266 0.878526926 0.476567209 0 174 220
1.20848095 1.65843892 0.77031827 -0.0271593146 0.880021513 0.474156648 0 174 220
1.24279153 1.67488539 0.741456985 -0.0215019174 0.881460845 0.471767366 0 174 220
1.27711308 1.69108295 0.712453365 -0.0158028901 0.882844567 0.469399363 0 174 220
1.31144559 1.70703185 0.68330735 -0.0100621348 0.884171784 0.467053443 0 174 220
1.34578884 1.72273195 0.654018939 -0.0042815418 0.885442674 0.464728922 0 174 220
1.38014269 1.73818302 0.624588251 0.00153859949 0.886656582 0.462425947 0 174 220
0.0637337416 0.882508397 1.6426115 -0.249406561 0.697446108 0.67183727 0 174 220
0.09740071 0.913741589 1.62221205 -0.245291471 0.707517803 0.66275996 0 174 220
0.131093055 0.944391847 1.60147905 -0.240807191 0.71739161 0.653728664 0 174 220
0.164810747 0.974459231 1.58041251 -0.235952973 0.727062583 0.64475286 0 174 220
0.198553845 1.0039438 1.55901253 -0.23072888 0.736525774 0.635841191 0 174 220
0.23232238 1.0328455 1.53727901 -0.225133896 0.745776117 0.627002895 0 174 220
0.266116202 1.06116438 1.51521158 -0.219169438 0.754809141 0.61824584 0 174 220
0.2999354 1.08890033 1.49281096 -0.212834165 0.763619542 0.609579265 0 174 220
0.33378005 1.1160537 1.47007704 -0.206131071 0.772203386 0.60100913 0 174 220
0.367650032 1.1426239 1.44700921 -0.199059516 0.780555487 0.592544019 0 174 220
0.401545346 1.16861141 1.42360783 -0.191621527 0.788671434 0.584190607 0 174 220
0.435466111 1.1940161 1.39987302 -0.183818206 0.79654634 0.57595551 0 174 220
0.469412237 1.21883798 1.37580478 -0.175651222 0.804175377 0.567845643 0 174 220
0.503383696 1.2430768 1.35140252 -0.167123064 0.811553955 0.559866071 0 174 220
0.537380576 1.26673317 1.32666743 -0.158235863 0.818677068 0.552022934 0 174 220
0.571402788 1.28980637 1.30159843 -0.148992717 0.825539708 0.544320941 0 174 220
0.605450392 1.31229651 1.27619576 -0.139395982 0.832136631 0.536765635 0 174 220
0.639523447 1.33420432 1.25045979 -0.129449442 0.838462532 0.529361248 0 174 220
0.673621714 1.35552895 1.22439003 -0.119156882 0.844512582 0.522111356 0 174 220
0.707745433 1.37627065 1.19798696 -0.108522244 0.850280344 0.515020669 0 174 220
0.741892755 1.3964715 1.17127395 -0.100444481 0.854100168 0.510317385 0 174 220
0.776052713 1.41638088 1.14439464 -0.095150657 0.856154263 0.507884085 0 174 220
0.810223579 1.43604088 1.11737227 -0.0898225978 0.858164907 0.505455017 0 174 220
0.844405413 1.45545149 1.09020722 -0.0844606161 0.86013186 0.50303036 0 174 220
0.878597975 1.47461236 1.06289923 -0.0790651739 0.862054706 0.500610054 0 174 220
0.912801266 1.49352372 1.03544867 -0.0736369863 0.86393261 0.498194754 0 174 220
0.947015524 1.51218557 1.00785518 -0.0681766793 0.865765572 0.495784193 0 174 220
0.981240749 1.53059804 0.980118871 -0.0626847893 0.867552876 0.493378729 0 174 220
1.01547682 1.54876077 0.952239931 -0.0571622029 0.869294465 0.490978301 0 174 220
1.04972374 1.56667423 0.924217999 -0.0516089723 0.870989382 0.488583565 0 174 220
1.08398163 1.58433795 0.896053433 -0.0460262336 0.872637928 0.486193955 0 174 220
1.11825013 1.60175216 0.867745936 -0.0404144302 0.874239206 0.483810335 0 174 220
1.1525296 1.61891675 0.839295626 -0.0347743146 0.87579304 0.481432527 0 174 220
1.18681979 1.63583207 0.810702741 -0.02910625 0.87729913 0.47906068 0 174 220
1.22112119 1.65249777 0.781966865 -0.023410419 0.878756523 0.476695925 0 174 220
1.2554332 1.66891384 0.753088236 -0.0176890027 0.880165637 0.474336863 0 174 220
1.28975618 1.68508029 0.724066794 -0.0119413622 0.881525755 0.471985012 0 174 220
1.32409 1.70099735 0.694902539 -0.00616973219 0.882837057 0.469638973 0 174 220
1.35843468 1.71666515 0.665595651 -0.000373332965 0.88409853 0.467300355 0 174 220
1.39278996 1.73208296 0.636145949 0.00544701749 0.885310054 0.464969218 0 174 220
0.0763858184 0.876299441 1.65410686 -0.268898547 0.705087245 0.656159639 0 174 220
0.110049032 0.907619417 1.63375735 -0.263170451 0.714422882 0.648337245 0 174 220
0.143737853 0.938350439 1.61307061 -0.257135361 0.723606467 0.640527189 0 174 220
0.177452311 0.968492806 1.5920471 -0.250794023 0.732631385 0.632734954 0 174 220
0.211192384 0.998046339 1.5706861 -0.244145796 0.741492271 0.624965608 0 174 220
0.244958133 1.02701139 1.54898906 -0.23719117 0.750183165 0.617224038 0 174 220
0.278749496 1.0553875 1.52695429 -0.229931191 0.758697689 0.609515727 0 174 220
0.312566459 1.08317482 1.50458312 -0.222366482 0.767030597 0.601844788 0 174 220
0.346409112 1.11037362 1.48187518 -0.214498222 0.77517575 0.594216466 0 174 220
0.380277306 1.13698351 1.45883 -0.206327632 0.783127248 0.586634934 0 174 220
0.414171278 1.16300464 1.43544805 -0.197856829 0.790879071 0.579105377 0 174 220
0.448090762 1.1884371 1.4117291 -0.189087898 0.798425674 0.571631193 0 174 220
0.482035935 1.21328115 1.38767338 -0.18002288 0.805760562 0.564217687 0 174 220
0.516006708 1.23753607 1.36328065 -0.170664951 0.81287843 0.556868136 0 174 220
0.550003171 1.26120245 1.33855104 -0.16101633 0.81977284 0.549587369 0 174 220
0.584025145 1.28428006 1.31348455 -0.151081234 0.826438129 0.542378545 0 174 220
0.618072927 1.30676877 1.28808117 -0.140863135 0.832868218 0.535245776 0 174 220
0.652146161 1.32866907 1.2623409 -0.130365849 0.839057505 0.528192461 0 174 220
0.686245143 1.34998047 1.23626363 -0.119593792 0.844999611 0.521222591 0 174 220
0.720369637 1.37070322 1.20984936 -0.108552627 0.850689232 0.514338434 0 174 220
0.754518032 1.39087951 1.18312252 -0.100178316 0.854430854 0.509815991 0 174 220
0.788679123 1.41076338 1.15622842 -0.0946474597 0.856386542 0.50758642 0 174 220
0.822851121 1.43039727 1.12919128 -0.08908806 0.858300388 0.505355179 0 174 220
0.857034087 1.44978094 1.10201061 -0.0834992975 0.860171676 0.503122807 0 174 220
0.891227782 1.46891451 1.07468724 -0.0778834671 0.862000346 0.500888824 0 174 220
0.925432384 1.48779809 1.04722059 -0.0722396821 0.863785565 0.498654127 0 174 220
0.959647954 1.50643158 1.01961112 -0.0665696785 0.865527272 0.496418238 0 174 220
0.993874431 1.52481496 0.991858184 -0.0608728938 0.867224574 0.494182229 0 174 220
1.0281117 1.54294848 0.963962257 -0.055150561 0.868877411 0.491945684 0 174 220
1.06236005 1.56083155 0.935923219 -0.0494040065 0.870485544 0.489708275 0 174 220
1.09661901 1.57846475 0.90774101 -0.0436332785 0.872048259 0.487470925 0 174 220
1.13088894 1.59584785 0.87941587 -0.037839029 0.873565435 0.485233605 0 174 220
1.16516984 1.61298084 0.85094738 -0.0320222378 0.875036836 0.482996017 0 174 220
1.19946146 1.62986374 0.822335958 -0.0261830557 0.876461446 0.480759472 0 174 220
1.23376429 1.64649665 0.793581307 -0.0203229636 0.877839863 0.478522807 0 174 220
1.26807773 1.66287947 0.764683604 -0.0144422231 0.879171073 0.476287216 0 174 220
1.30240214 1.67901218 0.735642791 -0.00854130089 0.880454957 0.474052876 0 174 220
1.33673751 1.69489467 0.706458926 -0.00262196548 0.881691813 0.471818477 0 174 220
1.37108374 1.7105273 0.677131891 0.00331658823 0.882880092 0.46958673 0 174 220
1.40544045 1.72590959 0.647661805 0.00927199889 0.884020746 0.467355758 0 174 220
0.0890189335 0.870524704 1.66585088 -0.287625551 0.712762415 0.639719725 0 174 220
0.122680001 0.901893497 1.64552927 -0.280335188 0.721408188 0.633231819 0 174 220
0.15636687 0.932669282 1.6248678 -0.272798508 0.72993964 0.626712859 0 174 220
0.190079585 0.962852478 1.60386765 -0.265015006 0.738350153 0.620166123 0 174 220
0.223818108 0.992442489 1.582528 -0.256985843 0.746633768 0.613592923 0 174 220
0.257582426 1.02143955 1.56084907 -0.248712122 0.75478375 0.606995702 0 174 220
0.291372538 1.04984379 1.5388304 -0.240194842 0.762793303 0.600377202 0 174 220
0.325188488 1.0776552 1.51647294 -0.231435731 0.770655811 0.593739927 0 174 220
0.359030247 1.10487378 1.49377632 -0.222436562 0.778364658 0.58708638 0 174 220
0.392897815 1.13149917 1.47074008 -0.213199869 0.785913646 0.580418408 0 174 220
0.426791191 1.15753174 1.44736457 -0.203727856 0.793295801 0.57373929 0 174 220
0.460710406 1.18297172 1.42364991 -0.194023654 0.800504625 0.567051291 0 174 220
0.494655401 1.20781827 1.39959586 -0.184089929 0.807533324 0.560357749 0 174 220
0.528626263 1.23207223 1.3752023 -0.173930526 0.814375639 0.553660929 0 174 220
0.562622905 1.25573337 1.35046983 -0.163549706 0.821025193 0.546963573 0 174 220
0.596645415 1.27880156 1.32539797 -0.152950987 0.827475309 0.540268958 0 174 220
0.630693674 1.30127668 1.2999866 -0.142139405 0.833719909 0.533579886 0 174 220
0.664767742 1.32315898 1.27423608 -0.131119907 0.839753211 0.526898563 0 174 220
0.698867679 1.34444869 1.24814641 -0.119897231 0.845568538 0.52022928 0 174 220
0.732993364 1.36514485 1.22171724 -0.108477674 0.851160526 0.513574004 0 174 220
0.767143011 1.38529146 1.19497347 -0.0998222157 0.854813874 0.509243309 0 174 220
0.801305354 1.40514445 1.16806138 -0.0940570682 0.856669545 0.507218361 0 174 220
0.835478723 1.42474699 1.14100635 -0.0882677138 0.858484328 0.505186498 0 174 220
0.869663179 1.44409907 1.1138078 -0.0824554786 0.860258162 0.503147066 0 174 220
0.903858244 1.46320069 1.08646607 -0.0766199082 0.861990154 0.501101196 0 174 220
0.938064277 1.48205173 1.05898082 -0.0707630515 0.863680303 0.499048054 0 174 220
0.972281218 1.50065207 1.03135216 -0.064884387 0.865327895 0.496988595 0 174 220
1.00650918 1.51900232 1.00358021 -0.0589854345 0.866932929 0.49492228 0 174 220
1.040748 1.53710186 0.975664973 -0.0530661866 0.868494511 0.492850095 0 174 220
1.07499766 1.55495083 0.947606444 -0.0471277498 0.87001276 0.490771592 0 174 220
1.10925829 1.57254958 0.919404507 -0.0411713161 0.8714872 0.488687098 0 174 220
1.14352977 1.58989763 0.891059101 -0.0351970904 0.872917473 0.486596584 0 174 220
1.17781222 1.60699511 0.862570405 -0.029205719 0.874303281 0.484500587 0 174 220
1.21210551 1.623842 0.83393842 -0.0231978633 0.875644028 0.482399613 0 174 220
1.24640965 1.64043856 0.805163145 -0.0171749294 0.876939893 0.480293006 0 174 220
1.28072464 1.65678453 0.776244283 -0.0111370664 0.878190458 0.478181481 0 174 220
1.31505084 1.67287993 0.74718225 -0.00508548459 0.879395247 0.476065189 0 174 220
1.34938776 1.68872499 0.717976809 0.000979518169 0.880554318 0.473944247 0 174 220
1.38373554 1.70431972 0.688627958 0.00705627585 0.881667376 0.471818656 0 174 220
1.41809416 1.71966338 0.659135938 0.0131452568 0.882733881 0.469689339 0 174 220
0.101633161 0.865184128 1.67784333 -0.305568129 0.720465362 0.622541308 0 174 220
0.135293722 0.896564007 1.6575278 -0.296773463 0.728468955 0.617461443 0 174 220
0.168980211 0.927348793 1.63687181 -0.287787199 0.736388505 0.612299383 0 174 220
0.202692658 0.957538128 1.61587512 -0.278610945 0.744217634 0.607055306 0 174 220
0.236430958 0.987132132 1.5945375 -0.269246399 0.751949608 0.601729333 0 174 220
0.270195246 1.01613057 1.57285941 -0.259695351 0.759577811 0.596322 0 174 220
0.303985417 1.04453373 1.55084038 -0.249959677 0.767095268 0.5908342 0 174 220
0.337801516 1.07234144 1.52848077 -0.240043327 0.774495125 0.585266113 0 174 220
0.371643543 1.09955406 1.50578046 -0.229947835 0.781770647 0.579619408 0 174 220
0.405511498 1.12617111 1.48273957 -0.219677359 0.788915038 0.573894441 0 174 220
0.439405382 1.15219283 1.45935762 -0.209235445 0.795921564 0.568092704 0 174 220
0.473325163 1.17761922 1.43563545 -0.198625833 0.802783251 0.562216043 0 174 220
0.507270873 1.20244992 1.41157198 -0.187853023 0.809493601 0.556265533 0 174 220
0.541242599 1.22668564 1.38716829 -0.176921204 0.816046 0.550243497 0 174 220
0.575240016 1.25032568 1.36242354 -0.165835872 0.822433949 0.544151425 0 174 220
0.609263539 1.2733705 1.33733833 -0.154601917 0.828651309 0.537991881 0 174 220
0.643312931 1.29582 1.31191254 -0.143225163 0.834691823 0.531766951 0 174 220
0.677388251 1.31767392 1.28614569 -0.131711006 0.840549588 0.525479436 0 174 220
0.711489499 1.33893275 1.26003838 -0.120066464 0.846218944 0.519131541 0 174 220
0.745616674 1.35959601 1.23359001 -0.10829705 0.851694286 0.512726605 0 174 220
0.779767811 1.37970698 1.20682621 -0.0993760377 0.855249166 0.508599401 0 174 220
0.813931882 1.39952421 1.17989397 -0.0933782458 0.857002735 0.506780803 0 174 220
0.848106742 1.41909051 1.15281785 -0.0873615444 0.858716726 0.504949093 0 174 220
0.882292688 1.43840599 1.12559843 -0.0813270807 0.860390544 0.503104329 0 174 220
0.916489363 1.45747066 1.09823537 -0.0752747506 0.86202389 0.50124687 0 174 220
0.950697124 1.47628462 1.07072902 -0.0692062601 0.863616407 0.499376774 0 174 220
0.984915733 1.49484754 1.04307902 -0.0631214306 0.865167618 0.49749437 0 174 220
1.01914525 1.51315999 1.01528561 -0.05702186 0.866677463 0.4955993 0 174 220
1.05338562 1.53122151 0.987348437 -0.0509079807 0.868145227 0.493692398 0 174 220
1.08763707 1.54903209 0.959267914 -0.0447803102 0.869570911 0.491773427 0 174 220
1.12189925 1.56659186 0.931043863 -0.0386397801 0.870954096 0.489842743 0 174 220
1.15617251 1.58390105 0.902676165 -0.0324873626 0.872294605 0.487900317 0 174 220
1.19045663 1.60095918 0.874164999 -0.0263236985 0.873591781 0.485946894 0 174 220
1.22475171 1.61776686 0.845510423 -0.0201500356 0.874846101 0.483981669 0 174 220
1.25905752 1.6343236 0.816712201 -0.0139663536 0.876056612 0.482005894 0 174 220
1.29337454 1.65062928 0.787770391 -0.00777408713 0.877223492 0.480019361 0 174 220
1.32770216 1.66668415 0.758685112 -0.00157397927 0.878346443 0.47802192 0 174 220
1.362041 1.68248844 0.729456425 0.00463316636 0.879425466 0.476014078 0 174 220
1.39639044 1.6980418 0.700084031 0.0108469054 0.880459726 0.473996758 0 174 220
1.43075085 1.71334445 0.670568347 0.0170664489 0.881449521 0.471969843 0 174 220
0.114228472 0.860277534 1.69008398 -0.322708726 0.728188634 0.604649007 0 174 220
0.147890195 0.891631186 1.66975331 -0.312472761 0.735599518 0.601044178 0 174 220
0.181577861 0.922388673 1.64908171 -0.302094489 0.742948949 0.597298741 0 174 220
0.2152915 0.952549994 1.62806892 -0.291577101 0.750230372 0.593411446 0 174 220
0.249031082 0.982115209 1.60671508 -0.280924201 0.757437527 0.589381039 0 174 220
0.282796621 1.01108432 1.58502018 -0.270139307 0.764564157 0.58520633 0 174 220
0.316588134 1.0394572 1.56298375 -0.259226024 0.771602988 0.580887854 0 174 220
0.350405514 1.0672338 1.5406065 -0.248188853 0.778548241 0.576424301 0 174 220
0.384249002 1.09441471 1.51788795 -0.237032235 0.785393119 0.571815908 0 174 220
0.418118298 1.12099898 1.49482846 -0.225760907 0.792131245 0.567062676 0 174 220
0.452013701 1.14698744 1.47142756 -0.214380473 0.798756003 0.56216532 0 174 220
0.485935003 1.17237973 1.44768572 -0.202895552 0.805261433 0.557124197 0 174 220
0.519882202 1.19717586 1.42360258 -0.191312328 0.811640859 0.551940799 0 174 220
0.553855419 1.2213757 1.39917827 -0.17963694 0.817888737 0.546615541 0 174 220
0.587854505 1.2449795 1.37441289 -0.167875588 0.823998928 0.541150153 0 174 220
0.621879578 1.26798725 1.34930658 -0.156034261 0.829965472 0.535547137 0 174 220
0.655930638 1.29039872 1.32385862 -0.14412035 0.835783064 0.529807508 0 174 220
0.690007627 1.31221414 1.29806972 -0.132140175 0.8414464 0.523934126 0 174 220
0.724110663 1.33343339 1.27193987 -0.120101139 0.846950293 0.517929316 0 174 220
0.758239508 1.35405648 1.24546874 -0.108011216 0.852290034 0.511796176 0 174 220
0.792392552 1.37412679 1.21868134 -0.0988401398 0.855736196 0.507884026 0 174 220
0.826558352 1.39390254 1.19172537 -0.0926117972 0.857385993 0.506272972 0 174 220
0.860735059 1.41342771 1.16462576 -0.0863696039 0.858996987 0.504642904 0 174 220
0.894922733 1.43270171 1.13738263 -0.0801147819 0.860568821 0.502993941 0 174 220
0.929121196 1.45172477 1.10999584 -0.0738477632 0.862101197 0.501326323 0 174 220
0.963330805 1.47049665 1.08246541 -0.0675692037 0.863593519 0.499640495 0 174 220
0.997551262 1.48901796 1.05479145 -0.0612808578 0.865046024 0.497935772 0 174 220
1.03178263 1.5072881 1.02697372 -0.0549828857 0.866458058 0.496213049 0 174 220
1.0660249 1.5253073 0.99901247 -0.0486756898 0.867829323 0.494472325 0 174 220
1.10027802 1.54307532 0.970907629 -0.0423610918 0.869159877 0.492713571 0 174 220
1.13454223 1.56059229 0.942658901 -0.0360391103 0.870449066 0.490937442 0 174 220
1.16881704 1.57785845 0.914266765 -0.0297111478 0.87169677 0.489144027 0 174 220
1.2031033 1.59487391 0.885731041 -0.0233777482 0.872902989 0.487333387 0 174 220
1.23740017 1.61163783 0.857051492 -0.0170394592 0.874067366 0.485505909 0 174 220
1.27170789 1.62815118 0.828228593 -0.0106982877 0.875190139 0.483660758 0 174 220
1.30602682 1.64441347 0.799261868 -0.00435389439 0.876270473 0.48179999 0 174 220
1.34035647 1.66042471 0.770151615 0.0019924168 0.877308547 0.479922533 0 174 220
1.37469709 1.67618501 0.740897715 0.00833967794 0.878304303 0.478029191 0 174 220
1.4090488 1.6916945 0.711500168 0.01468735 0.879257381 0.476120532 0 174 220
1.44341099 1.70695269 0.681959152 0.0210347399 0.880167902 0.474196285 0 174 220
0.126804963 0.855805039 1.70257318 -0.339031607 0.735923171 0.58606708 0 174 220
0.160469472 0.887094438 1.68220592 -0.327421367 0.742793322 0.583997726 0 174 220
0.19415988 0.917788625 1.66149807 -0.315711707 0.749615669 0.58172375 0 174 220
0.227876261 0.947887897 1.64044964 -0.303908229 0.756384671 0.579242527 0 174 220
0.261618495 0.977391779 1.61906064 -0.292016745 0.763094723 0.576552391 0 174 220
0.295386702 1.00630033 1.59733093 -0.280042917 0.769739807 0.573651969 0 174 220
0.329180777 1.03461397 1.575261 -0.267992735 0.776314616 0.570539773 0 174 220
0.363000691 1.06233203 1.55284989 -0.255873024 0.78281343 0.56721431 0 174 220
0.396846652 1.08945549 1.53009856 -0.243690193 0.789230466 0.563675702 0 174 220
0.430718452 1.11598325 1.50700641 -0.231451035 0.795560777 0.559922755 0 174 220
0.464616239 1.14191592 1.48357379 -0.219163001 0.801798344 0.555956006 0 174 220
0.498539895 1.16725338 1.45980048 -0.206832841 0.807938039 0.551775575 0 174 220
0.532489419 1.1919955 1.43568671 -0.194468692 0.813974738 0.547381997 0 174 220
0.566464961 1.21614289 1.41123235 -0.182077959 0.819903493 0.542776048 0 174 220
0.600466371 1.23969471 1.3864373 -0.169668317 0.825719297 0.537959397 0 174 220
0.634493649 1.26265144 1.36130142 -0.157247663 0.831417441 0.532933593 0 174 220
0.668546915 1.28501284 1.3358252 -0.144824639 0.836993575 0.527700305 0 174 220
0.702626109 1.30677927 1.31000817 -0.132406697 0.842443228 0.522262216 0 174 220
0.736731052 1.32795024 1.28385091 -0.120002188 0.847762406 0.516622066 0 174 220
0.770862043 1.34852624 1.25735271 -0.107619911 0.852947414 0.510782242 0 174 220
0.805016994 1.36854994 1.23053849 -0.0982142016 0.856274784 0.507097125 0 174 220
0.83918488 1.3882798 1.2035563 -0.0917571858 0.857818902 0.505694985 0 174 220
0.873363733 1.40775836 1.17643023 -0.0852916762 0.859324992 0.504267633 0 174 220
0.907553434 1.4269861 1.14916039 -0.0788181797 0.860792577 0.502815902 0 174 220
0.941753864 1.44596243 1.1217469 -0.0723387897 0.862221837 0.50133884 0 174 220
0.9759655 1.4646883 1.09419 -0.0658527985 0.863611758 0.499838084 0 174 220
1.01018786 1.48316264 1.06648934 -0.0593624562 0.864962935 0.498312354 0 174 220
1.04442132 1.50138628 1.03864503 -0.052867949 0.866274655 0.496762753 0 174 220
1.07866561 1.51935863 1.01065707 -0.0463702306 0.867546678 0.495189339 0 174 220
1.11292076 1.53708005 0.982525349 -0.0398703478 0.868779123 0.493592083 0 174 220
1.14718699 1.55455041 0.954250038 -0.0333691575 0.869971693 0.491971254 0 174 220
1.1814642 1.57176995 0.925831139 -0.0268676933 0.871124089 0.490327418 0 174 220
1.21575236 1.58873856 0.897268653 -0.0203665271 0.872236192 0.488660663 0 174 220
1.2500509 1.6054554 0.868562222 -0.0138672497 0.873308241 0.486970633 0 174 220
1.284361 1.62192214 0.839712441 -0.00737007381 0.8743397 0.485258341 0 174 220
1.31868172 1.6381371 0.810718775 -0.000876150676 0.875330687 0.483524054 0 174 220
1.35301352 1.65410137 0.78158164 0.00561406463 0.876281023 0.481767565 0 174 220
1.38735616 1.66981483 0.752300858 0.0120988507 0.877190888 0.47998932 0 174 220
1.4217099 1.68527687 0.72287637 0.0185780507 0.878059864 0.478190124 0 174 220
1.45607412 1.70048809 0.693308294 0.025050506 0.878888309 0.476369411 0 174 220
0.139362469 0.851766646 1.71531057 -0.354521722 0.743658781 0.56682092 0 174 220
0.173031434 0.882954299 1.69488525 -0.341608971 0.750041664 0.56633997 0 174 220
0.206726164 0.913549423 1.67412055 -0.328632206 0.756381571 0.565586269 0 174 220
0.240446717 0.943551898 1.65301681 -0.315599859 0.762674391 0.564556837 0 174 220
0.274193078 0.972961783 1.63157403 -0.302520961 0.768915772 0.563249052 0 174 220
0.307965249 1.0017792 1.60979235 -0.289404303 0.775101244 0.561661065 0 174 220
0.341763169 1.03000414 1.58767128 -0.276259571 0.781226754 0.559790492 0 174 220
0.375586867 1.0576365 1.5652113 -0.263095349 0.787287891 0.557636678 0 174 220
0.409436464 1.08467615 1.54241216 -0.24992162 0.7932809 0.555197775 0 174 220
0.443311751 1.11112332 1.519274 -0.236748025 0.799201965 0.552473187 0 174 220
0.477212936 1.13697815 1.4957968 -0.223583534 0.805046678 0.549463511 0 174 220
0.51113987 1.16224027 1.47198021 -0.210438415 0.810811996 0.546168089 0 174 220
0.545092583 1.18690979 1.44782484 -0.197321832 0.816493809 0.542588234 0 174 220
0.579071045 1.21098673 1.42333007 -0.184244126 0.822089016 0.538724244 0 174 220
0.613075495 1.2344712 1.39849663 -0.171214789 0.82759434 0.534577549 0 174 220
0.647105575 1.25736308 1.3733238 -0.158242837 0.833006382 0.530150592 0 174 220
0.681161523 1.27966261 1.34781206 -0.145338327 0.838322341 0.525444984 0 174 220
0.71524328 1.30136931 1.32196105 -0.132510766 0.843539417 0.520463467 0 174 220
0.749350786 1.32248354 1.29577088 -0.119769208 0.848654807 0.51520896 0 174 220
0.783484101 1.3430053 1.26924181 -0.107123353 0.853666186 0.50968492 0 174 220
0.817641437 1.36297715 1.2423979 -0.0974984169 0.856864691 0.506238163 0 174 220
0.851811409 1.38265538 1.21538615 -0.0908145607 0.858301222 0.505046189 0 174 220
0.885992408 1.40208268 1.18823075 -0.0841273889 0.859700382 0.50382328 0 174 220
0.920184374 1.42125905 1.16093171 -0.0774376914 0.861061573 0.502569735 0 174 220
0.954387069 1.44018435 1.13348889 -0.0707476735 0.862385333 0.501284659 0 174 220
0.98860085 1.45885885 1.10590255 -0.0640563741 0.863670707 0.499969661 0 174 220
1.0228256 1.47728217 1.07817268 -0.0573659502 0.864917874 0.498624355 0 174 220
1.0570612 1.49545479 1.05029917 -0.0506770611 0.866126597 0.497248888 0 174 220
1.09130776 1.51337647 1.022282 -0.0439911 0.867296994 0.495843381 0 174 220
1.12556517 1.53104687 0.994121373 -0.0373083502 0.868428707 0.494408429 0 174 220
1.15983367 1.54846632 0.965816915 -0.0306303296 0.869521618 0.492944032 0 174 220
1.19411302 1.56563532 0.937369049 -0.0239575952 0.870575905 0.491450459 0 174 220
1.22840309 1.58255291 0.908777475 -0.0172910951 0.871591151 0.489928395 0 174 220
1.26270425 1.5992198 0.880042374 -0.0106327971 0.872568011 0.488376826 0 174 220
1.29701614 1.61563551 0.851163507 -0.00398208015 0.873505533 0.486797869 0 174 220
1.33133936 1.63180053 0.82214123 0.00265905098 0.874404371 0.485190541 0 174 220
1.36567342 1.6477145 0.792975247 0.00929015409 0.875264347 0.483555675 0 174 220
1.4000181 1.6633774 0.763665617 0.015909953 0.876085281 0.481893599 0 174 220
1.43437374 1.67878926 0.734212279 0.022517629 0.876867473 0.480204582 0 174 220
1.46874034 1.69395065 0.704615712 0.029113058 0.877611041 0.478488594 0 174 220
0.151901081 0.848162353 1.72829664 -0.369165778 0.751383781 0.546936095 0 174 220
0.185576111 0.879210532 1.70779133 -0.355025977 0.757334352 0.54808867 0 174 220
0.219276726 0.909670174 1.68694913 -0.340848833 0.763238311 0.548898339 0 174 220
0.253002971 0.939541936 1.66577065 -0.326647013 0.769092619 0.549361706 0 174 220
0.286754847 0.9688254 1.64425552 -0.312433511 0.774895012 0.549475133 0 174 220
0.320532292 0.997520745 1.62240398 -0.298222184 0.780643463 0.549235225 0 174 220
0.354335427 1.02562785 1.60021555 -0.284024984 0.78633517 0.548640907 0 174 220
0.388164043 1.05314672 1.57769048 -0.269855529 0.791968524 0.547689497 0 174 220
0.422018349 1.08007741 1.554829 -0.255726546 0.79754144 0.54638046 0 174 220
0.455898285 1.10641992 1.53163123 -0.241651207 0.803052247 0.544712603 0 174 220
0.489803791 1.13217413 1.5080961 -0.227642268 0.808499396 0.542685568 0 174 220
0.523734868 1.15734017 1.48422468 -0.213711426 0.813881218 0.540300608 0 174 220
0.557691693 1.18191814 1.46001697 -0.199871898 0.819196582 0.537557602 0 174 220
0.59167397 1.2059077 1.43547237 -0.18613562 0.824444056 0.53445816 0 174 220
0.625681937 1.22930932 1.41059113 -0.172513887 0.829622746 0.531003833 0 174 220
0.659715474 1.25212252 1.38537335 -0.159018412 0.834730983 0.527197659 0 174 220
0.693774641 1.27434766 1.35981905 -0.145661369 0.839768589 0.523040593 0 174 220
0.727859378 1.29598451 1.33392799 -0.132451877 0.844733953 0.518537402 0 174 220
0.761969745 1.31703329 1.3077004 -0.119401783 0.84962672 0.513690233 0 174 220
0.796105802 1.33749366 1.28113616 -0.106520787 0.854445994 0.508503199 0 174 220
0.830265522 1.35740829 1.25425971 -0.0966918319 0.857505083 0.505307496 0 174 220
0.864438057 1.3770299 1.22721541 -0.0897837281 0.858832419 0.504326999 0 174 220
0.89862144 1.39640057 1.2000277 -0.0828771517 0.86012274 0.503309369 0 174 220
0.93281585 1.41552079 1.17269635 -0.075973466 0.861375749 0.502254903 0 174 220
0.967021108 1.43439007 1.14522159 -0.0690741166 0.862591505 0.501163423 0 174 220
1.00123739 1.45300865 1.1176033 -0.0621800236 0.863769889 0.500035286 0 174 220
1.03546441 1.47137654 1.08984172 -0.0552916415 0.864910603 0.498871177 0 174 220
1.06970251 1.48949361 1.06193638 -0.0484110527 0.866014123 0.497670501 0 174 220
1.10395122 1.50735986 1.03388774 -0.0415382944 0.867079854 0.496434391 0 174 220
1.13821125 1.52497554 1.00569546 -0.0346749946 0.868108153 0.495162487 0 174 220
1.17248201 1.54234016 0.977359712 -0.0278221667 0.869098902 0.493855178 0 174 220
1.20676374 1.55945444 0.948880553 -0.0209807958 0.870052278 0.492512763 0 174 220
1.2410562 1.57631779 0.920257866 -0.0141514093 0.870967984 0.491136044 0 174 220
1.27535987 1.59293044 0.891491592 -0.00733584911 0.871846199 0.489724755 0 174 220
1.30967426 1.60929227 0.862582028 -0.000534763152 0.87268728 0.488279283 0 174 220
1.34399962 1.6254034 0.833528876 0.00625132443 0.873490989 0.486800194 0 174 220
1.37833571 1.64126372 0.804332137 0.0130206915 0.874257565 0.485287696 0 174 220
1.41268313 1.65687346 0.774992049 0.0197730511 0.874987364 0.48374176 0 174 220
1.44704092 1.67223203 0.745508373 0.0265068095 0.87567997 0.482163787 0 174 220
1.48141003 1.68734038 0.715881467 0.0332219116 0.8763358 0.480553687 0 174 220
0.164420888 0.84499228 1.74153101 -0.382951766 0.759085596 0.526438117 0 174 220
0.198103622 0.875863075 1.72092426 -0.367663503 0.764660418 0.529261708 0 174 220
0.231811732 0.906151652 1.69998455 -0.352355003 0.770175874 0.53167206 0 174 220
0.26554513 0.93585813 1.6787113 -0.337045282 0.775630653 0.533664346 0 174 220
0.299303919 0.96498239 1.65710497 -0.321751833 0.78102529 0.535233855 0 174 220
0.33308807 0.993524849 1.63516581 -0.30649361 0.786359787 0.536376655 0 174 220
0.366897553 1.02148485 1.61289334 -0.29128778 0.791634619 0.537090361 0 174 220
0.400732338 1.04886293 1.5902878 -0.276152134 0.796850324 0.537372768 0 174 220
0.434592456 1.07565856 1.56734896 -0.261104375 0.802007914 0.537222266 0 174 220
0.468478054 1.10187244 1.5440774 -0.246160701 0.807108402 0.536638558 0 174 220
0.502388895 1.12750399 1.52047229 -0.231338158 0.812153161 0.535620928 0 174 220
0.536325097 1.15255332 1.49653399 -0.216652453 0.817143619 0.534170449 0 174 220
0.570286632 1.17702055 1.47226286 -0.202118739 0.822081029 0.532288313 0 174 220
0.604273498 1.2009058 1.44765842 -0.187752038 0.826966941 0.529976249 0 174 220
0.638285756 1.22420859 1.42272079 -0.173566431 0.831802726 0.527236998 0 174 220
0.672323346 1.24692965 1.39745009 -0.159575507 0.83659035 0.524072647 0 174 220
0.706386268 1.26906836 1.37184656 -0.145792842 0.841331124 0.520486653 0 174 220
0.740474522 1.29062486 1.3459096 -0.132229969 0.846026361 0.51648289 0 174 220
0.774587989 1.31159914 1.31963933 -0.118899904 0.850677669 0.512064636 0 174 220
0.808727145 1.33199155 1.29303622 -0.105812579 0.855285883 0.507237434 0 174 220
0.842889607 1.35184324 1.26612365 -0.0957956836 0.858196139 0.504304051 0 174 220
0.877064705 1.37140286 1.23904383 -0.0886650383 0.859412551 0.503536165 0 174 220
0.911250889 1.39071226 1.21182108 -0.0815405846 0.86059171 0.50272572 0 174 220
0.945448041 1.40977132 1.18445468 -0.0744251758 0.861734211 0.501871467 0 174 220
0.979655862 1.42857981 1.15694523 -0.0673188567 0.862839818 0.500974655 0 174 220
1.01387465 1.44713771 1.12929237 -0.060223192 0.863908648 0.500034928 0 174 220
1.04810452 1.46544564 1.10149622 -0.0531396419 0.864940882 0.499052584 0 174 220
1.08234513 1.48350275 1.07355666 -0.0460687801 0.865936339 0.4980281 0 174 220
1.11659646 1.50130975 1.04547393 -0.0390120149 0.86689496 0.4969621 0 174 220
1.15085912 1.51886606 1.01724792 -0.0319702849 0.867817044 0.495854229 0 174 220
1.18513227 1.53617191 0.988878429 -0.0249449518 0.868702829 0.494704992 0 174 220
1.21941674 1.55322778 0.960365832 -0.0179369226 0.869552433 0.493514776 0 174 220
1.25371182 1.57003272 0.931709826 -0.0109474482 0.870365679 0.492284179 0 174 220
1.28801787 1.58658767 0.90291059 -0.00397744635 0.871143103 0.491013199 0 174 220
1.32233465 1.6028918 0.873967946 0.00297219935 0.871884704 0.489702284 0 174 220
1.35666263 1.61894584 0.844882071 0.00989999529 0.872590601 0.488352031 0 174 220
1.39100134 1.63474929 0.815652847 0.0168054067 0.873261273 0.486962318 0 174 220
1.42535102 1.65030241 0.786280394 0.0236874856 0.87389648 0.485534579 0 174 220
1.45971143 1.66560483 0.756764412 0.0305450615 0.874496996 0.484068185 0 174 220
1.49408269 1.68065727 0.727105558 0.0373766124 0.875062883 0.482563972 0 174 220
0.176921695 0.842256188 1.75501382 -0.395868361 0.766749799 0.505354285 0 174 220
0.210613802 0.872912049 1.73428404 -0.37951237 0.772006989 0.50987798 0 174 220
0.244330913 0.9029935 1.7132256 -0.363144457 0.777182341 0.51391989 0 174 220
0.278073043 0.932500422 1.69183838 -0.34678939 0.782278299 0.517472625 0 174 220
0.311840147 0.961433172 1.67012239 -0.330472022 0.787297249 0.520529687 0 174 220
0.345632285 0.989791453 1.64807785 -0.314216167 0.792242885 0.523086429 0 174 220
0.379449427 1.0175755 1.62570465 -0.298046082 0.797118306 0.525138915 0 174 220
0.413291574 1.0447849 1.60300255 -0.281984448 0.801927686 0.526684642 0 174 220
0.447158724 1.07142019 1.57997215 -0.266053915 0.806675732 0.527721047 0 174 220
0.481050849 1.09748101 1.55661261 -0.25027591 0.811366498 0.52824837 0 174 220
0.514968097 1.12296748 1.53292465 -0.234671459 0.816004992 0.528266132 0 174 220
0.54891026 1.1478796 1.50890803 -0.219260126 0.82059592 0.527775764 0 174 220
0.582877457 1.17221725 1.48456252 -0.204061419 0.825144351 0.526778579 0 174 220
0.616869628 1.19598067 1.45988846 -0.189092785 0.82965523 0.525277078 0 174 220
0.650886774 1.2191695 1.43488574 -0.174371272 0.834133208 0.523274779 0 174 220
0.684929073 1.2417841 1.40955424 -0.159912989 0.838582873 0.520774961 0 174 220
0.718996286 1.26382434 1.38389409 -0.145732924 0.843008935 0.517781675 0 174 220
0.753088534 1.28529024 1.35790539 -0.131845355 0.847415566 0.514299273 0 174 220
0.787205696 1.30618167 1.33158779 -0.118263088 0.851806521 0.510332763 0 174 220
0.821348011 1.32649887 1.30494142 -0.104998566 0.856185675 0.505886674 0 174 220
0.855513453 1.34628201 1.27798998 -0.094809033 0.858937085 0.50322783 0 174 220
0.889691532 1.36577475 1.25087178 -0.0874575451 0.860040426 0.50267458 0 174 220
0.923880517 1.38501763 1.22361064 -0.0801178515 0.861106813 0.502071857 0 174 220
0.95808059 1.40401065 1.19620669 -0.0727921054 0.862136602 0.501419842 0 174 220
0.992291331 1.42275357 1.16865957 -0.0654811189 0.863130033 0.500718236 0 174 220
1.02651286 1.44124627 1.1409694 -0.0581866316 0.864087045 0.499967843 0 174 220
1.06074548 1.45948911 1.11313605 -0.0509095527 0.865007997 0.499168813 0 174 220
1.09498894 1.4774822 1.08516002 -0.043650873 0.865892828 0.498321474 0 174 220
1.12924314 1.49522531 1.05704069 -0.0364122204 0.866741896 0.497426033 0 174 220
1.1635083 1.51271832 1.02877831 -0.0291944779 0.86755532 0.496483088 0 174 220
1.1977843 1.52996147 1.00037289 -0.0219993945 0.868333399 0.495492756 0 174 220
1.2320714 1.54695487 0.971824706 -0.0148271071 0.86907649 0.494455367 0 174 220
1.26636922 1.56369793 0.943133116 -0.00767945731 0.869784594 0.493371844 0 174 220
1.30067801 1.58019114 0.914298654 -0.000557642081 0.870458245 0.492241919 0 174 220
1.33499753 1.59643435 0.88532114 0.0065378584 0.871097386 0.491066724 0 174 220
1.36932802 1.61242771 0.856200516 0.0136051904 0.87170285 0.489845872 0 174 220
1.40366936 1.62817109 0.82693696 0.0206442717 0.872274756 0.488580137 0 174 220
1.43802166 1.64366436 0.797530234 0.0276533626 0.872813046 0.487270713 0 174 220
1.47238481 1.65890789 0.767980576 0.0346313342 0.873318672 0.485916913 0 174 220
1.50675857 1.6739012 0.738287926 0.0415776595 0.873791695 0.484519809 0 174 220
0.189403594 0.839954138 1.76874495 -0.407906175 0.774361074 0.483712167 0 174 220
0.223106727 0.870357275 1.74787056 -0.390565187 0.7793594 0.489956915 0 174 220
0.256834418 0.900195539 1.72667325 -0.373210192 0.784245133 0.495654911 0 174 220
0.29058677 0.929468989 1.70515215 -0.355874866 0.789023757 0.500793993 0 174 220
0.324363589 0.958177328 1.68330777 -0.338590056 0.793700933 0.505366743 0 174 220
0.358165085 0.986320794 1.66114032 -0.32138738 0.798283517 0.509365857 0 174 220
0.391991168 1.01389933 1.63864946 -0.304297715 0.802778602 0.512785912 0 174 220
0.425841868 1.04091311 1.61583555 -0.287350476 0.807194412 0.515622735 0 174 220
0.459717125 1.06736195 1.59269822 -0.270574212 0.811539173 0.517874181 0 174 220
0.493616968 1.09324574 1.56923759 -0.25399518 0.815821469 0.519539952 0 174 220
0.527541459 1.11856484 1.54545391 -0.237640917 0.820050418 0.520618916 0 174 220
0.561490536 1.14331901 1.52134669 -0.22153452 0.824234903 0.521113515 0 174 220
0.59546417 1.16750813 1.49691641 -0.205699444 0.828383863 0.521025717 0 174 220
0.629462421 1.19113255 1.47216272 -0.190157339 0.832506537 0.520358562 0 174 220
0.663485229 1.21419179 1.44708574 -0.174928039 0.836611331 0.519116163 0 174 220
0.697532713 1.23668635 1.42168546 -0.160030365 0.840706706 0.51730305 0 174 220
0.731604755 1.25861597 1.39596212 -0.14548181 0.844800472 0.514924526 0 174 220
0.765701473 1.27998054 1.36991537 -0.131297201 0.848900378 0.51198554 0 174 220
0.799822628 1.30078053 1.3435452 -0.117491961 0.853012979 0.50849241 0 174 220
0.833968401 1.32101548 1.31685197 -0.104078904 0.857144594 0.504450798 0 174 220
0.868137002 1.34072471 1.28985798 -0.0937316865 0.859727383 0.502078891 0 174 220
0.902318358 1.36014533 1.26269877 -0.0861612186 0.860715747 0.501741707 0 174 220
0.936510444 1.37931669 1.23539686 -0.0786089748 0.861667633 0.501347721 0 174 220
0.970713496 1.39823842 1.20795202 -0.0710752904 0.862582862 0.500898302 0 174 220
1.0049274 1.41691113 1.18036473 -0.063561365 0.863461494 0.500394106 0 174 220
1.03915203 1.43533397 1.15263462 -0.0560699552 0.864304543 0.499833852 0 174 220
1.07338762 1.45350778 1.1247617 -0.0486015752 0.865111709 0.499219 0 174 220
1.10763407 1.47143209 1.09674609 -0.0411575176 0.865883708 0.498549491 0 174 220
1.14189136 1.48910701 1.0685879 -0.0337389484 0.866620243 0.497826368 0 174 220
1.17615938 1.50653267 1.04028702 -0.0263477731 0.867322385 0.497048944 0 174 220
1.21043825 1.52370858 1.01184332 -0.018984573 0.867990196 0.496218264 0 174 220
1.24472821 1.54063547 0.983256996 -0.0116508827 0.868623972 0.495334864 0 174 220
1.27902901 1.5573132 0.954527974 -0.00434732996 0.869223952 0.494399458 0 174 220
1.31334043 1.5737412 0.92565614 0.00292409677 0.86979109 0.493411452 0 174 220
1.34766281 1.58991969 0.896641612 0.0101624839 0.870325625 0.492371798 0 174 220
1.38199604 1.60584927 0.86748451 0.0173674468 0.870827556 0.491281688 0 174 220
1.41634023 1.6215291 0.838184536 0.0245362762 0.871297717 0.490141034 0 174 220
1.45069516 1.63695931 0.808741808 0.0316696651 0.871736765 0.488949925 0 174 220
1.48506105 1.65214074 0.779156506 0.038765613 0.87214458 0.487709999 0 174 220
1.51943731 1.6670723 0.74942857 0.0458235554 0.872522414 0.486420482 0 174 220
0.201866612 0.838086367 1.78272462 -0.419056535 0.781903207 0.461539716 0 174 220
0.235582381 0.86819911 1.76168406 -0.400814563 0.786702216 0.469518155 0 174 220
0.269322246 0.897758186 1.74032676 -0.382547408 0.791349769 0.476888776 0 174 220
0.303086191 0.926763296 1.71865201 -0.364296496 0.795854151 0.483636498 0 174 220
0.336874306 0.955214918 1.69666111 -0.346102059 0.800224543 0.489748955 0 174 220
0.370686501 0.983112693 1.674353 -0.328003734 0.804471493 0.49521631 0 174 220
0.404522717 1.0104568 1.65172803 -0.310040265 0.808606625 0.500030339 0 174 220
0.438383132 1.03724718 1.62878621 -0.292248547 0.812642515 0.504185498 0 174 220
0.472267628 1.06348372 1.6055274 -0.27466321 0.81659174 0.507679224 0 174 220
0.506176174 1.08916664 1.58195162 -0.25731805 0.82046771 0.510509729 0 174 220
0.540108979 1.11429596 1.55805922 -0.240245357 0.824284732 0.51267612 0 174 220
0.574065804 1.13887131 1.53384984 -0.223474026 0.828056276 0.514181018 0 174 220
0.60804683 1.16289318 1.50932407 -0.207032338 0.831796288 0.515026748 0 174 220
0.642051876 1.18636131 1.48448074 -0.190945357 0.835518122 0.515217721 0 174 220
0.676081002 1.20927548 1.4593209 -0.175236523 0.839235067 0.514758885 0 174 220
0.710134327 1.23163617 1.43384397 -0.159927487 0.842959762 0.513655543 0 174 220
0.744211674 1.25344288 1.40805042 -0.14503774 0.846704066 0.511914313 0 174 220
0.77831316 1.27469611 1.38193965 -0.130585104 0.850479305 0.509541512 0 174 220
0.812438667 1.29539549 1.35551214 -0.116585389 0.854295492 0.506544173 0 174 220
0.846588492 1.31554115 1.3287679 -0.10305278 0.858161867 0.502929628 0 174 220
0.88076061 1.33517134 1.30172849 -0.0925644189 0.860566735 0.500856042 0 174 220
0.914945066 1.35451448 1.27452493 -0.0847776532 0.861438632 0.500735641 0 174 220
0.949140668 1.37360919 1.24717927 -0.0770133138 0.862273455 0.500553071 0 174 220
0.983346939 1.3924551 1.21969104 -0.0692733526 0.86307174 0.500308216 0 174 220
1.01756406 1.41105235 1.19206071 -0.0615597814 0.863833964 0.500001192 0 174 220
1.05179214 1.42940116 1.16428781 -0.0538732074 0.864560425 0.499632806 0 174 220
1.08603084 1.44750094 1.1363728 -0.0462157801 0.86525166 0.499203026 0 174 220
1.12028039 1.46535218 1.10831535 -0.0385881402 0.865907729 0.498713136 0 174 220
1.15454078 1.48295474 1.0801158 -0.0309922937 0.866529644 0.498162419 0 174 220
1.18881202 1.50030863 1.05177391 -0.0234296061 0.867117763 0.497551858 0 174 220
1.22309411 1.51741385 1.02328956 -0.0159008838 0.867672384 0.496882051 0 174 220
1.25738704 1.53427052 0.994663119 -0.00840778183 0.868194282 0.496153206 0 174 220
1.29169071 1.55087829 0.965894103 -0.00095146551 0.868683696 0.495366186 0 174 220
1.32600534 1.56723762 0.93698287 0.00646654051 0.869141638 0.494520932 0 174 220
1.36033058 1.58334816 0.90792954 0.0138461869 0.869568229 0.493618637 0 174 220
1.39466679 1.59921002 0.878733695 0.0211843029 0.86996448 0.492659122 0 174 220
1.42901385 1.61482322 0.849395573 0.0284817182 0.870330513 0.491643786 0 174 220
1.46337163 1.63018763 0.819915175 0.0357367322 0.870667219 0.490572631 0 174 220
1.49774051 1.64530373 0.790292561 0.0429477803 0.870975018 0.489446729 0 174 220
1.53211975 1.66017103 0.76052773 0.0501147546 0.871254563 0.488266259 0 174 220
0.214310795 0.836652637 1.79695272 -0.429312617 0.789358437 0.438866645 0 174 220
0.248040825 0.866437256 1.77572453 -0.410254002 0.794018567 0.448582381 0 174 220
0.281794429 0.895681083 1.75418651 -0.391149133 0.798480153 0.457637101 0 174 220
0.315571576 0.924383998 1.73233914 -0.372049302 0.8027547 0.466008693 0 174 220
0.349372268 0.952546 1.71018255 -0.353004038 0.806854904 0.473680586 0 174 220
0.383196503 0.98016727 1.68771601 -0.334062368 0.810795426 0.480638236 0 174 220
0.417044222 1.00724757 1.66494 -0.315270483 0.814592004 0.486872017 0 174 220
0.450915545 1.03378725 1.64185476 -0.296675146 0.818262696 0.492371768 0 174 220
0.484810472 1.05978584 1.61846006 -0.278318822 0.821825325 0.497133583 0 174 220
0.518728852 1.0852437 1.59475565 -0.260242283 0.825298965 0.501154244 0 174 220
0.552670836 1.11016083 1.57074165 -0.242483407 0.828702509 0.504434407 0 174 220
0.586636364 1.1345371 1.54641855 -0.225078285 0.832055628 0.506974638 0 174 220
0.620625436 1.1583724 1.52178538 -0.208059028 0.835377276 0.508779109 0 174 220
0.654638052 1.18166685 1.49684298 -0.191455737 0.838686645 0.509852409 0 174 220
0.688674152 1.20442057 1.47159111 -0.175295725 0.842001677 0.51020056 0 174 220
0.722733796 1.22663331 1.44602978 -0.159603506 0.845339894 0.509830475 0 174 220
0.756817043 1.24830532 1.42015886 -0.144401446 0.848717988 0.508749425 0 174 220
0.790923834 1.26943648 1.3939786 -0.12970911 0.852151155 0.506965399 0 174 220
0.825054228 1.2900269 1.36748862 -0.115543805 0.855653286 0.504486918 0 174 220
0.859208167 1.31007624 1.34068918 -0.101920433 0.859237015 0.50132221 0 174 220
0.89338392 1.32962155 1.31360126 -0.0913061425 0.861454129 0.49955979 0 174 220
0.927572191 1.34888244 1.28635061 -0.0833046511 0.86220777 0.499657959 0 174 220
0.96177125 1.36789525 1.25895798 -0.0753311813 0.86292392 0.499687403 0 174 220
0.995981038 1.38666058 1.23142362 -0.0673874244 0.863603354 0.499648005 0 174 220
1.03020167 1.40517783 1.20374739 -0.0594754294 0.864246666 0.49954012 0 174 220
1.06443298 1.42344713 1.17592943 -0.0515964292 0.864854455 0.499364287 0 174 220
1.09867525 1.44146883 1.14796937 -0.0437515937 0.865426958 0.499121279 0 174 220
1.13292801 1.45924234 1.11986768 -0.0359434187 0.865965247 0.498810858 0 174 220
1.16719186 1.47676837 1.09162426 -0.0281721987 0.866469622 0.498434216 0 174 220
1.20146644 1.49404669 1.06323898 -0.0204403214 0.866941035 0.497991323 0 174 220
1.23575175 1.51107681 1.03471172 -0.0127487984 0.867380142 0.497482836 0 174 220
1.2700479 1.52785921 1.00604272 -0.0050986982 0.867787302 0.496909618 0 174 220
1.30435467 1.54439366 0.977231801 0.00250764051 0.868163526 0.496271819 0 174 220
1.33867252 1.56068075 0.948279202 0.0100705586 0.868509293 0.495570481 0 174 220
1.3730011 1.57671964 0.919184864 0.0175874345 0.868825614 0.494805813 0 174 220
1.40734029 1.5925107 0.889948487 0.0250577945 0.869112968 0.4939785 0 174 220
1.44169044 1.60805392 0.860570312 0.0324799232 0.869372487 0.493088692 0 174 220
1.47605121 1.62334919 0.831050336 0.0398540571 0.869603992 0.492138773 0 174 220
1.51042306 1.63839698 0.801388621 0.047177352 0.86980933 0.491127402 0 174 220
1.54480505 1.65319645 0.771585047 0.0544499122 0.869988263 0.490056664 0 174 220
0.226736024 0.835653067 1.81142938 -0.438667893 0.796708345 0.415723801 0 174 220
0.260482013 0.865071833 1.78999162 -0.418877155 0.801290154 0.427172035 0 174 220
0.294250846 0.89396435 1.76825285 -0.399010122 0.805619061 0.437914222 0 174 220
0.328042686 0.922330678 1.74621272 -0.379128367 0.80970937 0.447920084 0 174 220
0.361857355 0.950170577 1.72387159 -0.359291613 0.813577235 0.457166821 0 174 220
0.395695001 0.977484405 1.70122945 -0.339558572 0.817241669 0.465635061 0 174 220
0.429555446 1.00427198 1.6782856 -0.319986045 0.820723593 0.473309338 0 174 220
0.463438898 1.03053308 1.6550411 -0.30062896 0.824045599 0.480178148 0 174 220
0.497345269 1.05626822 1.63149536 -0.281539202 0.827231765 0.486233741 0 174 220
0.531274498 1.08147693 1.60764849 -0.262765884 0.830307305 0.491471231 0 174 220
0.565226793 1.10615969 1.58350039 -0.244353712 0.833297253 0.495890111 0 174 220
0.599201798 1.13031566 1.55905104 -0.22634472 0.836227059 0.499492049 0 174 220
0.633199811 1.1539458 1.53430092 -0.208777755 0.839122415 0.502280176 0 174 220
0.667220771 1.17704952 1.50924921 -0.191687226 0.842007995 0.504260302 0 174 220
0.70126456 1.19962716 1.48389661 -0.175104439 0.84490782 0.505439639 0 174 220
0.735331237 1.22167826 1.45824265 -0.159058407 0.847844899 0.50582546 0 174 220
0.769420922 1.24320328 1.43228769 -0.143572301 0.85084033 0.505428255 0 174 220
0.803533494 1.264202 1.40603149 -0.128668711 0.85391438 0.504256368 0 174 220
0.837668896 1.28467453 1.37947428 -0.114366494 0.857085228 0.502319872 0 174 220
0.871827304 1.30462086 1.35261571 -0.100682236 0.860369146 0.499627769 0 174 220
0.906007051 1.32407582 1.32547617 -0.0899573341 0.862389266 0.498189181 0 174 220
0.940199077 1.34324872 1.29817522 -0.0817433521 0.863022804 0.49850741 0 174 220
0.974401832 1.36217511 1.270733 -0.0735624731 0.863618314 0.498750389 0 174 220
1.00861549 1.38085461 1.24314964 -0.0654174462 0.864177108 0.498917341 0 174 220
1.04283977 1.3992871 1.2154249 -0.0573088154 0.864699244 0.499010026 0 174 220
1.07707477 1.4174726 1.18755877 -0.0492392629 0.865185738 0.499028265 0 174 220
1.11132061 1.43541145 1.15955174 -0.0412099995 0.865637481 0.498972416 0 174 220
1.14557719 1.4531033 1.13140309 -0.0332226083 0.866055191 0.498843223 0 174 220
1.17984426 1.47054827 1.10311317 -0.0252789445 0.8664397 0.498641402 0 174 220
1.21412241 1.48774636 1.074682 -0.0173805337 0.866791964 0.498366922 0 174 220
1.24841118 1.50469756 1.04610968 -0.0095283594 0.867112577 0.498021096 0 174 220
1.28271067 1.52140212 1.01739609 -0.00172402163 0.867402494 0.497604221 0 174 220
1.31702101 1.53785956 0.988541126 0.00603125896 0.867662668 0.497116894 0 174 220
1.35134196 1.55406988 0.959544718 0.0137349581 0.867893994 0.49655953 0 174 220
1.38567376 1.57003367 0.930407286 0.0213868897 0.868097365 0.495932996 0 174 220
1.42001629 1.58575058 0.901128531 0.0289865993 0.868273258 0.495238662 0 174 220
1.45436943 1.60122061 0.871708453 0.0365309939 0.868423104 0.494476169 0 174 220
1.48873353 1.61644387 0.842147171 0.0440206081 0.86854732 0.493647337 0 174 220
1.52310836 1.63142002 0.812444508 0.0514537059 0.868647397 0.492751688 0 174 220
1.55749369 1.64614916 0.78260076 0.0588294081 0.868723571 0.49179104 0 174 220
0.239142343 0.835087597 1.82615423 -0.447117835 0.803933561 0.392143309 0 174 220
0.272905886 0.8641029 1.80448568 -0.426678866 0.808497488 0.405310959 0 174 220
0.306691617 0.892608106 1.78252518 -0.406125247 0.812747777 0.417735875 0 174 220
0.34049955 0.920603454 1.76027298 -0.385528624 0.816700637 0.429380655 0 174 220
0.374329716 0.948088765 1.7377286 -0.364959747 0.820375741 0.440213621 0 174 220
0.408182055 0.975064278 1.71489286 -0.344488412 0.823796093 0.450208664 0 174 220
0.442056596 1.00152969 1.69176507 -0.324182391 0.826987922 0.459343791 0 174 220
0.475953281 1.02748513 1.66834533 -0.304106295 0.829979599 0.467603713 0 174 220
0.509872258 1.05293071 1.64463401 -0.284322143 0.832801461 0.47497642 0 174 220
0.543813407 1.07786632 1.62063074 -0.264886826 0.835484624 0.481456548 0 174 220
0.577776849 1.10229194 1.59633577 -0.24585399 0.83806175 0.487040401 0 174 220
0.611762345 1.12620759 1.57174873 -0.227272645 0.840564966 0.4917292 0 174 220
0.645770133 1.14961338 1.54686999 -0.209187865 0.843026817 0.495526165 0 174 220
0.679800153 1.17250919 1.52169955 -0.191639379 0.845478475 0.49843809 0 174 220
0.713852227 1.19489503 1.49623728 -0.174663082 0.847950399 0.500472724 0 174 220
0.747926652 1.21677077 1.47048295 -0.158290431 0.850471497 0.501639724 0 174 220
0.782023251 1.23813689 1.44443691 -0.142549217 0.853068709 0.501949728 0 174 220
0.816142023 1.25899267 1.41809905 -0.127463743 0.855767369 0.501413226 0 174 220
0.850282967 1.27933872 1.39146936 -0.113053821 0.858590066 0.500041842 0 174 220
0.884446084 1.29917467 1.36454773 -0.099337332 0.861557364 0.497846365 0 174 220
0.918630064 1.3185339 1.33735323 -0.0885176137 0.863371313 0.496743977 0 174 220
0.952826023 1.33761394 1.30999923 -0.0800929442 0.863883078 0.497283846 0 174 220
0.987032831 1.35644853 1.28250468 -0.0717075616 0.864356399 0.497740895 0 174 220
1.02125037 1.37503731 1.25486922 -0.0633622631 0.864791811 0.498116851 0 174 220
1.05547869 1.39338028 1.22709334 -0.0550600439 0.865190804 0.498410732 0 174 220
1.08971763 1.41147757 1.19917667 -0.0468022227 0.865554035 0.498623848 0 174 220
1.12396705 1.42932868 1.17111921 -0.038590204 0.865882397 0.498756796 0 174 220
1.15822744 1.44693446 1.14292145 -0.0304265711 0.86617732 0.498809606 0 174 220
1.19249845 1.46429408 1.11458266 -0.0223122779 0.866439342 0.498783559 0 174 220
1.22678006 1.48140812 1.08610344 -0.0142493639 0.866669714 0.498678803 0 174 220
1.2610724 1.49827623 1.05748355 -0.00623954553 0.866869688 0.498495817 0 174 220
1.29537547 1.51489842 1.02872288 0.00171670597 0.867039442 0.498236507 0 174 220
1.32968926 1.53127527 0.999821663 0.0096163284 0.867181301 0.497899622 0 174 220
1.36401379 1.54740596 0.970779777 0.0174600296 0.867295146 0.497488111 0 174 220
1.39834905 1.56329107 0.941597223 0.0252446849 0.867382526 0.49700129 0 174 220
1.43269491 1.57893038 0.912274063 0.0329702832 0.867444754 0.496439964 0 174 220
1.46705163 1.59432387 0.882810235 0.0406345949 0.867482364 0.495805502 0 174 220
1.50141883 1.60947132 0.853205621 0.0482375659 0.867496729 0.495098531 0 174 220
1.53579688 1.62437332 0.823460519 0.0557768866 0.86748904 0.494319379 0 174 220
1.57018542 1.63902926 0.79357481 0.0632523596 0.867459893 0.493469745 0 174 220
0.251529843 0.834956169 1.84112775 -0.454659462 0.811014295 0.36815846 0 174 220
0.285312623 0.863530159 1.81920648 -0.433655441 0.815620601 0.383022249 0 174 220
0.319116771 0.891612232 1.79700387 -0.412489384 0.819846511 0.39711985 0 174 220
0.352942318 0.919202209 1.77451968 -0.391244888 0.823709607 0.41040203 0 174 220
0.386789292 0.946300447 1.75175393 -0.370004177 0.827232778 0.422827214 0 174 220
0.420657754 0.97290659 1.72870684 -0.348848343 0.830442965 0.434360892 0 174 220
0.454547644 0.999020875 1.70537817 -0.327856362 0.833371341 0.444974601 0 174 220
0.488458842 1.02464306 1.68176782 -0.307104319 0.836052537 0.454646289 0 174 220
0.522391498 1.04977345 1.65787566 -0.286664218 0.838523209 0.463360012 0 174 220
0.556345582 1.07441187 1.63370264 -0.266602546 0.840821803 0.471106887 0 174 220
0.590321183 1.09855819 1.60924757 -0.246982455 0.842988491 0.477880865 0 174 220
0.624318004 1.12221253 1.58451116 -0.227860466 0.845062912 0.483681977 0 174 220
0.658336401 1.14537501 1.5594933 -0.20928748 0.847084701 0.488514304 0 174 220
0.692376196 1.16804576 1.53419399 -0.191310599 0.849093199 0.492383003 0 174 220
0.72643733 1.19022417 1.50861287 -0.173969582 0.8511253 0.495298147 0 174 220
0.760519922 1.21191084 1.48275042 -0.157299802 0.853216708 0.497270554 0 174 220
0.794624031 1.23310554 1.45660627 -0.141332343 0.855400741 0.498311847 0 174 220
0.828749418 1.25380826 1.43018067 -0.126093477 0.857708037 0.498434842 0 174 220
0.862896323 1.27401912 1.40347373 -0.111604862 0.86016643 0.49765259 0 174 220
0.897064686 1.29373789 1.37648511 -0.0978855938 0.862800598 0.495977372 0 174 220
0.931252897 1.31299567 1.34923267 -0.0869870409 0.864399731 0.495223612 0 174 220
0.965453267 1.33197796 1.32182252 -0.078354232 0.864787936 0.495986342 0 174 220
0.999664247 1.35071576 1.29427254 -0.0697653964 0.865136802 0.496659994 0 174 220
1.03388596 1.36920881 1.26658237 -0.0612229668 0.865447342 0.497245014 0 174 220
1.06811821 1.38745749 1.23875248 -0.0527287163 0.865720928 0.497741759 0 174 220
1.1023612 1.40546131 1.21078241 -0.0442845151 0.865958512 0.498151362 0 174 220
1.1366148 1.42322087 1.18267262 -0.0358929858 0.866161585 0.498473525 0 174 220
1.17087913 1.4407357 1.15442276 -0.0275546834 0.866330802 0.498710006 0 174 220
1.20515382 1.45800591 1.12603283 -0.0192726906 0.866468012 0.498860419 0 174 220
1.23943949 1.47503161 1.09750307 -0.0110480171 0.866574049 0.498926103 0 174 220
1.27373564 1.49181271 1.06883335 -0.00288224709 0.866650343 0.498907715 0 174 220
1.30804253 1.50834918 1.04002357 0.00522314291 0.866697669 0.498806328 0 174 220
1.3423599 1.52464104 1.01107383 0.0132658547 0.866718173 0.498621672 0 174 220
1.37668812 1.5406884 0.981984198 0.0212451536 0.866712451 0.498355448 0 174 220
1.41102695 1.55649126 0.952754617 0.0291599222 0.866681635 0.498008698 0 174 220
1.4453764 1.57204926 0.923385024 0.0370086394 0.866627097 0.497581989 0 174 220
1.47973633 1.587363 0.89387542 0.0447901227 0.866550088 0.497076124 0 174 220
1.51410699 1.60243201 0.864225984 0.0525026955 0.866452217 0.496491641 0 174 220
1.5484885 1.61725652 0.834436536 0.0601458177 0.866334438 0.495829791 0 174 220
1.58288038 1.63183641 0.804507256 0.0677189082 0.866197467 0.495092005 0 174 220
0.263900042 0.835219562 1.85632694 -0.458496392 0.817750573 0.347944081 0 174 220
0.297703594 0.863316417 1.83413303 -0.437010527 0.822372496 0.364314973 0 174 220
0.33152768 0.890941024 1.8116684 -0.415320933 0.826547623 0.379904598 0 174 220
0.36537233 0.918093085 1.78893352 -0.393519372 0.830295444 0.394654155 0 174 220
0.399237484 0.944773018 1.76592851 -0.37169975 0.833640814 0.408512354 0 174 220
0.43312335 0.970980704 1.74265301 -0.349954218 0.836615264 0.421434462 0 174 220
0.467029601 0.996715844 1.71910727 -0.328372091 0.839254737 0.433385849 0 174 220
0.500956535 1.02197874 1.69529152 -0.307039917 0.841599405 0.44433862 0 174 220
0.534904063 1.04676938 1.67120552 -0.286039114 0.843693137 0.454272509 0 174 220
0.568872035 1.07108748 1.64684892 -0.265446365 0.845581532 0.463173926 0 174 220
0.602860689 1.09493339 1.62222183 -0.245331749 0.847312033 0.471035689 0 174 220
0.636869788 1.11830676 1.59732473 -0.225759536 0.848932087 0.477856487 0 174 220
0.67089957 1.14120817 1.57215738 -0.206786826 0.850489199 0.483639687 0 174 220
0.704949915 1.16363716 1.54671955 -0.188465133 0.852029324 0.488392115 0 174 220
0.739020765 1.18559361 1.52101159 -0.170838803 0.853597045 0.492124081 0 174 220
0.773112178 1.20707774 1.49503326 -0.153946862 0.855234623 0.494847625 0 174 220
0.807224095 1.22808969 1.46878445 -0.137822375 0.856981218 0.496576577 0 174 220
0.841356635 1.24862909 1.44226551 -0.122492619 0.85887295 0.497325659 0 174 220
0.875509739 1.26869643 1.4154762 -0.107981667 0.860942841 0.497108966 0 174 220
0.909683526 1.28829122 1.38841677 -0.0943083093 0.863219619 0.495941252 0 174 220
0.943876445 1.30744243 1.3611033 -0.0833705813 0.864586413 0.495519549 0 174 220
0.978081226 1.3263222 1.3336345 -0.0746039301 0.864858389 0.496441573 0 174 220
1.01229656 1.34495914 1.30602682 -0.0659375042 0.865114331 0.497221708 0 174 220
1.0465225 1.36335337 1.27828014 -0.0573732555 0.865356624 0.497861564 0 174 220
1.08075917 1.38150501 1.2503947 -0.0489139073 0.865588129 0.498361796 0 174 220
1.11500633 1.39941359 1.22237015 -0.0405602455 0.865810812 0.498724878 0 174 220
1.14926374 1.41707957 1.19420671 -0.0323158465 0.866027653 0.49895072 0 174 220
1.18353224 1.43450284 1.16590452 -0.0241817124 0.86624074 0.499041289 0 174 220
1.21781075 1.45168304 1.13746309 -0.0161591098 0.866452217 0.498998374 0 174 220
1.25210023 1.46862066 1.10888302 -0.00825026073 0.866665006 0.498822391 0 174 220
1.28640008 1.48531556 1.0801636 -0.000455918576 0.866880417 0.498515844 0 174 220
1.32071066 1.50176752 1.05130565 0.00722197955 0.86710149 0.498079121 0 174 220
1.35503197 1.517977 1.02230871 0.0147831477 0.867329478 0.497514933 0 174 220
1.38936341 1.5339433 0.993172765 0.0222261287 0.867566764 0.496823788 0 174 220
1.42370558 1.54966712 0.963897943 0.0295497142 0.867815912 0.496006399 0 174 220
1.45805848 1.565148 0.934484303 0.0367534719 0.868077874 0.49506557 0 174 220
1.49242175 1.58038628 0.904931664 0.0438365713 0.868355036 0.494002074 0 174 220
1.52679574 1.59538186 0.875239968 0.0507981442 0.868648946 0.492816955 0 174 220
1.56118023 1.61013448 0.845409513 0.0576382875 0.868961096 0.491512507 0 174 220
1.59557521 1.6246444 0.815440118 0.0643560216 0.869293511 0.49008882 0 174 220
0.276256263 0.835805118 1.87171054 -0.461090326 0.824424982 0.328205884 0 174 220
0.310081959 0.863392532 1.84922481 -0.43917647 0.829086602 0.346033841 0 174 220
0.343927324 0.890528679 1.82648098 -0.417013645 0.833232701 0.363074243 0 174 220
0.377792329 0.917213559 1.8034786 -0.394704133 0.836882532 0.379257351 0 174 220
0.411676913 0.943447053 1.78021812 -0.372352391 0.84006387 0.394520402 0 174 220
0.445581257 0.96922946 1.75669956 -0.350060612 0.842811644 0.408810645 0 174 220
0.479505181 0.994560599 1.73292267 -0.327930629 0.845166802 0.422083735 0 174 220
0.513448775 1.01944029 1.70888746 -0.306058407 0.847175777 0.434305638 0 174 220
0.547412038 1.04386878 1.68459427 -0.28453657 0.848889589 0.44544971 0 174 220
0.581394851 1.06784594 1.66004241 -0.263450384 0.850361228 0.455499291 0 174 220
0.615397394 1.09137201 1.63523221 -0.242878199 0.851645947 0.464445293 0 174 220
0.649419546 1.11444688 1.61016405 -0.222891629 0.852799714 0.4722839 0 174 220
0.683461428 1.13707018 1.58483779 -0.203554556 0.853877664 0.479018301 0 174 220
0.7175228 1.15924251 1.55925345 -0.184922829 0.854934096 0.484655797 0 174 220
0.751603961 1.18096352 1.53341031 -0.167046115 0.856021047 0.489207149 0 174 220
0.785704732 1.2022332 1.5073092 -0.149965212 0.857187331 0.492686838 0 174 220
0.819825172 1.22305155 1.48094988 -0.133716077 0.858478904 0.495110005 0 174 220
0.853965342 1.24341869 1.45433235 -0.118327655 0.859937668 0.496493578 0 174 220
0.888124824 1.26333463 1.4274565 -0.103825524 0.86160171 0.496852905 0 174 220
0.922304213 1.28279924 1.40032256 -0.0902279168 0.863504171 0.496205121 0 174 220
0.95650208 1.30183911 1.37294531 -0.0792807564 0.864622116 0.496128261 0 174 220
0.990711451 1.32061303 1.34541583 -0.0704187229 0.864765048 0.497214794 0 174 220
1.02493119 1.33914721 1.31774938 -0.061722938 0.864921033 0.498098224 0 174 220
1.05916178 1.35744226 1.28994596 -0.0531958379 0.865094185 0.498780757 0 174 220
1.0934025 1.37549758 1.26200533 -0.0448397286 0.865288556 0.499264628 0 174 220
1.12765336 1.39331341 1.23392773 -0.0366569608 0.865508139 0.499551654 0 174 220
1.16191506 1.41088998 1.20571315 -0.0286487527 0.865756691 0.499644518 0 174 220
1.1961869 1.42822683 1.17736137 -0.0208172798 0.866038084 0.499544621 0 174 220
1.23046947 1.44532418 1.14887273 -0.0131634781 0.866355121 0.499254942 0 174 220
1.26476228 1.46218228 1.12024689 -0.00568927359 0.866711915 0.498776585 0 174 220
1.29906535 1.47880065 1.09148407 0.00160500826 0.867111027 0.498112321 0 174 220
1.33337939 1.49517965 1.06258428 0.0087178573 0.867555737 0.49726364 0 174 220
1.36770344 1.51131916 1.0335474 0.0156490244 0.868048251 0.496233046 0 174 220
1.4020381 1.52721906 1.00437343 0.0223978031 0.868591845 0.49502176 0 174 220
1.43638289 1.54287946 0.975062251 0.0289629512 0.869188488 0.493631899 0 174 220
1.47073829 1.55830038 0.945614159 0.0353448465 0.869840622 0.492065132 0 174 220
1.50510406 1.57348192 0.916028917 0.0415437073 0.870549858 0.490323335 0 174 220
1.53948057 1.58842409 0.886306763 0.0475582406 0.871318638 0.488407671 0 174 220
1.57386708 1.60312641 0.856447458 0.0533886179 0.872148693 0.486319184 0 174 220
1.60826385 1.61758935 0.826451302 0.0590350516 0.873040855 0.484060436 0 174 220
0.288598537 0.836711466 1.88727784 -0.463017762 0.831065893 0.308129877 0 174 220
0.322447836 0.863757074 1.86448216 -0.440725684 0.835808039 0.32739222 0 174 220
0.356315762 0.890373707 1.8414408 -0.418135196 0.839961767 0.345871627 0 174 220
0.390202403 0.916561842 1.81815422 -0.395359516 0.843545914 0.3634848 0 174 220
0.424107671 0.942321122 1.79462242 -0.372512728 0.846590042 0.380157202 0 174 220
0.458031625 0.967651606 1.77084506 -0.349710017 0.849132657 0.395823956 0 174 220
0.491974235 0.992553234 1.74682248 -0.327062756 0.851219714 0.410432696 0 174 220
0.525935531 1.01702642 1.72255468 -0.30467999 0.852903903 0.423940003 0 174 220
0.559915543 1.04107094 1.69804144 -0.282663375 0.854242921 0.436314493 0 174 220
0.593914151 1.06468642 1.67328274 -0.261108845 0.855298638 0.447533637 0 174 220
0.627931476 1.0878731 1.64827859 -0.240103975 0.856134534 0.457584649 0 174 220
0.661967456 1.11063123 1.62302947 -0.219727322 0.856815279 0.466462851 0 174 220
0.696022093 1.13296068 1.59753454 -0.200049862 0.857404888 0.474169701 0 174 220
0.730095327 1.15486109 1.57179463 -0.181132466 0.857965946 0.480713487 0 174 220
0.764187276 1.17633307 1.54580903 -0.163029209 0.858558655 0.486105412 0 174 220
0.798297942 1.19737613 1.51957846 -0.145783991 0.859239459 0.490361601 0 174 220
0.832427204 1.2179904 1.49310207 -0.129435211 0.860061049 0.493499279 0 174 220
0.866575181 1.23817623 1.4663806 -0.114013746 0.861071587 0.495536685 0 174 220
0.900741696 1.25793302 1.43941391 -0.0995449275 0.862314463 0.496492177 0 174 220
0.934927106 1.27726114 1.41220152 -0.086048089 0.863827705 0.496384382 0 174 220
0.96912992 1.29618466 1.38475811 -0.0751175657 0.864681542 0.496672183 0 174 220
1.0033443 1.31484926 1.35716617 -0.0661863014 0.86468035 0.497942984 0 174 220
1.03756857 1.33327937 1.32944 -0.0574874803 0.864722013 0.498949975 0 174 220
1.07180309 1.35147464 1.30157924 -0.0490234382 0.864812255 0.499696374 0 174 220
1.10604823 1.36943495 1.2735846 -0.0407974236 0.864957035 0.500184774 0 174 220
1.14030325 1.3871609 1.2454555 -0.0328108706 0.865161777 0.500418425 0 174 220
1.17456841 1.40465176 1.21719193 -0.0250655506 0.865431309 0.500400245 0 174 220
1.20884383 1.42190802 1.18879402 -0.0175626576 0.865770459 0.500133157 0 174 220
1.24312973 1.43892944 1.16026175 -0.010303841 0.866183698 0.499619603 0 174 220
1.27742553 1.45571637 1.13159525 -0.00328988652 0.866675019 0.498862326 0 174 220
1.3117317 1.47226846 1.10279465 0.00347878225 0.867248178 0.497863919 0 174 220
1.34604812 1.48858571 1.07385933 0.0100011714 0.867906749 0.496626437 0 174 220
1.38037455 1.50466835 1.04478991 0.0162765998 0.868653774 0.495152116 0 174 220
1.41471136 1.52051604 1.01558602 0.0223055594 0.869491994 0.493443131 0 174 220
1.44905841 1.53612924 0.986247838 0.0280872211 0.870423615 0.491501719 0 174 220
1.48341584 1.55150783 0.956775427 0.0336218849 0.871451199 0.489328504 0 174 220
1.51778316 1.56665146 0.927168667 0.0389098935 0.872575879 0.486926436 0 174 220
1.55216074 1.58156025 0.897427499 0.0439502373 0.873799801 0.484295547 0 174 220
1.58654892 1.5962348 0.867552161 0.0487440042 0.875123918 0.481437594 0 174 220
1.62094665 1.61067402 0.837542474 0.0532905646 0.876548827 0.478353709 0 174 220
0.300926864 0.837938488 1.90302873 -0.464276224 0.837650418 0.287731469 0 174 220
0.334801137 0.864409685 1.87990415 -0.441654205 0.842513978 0.308401972 0 174 220
0.368693084 0.890476227 1.85654807 -0.418681413 0.846712768 0.328303695 0 174 220
0.402602583 0.916138053 1.83296049 -0.395480633 0.850264847 0.347339422 0 174 220
0.436529785 0.941395104 1.80914128 -0.372177094 0.853200674 0.365421414 0 174 220
0.470474541 0.966247261 1.78509009 -0.348897159 0.855561495 0.382472545 0 174 220
0.50443697 0.990694761 1.76080763 -0.325764924 0.857398212 0.398428828 0 174 220
0.538417041 1.01473749 1.73629332 -0.302900106 0.858769774 0.413238615 0 174 220
0.572414577 1.03837514 1.71154749 -0.280416548 0.859741747 0.426861465 0 174 220
0.606429815 1.06160843 1.68656981 -0.258419991 0.860383928 0.439270586 0 174 220
0.640462875 1.08443677 1.66136074 -0.23700662 0.860769153 0.45044899 0 174 220
0.67451334 1.1068604 1.63591993 -0.21626462 0.86097157 0.460388422 0 174 220
0.708581567 1.12887919 1.61024761 -0.196270987 0.861064553 0.469090044 0 174 220
0.742667139 1.15049303 1.58434331 -0.177092448 0.861119747 0.476561725 0 174 220
0.776770771 1.17170238 1.55820787 -0.158786625 0.861205697 0.48281619 0 174 220
0.810891688 1.19250679 1.53184044 -0.141402096 0.861387432 0.487870038 0 174 220
0.845030308 1.2129066 1.50524139 -0.12497925 0.861724973 0.491742074 0 174 220
0.87918663 1.23290133 1.47841084 -0.109549753 0.86227262 0.494454026 0 174 220
0.913360476 1.25249159 1.45134866 -0.0951399729 0.863079548 0.496026158 0 174 220
0.947552025 1.27167678 1.42405474 -0.0817699656 0.864189267 0.496478111 0 174 220
0.981760025 1.29047942 1.39654171 -0.0708816275 0.864764214 0.497150481 0 174 220
1.01597917 1.30903149 1.3688854 -0.0619064867 0.864603698 0.498626143 0 174 220
1.05020821 1.32735515 1.34109855 -0.0532306619 0.864516735 0.499777317 0 174 220
1.08444715 1.34545028 1.31318057 -0.0448565893 0.864510894 0.500608444 0 174 220
1.11869633 1.36331713 1.28513205 -0.0367866158 0.864593804 0.50112313 0 174 220
1.15295506 1.3809551 1.25695276 -0.0290222503 0.864771843 0.501325548 0 174 220
1.18722379 1.3983649 1.22864282 -0.0215656683 0.865051627 0.501219153 0 174 220
1.22150266 1.41554618 1.20020199 -0.0144178979 0.8654387 0.500807285 0 174 220
1.25579143 1.43249869 1.17163038 -0.0075797094 0.865938306 0.5000934 0 174 220
1.29008996 1.44922292 1.14292812 -0.00105170941 0.866555095 0.49908036 0 174 220
1.32439852 1.46571875 1.11409509 0.00516545866 0.867292941 0.497771204 0 174 220
1.3587172 1.48198617 1.08513129 0.0110717053 0.868156016 0.496167898 0 174 220
1.39304566 1.49802482 1.05603671 0.0166663472 0.869147062 0.494272888 0 174 220
1.42738414 1.51383495 1.02681124 0.0219503324 0.870268345 0.492088497 0 174 220
1.46173239 1.52941692 0.997455299 0.0269226227 0.871522367 0.489616036 0 174 220
1.49609089 1.54477036 0.967968464 0.031584058 0.872910678 0.48685655 0 174 220
1.53045928 1.55989492 0.938350856 0.0359345749 0.874433935 0.483811975 0 174 220
1.56483734 1.57479119 0.908602417 0.0399741493 0.876093149 0.480481923 0 174 220
1.59922564 1.58945906 0.878723383 0.0437040068 0.877887905 0.476867676 0 174 220
1.63362348 1.60389841 0.848713756 0.0471227914 0.879817426 0.472970098 0 174 220
0.313241154 0.839486182 1.91896284 -0.464864612 0.844154537 0.267028302 0 174 220
0.347141892 0.865350962 1.89549136 -0.441959262 0.849180639 0.289074838 0 174 220
0.38105908 0.890836358 1.87180269 -0.418648303 0.853462815 0.310378611 0 174 220
0.414992779 0.915942252 1.84789705 -0.395062894 0.857017696 0.330826312 0 174 220
0.448943079 0.940669 1.82377422 -0.371340364 0.859875381 0.350315243 0 174 220
0.482909858 0.965016425 1.7994343 -0.347617984 0.86207968 0.368755251 0 174 220
0.516893089 0.988984406 1.77487731 -0.324032277 0.863685787 0.386069953 0 174 220
0.550893009 1.01257312 1.75010359 -0.300715476 0.864759088 0.402196407 0 174 220
0.584909201 1.03578222 1.72511196 -0.277792394 0.865372777 0.41708675 0 174 220
0.618942022 1.05861211 1.69990385 -0.255379468 0.865605652 0.430706561 0 174 220
0.652991414 1.08106267 1.67447841 -0.233584315 0.865540326 0.443033069 0 174 220
0.687057376 1.10313392 1.64883614 -0.212501451 0.865260482 0.45405668 0 174 220
0.721139669 1.12482584 1.62297666 -0.192216128 0.864849687 0.463775754 0 174 220
0.755238533 1.14613819 1.59689987 -0.17280069 0.86438936 0.47219792 0 174 220
0.789353967 1.16707134 1.57060623 -0.154318139 0.863957703 0.479335904 0 174 220
0.823485792 1.18762505 1.54409528 -0.136819348 0.863627732 0.485208929 0 174 220
0.857634425 1.20779955 1.5173676 -0.120347328 0.863467395 0.489837319 0 174 220
0.891799271 1.22759461 1.49042237 -0.104935519 0.863538265 0.493244559 0 174 220
0.925980747 1.24701035 1.46326041 -0.0906103328 0.863895774 0.495453298 0 174 220
0.960178792 1.26604652 1.43588126 -0.0773934722 0.864588082 0.496485263 0 174 220
0.994392455 1.2847234 1.40829623 -0.0665727928 0.864869297 0.497563213 0 174 220
1.02861655 1.30315959 1.38057375 -0.0575805418 0.864534795 0.499263465 0 174 220
1.06285024 1.32137501 1.35272491 -0.0489539318 0.864305317 0.500579536 0 174 220
1.09709358 1.33936954 1.32474935 -0.0406953581 0.86419034 0.50151664 0 174 220
1.13134658 1.35714376 1.29664791 -0.0328074433 0.864198923 0.502079546 0 174 220
1.16560924 1.37469697 1.26841998 -0.0252921507 0.864339411 0.502272487 0 174 220
1.19988132 1.3920294 1.24006569 -0.0181502867 0.864618719 0.502100646 0 174 220
1.23416328 1.40914118 1.21158516 -0.0113831535 0.8650437 0.501567304 0 174 220
1.26845455 1.42603207 1.18297827 -0.00499132369 0.865620255 0.500676274 0 174 220
1.30275559 1.44270217 1.15424502 0.00102498359 0.866352975 0.499431133 0 174 220
1.33706605 1.45915163 1.12538552 0.00666540349 0.867246509 0.497834355 0 174 220
1.37138641 1.47538042 1.09639978 0.0119300773 0.868304074 0.495888859 0 174 220
1.40571618 1.49138832 1.06728733 0.0168185346 0.86952877 0.493595779 0 174 220
1.44005573 1.50717556 1.03804898 0.0213318057 0.870922267 0.490957588 0 174 220
1.47440481 1.52274203 1.00868404 0.025469128 0.872485936 0.487975061 0 174 220
1.50876355 1.53808773 0.979192853 0.0292315539 0.874219894 0.48464939 0 174 220
1.54313183 1.55321252 0.949575305 0.0326186717 0.87612468 0.48097977 0 174 220
1.57750964 1.56811666 0.919831395 0.0356304422 0.878198624 0.476967067 0 174 220
1.61189735 1.58280015 0.889961243 0.038268704 0.880439937 0.472610801 0 174 220
1.64629424 1.59726286 0.859964907 0.0405321233 0.882846296 0.467909932 0 174 220
0.325541556 0.841354549 1.93508053 -0.46478188 0.850554109 0.246039793 0 174 220
0.359470069 0.866580486 1.91124356 -0.44163841 0.855783403 0.269425899 0 174 220
0.393413901 0.891453743 1.88720441 -0.418031633 0.860188067 0.292106241 0 174 220
0.427373081 0.915974617 1.86296403 -0.394102663 0.863781333 0.313950568 0 174 220
0.461347699 0.940143108 1.83852196 -0.369998008 0.866592646 0.334841073 0 174 220
0.495337635 0.963958979 1.8138777 -0.345867991 0.868667305 0.354672432 0 174 220
0.529342771 0.987422347 1.78903186 -0.321861178 0.870064616 0.37335369 0 174 220
0.563363433 1.01053321 1.76398444 -0.298121601 0.870855987 0.390811175 0 174 220
0.597399294 1.0332917 1.73873544 -0.274787277 0.871122479 0.406985968 0 174 220
0.631450772 1.05569768 1.71328473 -0.251985162 0.87095207 0.421836406 0 174 220
0.66551739 1.07775104 1.68763196 -0.22983332 0.870437622 0.435333222 0 174 220
0.699599326 1.09945214 1.66177773 -0.208435193 0.869673133 0.447463363 0 174 220
0.73369664 1.12080061 1.63572168 -0.187883496 0.868753076 0.458222419 0 174 220
0.767809331 1.14179659 1.60946381 -0.168256879 0.867769241 0.467617571 0 174 220
0.801937342 1.16244006 1.58300436 -0.149621949 0.866809309 0.475662529 0 174 220
0.83608067 1.18273091 1.55634332 -0.132034615 0.865956128 0.482376397 0 174 220
0.870239437 1.2026695 1.52948034 -0.115538843 0.865285277 0.487782747 0 174 220
0.904413462 1.22225559 1.50241554 -0.10017053 0.864866555 0.491906315 0 174 220
0.938602924 1.24148905 1.47514939 -0.0859567374 0.864760935 0.494772613 0 174 220
0.972807586 1.26037014 1.44768131 -0.0729175135 0.865022361 0.496406496 0 174 220
1.00702691 1.27891648 1.42002177 -0.0621910058 0.864996314 0.497909397 0 174 220
1.04125619 1.29723334 1.39223075 -0.0532077439 0.864473224 0.499855042 0 174 220
1.07549477 1.31533873 1.36431897 -0.04465634 0.864087462 0.501356721 0 174 220
1.10974252 1.33323276 1.33628619 -0.0365398042 0.863850534 0.50242126 0 174 220
1.14399958 1.35091519 1.30813217 -0.02886061 0.863773048 0.503053784 0 174 220
1.17826557 1.36838603 1.27985704 -0.0216196757 0.863864303 0.503260434 0 174 220
1.21254098 1.38564527 1.25146079 -0.0148189468 0.864133 0.503045261 0 174 220
1.24682558 1.40269303 1.22294366 -0.00845818873 0.864585996 0.50241363 0 174 220
1.28111935 1.41952944 1.19430578 -0.00253868871 0.865229905 0.50136894 0 174 220
1.3154223 1.43615401 1.16554618 0.00294055161 0.866069436 0.499915123 0 174 220
1.34973443 1.45256734 1.13666606 0.0079785483 0.867109239 0.498054266 0 174 220
1.38405585 1.46876907 1.1076647 0.0125760883 0.868351817 0.4957892 0 174 220
1.4183867 1.48475909 1.07854235 0.0167331714 0.869799674 0.493121296 0 174 220
1.4527266 1.50053763 1.04929888 0.0204494465 0.871453881 0.490050972 0 174 220
1.48707557 1.51610482 1.01993442 0.0237265602 0.873314023 0.486579597 0 174 220
1.52143371 1.53146017 0.990448773 0.0265636146 0.875379264 0.482706517 0 174 220
1.55580127 1.54660404 0.960842073 0.0289613008 0.877647519 0.478430808 0 174 220
1.59017766 1.56153619 0.931114316 0.0309191681 0.880115628 0.473751456 0 174 220
1.62456369 1.57625723 0.901265562 0.0324377231 0.882779241 0.468666762 0 174 220
1.65895867 1.59076679 0.871295989 0.0335177369 0.885633051 0.463174641 0 174 220
0.337827891 0.843543589 1.9513818 -0.464028656 0.856824458 0.22478734 0 174 220
0.371785671 0.868098199 1.92716062 -0.440690041 0.862296999 0.249471515 0 174 220
0.405757517 0.89232868 1.90275395 -0.416829139 0.866863489 0.273498118 0 174 220
0.439743489 0.91623497 1.87816179 -0.3925955 0.870531857 0.296720475 0 174 220
0.473743558 0.939816952 1.85338354 -0.3681463 0.873330057 0.319003135 0 174 220
0.507757783 0.963074923 1.8284204 -0.343643248 0.875303745 0.340224534 0 174 220
0.541786075 0.986008644 1.80327141 -0.319247276 0.876515865 0.360279143 0 174 220
0.575828433 1.00861824 1.77793717 -0.295115411 0.877043605 0.379079759 0 174 220
0.609884977 1.0309037 1.75241733 -0.271398067 0.876976013 0.396555394 0 174 220
0.643955648 1.05286479 1.72671175 -0.248233989 0.876410425 0.412655711 0 174 220
0.678040445 1.07450199 1.70082104 -0.225751638 0.875450015 0.427344739 0 174 220
0.712139308 1.09581482 1.67474473 -0.204064161 0.874200284 0.440603852 0 174 220
0.746252358 1.11680341 1.6484828 -0.183271632 0.872766793 0.452426344 0 174 220
0.780379593 1.1374681 1.62203562 -0.163458943 0.871252358 0.462817997 0 174 220
0.814520597 1.1578083 1.5954026 -0.144697443 0.869755208 0.471792817 0 174 220
0.848675966 1.17782462 1.56858408 -0.12704736 0.868368149 0.479370087 0 174 220
0.882845283 1.19751644 1.54157984 -0.110554039 0.867175579 0.485576302 0 174 220
0.917029023 1.21688449 1.51439047 -0.0952547118 0.866254508 0.490438282 0 174 220
0.951226711 1.23592806 1.4870156 -0.0811778456 0.865673482 0.493983418 0 174 220
0.985438526 1.25464773 1.45945513 -0.0683436394 0.86549139 0.496239662 0 174 220
1.01966369 1.2730583 1.43171799 -0.0577366613 0.865143955 0.498189121 0 174 220
1.05389833 1.29125285 1.40385711 -0.0487885401 0.864418447 0.500400245 0 174 220
1.08814168 1.3092463 1.37588108 -0.0403385013 0.863863051 0.502108991 0 174 220
1.12239385 1.32703924 1.34779024 -0.0323903263 0.863491595 0.503322124 0 174 220
1.15665483 1.34463131 1.31958461 -0.0249461196 0.863316298 0.504046261 0 174 220
1.19092429 1.36202216 1.29126382 -0.0180062093 0.86334765 0.504288197 0 174 220
1.22520292 1.37921262 1.26282847 -0.0115716504 0.863594949 0.504053533 0 174 220
1.25948977 1.39620209 1.23427784 -0.00564346695 0.864066184 0.503346622 0 174 220
1.29378581 1.41299069 1.2056123 -0.000221563329 0.864768028 0.502171576 0 174 220
1.32809043 1.42957854 1.17683196 0.00469531352 0.865704834 0.500532925 0 174 220
1.36240375 1.44596565 1.1479367 0.00910513662 0.86688143 0.498431295 0 174 220
1.39672577 1.46215153 1.11892641 0.0130100399 0.868299484 0.495869815 0 174 220
1.43105674 1.4781369 1.08980119 0.0164100807 0.86995995 0.492849201 0 174 220
1.46539593 1.49392128 1.06056106 0.0193048846 0.871862948 0.489369333 0 174 220
1.49974453 1.50950503 1.03120613 0.0216946192 0.874006748 0.485429287 0 174 220
1.53410149 1.52488768 1.00173604 0.0235800277 0.876388133 0.481027991 0 174 220
1.5684675 1.54006958 0.97215122 0.0249617342 0.879001975 0.476164281 0 174 220
1.60284197 1.55505085 0.942451417 0.0258388966 0.881843209 0.470834315 0 174 220
1.63722539 1.56983113 0.912636638 0.0262115151 0.884904444 0.465034574 0 174 220
1.67161715 1.58441055 0.882707119 0.0260805432 0.888175964 0.458762735 0 174 220
0.350100398 0.846053421 1.96786678 -0.46260646 0.862940788 0.203293905 0 174 220
0.384088755 0.869904399 1.94324291 -0.439113736 0.868696094 0.229229331 0 174 220
0.418089986 0.893461049 1.91845036 -0.415038586 0.873463273 0.254567891 0 174 220
0.452104032 0.916723311 1.89348972 -0.390538722 0.877244413 0.279144824 0 174 220
0.486130804 0.939690948 1.86836016 -0.365781456 0.880063653 0.302806854 0 174 220
0.52017051 0.962364435 1.84306252 -0.340939313 0.881966829 0.325414956 0 174 220
0.554222882 0.984743357 1.81759608 -0.316186607 0.883019388 0.346846908 0 174 220
0.588288188 1.00682795 1.79196107 -0.291693121 0.883304119 0.367000043 0 174 220
0.622366309 1.0286181 1.76615798 -0.267621219 0.882917404 0.385792345 0 174 220
0.656457126 1.0501138 1.74018633 -0.244122997 0.881966531 0.403161228 0 174 220
0.690560937 1.07131517 1.71404612 -0.221336678 0.880565464 0.419063777 0 174 220
0.724677503 1.09222209 1.68773735 -0.199385867 0.878831565 0.43347466 0 174 220
0.758806884 1.11283469 1.66126037 -0.178378448 0.876882255 0.446383953 0 174 220
0.79294908 1.13315284 1.63461459 -0.158405364 0.874831796 0.457796007 0 174 220
0.827104092 1.15317643 1.60780036 -0.139544174 0.872790098 0.467723072 0 174 220
0.861271918 1.17290568 1.58081794 -0.121856384 0.870859504 0.476187885 0 174 220
0.895452499 1.19234061 1.55366647 -0.105392091 0.869134486 0.483216107 0 174 220
0.929646015 1.21148121 1.52634704 -0.0901882648 0.867699862 0.488838553 0 174 220
0.963852346 1.23032725 1.49885929 -0.0762743875 0.86663115 0.493084878 0 174 220
0.998071373 1.24887896 1.47120249 -0.063670449 0.865993798 0.495984674 0 174 220
1.03230274 1.26714933 1.44338512 -0.0532098152 0.86531204 0.498401195 0 174 220
1.06654286 1.285218 1.41545212 -0.0443225801 0.864369929 0.500899315 0 174 220
1.1007911 1.30309796 1.38741124 -0.0360010155 0.863632023 0.502835631 0 174 220
1.13504779 1.32078922 1.35926223 -0.028247321 0.863113463 0.504219353 0 174 220
1.16931248 1.338292 1.33100557 -0.0210634414 0.862828553 0.505057633 0 174 220
1.20358562 1.35560596 1.30264068 -0.0144507363 0.862789214 0.505357265 0 174 220
1.23786676 1.37273145 1.27416801 -0.00840858836 0.863004982 0.505125523 0 174 220
1.27215624 1.38966811 1.24558735 -0.00293889805 0.863484919 0.5043661 0 174 220
1.30645382 1.40641618 1.21689856 0.00196026638 0.864234865 0.503084719 0 174 220
1.34075952 1.42297554 1.18810189 0.00628807303 0.865260303 0.501283467 0 174 220
1.37507379 1.43934631 1.15919745 0.0100452946 0.866563857 0.498965085 0 174 220
1.40939593 1.4555285 1.13018477 0.0132322945 0.868147135 0.496130496 0 174 220
1.44372642 1.47152185 1.10106421 0.0158490073 0.870009959 0.492779404 0 174 220
1.47806525 1.48732674 1.07183599 0.0178957358 0.872150123 0.488910854 0 174 220
1.51241195 1.5029428 1.04249942 0.0193734318 0.874563515 0.484523743 0 174 220
1.546767 1.51837027 1.01305509 0.0202814396 0.877245009 0.479614198 0 174 220
1.5811305 1.53360927 0.983502746 0.020620415 0.880186737 0.474179357 0 174 220
1.615502 1.54865956 0.953842521 0.0203904491 0.8833794 0.46821472 0 174 220
1.64988172 1.56352115 0.924074292 0.0195900854 0.886812091 0.461714804 0 174 220
1.68426955 1.5781939 0.894198179 0.0182213541 0.890471339 0.454674393 0 174 220
0.362358868 0.848883867 1.98453486 -0.460518658 0.868878305 0.181584865 0 174 220
0.396379322 0.871998966 1.95949006 -0.436909884 0.874954581 0.208720475 0 174 220
0.43041113 0.89485085 1.93429446 -0.412659168 0.879961312 0.235330671 0 174 220
0.464454472 0.91743952 1.90894794 -0.387930453 0.883892894 0.261234403 0 174 220
0.498509258 0.939764977 1.88345087 -0.362900883 0.886768878 0.286258548 0 174 220
0.532575607 0.961827278 1.85780382 -0.337753803 0.88863343 0.310246617 0 174 220
0.566653311 0.983626425 1.8320055 -0.312676638 0.889554143 0.333056718 0 174 220
0.6007424 1.00516224 1.80605686 -0.287851542 0.889618099 0.3545717 0 174 220
0.634843111 1.02643514 1.77995753 -0.263454378 0.888929784 0.374694049 0 174 220
0.668955147 1.04744458 1.75370729 -0.239649802 0.887605846 0.393349558 0 174 220
0.703078628 1.06819093 1.72730672 -0.216587067 0.885771573 0.410485953 0 174 220
0.737213731 1.08867419 1.7007556 -0.194399402 0.883556545 0.426071286 0 174 220
0.771360099 1.10889399 1.67405367 -0.173203066 0.881090522 0.440091103 0 174 220
0.805518091 1.1288507 1.64720118 -0.153096184 0.878500283 0.452546954 0 174 220
0.839687467 1.14854443 1.62019825 -0.134160757 0.875907481 0.463451087 0 174 220
0.873868287 1.16797459 1.59304452 -0.116462432 0.873425364 0.472826123 0 174 220
0.908060431 1.18714166 1.56573999 -0.100052565 0.871158183 0.480700433 0 174 220
0.942264378 1.20604575 1.53828526 -0.0849715024 0.869199872 0.487105191 0 174 220
0.97647965 1.22468662 1.51067984 -0.071246855 0.867632627 0.492074698 0 174 220
1.01070631 1.24306417 1.48292363 -0.0588996522 0.866528451 0.495640159 0 174 220
1.04494393 1.26118958 1.45502305 -0.048611179 0.865499675 0.498545051 0 174 220
1.07918966 1.27912891 1.42701626 -0.0398114696 0.86432755 0.501351058 0 174 220
1.11344302 1.29689348 1.39890921 -0.031643603 0.863393784 0.503537357 0 174 220
1.14770412 1.31448293 1.37070203 -0.0241110306 0.862716615 0.505112529 0 174 220
1.18197262 1.33189738 1.34239471 -0.0172136892 0.862310588 0.506086946 0 174 220
1.21624899 1.34913695 1.31398726 -0.0109538436 0.862189651 0.506467164 0 174 220
1.25053275 1.36620152 1.28547978 -0.00533062266 0.862363935 0.506260753 0 174 220
1.28482425 1.38309109 1.25687206 -0.000343764928 0.862842202 0.505473256 0 174 220
1.31912327 1.39980543 1.22816408 0.00400611758 0.863631248 0.504108131 0 174 220
1.35343003 1.41634512 1.19935632 0.0077199908 0.864735365 0.502168477 0 174 220
1.38774443 1.43270969 1.17044818 0.0107984645 0.866156518 0.499656051 0 174 220
1.42206621 1.44889951 1.1414398 0.0132412026 0.867895305 0.496570677 0 174 220
1.45639563 1.46491396 1.11233139 0.0150498636 0.869949043 0.492911875 0 174 220
1.49073291 1.48075354 1.08312285 0.0162232425 0.872314095 0.488676578 0 174 220
1.5250777 1.49641848 1.05381429 0.0167628601 0.87498343 0.483862668 0 174 220
1.55943012 1.51190805 1.02440548 0.0166668314 0.877949059 0.478463858 0 174 220
1.59379017 1.52722275 0.994896591 0.0159361772 0.881199658 0.472475618 0 174 220
1.62815785 1.54236257 0.965287566 0.0145714935 0.884721816 0.4658916 0 174 220
1.66253316 1.55732739 0.935578465 0.0125726983 0.888499558 0.458705127 0 174 220
1.69691563 1.57211709 0.905769229 0.00993939675 0.892515004 0.450908184 0 174 220
0.374603361 0.852034986 2.00138664 -0.457769901 0.874612331 0.159687147 0 174 220
0.408657253 0.874381781 1.97590232 -0.434080988 0.881046176 0.187966555 0 174 220
0.442721158 0.896498084 1.95028555 -0.409690797 0.886330485 0.215804756 0 174 220
0.476795048 0.918383777 1.92453659 -0.384769112 0.890450716 0.243002519 0 174 220
0.51087904 0.940039039 1.89865649 -0.359501898 0.893420041 0.269367993 0 174 220
0.544973135 0.961463809 1.87264419 -0.334084064 0.895279527 0.294724315 0 174 220
0.579077125 0.98265779 1.8464998 -0.308714211 0.89609766 0.318911642 0 174 220
0.613191247 1.00362146 1.82022345 -0.28358826 0.895965636 0.341794163 0 174 220
0.647315264 1.02435446 1.79381514 -0.258895218 0.894995213 0.36325857 0 174 220
0.681449473 1.04485703 1.76727509 -0.2348122 0.893312573 0.383217841 0 174 220
0.715593696 1.06512904 1.74060309 -0.211500064 0.89105469 0.401608318 0 174 220
0.749747992 1.08517063 1.71379912 -0.189102456 0.888363361 0.418390632 0 174 220
0.783912241 1.10498166 1.68686318 -0.167744324 0.885381877 0.433544457 0 174 220
0.818086565 1.12456191 1.65979552 -0.147530124 0.882249832 0.447068393 0 174 220
0.852270901 1.14391184 1.63259578 -0.128546923 0.879101038 0.458973944 0 174 220
0.886465192 1.16303122 1.60526407 -0.110863984 0.876060605 0.46928364 0 174 220
0.920669615 1.18191993 1.57780039 -0.0945361108 0.873243034 0.478026778 0 174 220
0.954884052 1.20057833 1.55020475 -0.079602778 0.870751023 0.485238165 0 174 220
0.989108503 1.21900606 1.52247751 -0.0660939813 0.868675172 0.490953177 0 174 220
1.02334309 1.23720324 1.49461818 -0.0540299565 0.867093444 0.495206714 0 174 220
1.05758739 1.25517881 1.46663213 -0.0439402126 0.865705788 0.498620778 0 174 220
1.09183872 1.27298558 1.43854916 -0.0352543369 0.864290535 0.501755834 0 174 220
1.12609732 1.29063284 1.41037512 -0.0272671208 0.863148868 0.504212677 0 174 220
1.16036284 1.30812013 1.38210928 -0.0199811328 0.862300634 0.506002247 0 174 220
1.19463527 1.32544756 1.35375226 -0.0133973965 0.861762941 0.507134438 0 174 220
1.2289145 1.34261513 1.32530367 -0.00751587283 0.861549377 0.50761807 0 174 220
1.26320088 1.35962296 1.29676354 -0.00233666017 0.861671865 0.507460475 0 174 220
1.29749405 1.3764708 1.26813197 0.00214069081 0.862139106 0.506667137 0 174 220
1.3317945 1.39315891 1.23940921 0.00591631373 0.862957537 0.505241811 0 174 220
1.3661015 1.4096874 1.21059477 0.00899100676 0.864130557 0.503187358 0 174 220
1.40041578 1.42605591 1.18168902 0.0113653829 0.865659475 0.500504255 0 174 220
1.43473697 1.44226456 1.1526916 0.0130390292 0.867542982 0.49719125 0 174 220
1.46906483 1.45831323 1.12360263 0.0140130287 0.869776666 0.493246526 0 174 220
1.50339997 1.47420239 1.09442246 0.0142873861 0.872353613 0.488666564 0 174 220
1.53774166 1.48993146 1.06515062 0.0138615305 0.875265002 0.483444989 0 174 220
1.57209074 1.50550091 1.03578746 0.0127358828 0.878498137 0.477576017 0 174 220
1.60644662 1.5209105 1.00633287 0.0109101422 0.882038057 0.471051753 0 174 220
1.64080942 1.53616023 0.976786733 0.00838475674 0.885866702 0.463864177 0 174 220
1.67517936 1.5512501 0.947149277 0.00515936362 0.889962971 0.456003577 0 174 220
1.70955586 1.56618011 0.917420328 0.00123725401 0.894301713 0.447462767 0 174 220
0.386833996 0.855506957 2.01842237 -0.454366535 0.880118847 0.13762936 0 174 220
0.420922697 0.877053022 1.99247932 -0.430630386 0.886944711 0.166992366 0 174 220
0.455019951 0.89840275 1.96642423 -0.406134725 0.892544091 0.196009248 0 174 220
0.489125818 0.919556081 1.94025636 -0.381054193 0.896890998 0.224464282 0 174 220
0.523240149 0.940512955 1.91397619 -0.355583459 0.899990559 0.252145439 0 174 220
0.557363153 0.961273551 1.88758397 -0.329927951 0.901879787 0.278855383 0 174 220
0.59149456 0.981837511 1.86107898 -0.30429709 0.902626574 0.304415107 0 174 220
0.625634611 1.00220513 1.83446145 -0.278900981 0.902325571 0.328668147 0 174 220
0.659783244 1.02237642 1.80773187 -0.253941655 0.901094735 0.351485193 0 174 220
0.693940401 1.04235125 1.78088999 -0.229608223 0.899070263 0.372763604 0 174 220
0.728106022 1.06212962 1.75393534 -0.206075028 0.896400571 0.392427295 0 174 220
0.762280285 1.08171165 1.72686851 -0.183494806 0.893240333 0.410428405 0 174 220
0.796463132 1.10109711 1.69968891 -0.162001222 0.889746249 0.426740348 0 174 220
0.830654442 1.12028635 1.67239726 -0.14170599 0.886071742 0.441357225 0 174 220
0.864854276 1.13927901 1.64499307 -0.122702695 0.882364213 0.454287887 0 174 220
0.899062753 1.15807533 1.61747658 -0.10506171 0.878759682 0.465557069 0 174 220
0.933279753 1.1766752 1.58984756 -0.0888422877 0.875384748 0.475193143 0 174 220
0.967505336 1.19507861 1.56210637 -0.0740835741 0.872350693 0.483234733 0 174 220
1.00173938 1.21328568 1.53425264 -0.0608169399 0.869756818 0.489718676 0 174 220
1.03598201 1.2312963 1.5062865 -0.0490626395 0.867687941 0.494682163 0 174 220
1.07023299 1.24911714 1.47821176 -0.0391969681 0.865929067 0.498628557 0 174 220
1.1044904 1.26678813 1.45005119 -0.0306513663 0.864258289 0.5021137 0 174 220
1.13875401 1.28431594 1.42180872 -0.0228713397 0.862896621 0.504862666 0 174 220
1.17302418 1.30170095 1.39348447 -0.0158584882 0.861866057 0.506888032 0 174 220
1.20730019 1.31894231 1.36507821 -0.00961352326 0.861184955 0.508200765 0 174 220
1.24158251 1.33604062 1.33658981 -0.00413619634 0.860868573 0.50881058 0 174 220
1.27587116 1.35299587 1.30801976 0.000572896271 0.860929251 0.508724451 0 174 220
1.31016612 1.36980784 1.27936769 0.00451509887 0.86137569 0.507948339 0 174 220
1.34446704 1.3864764 1.2506336 0.00769097731 0.862213612 0.506486475 0 174 220
1.3787744 1.40300214 1.22181761 0.0101007242 0.863446236 0.504339814 0 174 220
1.41308808 1.41938448 1.19291973 0.011745574 0.865072668 0.50150913 0 174 220
1.44740784 1.43562376 1.16393983 0.0126249082 0.867089927 0.497991592 0 174 220
1.4817338 1.45171976 1.13487804 0.0127387252 0.869491816 0.493782967 0 174 220
1.51606596 1.46767259 1.10573435 0.0120872725 0.872268379 0.488878101 0 174 220
1.55040443 1.48348236 1.07650864 0.0106706833 0.875406444 0.483269691 0 174 220
1.58474922 1.49914885 1.04720104 0.00848804321 0.878890097 0.476948708 0 174 220
1.61910009 1.51467216 1.01781154 0.00554060051 0.882698894 0.46990642 0 174 220
1.65345716 1.5300523 0.98834002 0.00182771252 0.886810243 0.46213007 0 174 220
1.68782079 1.54528928 0.958786726 -0.00264837733 0.891196191 0.45361039 0 174 220
1.72219014 1.56038308 0.929151475 -0.00788579788 0.895825922 0.444335043 0 174 220
0.399050534 0.859299481 2.03564119 -0.450316906 0.885374308 0.115442358 0 174 220
0.433175564 0.880012631 2.00922179 -0.426563442 0.892624795 0.14582406 0 174 220
0.467307568 0.900564969 1.98270988 -0.401993454 0.898574889 0.175967008 0 174 220
0.501446545 0.920956373 1.95610642 -0.376787484 0.903185844 0.205636814 0 174 220
0.535592556 0.941187024 1.9294107 -0.351146489 0.906453192 0.234603226 0 174 220
0.569745541 0.961256742 1.90262282 -0.32528466 0.908408344 0.262648582 0 174 220
0.603905559 0.981165707 1.87574291 -0.299424857 0.909116566 0.289571881 0 174 220
0.63807255 1.00091362 1.8487711 -0.273789078 0.908675373 0.315196246 0 174 220
0.672246516 1.02050078 1.82170701 -0.248592362 0.907208502 0.339373678 0 174 220
0.706427634 1.03992712 1.79455113 -0.224037707 0.904861271 0.361984968 0 174 220
0.740615666 1.05919266 1.76730323 -0.200310424 0.901793599 0.382941186 0 174 220
0.774810672 1.07829726 1.73996305 -0.177574903 0.898173988 0.4021824 0 174 220
0.809012651 1.09724092 1.71253073 -0.155973196 0.894172609 0.419675648 0 174 220
0.843221664 1.11602378 1.68500638 -0.135624588 0.889957607 0.435409546 0 174 220
0.87743777 1.13464594 1.65739048 -0.116626814 0.885689259 0.449391365 0 174 220
0.911660731 1.15310705 1.62968194 -0.0990559235 0.88151741 0.461643785 0 174 220
0.945890784 1.17140746 1.60188162 -0.0829707831 0.877578914 0.472198248 0 174 220
0.980127931 1.18954694 1.57398939 -0.068414256 0.8739959 0.481093079 0 174 220
1.01437187 1.20752549 1.54600465 -0.0554164164 0.870875835 0.488369018 0 174 220
1.04862297 1.22534335 1.51792836 -0.0439970158 0.868310213 0.494066477 0 174 220
1.08288085 1.24300456 1.48976231 -0.0343824141 0.866169393 0.498566389 0 174 220
1.11714423 1.26053643 1.4615221 -0.026003642 0.864230692 0.502423227 0 174 220
1.15141332 1.27794337 1.43321049 -0.0184561145 0.862636685 0.505487144 0 174 220
1.18568754 1.29522502 1.40482712 -0.0117428526 0.861412585 0.507770002 0 174 220
1.21996748 1.31238174 1.37637234 -0.00586265419 0.860577464 0.509285986 0 174 220
1.25425267 1.32941329 1.34784591 -0.000816377811 0.860148072 0.51004374 0 174 220
1.28854334 1.34631991 1.31924796 0.00339792646 0.860136509 0.510052681 0 174 220
1.32283962 1.36310148 1.29057837 0.00677924138 0.860552311 0.509316921 0 174 220
1.35714138 1.379758 1.26183748 0.00933033414 0.86139977 0.507841885 0 174 220
1.39144826 1.39628935 1.23302472 0.0110499347 0.862681568 0.505626738 0 174 220
1.42576075 1.41269565 1.20414042 0.0119387163 0.864395678 0.502670527 0 174 220
1.46007884 1.42897713 1.17518485 0.0119975181 0.866535962 0.49897033 0 174 220
1.49440217 1.44513333 1.14615738 0.0112255262 0.869093657 0.494520128 0 174 220
1.52873087 1.46116459 1.11705852 0.00962343533 0.872055531 0.489312351 0 174 220
1.56306529 1.47707081 1.08788812 0.00718938839 0.875405014 0.483336717 0 174 220
1.59740484 1.49285185 1.05864608 0.00392452069 0.879120827 0.476582915 0 174 220
1.63175023 1.50850785 1.02933252 -0.000171486259 0.883178234 0.469037563 0 174 220
1.66610086 1.52403891 0.999947369 -0.00509715313 0.887547255 0.460688382 0 174 220
1.70045686 1.5394448 0.970490634 -0.0108499527 0.892194152 0.451521814 0 174 220
1.73481798 1.55472541 0.940962434 -0.0174270459 0.897080421 0.441523433 0 174 220
0.411253184 0.863412738 2.0530436 -0.445631146 0.890356362 0.093158178 0 174 220
0.445415795 0.883260548 2.02612877 -0.421886861 0.898061037 0.124490179 0 174 220
0.479583859 0.9029845 1.99914312 -0.397272408 0.904395938 0.155700579 0 174 220
0.513757288 0.922584713 1.97208667 -0.371971339 0.909307778 0.186538979 0 174 220
0.547936201 0.942061007 1.94495928 -0.346190751 0.912780523 0.216757059 0 174 220
0.582120359 0.961413443 1.91776097 -0.320154488 0.914838016 0.246114895 0 174 220
0.61631006 0.98064208 1.89049196 -0.294096202 0.915542483 0.274389207 0 174 220
0.650505066 0.999746859 1.86315191 -0.268250614 0.914991856 0.301382661 0 174 220
0.684705436 1.01872778 1.83574104 -0.242846102 0.913315415 0.326926142 0 174 220
0.718911231 1.03758478 1.80825925 -0.218099028 0.910667062 0.350882053 0 174 220
0.753122568 1.05631816 1.78070664 -0.194205895 0.907218337 0.373147368 0 174 220
0.787339091 1.07492745 1.75308299 -0.17134282 0.903150976 0.393649489 0 174 220
0.821561098 1.093413 1.72538877 -0.149659514 0.898649693 0.412347823 0 174 220
0.85578841 1.11177468 1.69762349 -0.129284993 0.893897712 0.429222882 0 174 220
0.890021145 1.13001251 1.66978741 -0.110320069 0.88906914 0.444280863 0 174 220
0.924259305 1.1481266 1.64188039 -0.0928456113 0.884327352 0.457542092 0 174 220
0.958502889 1.16611671 1.61390245 -0.0769225135 0.879821062 0.469039232 0 174 220
0.992751837 1.18398309 1.58585393 -0.0625941455 0.87568295 0.478812397 0 174 220
1.02700615 1.20172548 1.55773413 -0.0498917699 0.872029185 0.486904293 0 174 220
1.06126583 1.21934402 1.52954376 -0.0388343893 0.868958771 0.493358374 0 174 220
1.09553075 1.23684108 1.50128365 -0.029496856 0.866425574 0.498434275 0 174 220
1.12980056 1.25423062 1.47296202 -0.0213105641 0.864206791 0.502685308 0 174 220
1.16407478 1.27151453 1.44458008 -0.0140232565 0.862369895 0.506084561 0 174 220
1.19835377 1.28869283 1.41613758 -0.0076346267 0.860940576 0.508648276 0 174 220
1.23263729 1.30576599 1.38763499 -0.00214490481 0.859940469 0.510389805 0 174 220
1.26692533 1.32273352 1.35907173 0.00244527706 0.859387517 0.511319041 0 174 220
1.30121791 1.33959556 1.33044839 0.00613810541 0.859294057 0.511445105 0 174 220
1.33551514 1.35635233 1.30176473 0.00893422868 0.859668672 0.510773957 0 174 220
1.36981702 1.37300348 1.27302063 0.0108334217 0.860516489 0.509307444 0 174 220
1.40412354 1.38954937 1.2442162 0.0118378643 0.861837089 0.507047057 0 174 220
1.43843436 1.40598953 1.21535146 0.0119457263 0.863627672 0.503988624 0 174 220
1.47275007 1.42232454 1.18642628 0.0111581851 0.865879476 0.50012821 0 174 220
1.5070703 1.43855417 1.15744102 0.0094747562 0.868580341 0.495457798 0 174 220
1.54139507 1.45467806 1.12839508 0.00689472165 0.871713817 0.489966899 0 174 220
1.57572448 1.47069669 1.09928906 0.00341679901 0.875258684 0.483643115 0 174 220
1.61005855 1.48660982 1.0701226 -0.000956872886 0.879187882 0.476474226 0 174 220
1.64439702 1.50241756 1.04089582 -0.00622751936 0.883471787 0.468443006 0 174 220
1.67874026 1.51811993 1.01160872 -0.0123918401 0.888072968 0.459535539 0 174 220
1.7130878 1.53371656 0.982261121 -0.0194460172 0.892950654 0.44973439 0 174 220
1.74743998 1.54920781 0.952853441 -0.0273855831 0.898057818 0.43902415 0 174 220
0.423441827 0.867846668 2.0706296 -0.440321654 0.895043492 0.0708098337 0 174 220
0.457643539 0.886796772 2.04320097 -0.416610032 0.903229177 0.103020206 0 174 220
0.491849065 0.905661702 2.01572394 -0.391977191 0.909980774 0.135236204 0 174 220
0.526058197 0.92444098 1.98819745 -0.366609812 0.915228844 0.167192653 0 174 220
0.560271144 0.943135083 1.96062255 -0.34071964 0.918944657 0.198622271 0 174 220
0.594487786 0.961743653 1.93299854 -0.314539343 0.921142101 0.229264796 0 174 220
0.628708065 0.980266809 1.90532553 -0.288312644 0.921878219 0.258875042 0 174 220
0.662932098 0.998704612 1.87760401 -0.262286842 0.921251178 0.287231416 0 174 220
0.697159946 1.01705718 1.84983349 -0.236703828 0.919393957 0.31414327 0 174 220
0.73139143 1.03532434 1.82201433 -0.211791977 0.916468501 0.339455009 0 174 220
0.765626609 1.0535059 1.79414594 -0.187761292 0.912657678 0.363045007 0 174 220
0.799865484 1.07160223 1.76622868 -0.164797917 0.908156753 0.384828448 0 174 220
0.834108174 1.0896132 1.73826277 -0.143062353 0.903165817 0.404752523 0 174 220
0.868354499 1.1075387 1.71024787 -0.122687854 0.897882283 0.422794402 0 174 220
0.90260458 1.12537897 1.68218434 -0.10378316 0.892495871 0.4389534 0 174 220
0.936858356 1.14313364 1.65407169 -0.0864321738 0.887183547 0.453249186 0 174 220
0.971115887 1.16080308 1.62591028 -0.0706966743 0.882106245 0.46571508 0 174 220
1.00537717 1.17838693 1.59769988 -0.0566240922 0.877408326 0.476390928 0 174 220
1.0396421 1.19588566 1.56944072 -0.0442437679 0.873214841 0.485322893 0 174 220
1.07391083 1.21329892 1.54113281 -0.0335741602 0.869632006 0.492557615 0 174 220
1.10818315 1.23062682 1.51277614 -0.0245412532 0.866696894 0.498231083 0 174 220
1.14245927 1.24787033 1.48437095 -0.0165735893 0.864186645 0.502898276 0 174 220
1.17673886 1.26502943 1.45591748 -0.00957070664 0.862094581 0.506657064 0 174 220
1.21102238 1.28210437 1.42741573 -0.00353416963 0.860449851 0.509522796 0 174 220
1.24530935 1.2990948 1.3988657 0.00153848575 0.859274805 0.511511922 0 174 220
1.27960002 1.31600082 1.37026751 0.00564802159 0.858587384 0.512636065 0 174 220
1.31389439 1.33282256 1.34162092 0.00879386906 0.858401895 0.512902439 0 174 220
1.34819257 1.34956002 1.31292617 0.010978708 0.858725667 0.512318015 0 174 220
1.38249433 1.36621296 1.28418314 0.0122019602 0.859562933 0.510884225 0 174 220
1.41679978 1.38278186 1.25539196 0.0124646034 0.860912323 0.508600652 0 174 220
1.45110905 1.39926624 1.22655249 0.0117666665 0.862767935 0.505463183 0 174 220
1.48542166 1.41566634 1.19766462 0.0101066381 0.865119457 0.501464069 0 174 220
1.51973808 1.43198192 1.16872847 0.00748570403 0.867950201 0.496594787 0 174 220
1.55405819 1.44821322 1.13974404 0.0039007531 0.871240675 0.490840644 0 174 220
1.58838212 1.46436036 1.11071157 -0.000645605091 0.874963105 0.484189242 0 174 220
1.62270951 1.48042285 1.08163059 -0.00615554396 0.879087031 0.476621449 0 174 220
1.6570406 1.49640119 1.05250144 -0.0126263648 0.883574486 0.468120456 0 174 220
1.69137537 1.51229513 1.02332401 -0.0200552717 0.8883816 0.458667547 0 174 220
1.72571397 1.5281049 0.994098306 -0.0284341872 0.893458068 0.448245704 0 174 220
1.7600559 1.54383004 0.964824438 -0.0377579629 0.898749173 0.436834276 0 174 220
0.435616583 0.87260139 2.08839917 -0.434402376 0.899415851 0.0484319739 0 174 220
0.469858825 0.890621543 2.06043863 -0.410743088 0.908105969 0.0814467967 0 174 220
0.504103065 0.908596158 2.03245187 -0.386116177 0.915303648 0.114601813 0 174 220
0.538349271 0.926525414 2.00443912 -0.360708266 0.92092216 0.147620842 0 174 220
0.572597384 0.944409013 1.97640026 -0.334736615 0.924917579 0.180218905 0 174 220
0.606847584 0.962247133 1.94833517 -0.308440953 0.927292645 0.212114319 0 174 220
0.641099691 0.980040014 1.92024446 -0.282075554 0.928097665 0.243039161 0 174 220
0.675353825 0.997787237 1.89212751 -0.255898893 0.927428544 0.272749126 0 174 220
0.709609926 1.0154891 1.8639847 -0.230165958 0.925421357 0.301029831 0 174 220
0.743868053 1.03314543 1.83581603 -0.205118269 0.922245324 0.32770431 0 174 220
0.778128147 1.05075634 1.807621 -0.180977479 0.918094158 0.352633238 0 174 220
0.812390149 1.0683217 1.77940011 -0.157941669 0.913176656 0.375716418 0 174 220
0.846654177 1.08584166 1.75115311 -0.136179611 0.90770781 0.396889955 0 174 220
0.880920112 1.10331583 1.72287989 -0.115833484 0.901901007 0.416121483 0 174 220
0.915188015 1.12074482 1.69458091 -0.0970162302 0.895961046 0.433407009 0 174 220
0.949458122 1.13812828 1.66625595 -0.0798149109 0.8900792 0.44876349 0 174 220
0.983729959 1.15546632 1.63790488 -0.0642958954 0.884429991 0.462222546 0 174 220
1.01800394 1.1727587 1.60952771 -0.0505047552 0.87916857 0.473826915 0 174 220
1.05227983 1.1900059 1.58112466 -0.0384729132 0.87443012 0.483623654 0 174 220
1.08655763 1.20720744 1.55269551 -0.028217297 0.870328307 0.491662979 0 174 220
1.12083769 1.22436154 1.52423918 -0.0195133649 0.866981328 0.497958422 0 174 220
1.15512013 1.24145579 1.49574876 -0.0117921019 0.86416924 0.503063083 0 174 220
1.18940532 1.2584883 1.46722281 -0.00510143815 0.861812055 0.50720197 0 174 220
1.22369337 1.27545917 1.43866158 0.000558813277 0.859940648 0.510393739 0 174 220
1.25798404 1.29236829 1.41006505 0.00518898154 0.858580053 0.512653291 0 174 220
1.29227734 1.30921543 1.38143301 0.00879065879 0.857748806 0.513993859 0 174 220
1.32657313 1.32600093 1.3527658 0.0113652702 0.857460439 0.514424324 0 174 220
1.36087191 1.34272468 1.3240633 0.0129126003 0.857723415 0.513949275 0 174 220
1.39517331 1.35938668 1.2953254 0.0134348925 0.858539462 0.512571454 0 174 220
1.42947745 1.37598693 1.26655209 0.0129304035 0.859906733 0.510287285 0 174 220
1.4637841 1.39252543 1.2377435 0.0113999415 0.861816227 0.507092476 0 174 220
1.49809361 1.40900207 1.2088995 0.00884347316 0.864253879 0.502978146 0 174 220
1.53240573 1.42541695 1.18002021 0.0052574845 0.867201507 0.497929603 0 174 220
1.56672049 1.44177008 1.15110552 0.000643818406 0.870632529 0.491933554 0 174 220
1.60103798 1.45806146 1.12215555 -0.00499970932 0.874515951 0.484971017 0 174 220
1.63535821 1.47429109 1.09317017 -0.01167069 0.878813207 0.477023184 0 174 220
1.66968107 1.49045897 1.0641495 -0.0193674304 0.883480251 0.468068033 0 174 220
1.70400667 1.50656497 1.03509343 -0.0280848611 0.888465226 0.458083808 0 174 220
1.73833489 1.52260935 1.00600207 -0.0378128998 0.893708527 0.447051764 0 174 220
1.77266574 1.53859186 0.976875484 -0.0485407785 0.899145305 0.434950113 0 174 220
0.447777152 0.877676666 2.10635185 -0.427889943 0.903455079 0.0260604061 0 174 220
0.482061297 0.894734442 2.07784057 -0.404300243 0.912669182 0.0598016158 0 174 220
0.51634562 0.911788106 2.0493269 -0.379699171 0.920339525 0.093827486 0 174 220
0.550630212 0.928837717 2.02081084 -0.354275167 0.926360428 0.12784943 0 174 220
0.584914804 0.945882976 1.99229193 -0.328248084 0.930671394 0.16156736 0 174 220
0.619199634 0.962924361 1.96377122 -0.301864386 0.933261812 0.194679841 0 174 220
0.653484702 0.979961514 1.93524814 -0.27538833 0.934173465 0.226894766 0 174 220
0.68776989 0.996994615 1.90672243 -0.249089241 0.933498442 0.257944226 0 174 220
0.722055316 1.01402342 1.87819433 -0.223234549 0.931374371 0.287590325 0 174 220
0.756340921 1.03104842 1.84966433 -0.198078111 0.927976608 0.315633208 0 174 220
0.790626645 1.048069 1.82113159 -0.173855811 0.923509419 0.341913074 0 174 220
0.824912548 1.06508553 1.79259646 -0.150774509 0.918194652 0.366313457 0 174 220
0.859198689 1.08209801 1.76405919 -0.129013985 0.912262678 0.388757169 0 174 220
0.89348495 1.09910643 1.73551941 -0.108723052 0.905942917 0.409202546 0 174 220
0.927771449 1.11611068 1.70697737 -0.090019986 0.899455845 0.427639604 0 174 220
0.962058067 1.13311064 1.67843294 -0.0729965195 0.893007874 0.444081634 0 174 220
0.996344984 1.15010679 1.64988625 -0.0577199943 0.886786938 0.45856005 0 174 220
1.0306319 1.16709864 1.62133706 -0.0442374572 0.880960166 0.471118212 0 174 220
1.06491911 1.18408644 1.5927856 -0.0325795487 0.87567234 0.481805533 0 174 220
1.09920645 1.20106995 1.56423163 -0.0227646157 0.871046126 0.490673333 0 174 220
1.13349414 1.21804523 1.53567314 -0.0144159496 0.867279053 0.497613639 0 174 220
1.16778338 1.23498702 1.50709534 -0.00696688006 0.864154279 0.503178775 0 174 220
1.20207417 1.25189126 1.47849596 -0.000613798213 0.861521244 0.507721066 0 174 220
1.23636675 1.2687577 1.44987488 0.00464357901 0.859413147 0.511260688 0 174 220
1.27066088 1.28558648 1.42123246 0.0088059213 0.857856512 0.513813913 0 174 220
1.30495644 1.30237746 1.39256835 0.0118748453 0.85687089 0.51539427 0 174 220
1.3392539 1.31913078 1.36388266 0.0138512477 0.856470287 0.516010404 0 174 220
1.37355292 1.33584642 1.33517551 0.0147374701 0.85666126 0.51566875 0 174 220
1.4078536 1.3525244 1.30644667 0.0145318834 0.857446134 0.514368474 0 174 220
1.44215596 1.36916471 1.27769637 0.0132359713 0.858819366 0.512107551 0 174 220
1.47645998 1.38576722 1.24892449 0.0108480845 0.860770404 0.508877814 0 174 220
1.51076555 1.40233195 1.2201308 0.00736765424 0.863281906 0.504668236 0 174 220
1.54507267 1.41885912 1.19131577 0.00279125059 0.866331398 0.4994618 0 174 220
1.57938159 1.43534863 1.16247904 -0.00287878537 0.869887114 0.493242383 0 174 220
1.61369216 1.45180035 1.13362098 -0.00964487158 0.873912513 0.485987633 0 174 220
1.64800429 1.46821439 1.1047411 -0.0175036602 0.87836206 0.477675289 0 174 220
1.68231809 1.48459077 1.07583976 -0.0264511202 0.883183539 0.46828106 0 174 220
1.71663356 1.50092936 1.04691672 -0.0364803746 0.888316929 0.457779586 0 174 220
1.75095069 1.51723027 1.01797223 -0.0475795679 0.893693209 0.446148574 0 174 220
1.78526914 1.53349352 0.989006281 -0.0597315095 0.899236262 0.433366209 0 174 220
3 0 40 41
3 0 41 1
3 1 41 42
3 1 42 2
3 2 42 43
3 2 43 3
3 3 43 44
3 3 44 4
3 4 44 45
3 4 45 5
3 5 45 46
3 5 46 6
3 6 46 47
3 6 47 7
3 7 47 48
3 7 48 8
3 8 48 49
3 8 49 9
3 9 49 50
3 9 50 10
3 10 50 51
3 10 51 11
3 11 51 52
3 11 52 12
3 12 52 53
3 12 53 13
3 13 53 54
3 13 54 14
3 14 54 55
3 14 55 15
3 15 55 56
3 15 56 16
3 16 56 57
3 16 57 17
3 17 57 58
3 17 58 18
3 18 58 59
3 18 59 19
3 19 59 60
3 19 60 20
3 20 60 61
3 20 61 21
3 21 61 62
3 21 62 22
3 22 62 63
3 22 63 23
3 23 63 64
3 23 64 24
3 24 64 65
3 24 65 25
3 25 65 66
3 25 66 26
3 26 66 67
3 26 67 27
3 27 67 68
3 27 68 28
3 28 68 69
3 28 69 29
3 29 69 70
3 29 70 30
3 30 70 71
3 30 71 31
3 31 71 72
3 31 72 32
3 32 72 73
3 32 73 33
3 33 73 74
3 33 74 34
3 34 74 75
3 34 75 35
3 35 75 76
3 35 76 36
3 36 76 77
3 36 77 37
3 37 77 78
3 37 78 38
3 38 78 79
3 38 79 39
3 40 80 81
3 40 81 41
3 41 81 82
3 41 82 42
3 42 82 83
3 42 83 43
3 43 83 84
3 43 84 44
3 44 84 85
3 44 85 45
3 45 85 86
3 45 86 46
3 46 86 87
3 46 87 47
3 47 87 88
3 47 88 48
3 48 88 89
3 48 89 49
3 49 89 90
3 49 90 50
3 50 90 91
3 50 91 51
3 51 91 92
3 51 92 52
3 52 92 93
3 52 93 53
3 53 93 94
3 53 94 54
3 54 94 95
3 54 95 55
3 55 95 96
3 55 96 56
3 56 96 97
3 56 97 57
3 57 97 98
3 57 98 58
3 58 98 99
3 58 99 59
3 59 99 100
3 59 100 60
3 60 100 101
3 60 101 61
3 61 101 102
3 61 102 62
3 62 102 103
3 62 103 63
3 63 103 104
3 63 104 64
3 64 104 105
3 64 105 65
3 65 105 106
3 65 106 66
3 66 106 107
3 66 107 67
3 67 107 108
3 67 108 68
3 68 108 109
3 68 109 69
3 69 109 110
3 69 110 70
3 70 110 111
3 70 111 71
3 71 111 112
3 71 112 72
3 72 112 113
3 72 113 73
3 73 113 114
3 73 114 74
3 74 114 115
3 74 115 75
3 75 115 116
3 75 116 76
3 76 116 117
3 76 117 77
3 77 117 118
3 77 118 78
3 78 118 119
3 78 119 79
3 80 120 121
3 80 121 81
3 81 121 122
3 81 122 82
3 82 122 123
3 82 123 83
3 83 123 124
3 83 124 84
3 84 124 125
3 84 125 85
3 85 125 126
3 85 126 86
3 86 126 127
3 86 127 87
3 87 127 128
3 87 128 88
3 88 128 129
3 88 129 89
3 89 129 130
3 89 130 90
3 90 130 131
3 90 131 91
3 91 131 132
3 91 132 92
3 92 132 133
3 92 133 93
3 93 133 134
3 93 134 94
3 94 134 135
3 94 135 95
3 95 135 136
3 95 136 96
3 96 136 137
3 96 137 97
3 97 137 138
3 97 138 98
3 98 138 139
3 98 139 99
3 99 139 140
3 99 140 100
3 100 140 141
3 100 141 101
3 101 141 142
3 101 142 102
3 102 142 143
3 102 143 103
3 103 143 144
3 103 144 104
3 104 144 145
3 104 145 105
3 105 145 146
3 105 146 106
3 106 146 147
3 106 147 107
3 107 147 148
3 107 148 108
3 108 148 149
3 108 149 109
3 109 149 150
3 109 150 110
3 110 150 151
3 110 151 111
3 111 151 152
3 111 152 112
3 112 152 153
3 112 153 113
3 113 153 154
3 113 154 114
3 114 154 155
3 114 155 115
3 115 155 156
3 115 156 116
3 116 156 157
3 116 157 117
3 117 157 158
3 117 158 118
3 118 158 159
3 118 159 119
3 120 160 161
3 120 161 121
3 121 161 162
3 121 162 122
3 122 162 163
3 122 163 123
3 123 163 164
3 123 164 124
3 124 164 165
3 124 165 125
3 125 165 166
3 125 166 126
3 126 166 167
3 126 167 127
3 127 167 168
3 127 168 128
3 128 168 169
3 128 169 129
3 129 169 170
3 129 170 130
3 130 170 171
3 130 171 131
3 131 171 172
3 131 172 132
3 132 172 173
3 132 173 133
3 133 173 174
3 133 174 134
3 134 174 175
3 134 175 135
3 135 175 176
3 135 176 136
3 136 176 177
3 136 177 137
3 137 177 178
3 137 178 138
3 138 178 179
3 138 179 139
3 139 179 180
3 139 180 140
3 140 180 181
3 140 181 141
3 141 181 182
3 141 182 142
3 142 182 183
3 142 183 143
3 143 183 184
3 143 184 144
3 144 184 185
3 144 185 145
3 145 185 186
3 145 186 146
3 146 186 187
3 146 187 147
3 147 187 188
3 147 188 148
3 148 188 189
3 148 189 149
3 149 189 190
3 149 190 150
3 150 190 191
3 150 191 151
3 151 191 192
3 151 192 152
3 152 192 193
3 152 193 153
3 153 193 194
3 153 194 154
3 154 194 195
3 154 195 155
3 155 195 196
3 155 196 156
3 156 196 197
3 156 197 157
3 157 197 198
3 157 198 158
3 158 198 199
3 158 199 159
3 160 200 201
3 160 201 161
3 161 201 202
3 161 202 162
3 162 202 203
3 162 203 163
3 163 203 204
3 163 204 164
3 164 204 205
3 164 205 165
3 165 205 206
3 165 206 166
3 166 206 207
3 166 207 167
3 167 207 208
3 167 208 168
3 168 208 209
3 168 209 169
3 169 209 210
3 169 210 170
3 170 210 211
3 170 211 171
3 171 211 212
3 171 212 172
3 172 212 213
3 172 213 173
3 173 213 214
3 173 214 174
3 174 214 215
3 174 215 175
3 175 215 216
3 175 216 176
3 176 216 217
3 176 217 177
3 177 217 218
3 177 218 178
3 178 218 219
3 178 219 179
3 179 219 220
3 179 220 180
3 180 220 221
3 180 221 181
3 181 221 222
3 181 222 182
3 182 222 223
3 182 223 183
3 183 223 224
3 183 224 184
3 184 224 225
3 184 225 185
3 185 225 226
3 185 226 186
3 186 226 227
3 186 227 187
3 187 227 228
3 187 228 188
3 188 228 229
3 188 229 189
3 189 229 230
3 189 230 190
3 190 230 231
3 190 231 191
3 191 231 232
3 191 232 192
3 192 232 233
3 192 233 193
3 193 233 234
3 193 234 194
3 194 234 235
3 194 235 195
3 195 235 236
3 195 236 196
3 196 236 237
3 196 237 197
3 197 237 238
3 197 238 198
3 198 238 239
3 198 239 199
3 200 240 241
3 200 241 201
3 201 241 242
3 201 242 202
3 202 242 243
3 202 243 203
3 203 243 244
3 203 244 204
3 204 244 245
3 204 245 205
3 205 245 246
3 205 246 206
3 206 246 247
3 206 247 207
3 207 247 248
3 207 248 208
3 208 248 249
3 208 249 209
3 209 249 250
3 209 250 210
3 210 250 251
3 210 251 211
3 211 251 252
3 211 252 212
3 212 252 253
3 212 253 213
3 213 253 254
3 213 254 214
3 214 254 255
3 214 255 215
3 215 255 256
3 215 256 216
3 216 256 257
3 216 257 217
3 217 257 258
3 217 258 218
3 218 258 259
3 218 259 219
3 219 259 260
3 219 260 220
3 220 260 261
3 220 261 221
3 221 261 262
3 221 262 222
3 222 262 263
3 222 263 223
3 223 263 264
3 223 264 224
3 224 264 265
3 224 265 225
3 225 265 266
3 225 266 226
3 226 266 267
3 226 267 227
3 227 267 268
3 227 268 228
3 228 268 269
3 228 269 229
3 229 269 270
3 229 270 230
3 230 270 271
3 230 271 231
3 231 271 272
3 231 272 232
3 232 272 273
3 232 273 233
3 233 273 274
3 233 274 234
3 234 274 275
3 234 275 235
3 235 275 276
3 235 276 236
3 236 276 277
3 236 277 237
3 237 277 278
3 237 278 238
3 238 278 279
3 238 279 239
3 240 280 281
3 240 281 241
3 241 281 282
3 241 282 242
3 242 282 283
3 242 283 243
3 243 283 284
3 243 284 244
3 244 284 285
3 244 285 245
3 245 285 286
3 245 286 246
3 246 286 287
3 246 287 247
3 247 287 288
3 247 288 248
3 248 288 289
3 248 289 249
3 249 289 290
3 249 290 250
3 250 290 291
3 250 291 251
3 251 291 292
3 251 292 252
3 252 292 293
3 252 293 253
3 253 293 294
3 253 294 254
3 254 294 295
3 254 295 255
3 255 295 296
3 255 296 256
3 256 296 297
3 256 297 257
3 257 297 298
3 257 298 258
3 258 298 299
3 258 299 259
3 259 299 300
3 259 300 260
3 260 300 301
3 260 301 261
3 261 301 302
3 261 302 262
3 262 302 303
3 262 303 263
3 263 303 304
3 263 304 264
3 264 304 305
3 264 305 265
3 265 305 306
3 265 306 266
3 266 306 307
3 266 307 267
3 267 307 308
3 267 308 268
3 268 308 309
3 268 309 269
3 269 309 310
3 269 310 270
3 270 310 311
3 270 311 271
3 271 311 312
3 271 312 272
3 272 312 313
3 272 313 273
3 273 313 314
3 273 314 274
3 274 314 315
3 274 315 275
3 275 315 316
3 275 316 276
3 276 316 317
3 276 317 277
3 277 317 318
3 277 318 278
3 278 318 319
3 278 319 279
3 280 320 321
3 280 321 281
3 281 321 322
3 281 322 282
3 282 322 323
3 282 323 283
3 283 323 324
3 283 324 284
3 284 324 325
3 284 325 285
3 285 325 326
3 285 326 286
3 286 326 327
3 286 327 287
3 287 327 328
3 287 328 288
3 288 328 329
3 288 329 289
3 289 329 330
3 289 330 290
3 290 330 331
3 290 331 291
3 291 331 332
3 291 332 292
3 292 332 333
3 292 333 293
3 293 333 334
3 293 334 294
3 294 334 335
3 294 335 295
3 295 335 336
3 295 336 296
3 296 336 337
3 296 337 297
3 297 337 338
3 297 338 298
3 298 338 339
3 298 339 299
3 299 339 340
3 299 340 300
3 300 340 341
3 300 341 301
3 301 341 342
3 301 342 302
3 302 342 343
3 302 343 303
3 303 343 344
3 303 344 304
3 304 344 345
3 304 345 305
3 305 345 346
3 305 346 306
3 306 346 347
3 306 347 307
3 307 347 348
3 307 348 308
3 308 348 349
3 308 349 309
3 309 349 350
3 309 350 310
3 310 350 351
3 310 351 311
3 311 351 352
3 311 352 312
3 312 352 353
3 312 353 313
3 313 353 354
3 313 354 314
3 314 354 355
3 314 355 315
3 315 355 356
3 315 356 316
3 316 356 357
3 316 357 317
3 317 357 358
3 317 358 318
3 318 358 359
3 318 359 319
3 320 360 361
3 320 361 321
3 321 361 362
3 321 362 322
3 322 362 363
3 322 363 323
3 323 363 364
3 323 364 324
3 324 364 365
3 324 365 325
3 325 365 366
3 325 366 326
3 326 366 367
3 326 367 327
3 327 367 368
3 327 368 328
3 328 368 369
3 328 369 329
3 329 369 370
3 329 370 330
3 330 370 371
3 330 371 331
3 331 371 372
3 331 372 332
3 332 372 373
3 332 373 333
3 333 373 374
3 333 374 334
3 334 374 375
3 334 375 335
3 335 375 376
3 335 376 336
3 336 376 377
3 336 377 337
3 337 377 378
3 337 378 338
3 338 378 379
3 338 379 339
3 339 379 380
3 339 380 340
3 340 380 381
3 340 381 341
3 341 381 382
3 341 382 342
3 342 382 383
3 342 383 343
3 343 383 384
3 343 384 344
3 344 384 385
3 344 385 345
3 345 385 386
3 345 386 346
3 346 386 387
3 346 387 347
3 347 387 388
3 347 388 348
3 348 388 389
3 348 389 349
3 349 389 390
3 349 390 350
3 350 390 391
3 350 391 351
3 351 391 392
3 351 392 352
3 352 392 393
3 352 393 353
3 353 393 394
3 353 394 354
3 354 394 395
3 354 395 355
3 355 395 396
3 355 396 356
3 356 396 397
3 356 397 357
3 357 397 398
3 357 398 358
3 358 398 399
3 358 399 359
3 360 400 401
3 360 401 361
3 361 401 402
3 361 402 362
3 362 402 403
3 362 403 363
3 363 403 404
3 363 404 364
3 364 404 405
3 364 405 365
3 365 405 406
3 365 406 366
3 366 406 407
3 366 407 367
3 367 407 408
3 367 408 368
3 368 408 409
3 368 409 369
3 369 409 410
3 369 410 370
3 370 410 411
3 370 411 371
3 371 411 412
3 371 412 372
3 372 412 413
3 372 413 373
3 373 413 414
3 373 414 374
3 374 414 415
3 374 415 375
3 375 415 416
3 375 416 376
3 376 416 417
3 376 417 377
3 377 417 418
3 377 418 378
3 378 418 419
3 378 419 379
3 379 419 420
3 379 420 380
3 380 420 421
3 380 421 381
3 381 421 422
3 381 422 382
3 382 422 423
3 382 423 383
3 383 423 424
3 383 424 384
3 384 424 425
3 384 425 385
3 385 425 426
3 385 426 386
3 386 426 427
3 386 427 387
3 387 427 428
3 387 428 388
3 388 428 429
3 388 429 389
3 389 429 430
3 389 430 390
3 390 430 431
3 390 431 391
3 391 431 432
3 391 432 392
3 392 432 433
3 392 433 393
3 393 433 434
3 393 434 394
3 394 434 435
3 394 435 395
3 395 435 436
3 395 436 396
3 396 436 437
3 396 437 397
3 397 437 438
3 397 438 398
3 398 438 439
3 398 439 399
3 400 440 441
3 400 441 401
3 401 441 442
3 401 442 402
3 402 442 443
3 402 443 403
3 403 443 444
3 403 444 404
3 404 444 445
3 404 445 405
3 405 445 446
3 405 446 406
3 406 446 447
3 406 447 407
3 407 447 448
3 407 448 408
3 408 448 449
3 408 449 409
3 409 449 450
3 409 450 410
3 410 450 451
3 410 451 411
3 411 451 452
3 411 452 412
3 412 452 453
3 412 453 413
3 413 453 454
3 413 454 414
3 414 454 455
3 414 455 415
3 415 455 456
3 415 456 416
3 416 456 457
3 416 457 417
3 417 457 458
3 417 458 418
3 418 458 459
3 418 459 419
3 419 459 460
3 419 460 420
3 420 460 461
3 420 461 421
3 421 461 462
3 421 462 422
3 422 462 463
3 422 463 423
3 423 463 464
3 423 464 424
3 424 464 465
3 424 465 425
3 425 465 466
3 425 466 426
3 426 466 467
3 426 467 427
3 427 467 468
3 427 468 428
3 428 468 469
3 428 469 429
3 429 469 470
3 429 470 430
3 430 470 471
3 430 471 431
3 431 471 472
3 431 472 432
3 432 472 473
3 432 473 433
3 433 473 474
3 433 474 434
3 434 474 475
3 434 475 435
3 435 475 476
3 435 476 436
3 436 476 477
3 436 477 437
3 437 477 478
3 437 478 438
3 438 478 479
3 438 479 439
3 440 480 481
3 440 481 441
3 441 481 482
3 441 482 442
3 442 482 483
3 442 483 443
3 443 483 484
3 443 484 444
3 444 484 485
3 444 485 445
3 445 485 486
3 445 486 446
3 446 486 487
3 446 487 447
3 447 487 488
3 447 488 448
3 448 488 489
3 448 489 449
3 449 489 490
3 449 490 450
3 450 490 491
3 450 491 451
3 451 491 492
3 451 492 452
3 452 492 493
3 452 493 453
3 453 493 494
3 453 494 454
3 454 494 495
3 454 495 455
3 455 495 496
3 455 496 456
3 456 496 497
3 456 497 457
3 457 497 498
3 457 498 458
3 458 498 499
3 458 499 459
3 459 499 500
3 459 500 460
3 460 500 501
3 460 501 461
3 461 501 502
3 461 502 462
3 462 502 503
3 462 503 463
3 463 503 504
3 463 504 464
3 464 504 505
3 464 505 465
3 465 505 506
3 465 506 466
3 466 506 507
3 466 507 467
3 467 507 508
3 467 508 468
3 468 508 509
3 468 509 469
3 469 509 510
3 469 510 470
3 470 510 511
3 470 511 471
3 471 511 512
3 471 512 472
3 472 512 513
3 472 513 473
3 473 513 514
3 473 514 474
3 474 514 515
3 474 515 475
3 475 515 516
3 475 516 476
3 476 516 517
3 476 517 477
3 477 517 518
3 477 518 478
3 478 518 519
3 478 519 479
3 480 520 521
3 480 521 481
3 481 521 522
3 481 522 482
3 482 522 523
3 482 523 483
3 483 523 524
3 483 524 484
3 484 524 525
3 484 525 485
3 485 525 526
3 485 526 486
3 486 526 527
3 486 527 487
3 487 527 528
3 487 528 488
3 488 528 529
3 488 529 489
3 489 529 530
3 489 530 490
3 490 530 531
3 490 531 491
3 491 531 532
3 491 532 492
3 492 532 533
3 492 533 493
3 493 533 534
3 493 534 494
3 494 534 535
3 494 535 495
3 495 535 536
3 495 536 496
3 496 536 537
3 496 537 497
3 497 537 538
3 497 538 498
3 498 538 539
3 498 539 499
3 499 539 540
3 499 540 500
3 500 540 541
3 500 541 501
3 501 541 542
3 501 542 502
3 502 542 543
3 502 543 503
3 503 543 544
3 503 544 504
3 504 544 545
3 504 545 505
3 505 545 546
3 505 546 506
3 506 546 547
3 506 547 507
3 507 547 548
3 507 548 508
3 508 548 549
3 508 549 509
3 509 549 550
3 509 550 510
3 510 550 551
3 510 551 511
3 511 551 552
3 511 552 512
3 512 552 553
3 512 553 513
3 513 553 554
3 513 554 514
3 514 554 555
3 514 555 515
3 515 555 556
3 515 556 516
3 516 556 557
3 516 557 517
3 517 557 558
3 517 558 518
3 518 558 559
3 518 559 519
3 520 560 561
3 520 561 521
3 521 561 562
3 521 562 522
3 522 562 563
3 522 563 523
3 523 563 564
3 523 564 524
3 524 564 565
3 524 565 525
3 525 565 566
3 525 566 526
3 526 566 567
3 526 567 527
3 527 567 568
3 527 568 528
3 528 568 569
3 528 569 529
3 529 569 570
3 529 570 530
3 530 570 571
3 530 571 531
3 531 571 572
3 531 572 532
3 532 572 573
3 532 573 533
3 533 573 574
3 533 574 534
3 534 574 575
3 534 575 535
3 535 575 576
3 535 576 536
3 536 576 577
3 536 577 537
3 537 577 578
3 537 578 538
3 538 578 579
3 538 579 539
3 539 579 580
3 539 580 540
3 540 580 581
3 540 581 541
3 541 581 582
3 541 582 542
3 542 582 583
3 542 583 543
3 543 583 584
3 543 584 544
3 544 584 585
3 544 585 545
3 545 585 586
3 545 586 546
3 546 586 587
3 546 587 547
3 547 587 588
3 547 588 548
3 548 588 589
3 548 589 549
3 549 589 590
3 549 590 550
3 550 590 591
3 550 591 551
3 551 591 592
3 551 592 552
3 552 592 593
3 552 593 553
3 553 593 594
3 553 594 554
3 554 594 595
3 554 595 555
3 555 595 596
3 555 596 556
3 556 596 597
3 556 597 557
3 557 597 598
3 557 598 558
3 558 598 599
3 558 599 559
3 560 600 601
3 560 601 561
3 561 601 602
3 561 602 562
3 562 602 603
3 562 603 563
3 563 603 604
3 563 604 564
3 564 604 605
3 564 605 565
3 565 605 606
3 565 606 566
3 566 606 607
3 566 607 567
3 567 607 608
3 567 608 568
3 568 608 609
3 568 609 569
3 569 609 610
3 569 610 570
3 570 610 611
3 570 611 571
3 571 611 612
3 571 612 572
3 572 612 613
3 572 613 573
3 573 613 614
3 573 614 574
3 574 614 615
3 574 615 575
3 575 615 616
3 575 616 576
3 576 616 617
3 576 617 577
3 577 617 618
3 577 618 578
3 578 618 619
3 578 619 579
3 579 619 620
3 579 620 580
3 580 620 621
3 580 621 581
3 581 621 622
3 581 622 582
3 582 622 623
3 582 623 583
3 583 623 624
3 583 624 584
3 584 624 625
3 584 625 585
3 585 625 626
3 585 626 586
3 586 626 627
3 586 627 587
3 587 627 628
3 587 628 588
3 588 628 629
3 588 629 589
3 589 629 630
3 589 630 590
3 590 630 631
3 590 631 591
3 591 631 632
3 591 632 592
3 592 632 633
3 592 633 593
3 593 633 634
3 593 634 594
3 594 634 635
3 594 635 595
3 595 635 636
3 595 636 596
3 596 636 637
3 596 637 597
3 597 637 638
3 597 638 598
3 598 638 639
3 598 639 599
3 600 640 641
3 600 641 601
3 601 641 642
3 601 642 602
3 602 642 643
3 602 643 603
3 603 643 644
3 603 644 604
3 604 644 645
3 604 645 605
3 605 645 646
3 605 646 606
3 606 646 647
3 606 647 607
3 607 647 648
3 607 648 608
3 608 648 649
3 608 649 609
3 609 649 650
3 609 650 610
3 610 650 651
3 610 651 611
3 611 651 652
3 611 652 612
3 612 652 653
3 612 653 613
3 613 653 654
3 613 654 614
3 614 654 655
3 614 655 615
3 615 655 656
3 615 656 616
3 616 656 657
3 616 657 617
3 617 657 658
3 617 658 618
3 618 658 659
3 618 659 619
3 619 659 660
3 619 660 620
3 620 660 661
3 620 661 621
3 621 661 662
3 621 662 622
3 622 662 663
3 622 663 623
3 623 663 664
3 623 664 624
3 624 664 665
3 624 665 625
3 625 665 666
3 625 666 626
3 626 666 667
3 626 667 627
3 627 667 668
3 627 668 628
3 628 668 669
3 628 669 629
3 629 669 670
3 629 670 630
3 630 670 671
3 630 671 631
3 631 671 672
3 631 672 632
3 632 672 673
3 632 673 633
3 633 673 674
3 633 674 634
3 634 674 675
3 634 675 635
3 635 675 676
3 635 676 636
3 636 676 677
3 636 677 637
3 637 677 678
3 637 678 638
3 638 678 679
3 638 679 639
3 640 680 681
3 640 681 641
3 641 681 682
3 641 682 642
3 642 682 683
3 642 683 643
3 643 683 684
3 643 684 644
3 644 684 685
3 644 685 645
3 645 685 686
3 645 686 646
3 646 686 687
3 646 687 647
3 647 687 688
3 647 688 648
3 648 688 689
3 648 689 649
3 649 689 690
3 649 690 650
3 650 690 691
3 650 691 651
3 651 691 692
3 651 692 652
3 652 692 693
3 652 693 653
3 653 693 694
3 653 694 654
3 654 694 695
3 654 695 655
3 655 695 696
3 655 696 656
3 656 696 697
3 656 697 657
3 657 697 698
3 657 698 658
3 658 698 699
3 658 699 659
3 659 699 700
3 659 700 660
3 660 700 701
3 660 701 661
3 661 701 702
3 661 702 662
3 662 702 703
3 662 703 663
3 663 703 704
3 663 704 664
3 664 704 705
3 664 705 665
3 665 705 706
3 665 706 666
3 666 706 707
3 666 707 667
3 667 707 708
3 667 708 668
3 668 708 709
3 668 709 669
3 669 709 710
3 669 710 670
3 670 710 711
3 670 711 671
3 671 711 712
3 671 712 672
3 672 712 713
3 672 713 673
3 673 713 714
3 673 714 674
3 674 714 715
3 674 715 675
3 675 715 716
3 675 716 676
3 676 716 717
3 676 717 677
3 677 717 718
3 677 718 678
3 678 718 719
3 678 719 679
3 680 720 721
3 680 721 681
3 681 721 722
3 681 722 682
3 682 722 723
3 682 723 683
3 683 723 724
3 683 724 684
3 684 724 725
3 684 725 685
3 685 725 726
3 685 726 686
3 686 726 727
3 686 727 687
3 687 727 728
3 687 728 688
3 688 728 729
3 688 729 689
3 689 729 730
3 689 730 690
3 690 730 731
3 690 731 691
3 691 731 732
3 691 732 692
3 692 732 733
3 692 733 693
3 693 733 734
3 693 734 694
3 694 734 735
3 694 735 695
3 695 735 736
3 695 736 696
3 696 736 737
3 696 737 697
3 697 737 738
3 697 738 698
3 698 738 739
3 698 739 699
3 699 739 740
3 699 740 700
3 700 740 741
3 700 741 701
3 701 741 742
3 701 742 702
3 702 742 743
3 702 743 703
3 703 743 744
3 703 744 704
3 704 744 745
3 704 745 705
3 705 745 746
3 705 746 706
3 706 746 747
3 706 747 707
3 707 747 748
3 707 748 708
3 708 748 749
3 708 749 709
3 709 749 750
3 709 750 710
3 710 750 751
3 710 751 711
3 711 751 752
3 711 752 712
3 712 752 753
3 712 753 713
3 713 753 754
3 713 754 714
3 714 754 755
3 714 755 715
3 715 755 756
3 715 756 716
3 716 756 757
3 716 757 717
3 717 757 758
3 717 758 718
3 718 758 759
3 718 759 719
3 720 760 761
3 720 761 721
3 721 761 762
3 721 762 722
3 722 762 763
3 722 763 723
3 723 763 764
3 723 764 724
3 724 764 765
3 724 765 725
3 725 765 766
3 725 766 726
3 726 766 767
3 726 767 727
3 727 767 768
3 727 768 728
3 728 768 769
3 728 769 729
3 729 769 770
3 729 770 730
3 730 770 771
3 730 771 731
3 731 771 772
3 731 772 732
3 732 772 773
3 732 773 733
3 733 773 774
3 733 774 734
3 734 774 775
3 734 775 735
3 735 775 776
3 735 776 736
3 736 776 777
3 736 777 737
3 737 777 778
3 737 778 738
3 738 778 779
3 738 779 739
3 739 779 780
3 739 780 740
3 740 780 781
3 740 781 741
3 741 781 782
3 741 782 742
3 742 782 783
3 742 783 743
3 743 783 784
3 743 784 744
3 744 784 785
3 744 785 745
3 745 785 786
3 745 786 746
3 746 786 787
3 746 787 747
3 747 787 788
3 747 788 748
3 748 788 789
3 748 789 749
3 749 789 790
3 749 790 750
3 750 790 791
3 750 791 751
3 751 791 792
3 751 792 752
3 752 792 793
3 752 793 753
3 753 793 794
3 753 794 754
3 754 794 795
3 754 795 755
3 755 795 796
3 755 796 756
3 756 796 797
3 756 797 757
3 757 797 798
3 757 798 758
3 758 798 799
3 758 799 759
3 760 800 801
3 760 801 761
3 761 801 802
3 761 802 762
3 762 802 803
3 762 803 763
3 763 803 804
3 763 804 764
3 764 804 805
3 764 805 765
3 765 805 806
3 765 806 766
3 766 806 807
3 766 807 767
3 767 807 808
3 767 808 768
3 768 808 809
3 768 809 769
3 769 809 810
3 769 810 770
3 770 810 811
3 770 811 771
3 771 811 812
3 771 812 772
3 772 812 813
3 772 813 773
3 773 813 814
3 773 814 774
3 774 814 815
3 774 815 775
3 775 815 816
3 775 816 776
3 776 816 817
3 776 817 777
3 777 817 818
3 777 818 778
3 778 818 819
3 778 819 779
3 779 819 820
3 779 820 780
3 780 820 821
3 780 821 781
3 781 821 822
3 781 822 782
3 782 822 823
3 782 823 783
3 783 823 824
3 783 824 784
3 784 824 825
3 784 825 785
3 785 825 826
3 785 826 786
3 786 826 827
3 786 827 787
3 787 827 828
3 787 828 788
3 788 828 829
3 788 829 789
3 789 829 830
3 789 830 790
3 790 830 831
3 790 831 791
3 791 831 832
3 791 832 792
3 792 832 833
3 792 833 793
3 793 833 834
3 793 834 794
3 794 834 835
3 794 835 795
3 795 835 836
3 795 836 796
3 796 836 837
3 796 837 797
3 797 837 838
3 797 838 798
3 798 838 839
3 798 839 799
3 800 840 841
3 800 841 801
3 801 841 842
3 801 842 802
3 802 842 843
3 802 843 803
3 803 843 844
3 803 844 804
3 804 844 845
3 804 845 805
3 805 845 846
3 805 846 806
3 806 846 847
3 806 847 807
3 807 847 848
3 807 848 808
3 808 848 849
3 808 849 809
3 809 849 850
3 809 850 810
3 810 850 851
3 810 851 811
3 811 851 852
3 811 852 812
3 812 852 853
3 812 853 813
3 813 853 854
3 813 854 814
3 814 854 855
3 814 855 815
3 815 855 856
3 815 856 816
3 816 856 857
3 816 857 817
3 817 857 858
3 817 858 818
3 818 858 859
3 818 859 819
3 819 859 860
3 819 860 820
3 820 860 861
3 820 861 821
3 821 861 862
3 821 862 822
3 822 862 863
3 822 863 823
3 823 863 864
3 823 864 824
3 824 864 865
3 824 865 825
3 825 865 866
3 825 866 826
3 826 866 867
3 826 867 827
3 827 867 868
3 827 868 828
3 828 868 869
3 828 869 829
3 829 869 870
3 829 870 830
3 830 870 871
3 830 871 831
3 831 871 872
3 831 872 832
3 832 872 873
3 832 873 833
3 833 873 874
3 833 874 834
3 834 874 875
3 834 875 835
3 835 875 876
3 835 876 836
3 836 876 877
3 836 877 837
3 837 877 878
3 837 878 838
3 838 878 879
3 838 879 839
3 840 880 881
3 840 881 841
3 841 881 882
3 841 882 842
3 842 882 883
3 842 883 843
3 843 883 884
3 843 884 844
3 844 884 885
3 844 885 845
3 845 885 886
3 845 886 846
3 846 886 887
3 846 887 847
3 847 887 888
3 847 888 848
3 848 888 889
3 848 889 849
3 849 889 890
3 849 890 850
3 850 890 891
3 850 891 851
3 851 891 892
3 851 892 852
3 852 892 893
3 852 893 853
3 853 893 894
3 853 894 854
3 854 894 895
3 854 895 855
3 855 895 896
3 855 896 856
3 856 896 897
3 856 897 857
3 857 897 898
3 857 898 858
3 858 898 899
3 858 899 859
3 859 899 900
3 859 900 860
3 860 900 901
3 860 901 861
3 861 901 902
3 861 902 862
3 862 902 903
3 862 903 863
3 863 903 904
3 863 904 864
3 864 904 905
3 864 905 865
3 865 905 906
3 865 906 866
3 866 906 907
3 866 907 867
3 867 907 908
3 867 908 868
3 868 908 909
3 868 909 869
3 869 909 910
3 869 910 870
3 870 910 911
3 870 911 871
3 871 911 912
3 871 912 872
3 872 912 913
3 872 913 873
3 873 913 914
3 873 914 874
3 874 914 915
3 874 915 875
3 875 915 916
3 875 916 876
3 876 916 917
3 876 917 877
3 877 917 918
3 877 918 878
3 878 918 919
3 878 919 879
3 880 920 921
3 880 921 881
3 881 921 922
3 881 922 882
3 882 922 923
3 882 923 883
3 883 923 924
3 883 924 884
3 884 924 925
3 884 925 885
3 885 925 926
3 885 926 886
3 886 926 927
3 886 927 887
3 887 927 928
3 887 928 888
3 888 928 929
3 888 929 889
3 889 929 930
3 889 930 890
3 890 930 931
3 890 931 891
3 891 931 932
3 891 932 892
3 892 932 933
3 892 933 893
3 893 933 934
3 893 934 894
3 894 934 935
3 894 935 895
3 895 935 936
3 895 936 896
3 896 936 937
3 896 937 897
3 897 937 938
3 897 938 898
3 898 938 939
3 898 939 899
3 899 939 940
3 899 940 900
3 900 940 941
3 900 941 901
3 901 941 942
3 901 942 902
3 902 942 943
3 902 943 903
3 903 943 944
3 903 944 904
3 904 944 945
3 904 945 905
3 905 945 946
3 905 946 906
3 906 946 947
3 906 947 907
3 907 947 948
3 907 948 908
3 908 948 949
3 908 949 909
3 909 949 950
3 909 950 910
3 910 950 951
3 910 951 911
3 911 951 952
3 911 952 912
3 912 952 953
3 912 953 913
3 913 953 954
3 913 954 914
3 914 954 955
3 914 955 915
3 915 955 956
3 915 956 916
3 916 956 957
3 916 957 917
3 917 957 958
3 917 958 918
3 918 958 959
3 918 959 919
3 920 960 961
3 920 961 921
3 921 961 962
3 921 962 922
3 922 962 963
3 922 963 923
3 923 963 964
3 923 964 924
3 924 964 965
3 924 965 925
3 925 965 966
3 925 966 926
3 926 966 967
3 926 967 927
3 927 967 968
3 927 968 928
3 928 968 969
3 928 969 929
3 929 969 970
3 929 970 930
3 930 970 971
3 930 971 931
3 931 971 972
3 931 972 932
3 932 972 973
3 932 973 933
3 933 973 974
3 933 974 934
3 934 974 975
3 934 975 935
3 935 975 976
3 935 976 936
3 936 976 977
3 936 977 937
3 937 977 978
3 937 978 938
3 938 978 979
3 938 979 939
3 939 979 980
3 939 980 940
3 940 980 981
3 940 981 941
3 941 981 982
3 941 982 942
3 942 982 983
3 942 983 943
3 943 983 984
3 943 984 944
3 944 984 985
3 944 985 945
3 945 985 986
3 945 986 946
3 946 986 987
3 946 987 947
3 947 987 988
3 947 988 948
3 948 988 989
3 948 989 949
3 949 989 990
3 949 990 950
3 950 990 991
3 950 991 951
3 951 991 992
3 951 992 952
3 952 992 993
3 952 993 953
3 953 993 994
3 953 994 954
3 954 994 995
3 954 995 955
3 955 995 996
3 955 996 956
3 956 996 997
3 956 997 957
3 957 997 998
3 957 998 958
3 958 998 999
3 958 999 959
3 960 1000 1001
3 960 1001 961
3 961 1001 1002
3 961 1002 962
3 962 1002 1003
3 962 1003 963
3 963 1003 1004
3 963 1004 964
3 964 1004 1005
3 964 1005 965
3 965 1005 1006
3 965 1006 966
3 966 1006 1007
3 966 1007 967
3 967 1007 1008
3 967 1008 968
3 968 1008 1009
3 968 1009 969
3 969 1009 1010
3 969 1010 970
3 970 1010 1011
3 970 1011 971
3 971 1011 1012
3 971 1012 972
3 972 1012 1013
3 972 1013 973
3 973 1013 1014
3 973 1014 974
3 974 1014 1015
3 974 1015 975
3 975 1015 1016
3 975 1016 976
3 976 1016 1017
3 976 1017 977
3 977 1017 1018
3 977 1018 978
3 978 1018 1019
3 978 1019 979
3 979 1019 1020
3 979 1020 980
3 980 1020 1021
3 980 1021 981
3 981 1021 1022
3 981 1022 982
3 982 1022 1023
3 982 1023 983
3 983 1023 1024
3 983 1024 984
3 984 1024 1025
3 984 1025 985
3 985 1025 1026
3 985 1026 986
3 986 1026 1027
3 986 1027 987
3 987 1027 1028
3 987 1028 988
3 988 1028 1029
3 988 1029 989
3 989 1029 1030
3 989 1030 990
3 990 1030 1031
3 990 1031 991
3 991 1031 1032
3 991 1032 992
3 992 1032 1033
3 992 1033 993
3 993 1033 1034
3 993 1034 994
3 994 1034 1035
3 994 1035 995
3 995 1035 1036
3 995 1036 996
3 996 1036 1037
3 996 1037 997
3 997 1037 1038
3 997 1038 998
3 998 1038 1039
3 998 1039 999
3 1000 1040 1041
3 1000 1041 1001
3 1001 1041 1042
3 1001 1042 1002
3 1002 1042 1043
3 1002 1043 1003
3 1003 1043 1044
3 1003 1044 1004
3 1004 1044 1045
3 1004 1045 1005
3 1005 1045 1046
3 1005 1046 1006
3 1006 1046 1047
3 1006 1047 1007
3 1007 1047 1048
3 1007 1048 1008
3 1008 1048 1049
3 1008 1049 1009
3 1009 1049 1050
3 1009 1050 1010
3 1010 1050 1051
3 1010 1051 1011
3 1011 1051 1052
3 1011 1052 1012
3 1012 1052 1053
3 1012 1053 1013
3 1013 1053 1054
3 1013 1054 1014
3 1014 1054 1055
3 1014 1055 1015
3 1015 1055 1056
3 1015 1056 1016
3 1016 1056 1057
3 1016 1057 1017
3 1017 1057 1058
3 1017 1058 1018
3 1018 1058 1059
3 1018 1059 1019
3 1019 1059 1060
3 1019 1060 1020
3 1020 1060 1061
3 1020 1061 1021
3 1021 1061 1062
3 1021 1062 1022
3 1022 1062 1063
3 1022 1063 1023
3 1023 1063 1064
3 1023 1064 1024
3 1024 1064 1065
3 1024 1065 1025
3 1025 1065 1066
3 1025 1066 1026
3 1026 1066 1067
3 1026 1067 1027
3 1027 1067 1068
3 1027 1068 1028
3 1028 1068 1069
3 1028 1069 1029
3 1029 1069 1070
3 1029 1070 1030
3 1030 1070 1071
3 1030 1071 1031
3 1031 1071 1072
3 1031 1072 1032
3 1032 1072 1073
3 1032 1073 1033
3 1033 1073 1074
3 1033 1074 1034
3 1034 1074 1075
3 1034 1075 1035
3 1035 1075 1076
3 1035 1076 1036
3 1036 1076 1077
3 1036 1077 1037
3 1037 1077 1078
3 1037 1078 1038
3 1038 1078 1079
3 1038 1079 1039
3 1040 1080 1081
3 1040 1081 1041
3 1041 1081 1082
3 1041 1082 1042
3 1042 1082 1083
3 1042 1083 1043
3 1043 1083 1084
3 1043 1084 1044
3 1044 1084 1085
3 1044 1085 1045
3 1045 1085 1086
3 1045 1086 1046
3 1046 1086 1087
3 1046 1087 1047
3 1047 1087 1088
3 1047 1088 1048
3 1048 1088 1089
3 1048 1089 1049
3 1049 1089 1090
3 1049 1090 1050
3 1050 1090 1091
3 1050 1091 1051
3 1051 1091 1092
3 1051 1092 1052
3 1052 1092 1093
3 1052 1093 1053
3 1053 1093 1094
3 1053 1094 1054
3 1054 1094 1095
3 1054 1095 1055
3 1055 1095 1096
3 1055 1096 1056
3 1056 1096 1097
3 1056 1097 1057
3 1057 1097 1098
3 1057 1098 1058
3 1058 1098 1099
3 1058 1099 1059
3 1059 1099 1100
3 1059 1100 1060
3 1060 1100 1101
3 1060 1101 1061
3 1061 1101 1102
3 1061 1102 1062
3 1062 1102 1103
3 1062 1103 1063
3 1063 1103 1104
3 1063 1104 1064
3 1064 1104 1105
3 1064 1105 1065
3 1065 1105 1106
3 1065 1106 1066
3 1066 1106 1107
3 1066 1107 1067
3 1067 1107 1108
3 1067 1108 1068
3 1068 1108 1109
3 1068 1109 1069
3 1069 1109 1110
3 1069 1110 1070
3 1070 1110 1111
3 1070 1111 1071
3 1071 1111 1112
3 1071 1112 1072
3 1072 1112 1113
3 1072 1113 1073
3 1073 1113 1114
3 1073 1114 1074
3 1074 1114 1115
3 1074 1115 1075
3 1075 1115 1116
3 1075 1116 1076
3 1076 1116 1117
3 1076 1117 1077
3 1077 1117 1118
3 1077 1118 1078
3 1078 1118 1119
3 1078 1119 1079
3 1080 1120 1121
3 1080 1121 1081
3 1081 1121 1122
3 1081 1122 1082
3 1082 1122 1123
3 1082 1123 1083
3 1083 1123 1124
3 1083 1124 1084
3 1084 1124 1125
3 1084 1125 1085
3 1085 1125 1126
3 1085 1126 1086
3 1086 1126 1127
3 1086 1127 1087
3 1087 1127 1128
3 1087 1128 1088
3 1088 1128 1129
3 1088 1129 1089
3 1089 1129 1130
3 1089 1130 1090
3 1090 1130 1131
3 1090 1131 1091
3 1091 1131 1132
3 1091 1132 1092
3 1092 1132 1133
3 1092 1133 1093
3 1093 1133 1134
3 1093 1134 1094
3 1094 1134 1135
3 1094 1135 1095
3 1095 1135 1136
3 1095 1136 1096
3 1096 1136 1137
3 1096 1137 1097
3 1097 1137 1138
3 1097 1138 1098
3 1098 1138 1139
3 1098 1139 1099
3 1099 1139 1140
3 1099 1140 1100
3 1100 1140 1141
3 1100 1141 1101
3 1101 1141 1142
3 1101 1142 1102
3 1102 1142 1143
3 1102 1143 1103
3 1103 1143 1144
3 1103 1144 1104
3 1104 1144 1145
3 1104 1145 1105
3 1105 1145 1146
3 1105 1146 1106
3 1106 1146 1147
3 1106 1147 1107
3 1107 1147 1148
3 1107 1148 1108
3 1108 1148 1149
3 1108 1149 1109
3 1109 1149 1150
3 1109 1150 1110
3 1110 1150 1151
3 1110 1151 1111
3 1111 1151 1152
3 1111 1152 1112
3 1112 1152 1153
3 1112 1153 1113
3 1113 1153 1154
3 1113 1154 1114
3 1114 1154 1155
3 1114 1155 1115
3 1115 1155 1156
3 1115 1156 1116
3 1116 1156 1157
3 1116 1157 1117
3 1117 1157 1158
3 1117 1158 1118
3 1118 1158 1159
3 1118 1159 1119
3 1120 1160 1161
3 1120 1161 1121
3 1121 1161 1162
3 1121 1162 1122
3 1122 1162 1163
3 1122 1163 1123
3 1123 1163 1164
3 1123 1164 1124
3 1124 1164 1165
3 1124 1165 1125
3 1125 1165 1166
3 1125 1166 1126
3 1126 1166 1167
3 1126 1167 1127
3 1127 1167 1168
3 1127 1168 1128
3 1128 1168 1169
3 1128 1169 1129
3 1129 1169 1170
3 1129 1170 1130
3 1130 1170 1171
3 1130 1171 1131
3 1131 1171 1172
3 1131 1172 1132
3 1132 1172 1173
3 1132 1173 1133
3 1133 1173 1174
3 1133 1174 1134
3 1134 1174 1175
3 1134 1175 1135
3 1135 1175 1176
3 1135 1176 1136
3 1136 1176 1177
3 1136 1177 1137
3 1137 1177 1178
3 1137 1178 1138
3 1138 1178 1179
3 1138 1179 1139
3 1139 1179 1180
3 1139 1180 1140
3 1140 1180 1181
3 1140 1181 1141
3 1141 1181 1182
3 1141 1182 1142
3 1142 1182 1183
3 1142 1183 1143
3 1143 1183 1184
3 1143 1184 1144
3 1144 1184 1185
3 1144 1185 1145
3 1145 1185 1186
3 1145 1186 1146
3 1146 1186 1187
3 1146 1187 1147
3 1147 1187 1188
3 1147 1188 1148
3 1148 1188 1189
3 1148 1189 1149
3 1149 1189 1190
3 1149 1190 1150
3 1150 1190 1191
3 1150 1191 1151
3 1151 1191 1192
3 1151 1192 1152
3 1152 1192 1193
3 1152 1193 1153
3 1153 1193 1194
3 1153 1194 1154
3 1154 1194 1195
3 1154 1195 1155
3 1155 1195 1196
3 1155 1196 1156
3 1156 1196 1197
3 1156 1197 1157
3 1157 1197 1198
3 1157 1198 1158
3 1158 1198 1199
3 1158 1199 1159
3 1160 1200 1201
3 1160 1201 1161
3 1161 1201 1202
3 1161 1202 1162
3 1162 1202 1203
3 1162 1203 1163
3 1163 1203 1204
3 1163 1204 1164
3 1164 1204 1205
3 1164 1205 1165
3 1165 1205 1206
3 1165 1206 1166
3 1166 1206 1207
3 1166 1207 1167
3 1167 1207 1208
3 1167 1208 1168
3 1168 1208 1209
3 1168 1209 1169
3 1169 1209 1210
3 1169 1210 1170
3 1170 1210 1211
3 1170 1211 1171
3 1171 1211 1212
3 1171 1212 1172
3 1172 1212 1213
3 1172 1213 1173
3 1173 1213 1214
3 1173 1214 1174
3 1174 1214 1215
3 1174 1215 1175
3 1175 1215 1216
3 1175 1216 1176
3 1176 1216 1217
3 1176 1217 1177
3 1177 1217 1218
3 1177 1218 1178
3 1178 1218 1219
3 1178 1219 1179
3 1179 1219 1220
3 1179 1220 1180
3 1180 1220 1221
3 1180 1221 1181
3 1181 1221 1222
3 1181 1222 1182
3 1182 1222 1223
3 1182 1223 1183
3 1183 1223 1224
3 1183 1224 1184
3 1184 1224 1225
3 1184 1225 1185
3 1185 1225 1226
3 1185 1226 1186
3 1186 1226 1227
3 1186 1227 1187
3 1187 1227 1228
3 1187 1228 1188
3 1188 1228 1229
3 1188 1229 1189
3 1189 1229 1230
3 1189 1230 1190
3 1190 1230 1231
3 1190 1231 1191
3 1191 1231 1232
3 1191 1232 1192
3 1192 1232 1233
3 1192 1233 1193
3 1193 1233 1234
3 1193 1234 1194
3 1194 1234 1235
3 1194 1235 1195
3 1195 1235 1236
3 1195 1236 1196
3 1196 1236 1237
3 1196 1237 1197
3 1197 1237 1238
3 1197 1238 1198
3 1198 1238 1239
3 1198 1239 1199
3 1200 1240 1241
3 1200 1241 1201
3 1201 1241 1242
3 1201 1242 1202
3 1202 1242 1243
3 1202 1243 1203
3 1203 1243 1244
3 1203 1244 1204
3 1204 1244 1245
3 1204 1245 1205
3 1205 1245 1246
3 1205 1246 1206
3 1206 1246 1247
3 1206 1247 1207
3 1207 1247 1248
3 1207 1248 1208
3 1208 1248 1249
3 1208 1249 1209
3 1209 1249 1250
3 1209 1250 1210
3 1210 1250 1251
3 1210 1251 1211
3 1211 1251 1252
3 1211 1252 1212
3 1212 1252 1253
3 1212 1253 1213
3 1213 1253 1254
3 1213 1254 1214
3 1214 1254 1255
3 1214 1255 1215
3 1215 1255 1256
3 1215 1256 1216
3 1216 1256 1257
3 1216 1257 1217
3 1217 1257 1258
3 1217 1258 1218
3 1218 1258 1259
3 1218 1259 1219
3 1219 1259 1260
3 1219 1260 1220
3 1220 1260 1261
3 1220 1261 1221
3 1221 1261 1262
3 1221 1262 1222
3 1222 1262 1263
3 1222 1263 1223
3 1223 1263 1264
3 1223 1264 1224
3 1224 1264 1265
3 1224 1265 1225
3 1225 1265 1266
3 1225 1266 1226
3 1226 1266 1267
3 1226 1267 1227
3 1227 1267 1268
3 1227 1268 1228
3 1228 1268 1269
3 1228 1269 1229
3 1229 1269 1270
3 1229 1270 1230
3 1230 1270 1271
3 1230 1271 1231
3 1231 1271 1272
3 1231 1272 1232
3 1232 1272 1273
3 1232 1273 1233
3 1233 1273 1274
3 1233 1274 1234
3 1234 1274 1275
3 1234 1275 1235
3 1235 1275 1276
3 1235 1276 1236
3 1236 1276 1277
3 1236 1277 1237
3 1237 1277 1278
3 1237 1278 1238
3 1238 1278 1279
3 1238 1279 1239
3 1240 1280 1281
3 1240 1281 1241
3 1241 1281 1282
3 1241 1282 1242
3 1242 1282 1283
3 1242 1283 1243
3 1243 1283 1284
3 1243 1284 1244
3 1244 1284 1285
3 1244 1285 1245
3 1245 1285 1286
3 1245 1286 1246
3 1246 1286 1287
3 1246 1287 1247
3 1247 1287 1288
3 1247 1288 1248
3 1248 1288 1289
3 1248 1289 1249
3 1249 1289 1290
3 1249 1290 1250
3 1250 1290 1291
3 1250 1291 1251
3 1251 1291 1292
3 1251 1292 1252
3 1252 1292 1293
3 1252 1293 1253
3 1253 1293 1294
3 1253 1294 1254
3 1254 1294 1295
3 1254 1295 1255
3 1255 1295 1296
3 1255 1296 1256
3 1256 1296 1297
3 1256 1297 1257
3 1257 1297 1298
3 1257 1298 1258
3 1258 1298 1299
3 1258 1299 1259
3 1259 1299 1300
3 1259 1300 1260
3 1260 1300 1301
3 1260 1301 1261
3 1261 1301 1302
3 1261 1302 1262
3 1262 1302 1303
3 1262 1303 1263
3 1263 1303 1304
3 1263 1304 1264
3 1264 1304 1305
3 1264 1305 1265
3 1265 1305 1306
3 1265 1306 1266
3 1266 1306 1307
3 1266 1307 1267
3 1267 1307 1308
3 1267 1308 1268
3 1268 1308 1309
3 1268 1309 1269
3 1269 1309 1310
3 1269 1310 1270
3 1270 1310 1311
3 1270 1311 1271
3 1271 1311 1312
3 1271 1312 1272
3 1272 1312 1313
3 1272 1313 1273
3 1273 1313 1314
3 1273 1314 1274
3 1274 1314 1315
3 1274 1315 1275
3 1275 1315 1316
3 1275 1316 1276
3 1276 1316 1317
3 1276 1317 1277
3 1277 1317 1318
3 1277 1318 1278
3 1278 1318 1319
3 1278 1319 1279
3 1280 1320 1321
3 1280 1321 1281
3 1281 1321 1322
3 1281 1322 1282
3 1282 1322 1323
3 1282 1323 1283
3 1283 1323 1324
3 1283 1324 1284
3 1284 1324 1325
3 1284 1325 1285
3 1285 1325 1326
3 1285 1326 1286
3 1286 1326 1327
3 1286 1327 1287
3 1287 1327 1328
3 1287 1328 1288
3 1288 1328 1329
3 1288 1329 1289
3 1289 1329 1330
3 1289 1330 1290
3 1290 1330 1331
3 1290 1331 1291
3 1291 1331 1332
3 1291 1332 1292
3 1292 1332 1333
3 1292 1333 1293
3 1293 1333 1334
3 1293 1334 1294
3 1294 1334 1335
3 1294 1335 1295
3 1295 1335 1336
3 1295 1336 1296
3 1296 1336 1337
3 1296 1337 1297
3 1297 1337 1338
3 1297 1338 1298
3 1298 1338 1339
3 1298 1339 1299
3 1299 1339 1340
3 1299 1340 1300
3 1300 1340 1341
3 1300 1341 1301
3 1301 1341 1342
3 1301 1342 1302
3 1302 1342 1343
3 1302 1343 1303
3 1303 1343 1344
3 1303 1344 1304
3 1304 1344 1345
3 1304 1345 1305
3 1305 1345 1346
3 1305 1346 1306
3 1306 1346 1347
3 1306 1347 1307
3 1307 1347 1348
3 1307 1348 1308
3 1308 1348 1349
3 1308 1349 1309
3 1309 1349 1350
3 1309 1350 1310
3 1310 1350 1351
3 1310 1351 1311
3 1311 1351 1352
3 1311 1352 1312
3 1312 1352 1353
3 1312 1353 1313
3 1313 1353 1354
3 1313 1354 1314
3 1314 1354 1355
3 1314 1355 1315
3 1315 1355 1356
3 1315 1356 1316
3 1316 1356 1357
3 1316 1357 1317
3 1317 1357 1358
3 1317 1358 1318
3 1318 1358 1359
3 1318 1359 1319
3 1320 1360 1361
3 1320 1361 1321
3 1321 1361 1362
3 1321 1362 1322
3 1322 1362 1363
3 1322 1363 1323
3 1323 1363 1364
3 1323 1364 1324
3 1324 1364 1365
3 1324 1365 1325
3 1325 1365 1366
3 1325 1366 1326
3 1326 1366 1367
3 1326 1367 1327
3 1327 1367 1368
3 1327 1368 1328
3 1328 1368 1369
3 1328 1369 1329
3 1329 1369 1370
3 1329 1370 1330
3 1330 1370 1371
3 1330 1371 1331
3 1331 1371 1372
3 1331 1372 1332
3 1332 1372 1373
3 1332 1373 1333
3 1333 1373 1374
3 1333 1374 1334
3 1334 1374 1375
3 1334 1375 1335
3 1335 1375 1376
3 1335 1376 1336
3 1336 1376 1377
3 1336 1377 1337
3 1337 1377 1378
3 1337 1378 1338
3 1338 1378 1379
3 1338 1379 1339
3 1339 1379 1380
3 1339 1380 1340
3 1340 1380 1381
3 1340 1381 1341
3 1341 1381 1382
3 1341 1382 1342
3 1342 1382 1383
3 1342 1383 1343
3 1343 1383 1384
3 1343 1384 1344
3 1344 1384 1385
3 1344 1385 1345
3 1345 1385 1386
3 1345 1386 1346
3 1346 1386 1387
3 1346 1387 1347
3 1347 1387 1388
3 1347 1388 1348
3 1348 1388 1389
3 1348 1389 1349
3 1349 1389 1390
3 1349 1390 1350
3 1350 1390 1391
3 1350 1391 1351
3 1351 1391 1392
3 1351 1392 1352
3 1352 1392 1393
3 1352 1393 1353
3 1353 1393 1394
3 1353 1394 1354
3 1354 1394 1395
3 1354 1395 1355
3 1355 1395 1396
3 1355 1396 1356
3 1356 1396 1397
3 1356 1397 1357
3 1357 1397 1398
3 1357 1398 1358
3 1358 1398 1399
3 1358 1399 1359
3 1360 1400 1401
3 1360 1401 1361
3 1361 1401 1402
3 1361 1402 1362
3 1362 1402 1403
3 1362 1403 1363
3 1363 1403 1404
3 1363 1404 1364
3 1364 1404 1405
3 1364 1405 1365
3 1365 1405 1406
3 1365 1406 1366
3 1366 1406 1407
3 1366 1407 1367
3 1367 1407 1408
3 1367 1408 1368
3 1368 1408 1409
3 1368 1409 1369
3 1369 1409 1410
3 1369 1410 1370
3 1370 1410 1411
3 1370 1411 1371
3 1371 1411 1412
3 1371 1412 1372
3 1372 1412 1413
3 1372 1413 1373
3 1373 1413 1414
3 1373 1414 1374
3 1374 1414 1415
3 1374 1415 1375
3 1375 1415 1416
3 1375 1416 1376
3 1376 1416 1417
3 1376 1417 1377
3 1377 1417 1418
3 1377 1418 1378
3 1378 1418 1419
3 1378 1419 1379
3 1379 1419 1420
3 1379 1420 1380
3 1380 1420 1421
3 1380 1421 1381
3 1381 1421 1422
3 1381 1422 1382
3 1382 1422 1423
3 1382 1423 1383
3 1383 1423 1424
3 1383 1424 1384
3 1384 1424 1425
3 1384 1425 1385
3 1385 1425 1426
3 1385 1426 1386
3 1386 1426 1427
3 1386 1427 1387
3 1387 1427 1428
3 1387 1428 1388
3 1388 1428 1429
3 1388 1429 1389
3 1389 1429 1430
3 1389 1430 1390
3 1390 1430 1431
3 1390 1431 1391
3 1391 1431 1432
3 1391 1432 1392
3 1392 1432 1433
3 1392 1433 1393
3 1393 1433 1434
3 1393 1434 1394
3 1394 1434 1435
3 1394 1435 1395
3 1395 1435 1436
3 1395 1436 1396
3 1396 1436 1437
3 1396 1437 1397
3 1397 1437 1438
3 1397 1438 1398
3 1398 1438 1439
3 1398 1439 1399
3 1400 1440 1441
3 1400 1441 1401
3 1401 1441 1442
3 1401 1442 1402
3 1402 1442 1443
3 1402 1443 1403
3 1403 1443 1444
3 1403 1444 1404
3 1404 1444 1445
3 1404 1445 1405
3 1405 1445 1446
3 1405 1446 1406
3 1406 1446 1447
3 1406 1447 1407
3 1407 1447 1448
3 1407 1448 1408
3 1408 1448 1449
3 1408 1449 1409
3 1409 1449 1450
3 1409 1450 1410
3 1410 1450 1451
3 1410 1451 1411
3 1411 1451 1452
3 1411 1452 1412
3 1412 1452 1453
3 1412 1453 1413
3 1413 1453 1454
3 1413 1454 1414
3 1414 1454 1455
3 1414 1455 1415
3 1415 1455 1456
3 1415 1456 1416
3 1416 1456 1457
3 1416 1457 1417
3 1417 1457 1458
3 1417 1458 1418
3 1418 1458 1459
3 1418 1459 1419
3 1419 1459 1460
3 1419 1460 1420
3 1420 1460 1461
3 1420 1461 1421
3 1421 1461 1462
3 1421 1462 1422
3 1422 1462 1463
3 1422 1463 1423
3 1423 1463 1464
3 1423 1464 1424
3 1424 1464 1465
3 1424 1465 1425
3 1425 1465 1466
3 1425 1466 1426
3 1426 1466 1467
3 1426 1467 1427
3 1427 1467 1468
3 1427 1468 1428
3 1428 1468 1469
3 1428 1469 1429
3 1429 1469 1470
3 1429 1470 1430
3 1430 1470 1471
3 1430 1471 1431
3 1431 1471 1472
3 1431 1472 1432
3 1432 1472 1473
3 1432 1473 1433
3 1433 1473 1474
3 1433 1474 1434
3 1434 1474 1475
3 1434 1475 1435
3 1435 1475 1476
3 1435 1476 1436
3 1436 1476 1477
3 1436 1477 1437
3 1437 1477 1478
3 1437 1478 1438
3 1438 1478 1479
3 1438 1479 1439
3 1440 1480 1481
3 1440 1481 1441
3 1441 1481 1482
3 1441 1482 1442
3 1442 1482 1483
3 1442 1483 1443
3 1443 1483 1484
3 1443 1484 1444
3 1444 1484 1485
3 1444 1485 1445
3 1445 1485 1486
3 1445 1486 1446
3 1446 1486 1487
3 1446 1487 1447
3 1447 1487 1488
3 1447 1488 1448
3 1448 1488 1489
3 1448 1489 1449
3 1449 1489 1490
3 1449 1490 1450
3 1450 1490 1491
3 1450 1491 1451
3 1451 1491 1492
3 1451 1492 1452
3 1452 1492 1493
3 1452 1493 1453
3 1453 1493 1494
3 1453 1494 1454
3 1454 1494 1495
3 1454 1495 1455
3 1455 1495 1496
3 1455 1496 1456
3 1456 1496 1497
3 1456 1497 1457
3 1457 1497 1498
3 1457 1498 1458
3 1458 1498 1499
3 1458 1499 1459
3 1459 1499 1500
3 1459 1500 1460
3 1460 1500 1501
3 1460 1501 1461
3 1461 1501 1502
3 1461 1502 1462
3 1462 1502 1503
3 1462 1503 1463
3 1463 1503 1504
3 1463 1504 1464
3 1464 1504 1505
3 1464 1505 1465
3 1465 1505 1506
3 1465 1506 1466
3 1466 1506 1507
3 1466 1507 1467
3 1467 1507 1508
3 1467 1508 1468
3 1468 1508 1509
3 1468 1509 1469
3 1469 1509 1510
3 1469 1510 1470
3 1470 1510 1511
3 1470 1511 1471
3 1471 1511 1512
3 1471 1512 1472
3 1472 1512 1513
3 1472 1513 1473
3 1473 1513 1514
3 1473 1514 1474
3 1474 1514 1515
3 1474 1515 1475
3 1475 1515 1516
3 1475 1516 1476
3 1476 1516 1517
3 1476 1517 1477
3 1477 1517 1518
3 1477 1518 1478
3 1478 1518 1519
3 1478 1519 1479
3 1480 1520 1521
3 1480 1521 1481
3 1481 1521 1522
3 1481 1522 1482
3 1482 1522 1523
3 1482 1523 1483
3 1483 1523 1524
3 1483 1524 1484
3 1484 1524 1525
3 1484 1525 1485
3 1485 1525 1526
3 1485 1526 1486
3 1486 1526 1527
3 1486 1527 1487
3 1487 1527 1528
3 1487 1528 1488
3 1488 1528 1529
3 1488 1529 1489
3 1489 1529 1530
3 1489 1530 1490
3 1490 1530 1531
3 1490 1531 1491
3 1491 1531 1532
3 1491 1532 1492
3 1492 1532 1533
3 1492 1533 1493
3 1493 1533 1534
3 1493 1534 1494
3 1494 1534 1535
3 1494 1535 1495
3 1495 1535 1536
3 1495 1536 1496
3 1496 1536 1537
3 1496 1537 1497
3 1497 1537 1538
3 1497 1538 1498
3 1498 1538 1539
3 1498 1539 1499
3 1499 1539 1540
3 1499 1540 1500
3 1500 1540 1541
3 1500 1541 1501
3 1501 1541 1542
3 1501 1542 1502
3 1502 1542 1543
3 1502 1543 1503
3 1503 1543 1544
3 1503 1544 1504
3 1504 1544 1545
3 1504 1545 1505
3 1505 1545 1546
3 1505 1546 1506
3 1506 1546 1547
3 1506 1547 1507
3 1507 1547 1548
3 1507 1548 1508
3 1508 1548 1549
3 1508 1549 1509
3 1509 1549 1550
3 1509 1550 1510
3 1510 1550 1551
3 1510 1551 1511
3 1511 1551 1552
3 1511 1552 1512
3 1512 1552 1553
3 1512 1553 1513
3 1513 1553 1554
3 1513 1554 1514
3 1514 1554 1555
3 1514 1555 1515
3 1515 1555 1556
3 1515 1556 1516
3 1516 1556 1557
3 1516 1557 1517
3 1517 1557 1558
3 1517 1558 1518
3 1518 1558 1559
3 1518 1559 1519
3 1520 1560 1561
3 1520 1561 1521
3 1521 1561 1562
3 1521 1562 1522
3 1522 1562 1563
3 1522 1563 1523
3 1523 1563 1564
3 1523 1564 1524
3 1524 1564 1565
3 1524 1565 1525
3 1525 1565 1566
3 1525 1566 1526
3 1526 1566 1567
3 1526 1567 1527
3 1527 1567 1568
3 1527 1568 1528
3 1528 1568 1569
3 1528 1569 1529
3 1529 1569 1570
3 1529 1570 1530
3 1530 1570 1571
3 1530 1571 1531
3 1531 1571 1572
3 1531 1572 1532
3 1532 1572 1573
3 1532 1573 1533
3 1533 1573 1574
3 1533 1574 1534
3 1534 1574 1575
3 1534 1575 1535
3 1535 1575 1576
3 1535 1576 1536
3 1536 1576 1577
3 1536 1577 1537
3 1537 1577 1578
3 1537 1578 1538
3 1538 1578 1579
3 1538 1579 1539
3 1539 1579 1580
3 1539 1580 1540
3 1540 1580 1581
3 1540 1581 1541
3 1541 1581 1582
3 1541 1582 1542
3 1542 1582 1583
3 1542 1583 1543
3 1543 1583 1584
3 1543 1584 1544
3 1544 1584 1585
3 1544 1585 1545
3 1545 1585 1586
3 1545 1586 1546
3 1546 1586 1587
3 1546 1587 1547
3 1547 1587 1588
3 1547 1588 1548
3 1548 1588 1589
3 1548 1589 1549
3 1549 1589 1590
3 1549 1590 1550
3 1550 1590 1591
3 1550 1591 1551
3 1551 1591 1592
3 1551 1592 1552
3 1552 1592 1593
3 1552 1593 1553
3 1553 1593 1594
3 1553 1594 1554
3 1554 1594 1595
3 1554 1595 1555
3 1555 1595 1596
3 1555 1596 1556
3 1556 1596 1597
3 1556 1597 1557
3 1557 1597 1598
3 1557 1598 1558
3 1558 1598 1599
3 1558 1599 1559
3 1560 1600 1601
3 1560 1601 1561
3 1561 1601 1602
3 1561 1602 1562
3 1562 1602 1603
3 1562 1603 1563
3 1563 1603 1604
3 1563 1604 1564
3 1564 1604 1605
3 1564 1605 1565
3 1565 1605 1606
3 1565 1606 1566
3 1566 1606 1607
3 1566 1607 1567
3 1567 1607 1608
3 1567 1608 1568
3 1568 1608 1609
3 1568 1609 1569
3 1569 1609 1610
3 1569 1610 1570
3 1570 1610 1611
3 1570 1611 1571
3 1571 1611 1612
3 1571 1612 1572
3 1572 1612 1613
3 1572 1613 1573
3 1573 1613 1614
3 1573 1614 1574
3 1574 1614 1615
3 1574 1615 1575
3 1575 1615 1616
3 1575 1616 1576
3 1576 1616 1617
3 1576 1617 1577
3 1577 1617 1618
3 1577 1618 1578
3 1578 1618 1619
3 1578 1619 1579
3 1579 1619 1620
3 1579 1620 1580
3 1580 1620 1621
3 1580 1621 1581
3 1581 1621 1622
3 1581 1622 1582
3 1582 1622 1623
3 1582 1623 1583
3 1583 1623 1624
3 1583 1624 1584
3 1584 1624 1625
3 1584 1625 1585
3 1585 1625 1626
3 1585 1626 1586
3 1586 1626 1627
3 1586 1627 1587
3 1587 1627 1628
3 1587 1628 1588
3 1588 1628 1629
3 1588 1629 1589
3 1589 1629 1630
3 1589 1630 1590
3 1590 1630 1631
3 1590 1631 1591
3 1591 1631 1632
3 1591 1632 1592
3 1592 1632 1633
3 1592 1633 1593
3 1593 1633 1634
3 1593 1634 1594
3 1594 1634 1635
3 1594 1635 1595
3 1595 1635 1636
3 1595 1636 1596
3 1596 1636 1637
3 1596 1637 1597
3 1597 1637 1638
3 1597 1638 1598
3 1598 1638 1639
3 1598 1639 1599
3 1600 1640 1641
3 1600 1641 1601
3 1601 1641 1642
3 1601 1642 1602
3 1602 1642 1643
3 1602 1643 1603
3 1603 1643 1644
3 1603 1644 1604
3 1604 1644 1645
3 1604 1645 1605
3 1605 1645 1646
3 1605 1646 1606
3 1606 1646 1647
3 1606 1647 1607
3 1607 1647 1648
3 1607 1648 1608
3 1608 1648 1649
3 1608 1649 1609
3 1609 1649 1650
3 1609 1650 1610
3 1610 1650 1651
3 1610 1651 1611
3 1611 1651 1652
3 1611 1652 1612
3 1612 1652 1653
3 1612 1653 1613
3 1613 1653 1654
3 1613 1654 1614
3 1614 1654 1655
3 1614 1655 1615
3 1615 1655 1656
3 1615 1656 1616
3 1616 1656 1657
3 1616 1657 1617
3 1617 1657 1658
3 1617 1658 1618
3 1618 1658 1659
3 1618 1659 1619
3 1619 1659 1660
3 1619 1660 1620
3 1620 1660 1661
3 1620 1661 1621
3 1621 1661 1662
3 1621 1662 1622
3 1622 1662 1663
3 1622 1663 1623
3 1623 1663 1664
3 1623 1664 1624
3 1624 1664 1665
3 1624 1665 1625
3 1625 1665 1666
3 1625 1666 1626
3 1626 1666 1667
3 1626 1667 1627
3 1627 1667 1668
3 1627 1668 1628
3 1628 1668 1669
3 1628 1669 1629
3 1629 1669 1670
3 1629 1670 1630
3 1630 1670 1671
3 1630 1671 1631
3 1631 1671 1672
3 1631 1672 1632
3 1632 1672 1673
3 1632 1673 1633
3 1633 1673 1674
3 1633 1674 1634
3 1634 1674 1675
3 1634 1675 1635
3 1635 1675 1676
3 1635 1676 1636
3 1636 1676 1677
3 1636 1677 1637
3 1637 1677 1678
3 1637 1678 1638
3 1638 1678 1679
3 1638 1679 1639
3 1640 1680 1681
3 1640 1681 1641
3 1641 1681 1682
3 1641 1682 1642
3 1642 1682 1683
3 1642 1683 1643
3 1643 1683 1684
3 1643 1684 1644
3 1644 1684 1685
3 1644 1685 1645
3 1645 1685 1686
3 1645 1686 1646
3 1646 1686 1687
3 1646 1687 1647
3 1647 1687 1688
3 1647 1688 1648
3 1648 1688 1689
3 1648 1689 1649
3 1649 1689 1690
3 1649 1690 1650
3 1650 1690 1691
3 1650 1691 1651
3 1651 1691 1692
3 1651 1692 1652
3 1652 1692 1693
3 1652 1693 1653
3 1653 1693 1694
3 1653 1694 1654
3 1654 1694 1695
3 1654 1695 1655
3 1655 1695 1696
3 1655 1696 1656
3 1656 1696 1697
3 1656 1697 1657
3 1657 1697 1698
3 1657 1698 1658
3 1658 1698 1699
3 1658 1699 1659
3 1659 1699 1700
3 1659 1700 1660
3 1660 1700 1701
3 1660 1701 1661
3 1661 1701 1702
3 1661 1702 1662
3 1662 1702 1703
3 1662 1703 1663
3 1663 1703 1704
3 1663 1704 1664
3 1664 1704 1705
3 1664 1705 1665
3 1665 1705 1706
3 1665 1706 1666
3 1666 1706 1707
3 1666 1707 1667
3 1667 1707 1708
3 1667 1708 1668
3 1668 1708 1709
3 1668 1709 1669
3 1669 1709 1710
3 1669 1710 1670
3 1670 1710 1711
3 1670 1711 1671
3 1671 1711 1712
3 1671 1712 1672
3 1672 1712 1713
3 1672 1713 1673
3 1673 1713 1714
3 1673 1714 1674
3 1674 1714 1715
3 1674 1715 1675
3 1675 1715 1716
3 1675 1716 1676
3 1676 1716 1717
3 1676 1717 1677
3 1677 1717 1718
3 1677 1718 1678
3 1678 1718 1719
3 1678 1719 1679
3 1680 1720 1721
3 1680 1721 1681
3 1681 1721 1722
3 1681 1722 1682
3 1682 1722 1723
3 1682 1723 1683
3 1683 1723 1724
3 1683 1724 1684
3 1684 1724 1725
3 1684 1725 1685
3 1685 1725 1726
3 1685 1726 1686
3 1686 1726 1727
3 1686 1727 1687
3 1687 1727 1728
3 1687 1728 1688
3 1688 1728 1729
3 1688 1729 1689
3 1689 1729 1730
3 1689 1730 1690
3 1690 1730 1731
3 1690 1731 1691
3 1691 1731 1732
3 1691 1732 1692
3 1692 1732 1733
3 1692 1733 1693
3 1693 1733 1734
3 1693 1734 1694
3 1694 1734 1735
3 1694 1735 1695
3 1695 1735 1736
3 1695 1736 1696
3 1696 1736 1737
3 1696 1737 1697
3 1697 1737 1738
3 1697 1738 1698
3 1698 1738 1739
3 1698 1739 1699
3 1699 1739 1740
3 1699 1740 1700
3 1700 1740 1741
3 1700 1741 1701
3 1701 1741 1742
3 1701 1742 1702
3 1702 1742 1743
3 1702 1743 1703
3 1703 1743 1744
3 1703 1744 1704
3 1704 1744 1745
3 1704 1745 1705
3 1705 1745 1746
3 1705 1746 1706
3 1706 1746 1747
3 1706 1747 1707
3 1707 1747 1748
3 1707 1748 1708
3 1708 1748 1749
3 1708 1749 1709
3 1709 1749 1750
3 1709 1750 1710
3 1710 1750 1751
3 1710 1751 1711
3 1711 1751 1752
3 1711 1752 1712
3 1712 1752 1753
3 1712 1753 1713
3 1713 1753 1754
3 1713 1754 1714
3 1714 1754 1755
3 1714 1755 1715
3 1715 1755 1756
3 1715 1756 1716
3 1716 1756 1757
3 1716 1757 1717
3 1717 1757 1758
3 1717 1758 1718
3 1718 1758 1759
3 1718 1759 1719
3 1720 1760 1761
3 1720 1761 1721
3 1721 1761 1762
3 1721 1762 1722
3 1722 1762 1763
3 1722 1763 1723
3 1723 1763 1764
3 1723 1764 1724
3 1724 1764 1765
3 1724 1765 1725
3 1725 1765 1766
3 1725 1766 1726
3 1726 1766 1767
3 1726 1767 1727
3 1727 1767 1768
3 1727 1768 1728
3 1728 1768 1769
3 1728 1769 1729
3 1729 1769 1770
3 1729 1770 1730
3 1730 1770 1771
3 1730 1771 1731
3 1731 1771 1772
3 1731 1772 1732
3 1732 1772 1773
3 1732 1773 1733
3 1733 1773 1774
3 1733 1774 1734
3 1734 1774 1775
3 1734 1775 1735
3 1735 1775 1776
3 1735 1776 1736
3 1736 1776 1777
3 1736 1777 1737
3 1737 1777 1778
3 1737 1778 1738
3 1738 1778 1779
3 1738 1779 1739
3 1739 1779 1780
3 1739 1780 1740
3 1740 1780 1781
3 1740 1781 1741
3 1741 1781 1782
3 1741 1782 1742
3 1742 1782 1783
3 1742 1783 1743
3 1743 1783 1784
3 1743 1784 1744
3 1744 1784 1785
3 1744 1785 1745
3 1745 1785 1786
3 1745 1786 1746
3 1746 1786 1787
3 1746 1787 1747
3 1747 1787 1788
3 1747 1788 1748
3 1748 1788 1789
3 1748 1789 1749
3 1749 1789 1790
3 1749 1790 1750
3 1750 1790 1791
3 1750 1791 1751
3 1751 1791 1792
3 1751 1792 1752
3 1752 1792 1793
3 1752 1793 1753
3 1753 1793 1794
3 1753 1794 1754
3 1754 1794 1795
3 1754 1795 1755
3 1755 1795 1796
3 1755 1796 1756
3 1756 1796 1797
3 1756 1797 1757
3 1757 1797 1798
3 1757 1798 1758
3 1758 1798 1799
3 1758 1799 1759
3 1760 1800 1801
3 1760 1801 1761
3 1761 1801 1802
3 1761 1802 1762
3 1762 1802 1803
3 1762 1803 1763
3 1763 1803 1804
3 1763 1804 1764
3 1764 1804 1805
3 1764 1805 1765
3 1765 1805 1806
3 1765 1806 1766
3 1766 1806 1807
3 1766 1807 1767
3 1767 1807 1808
3 1767 1808 1768
3 1768 1808 1809
3 1768 1809 1769
3 1769 1809 1810
3 1769 1810 1770
3 1770 1810 1811
3 1770 1811 1771
3 1771 1811 1812
3 1771 1812 1772
3 1772 1812 1813
3 1772 1813 1773
3 1773 1813 1814
3 1773 1814 1774
3 1774 1814 1815
3 1774 1815 1775
3 1775 1815 1816
3 1775 1816 1776
3 1776 1816 1817
3 1776 1817 1777
3 1777 1817 1818
3 1777 1818 1778
3 1778 1818 1819
3 1778 1819 1779
3 1779 1819 1820
3 1779 1820 1780
3 1780 1820 1821
3 1780 1821 1781
3 1781 1821 1822
3 1781 1822 1782
3 1782 1822 1823
3 1782 1823 1783
3 1783 1823 1824
3 1783 1824 1784
3 1784 1824 1825
3 1784 1825 1785
3 1785 1825 1826
3 1785 1826 1786
3 1786 1826 1827
3 1786 1827 1787
3 1787 1827 1828
3 1787 1828 1788
3 1788 1828 1829
3 1788 1829 1789
3 1789 1829 1830
3 1789 1830 1790
3 1790 1830 1831
3 1790 1831 1791
3 1791 1831 1832
3 1791 1832 1792
3 1792 1832 1833
3 1792 1833 1793
3 1793 1833 1834
3 1793 1834 1794
3 1794 1834 1835
3 1794 1835 1795
3 1795 1835 1836
3 1795 1836 1796
3 1796 1836 1837
3 1796 1837 1797
3 1797 1837 1838
3 1797 1838 1798
3 1798 1838 1839
3 1798 1839 1799
3 1800 1840 1841
3 1800 1841 1801
3 1801 1841 1842
3 1801 1842 1802
3 1802 1842 1843
3 1802 1843 1803
3 1803 1843 1844
3 1803 1844 1804
3 1804 1844 1845
3 1804 1845 1805
3 1805 1845 1846
3 1805 1846 1806
3 1806 1846 1847
3 1806 1847 1807
3 1807 1847 1848
3 1807 1848 1808
3 1808 1848 1849
3 1808 1849 1809
3 1809 1849 1850
3 1809 1850 1810
3 1810 1850 1851
3 1810 1851 1811
3 1811 1851 1852
3 1811 1852 1812
3 1812 1852 1853
3 1812 1853 1813
3 1813 1853 1854
3 1813 1854 1814
3 1814 1854 1855
3 1814 1855 1815
3 1815 1855 1856
3 1815 1856 1816
3 1816 1856 1857
3 1816 1857 1817
3 1817 1857 1858
3 1817 1858 1818
3 1818 1858 1859
3 1818 1859 1819
3 1819 1859 1860
3 1819 1860 1820
3 1820 1860 1861
3 1820 1861 1821
3 1821 1861 1862
3 1821 1862 1822
3 1822 1862 1863
3 1822 1863 1823
3 1823 1863 1864
3 1823 1864 1824
3 1824 1864 1865
3 1824 1865 1825
3 1825 1865 1866
3 1825 1866 1826
3 1826 1866 1867
3 1826 1867 1827
3 1827 1867 1868
3 1827 1868 1828
3 1828 1868 1869
3 1828 1869 1829
3 1829 1869 1870
3 1829 1870 1830
3 1830 1870 1871
3 1830 1871 1831
3 1831 1871 1872
3 1831 1872 1832
3 1832 1872 1873
3 1832 1873 1833
3 1833 1873 1874
3 1833 1874 1834
3 1834 1874 1875
3 1834 1875 1835
3 1835 1875 1876
3 1835 1876 1836
3 1836 1876 1877
3 1836 1877 1837
3 1837 1877 1878
3 1837 1878 1838
3 1838 1878 1879
3 1838 1879 1839
3 1840 1880 1881
3 1840 1881 1841
3 1841 1881 1882
3 1841 1882 1842
3 1842 1882 1883
3 1842 1883 1843
3 1843 1883 1884
3 1843 1884 1844
3 1844 1884 1885
3 1844 1885 1845
3 1845 1885 1886
3 1845 1886 1846
3 1846 1886 1887
3 1846 1887 1847
3 1847 1887 1888
3 1847 1888 1848
3 1848 1888 1889
3 1848 1889 1849
3 1849 1889 1890
3 1849 1890 1850
3 1850 1890 1891
3 1850 1891 1851
3 1851 1891 1892
3 1851 1892 1852
3 1852 1892 1893
3 1852 1893 1853
3 1853 1893 1894
3 1853 1894 1854
3 1854 1894 1895
3 1854 1895 1855
3 1855 1895 1896
3 1855 1896 1856
3 1856 1896 1897
3 1856 1897 1857
3 1857 1897 1898
3 1857 1898 1858
3 1858 1898 1899
3 1858 1899 1859
3 1859 1899 1900
3 1859 1900 1860
3 1860 1900 1901
3 1860 1901 1861
3 1861 1901 1902
3 1861 1902 1862
3 1862 1902 1903
3 1862 1903 1863
3 1863 1903 1904
3 1863 1904 1864
3 1864 1904 1905
3 1864 1905 1865
3 1865 1905 1906
3 1865 1906 1866
3 1866 1906 1907
3 1866 1907 1867
3 1867 1907 1908
3 1867 1908 1868
3 1868 1908 1909
3 1868 1909 1869
3 1869 1909 1910
3 1869 1910 1870
3 1870 1910 1911
3 1870 1911 1871
3 1871 1911 1912
3 1871 1912 1872
3 1872 1912 1913
3 1872 1913 1873
3 1873 1913 1914
3 1873 1914 1874
3 1874 1914 1915
3 1874 1915 1875
3 1875 1915 1916
3 1875 1916 1876
3 1876 1916 1917
3 1876 1917 1877
3 1877 1917 1918
3 1877 1918 1878
3 1878 1918 1919
3 1878 1919 1879
3 1880 1920 1921
3 1880 1921 1881
3 1881 1921 1922
3 1881 1922 1882
3 1882 1922 1923
3 1882 1923 1883
3 1883 1923 1924
3 1883 1924 1884
3 1884 1924 1925
3 1884 1925 1885
3 1885 1925 1926
3 1885 1926 1886
3 1886 1926 1927
3 1886 1927 1887
3 1887 1927 1928
3 1887 1928 1888
3 1888 1928 1929
3 1888 1929 1889
3 1889 1929 1930
3 1889 1930 1890
3 1890 1930 1931
3 1890 1931 1891
3 1891 1931 1932
3 1891 1932 1892
3 1892 1932 1933
3 1892 1933 1893
3 1893 1933 1934
3 1893 1934 1894
3 1894 1934 1935
3 1894 1935 1895
3 1895 1935 1936
3 1895 1936 1896
3 1896 1936 1937
3 1896 1937 1897
3 1897 1937 1938
3 1897 1938 1898
3 1898 1938 1939
3 1898 1939 1899
3 1899 1939 1940
3 1899 1940 1900
3 1900 1940 1941
3 1900 1941 1901
3 1901 1941 1942
3 1901 1942 1902
3 1902 1942 1943
3 1902 1943 1903
3 1903 1943 1944
3 1903 1944 1904
3 1904 1944 1945
3 1904 1945 1905
3 1905 1945 1946
3 1905 1946 1906
3 1906 1946 1947
3 1906 1947 1907
3 1907 1947 1948
3 1907 1948 1908
3 1908 1948 1949
3 1908 1949 1909
3 1909 1949 1950
3 1909 1950 1910
3 1910 1950 1951
3 1910 1951 1911
3 1911 1951 1952
3 1911 1952 1912
3 1912 1952 1953
3 1912 1953 1913
3 1913 1953 1954
3 1913 1954 1914
3 1914 1954 1955
3 1914 1955 1915
3 1915 1955 1956
3 1915 1956 1916
3 1916 1956 1957
3 1916 1957 1917
3 1917 1957 1958
3 1917 1958 1918
3 1918 1958 1959
3 1918 1959 1919
3 1920 1960 1961
3 1920 1961 1921
3 1921 1961 1962
3 1921 1962 1922
3 1922 1962 1963
3 1922 1963 1923
3 1923 1963 1964
3 1923 1964 1924
3 1924 1964 1965
3 1924 1965 1925
3 1925 1965 1966
3 1925 1966 1926
3 1926 1966 1967
3 1926 1967 1927
3 1927 1967 1968
3 1927 1968 1928
3 1928 1968 1969
3 1928 1969 1929
3 1929 1969 1970
3 1929 1970 1930
3 1930 1970 1971
3 1930 1971 1931
3 1931 1971 1972
3 1931 1972 1932
3 1932 1972 1973
3 1932 1973 1933
3 1933 1973 1974
3 1933 1974 1934
3 1934 1974 1975
3 1934 1975 1935
3 1935 1975 1976
3 1935 1976 1936
3 1936 1976 1977
3 1936 1977 1937
3 1937 1977 1978
3 1937 1978 1938
3 1938 1978 1979
3 1938 1979 1939
3 1939 1979 1980
3 1939 1980 1940
3 1940 1980 1981
3 1940 1981 1941
3 1941 1981 1982
3 1941 1982 1942
3 1942 1982 1983
3 1942 1983 1943
3 1943 1983 1984
3 1943 1984 1944
3 1944 1984 1985
3 1944 1985 1945
3 1945 1985 1986
3 1945 1986 1946
3 1946 1986 1987
3 1946 1987 1947
3 1947 1987 1988
3 1947 1988 1948
3 1948 1988 1989
3 1948 1989 1949
3 1949 1989 1990
3 1949 1990 1950
3 1950 1990 1991
3 1950 1991 1951
3 1951 1991 1992
3 1951 1992 1952
3 1952 1992 1993
3 1952 1993 1953
3 1953 1993 1994
3 1953 1994 1954
3 1954 1994 1995
3 1954 1995 1955
3 1955 1995 1996
3 1955 1996 1956
3 1956 1996 1997
3 1956 1997 1957
3 1957 1997 1998
3 1957 1998 1958
3 1958 1998 1999
3 1958 1999 1959
3 1960 2000 2001
3 1960 2001 1961
3 1961 2001 2002
3 1961 2002 1962
3 1962 2002 2003
3 1962 2003 1963
3 1963 2003 2004
3 1963 2004 1964
3 1964 2004 2005
3 1964 2005 1965
3 1965 2005 2006
3 1965 2006 1966
3 1966 2006 2007
3 1966 2007 1967
3 1967 2007 2008
3 1967 2008 1968
3 1968 2008 2009
3 1968 2009 1969
3 1969 2009 2010
3 1969 2010 1970
3 1970 2010 2011
3 1970 2011 1971
3 1971 2011 2012
3 1971 2012 1972
3 1972 2012 2013
3 1972 2013 1973
3 1973 2013 2014
3 1973 2014 1974
3 1974 2014 2015
3 1974 2015 1975
3 1975 2015 2016
3 1975 2016 1976
3 1976 2016 2017
3 1976 2017 1977
3 1977 2017 2018
3 1977 2018 1978
3 1978 2018 2019
3 1978 2019 1979
3 1979 2019 2020
3 1979 2020 1980
3 1980 2020 2021
3 1980 2021 1981
3 1981 2021 2022
3 1981 2022 1982
3 1982 2022 2023
3 1982 2023 1983
3 1983 2023 2024
3 1983 2024 1984
3 1984 2024 2025
3 1984 2025 1985
3 1985 2025 2026
3 1985 2026 1986
3 1986 2026 2027
3 1986 2027 1987
3 1987 2027 2028
3 1987 2028 1988
3 1988 2028 2029
3 1988 2029 1989
3 1989 2029 2030
3 1989 2030 1990
3 1990 2030 2031
3 1990 2031 1991
3 1991 2031 2032
3 1991 2032 1992
3 1992 2032 2033
3 1992 2033 1993
3 1993 2033 2034
3 1993 2034 1994
3 1994 2034 2035
3 1994 2035 1995
3 1995 2035 2036
3 1995 2036 1996
3 1996 2036 2037
3 1996 2037 1997
3 1997 2037 2038
3 1997 2038 1998
3 1998 2038 2039
3 1998 2039 1999
3 2000 2040 2041
3 2000 2041 2001
3 2001 2041 2042
3 2001 2042 2002
3 2002 2042 2043
3 2002 2043 2003
3 2003 2043 2044
3 2003 2044 2004
3 2004 2044 2045
3 2004 2045 2005
3 2005 2045 2046
3 2005 2046 2006
3 2006 2046 2047
3 2006 2047 2007
3 2007 2047 2048
3 2007 2048 2008
3 2008 2048 2049
3 2008 2049 2009
3 2009 2049 2050
3 2009 2050 2010
3 2010 2050 2051
3 2010 2051 2011
3 2011 2051 2052
3 2011 2052 2012
3 2012 2052 2053
3 2012 2053 2013
3 2013 2053 2054
3 2013 2054 2014
3 2014 2054 2055
3 2014 2055 2015
3 2015 2055 2056
3 2015 2056 2016
3 2016 2056 2057
3 2016 2057 2017
3 2017 2057 2058
3 2017 2058 2018
3 2018 2058 2059
3 2018 2059 2019
3 2019 2059 2060
3 2019 2060 2020
3 2020 2060 2061
3 2020 2061 2021
3 2021 2061 2062
3 2021 2062 2022
3 2022 2062 2063
3 2022 2063 2023
3 2023 2063 2064
3 2023 2064 2024
3 2024 2064 2065
3 2024 2065 2025
3 2025 2065 2066
3 2025 2066 2026
3 2026 2066 2067
3 2026 2067 2027
3 2027 2067 2068
3 2027 2068 2028
3 2028 2068 2069
3 2028 2069 2029
3 2029 2069 2070
3 2029 2070 2030
3 2030 2070 2071
3 2030 2071 2031
3 2031 2071 2072
3 2031 2072 2032
3 2032 2072 2073
3 2032 2073 2033
3 2033 2073 2074
3 2033 2074 2034
3 2034 2074 2075
3 2034 2075 2035
3 2035 2075 2076
3 2035 2076 2036
3 2036 2076 2077
3 2036 2077 2037
3 2037 2077 2078
3 2037 2078 2038
3 2038 2078 2079
3 2038 2079 2039
3 2040 2080 2081
3 2040 2081 2041
3 2041 2081 2082
3 2041 2082 2042
3 2042 2082 2083
3 2042 2083 2043
3 2043 2083 2084
3 2043 2084 2044
3 2044 2084 2085
3 2044 2085 2045
3 2045 2085 2086
3 2045 2086 2046
3 2046 2086 2087
3 2046 2087 2047
3 2047 2087 2088
3 2047 2088 2048
3 2048 2088 2089
3 2048 2089 2049
3 2049 2089 2090
3 2049 2090 2050
3 2050 2090 2091
3 2050 2091 2051
3 2051 2091 2092
3 2051 2092 2052
3 2052 2092 2093
3 2052 2093 2053
3 2053 2093 2094
3 2053 2094 2054
3 2054 2094 2095
3 2054 2095 2055
3 2055 2095 2096
3 2055 2096 2056
3 2056 2096 2097
3 2056 2097 2057
3 2057 2097 2098
3 2057 2098 2058
3 2058 2098 2099
3 2058 2099 2059
3 2059 2099 2100
3 2059 2100 2060
3 2060 2100 2101
3 2060 2101 2061
3 2061 2101 2102
3 2061 2102 2062
3 2062 2102 2103
3 2062 2103 2063
3 2063 2103 2104
3 2063 2104 2064
3 2064 2104 2105
3 2064 2105 2065
3 2065 2105 2106
3 2065 2106 2066
3 2066 2106 2107
3 2066 2107 2067
3 2067 2107 2108
3 2067 2108 2068
3 2068 2108 2109
3 2068 2109 2069
3 2069 2109 2110
3 2069 2110 2070
3 2070 2110 2111
3 2070 2111 2071
3 2071 2111 2112
3 2071 2112 2072
3 2072 2112 2113
3 2072 2113 2073
3 2073 2113 2114
3 2073 2114 2074
3 2074 2114 2115
3 2074 2115 2075
3 2075 2115 2116
3 2075 2116 2076
3 2076 2116 2117
3 2076 2117 2077
3 2077 2117 2118
3 2077 2118 2078
3 2078 2118 2119
3 2078 2119 2079
3 2080 2120 2121
3 2080 2121 2081
3 2081 2121 2122
3 2081 2122 2082
3 2082 2122 2123
3 2082 2123 2083
3 2083 2123 2124
3 2083 2124 2084
3 2084 2124 2125
3 2084 2125 2085
3 2085 2125 2126
3 2085 2126 2086
3 2086 2126 2127
3 2086 2127 2087
3 2087 2127 2128
3 2087 2128 2088
3 2088 2128 2129
3 2088 2129 2089
3 2089 2129 2130
3 2089 2130 2090
3 2090 2130 2131
3 2090 2131 2091
3 2091 2131 2132
3 2091 2132 2092
3 2092 2132 2133
3 2092 2133 2093
3 2093 2133 2134
3 2093 2134 2094
3 2094 2134 2135
3 2094 2135 2095
3 2095 2135 2136
3 2095 2136 2096
3 2096 2136 2137
3 2096 2137 2097
3 2097 2137 2138
3 2097 2138 2098
3 2098 2138 2139
3 2098 2139 2099
3 2099 2139 2140
3 2099 2140 2100
3 2100 2140 2141
3 2100 2141 2101
3 2101 2141 2142
3 2101 2142 2102
3 2102 2142 2143
3 2102 2143 2103
3 2103 2143 2144
3 2103 2144 2104
3 2104 2144 2145
3 2104 2145 2105
3 2105 2145 2146
3 2105 2146 2106
3 2106 2146 2147
3 2106 2147 2107
3 2107 2147 2148
3 2107 2148 2108
3 2108 2148 2149
3 2108 2149 2109
3 2109 2149 2150
3 2109 2150 2110
3 2110 2150 2151
3 2110 2151 2111
3 2111 2151 2152
3 2111 2152 2112
3 2112 2152 2153
3 2112 2153 2113
3 2113 2153 2154
3 2113 2154 2114
3 2114 2154 2155
3 2114 2155 2115
3 2115 2155 2156
3 2115 2156 2116
3 2116 2156 2157
3 2116 2157 2117
3 2117 2157 2158
3 2117 2158 2118
3 2118 2158 2159
3 2118 2159 2119
3 2120 2160 2161
3 2120 2161 2121
3 2121 2161 2162
3 2121 2162 2122
3 2122 2162 2163
3 2122 2163 2123
3 2123 2163 2164
3 2123 2164 2124
3 2124 2164 2165
3 2124 2165 2125
3 2125 2165 2166
3 2125 2166 2126
3 2126 2166 2167
3 2126 2167 2127
3 2127 2167 2168
3 2127 2168 2128
3 2128 2168 2169
3 2128 2169 2129
3 2129 2169 2170
3 2129 2170 2130
3 2130 2170 2171
3 2130 2171 2131
3 2131 2171 2172
3 2131 2172 2132
3 2132 2172 2173
3 2132 2173 2133
3 2133 2173 2174
3 2133 2174 2134
3 2134 2174 2175
3 2134 2175 2135
3 2135 2175 2176
3 2135 2176 2136
3 2136 2176 2177
3 2136 2177 2137
3 2137 2177 2178
3 2137 2178 2138
3 2138 2178 2179
3 2138 2179 2139
3 2139 2179 2180
3 2139 2180 2140
3 2140 2180 2181
3 2140 2181 2141
3 2141 2181 2182
3 2141 2182 2142
3 2142 2182 2183
3 2142 2183 2143
3 2143 2183 2184
3 2143 2184 2144
3 2144 2184 2185
3 2144 2185 2145
3 2145 2185 2186
3 2145 2186 2146
3 2146 2186 2187
3 2146 2187 2147
3 2147 2187 2188
3 2147 2188 2148
3 2148 2188 2189
3 2148 2189 2149
3 2149 2189 2190
3 2149 2190 2150
3 2150 2190 2191
3 2150 2191 2151
3 2151 2191 2192
3 2151 2192 2152
3 2152 2192 2193
3 2152 2193 2153
3 2153 2193 2194
3 2153 2194 2154
3 2154 2194 2195
3 2154 2195 2155
3 2155 2195 2196
3 2155 2196 2156
3 2156 2196 2197
3 2156 2197 2157
3 2157 2197 2198
3 2157 2198 2158
3 2158 2198 2199
3 2158 2199 2159
3 2160 2200 2201
3 2160 2201 2161
3 2161 2201 2202
3 2161 2202 2162
3 2162 2202 2203
3 2162 2203 2163
3 2163 2203 2204
3 2163 2204 2164
3 2164 2204 2205
3 2164 2205 2165
3 2165 2205 2206
3 2165 2206 2166
3 2166 2206 2207
3 2166 2207 2167
3 2167 2207 2208
3 2167 2208 2168
3 2168 2208 2209
3 2168 2209 2169
3 2169 2209 2210
3 2169 2210 2170
3 2170 2210 2211
3 2170 2211 2171
3 2171 2211 2212
3 2171 2212 2172
3 2172 2212 2213
3 2172 2213 2173
3 2173 2213 2214
3 2173 2214 2174
3 2174 2214 2215
3 2174 2215 2175
3 2175 2215 2216
3 2175 2216 2176
3 2176 2216 2217
3 2176 2217 2177
3 2177 2217 2218
3 2177 2218 2178
3 2178 2218 2219
3 2178 2219 2179
3 2179 2219 2220
3 2179 2220 2180
3 2180 2220 2221
3 2180 2221 2181
3 2181 2221 2222
3 2181 2222 2182
3 2182 2222 2223
3 2182 2223 2183
3 2183 2223 2224
3 2183 2224 2184
3 2184 2224 2225
3 2184 2225 2185
3 2185 2225 2226
3 2185 2226 2186
3 2186 2226 2227
3 2186 2227 2187
3 2187 2227 2228
3 2187 2228 2188
3 2188 2228 2229
3 2188 2229 2189
3 2189 2229 2230
3 2189 2230 2190
3 2190 2230 2231
3 2190 2231 2191
3 2191 2231 2232
3 2191 2232 2192
3 2192 2232 2233
3 2192 2233 2193
3 2193 2233 2234
3 2193 2234 2194
3 2194 2234 2235
3 2194 2235 2195
3 2195 2235 2236
3 2195 2236 2196
3 2196 2236 2237
3 2196 2237 2197
3 2197 2237 2238
3 2197 2238 2198
3 2198 2238 2239
3 2198 2239 2199
3 2200 2240 2241
3 2200 2241 2201
3 2201 2241 2242
3 2201 2242 2202
3 2202 2242 2243
3 2202 2243 2203
3 2203 2243 2244
3 2203 2244 2204
3 2204 2244 2245
3 2204 2245 2205
3 2205 2245 2246
3 2205 2246 2206
3 2206 2246 2247
3 2206 2247 2207
3 2207 2247 2248
3 2207 2248 2208
3 2208 2248 2249
3 2208 2249 2209
3 2209 2249 2250
3 2209 2250 2210
3 2210 2250 2251
3 2210 2251 2211
3 2211 2251 2252
3 2211 2252 2212
3 2212 2252 2253
3 2212 2253 2213
3 2213 2253 2254
3 2213 2254 2214
3 2214 2254 2255
3 2214 2255 2215
3 2215 2255 2256
3 2215 2256 2216
3 2216 2256 2257
3 2216 2257 2217
3 2217 2257 2258
3 2217 2258 2218
3 2218 2258 2259
3 2218 2259 2219
3 2219 2259 2260
3 2219 2260 2220
3 2220 2260 2261
3 2220 2261 2221
3 2221 2261 2262
3 2221 2262 2222
3 2222 2262 2263
3 2222 2263 2223
3 2223 2263 2264
3 2223 2264 2224
3 2224 2264 2265
3 2224 2265 2225
3 2225 2265 2266
3 2225 2266 2226
3 2226 2266 2267
3 2226 2267 2227
3 2227 2267 2268
3 2227 2268 2228
3 2228 2268 2269
3 2228 2269 2229
3 2229 2269 2270
3 2229 2270 2230
3 2230 2270 2271
3 2230 2271 2231
3 2231 2271 2272
3 2231 2272 2232
3 2232 2272 2273
3 2232 2273 2233
3 2233 2273 2274
3 2233 2274 2234
3 2234 2274 2275
3 2234 2275 2235
3 2235 2275 2276
3 2235 2276 2236
3 2236 2276 2277
3 2236 2277 2237
3 2237 2277 2278
3 2237 2278 2238
3 2238 2278 2279
3 2238 2279 2239
3 2240 2280 2281
3 2240 2281 2241
3 2241 2281 2282
3 2241 2282 2242
3 2242 2282 2283
3 2242 2283 2243
3 2243 2283 2284
3 2243 2284 2244
3 2244 2284 2285
3 2244 2285 2245
3 2245 2285 2286
3 2245 2286 2246
3 2246 2286 2287
3 2246 2287 2247
3 2247 2287 2288
3 2247 2288 2248
3 2248 2288 2289
3 2248 2289 2249
3 2249 2289 2290
3 2249 2290 2250
3 2250 2290 2291
3 2250 2291 2251
3 2251 2291 2292
3 2251 2292 2252
3 2252 2292 2293
3 2252 2293 2253
3 2253 2293 2294
3 2253 2294 2254
3 2254 2294 2295
3 2254 2295 2255
3 2255 2295 2296
3 2255 2296 2256
3 2256 2296 2297
3 2256 2297 2257
3 2257 2297 2298
3 2257 2298 2258
3 2258 2298 2299
3 2258 2299 2259
3 2259 2299 2300
3 2259 2300 2260
3 2260 2300 2301
3 2260 2301 2261
3 2261 2301 2302
3 2261 2302 2262
3 2262 2302 2303
3 2262 2303 2263
3 2263 2303 2304
3 2263 2304 2264
3 2264 2304 2305
3 2264 2305 2265
3 2265 2305 2306
3 2265 2306 2266
3 2266 2306 2307
3 2266 2307 2267
3 2267 2307 2308
3 2267 2308 2268
3 2268 2308 2309
3 2268 2309 2269
3 2269 2309 2310
3 2269 2310 2270
3 2270 2310 2311
3 2270 2311 2271
3 2271 2311 2312
3 2271 2312 2272
3 2272 2312 2313
3 2272 2313 2273
3 2273 2313 2314
3 2273 2314 2274
3 2274 2314 2315
3 2274 2315 2275
3 2275 2315 2316
3 2275 2316 2276
3 2276 2316 2317
3 2276 2317 2277
3 2277 2317 2318
3 2277 2318 2278
3 2278 2318 2319
3 2278 2319 2279
3 2280 2320 2321
3 2280 2321 2281
3 2281 2321 2322
3 2281 2322 2282
3 2282 2322 2323
3 2282 2323 2283
3 2283 2323 2324
3 2283 2324 2284
3 2284 2324 2325
3 2284 2325 2285
3 2285 2325 2326
3 2285 2326 2286
3 2286 2326 2327
3 2286 2327 2287
3 2287 2327 2328
3 2287 2328 2288
3 2288 2328 2329
3 2288 2329 2289
3 2289 2329 2330
3 2289 2330 2290
3 2290 2330 2331
3 2290 2331 2291
3 2291 2331 2332
3 2291 2332 2292
3 2292 2332 2333
3 2292 2333 2293
3 2293 2333 2334
3 2293 2334 2294
3 2294 2334 2335
3 2294 2335 2295
3 2295 2335 2336
3 2295 2336 2296
3 2296 2336 2337
3 2296 2337 2297
3 2297 2337 2338
3 2297 2338 2298
3 2298 2338 2339
3 2298 2339 2299
3 2299 2339 2340
3 2299 2340 2300
3 2300 2340 2341
3 2300 2341 2301
3 2301 2341 2342
3 2301 2342 2302
3 2302 2342 2343
3 2302 2343 2303
3 2303 2343 2344
3 2303 2344 2304
3 2304 2344 2345
3 2304 2345 2305
3 2305 2345 2346
3 2305 2346 2306
3 2306 2346 2347
3 2306 2347 2307
3 2307 2347 2348
3 2307 2348 2308
3 2308 2348 2349
3 2308 2349 2309
3 2309 2349 2350
3 2309 2350 2310
3 2310 2350 2351
3 2310 2351 2311
3 2311 2351 2352
3 2311 2352 2312
3 2312 2352 2353
3 2312 2353 2313
3 2313 2353 2354
3 2313 2354 2314
3 2314 2354 2355
3 2314 2355 2315
3 2315 2355 2356
3 2315 2356 2316
3 2316 2356 2357
3 2316 2357 2317
3 2317 2357 2358
3 2317 2358 2318
3 2318 2358 2359
3 2318 2359 2319
3 2320 2360 2361
3 2320 2361 2321
3 2321 2361 2362
3 2321 2362 2322
3 2322 2362 2363
3 2322 2363 2323
3 2323 2363 2364
3 2323 2364 2324
3 2324 2364 2365
3 2324 2365 2325
3 2325 2365 2366
3 2325 2366 2326
3 2326 2366 2367
3 2326 2367 2327
3 2327 2367 2368
3 2327 2368 2328
3 2328 2368 2369
3 2328 2369 2329
3 2329 2369 2370
3 2329 2370 2330
3 2330 2370 2371
3 2330 2371 2331
3 2331 2371 2372
3 2331 2372 2332
3 2332 2372 2373
3 2332 2373 2333
3 2333 2373 2374
3 2333 2374 2334
3 2334 2374 2375
3 2334 2375 2335
3 2335 2375 2376
3 2335 2376 2336
3 2336 2376 2377
3 2336 2377 2337
3 2337 2377 2378
3 2337 2378 2338
3 2338 2378 2379
3 2338 2379 2339
3 2339 2379 2380
3 2339 2380 2340
3 2340 2380 2381
3 2340 2381 2341
3 2341 2381 2382
3 2341 2382 2342
3 2342 2382 2383
3 2342 2383 2343
3 2343 2383 2384
3 2343 2384 2344
3 2344 2384 2385
3 2344 2385 2345
3 2345 2385 2386
3 2345 2386 2346
3 2346 2386 2387
3 2346 2387 2347
3 2347 2387 2388
3 2347 2388 2348
3 2348 2388 2389
3 2348 2389 2349
3 2349 2389 2390
3 2349 2390 2350
3 2350 2390 2391
3 2350 2391 2351
3 2351 2391 2392
3 2351 2392 2352
3 2352 2392 2393
3 2352 2393 2353
3 2353 2393 2394
3 2353 2394 2354
3 2354 2394 2395
3 2354 2395 2355
3 2355 2395 2396
3 2355 2396 2356
3 2356 2396 2397
3 2356 2397 2357
3 2357 2397 2398
3 2357 2398 2358
3 2358 2398 2399
3 2358 2399 2359
3 2360 2400 2401
3 2360 2401 2361
3 2361 2401 2402
3 2361 2402 2362
3 2362 2402 2403
3 2362 2403 2363
3 2363 2403 2404
3 2363 2404 2364
3 2364 2404 2405
3 2364 2405 2365
3 2365 2405 2406
3 2365 2406 2366
3 2366 2406 2407
3 2366 2407 2367
3 2367 2407 2408
3 2367 2408 2368
3 2368 2408 2409
3 2368 2409 2369
3 2369 2409 2410
3 2369 2410 2370
3 2370 2410 2411
3 2370 2411 2371
3 2371 2411 2412
3 2371 2412 2372
3 2372 2412 2413
3 2372 2413 2373
3 2373 2413 2414
3 2373 2414 2374
3 2374 2414 2415
3 2374 2415 2375
3 2375 2415 2416
3 2375 2416 2376
3 2376 2416 2417
3 2376 2417 2377
3 2377 2417 2418
3 2377 2418 2378
3 2378 2418 2419
3 2378 2419 2379
3 2379 2419 2420
3 2379 2420 2380
3 2380 2420 2421
3 2380 2421 2381
3 2381 2421 2422
3 2381 2422 2382
3 2382 2422 2423
3 2382 2423 2383
3 2383 2423 2424
3 2383 2424 2384
3 2384 2424 2425
3 2384 2425 2385
3 2385 2425 2426
3 2385 2426 2386
3 2386 2426 2427
3 2386 2427 2387
3 2387 2427 2428
3 2387 2428 2388
3 2388 2428 2429
3 2388 2429 2389
3 2389 2429 2430
3 2389 2430 2390
3 2390 2430 2431
3 2390 2431 2391
3 2391 2431 2432
3 2391 2432 2392
3 2392 2432 2433
3 2392 2433 2393
3 2393 2433 2434
3 2393 2434 2394
3 2394 2434 2435
3 2394 2435 2395
3 2395 2435 2436
3 2395 2436 2396
3 2396 2436 2437
3 2396 2437 2397
3 2397 2437 2438
3 2397 2438 2398
3 2398 2438 2439
3 2398 2439 2399
3 2400 2440 2441
3 2400 2441 2401
3 2401 2441 2442
3 2401 2442 2402
3 2402 2442 2443
3 2402 2443 2403
3 2403 2443 2444
3 2403 2444 2404
3 2404 2444 2445
3 2404 2445 2405
3 2405 2445 2446
3 2405 2446 2406
3 2406 2446 2447
3 2406 2447 2407
3 2407 2447 2448
3 2407 2448 2408
3 2408 2448 2449
3 2408 2449 2409
3 2409 2449 2450
3 2409 2450 2410
3 2410 2450 2451
3 2410 2451 2411
3 2411 2451 2452
3 2411 2452 2412
3 2412 2452 2453
3 2412 2453 2413
3 2413 2453 2454
3 2413 2454 2414
3 2414 2454 2455
3 2414 2455 2415
3 2415 2455 2456
3 2415 2456 2416
3 2416 2456 2457
3 2416 2457 2417
3 2417 2457 2458
3 2417 2458 2418
3 2418 2458 2459
3 2418 2459 2419
3 2419 2459 2460
3 2419 2460 2420
3 2420 2460 2461
3 2420 2461 2421
3 2421 2461 2462
3 2421 2462 2422
3 2422 2462 2463
3 2422 2463 2423
3 2423 2463 2464
3 2423 2464 2424
3 2424 2464 2465
3 2424 2465 2425
3 2425 2465 2466
3 2425 2466 2426
3 2426 2466 2467
3 2426 2467 2427
3 2427 2467 2468
3 2427 2468 2428
3 2428 2468 2469
3 2428 2469 2429
3 2429 2469 2470
3 2429 2470 2430
3 2430 2470 2471
3 2430 2471 2431
3 2431 2471 2472
3 2431 2472 2432
3 2432 2472 2473
3 2432 2473 2433
3 2433 2473 2474
3 2433 2474 2434
3 2434 2474 2475
3 2434 2475 2435
3 2435 2475 2476
3 2435 2476 2436
3 2436 2476 2477
3 2436 2477 2437
3 2437 2477 2478
3 2437 2478 2438
3 2438 2478 2479
3 2438 2479 2439
3 2440 2480 2481
3 2440 2481 2441
3 2441 2481 2482
3 2441 2482 2442
3 2442 2482 2483
3 2442 2483 2443
3 2443 2483 2484
3 2443 2484 2444
3 2444 2484 2485
3 2444 2485 2445
3 2445 2485 2486
3 2445 2486 2446
3 2446 2486 2487
3 2446 2487 2447
3 2447 2487 2488
3 2447 2488 2448
3 2448 2488 2489
3 2448 2489 2449
3 2449 2489 2490
3 2449 2490 2450
3 2450 2490 2491
3 2450 2491 2451
3 2451 2491 2492
3 2451 2492 2452
3 2452 2492 2493
3 2452 2493 2453
3 2453 2493 2494
3 2453 2494 2454
3 2454 2494 2495
3 2454 2495 2455
3 2455 2495 2496
3 2455 2496 2456
3 2456 2496 2497
3 2456 2497 2457
3 2457 2497 2498
3 2457 2498 2458
3 2458 2498 2499
3 2458 2499 2459
3 2459 2499 2500
3 2459 2500 2460
3 2460 2500 2501
3 2460 2501 2461
3 2461 2501 2502
3 2461 2502 2462
3 2462 2502 2503
3 2462 2503 2463
3 2463 2503 2504
3 2463 2504 2464
3 2464 2504 2505
3 2464 2505 2465
3 2465 2505 2506
3 2465 2506 2466
3 2466 2506 2507
3 2466 2507 2467
3 2467 2507 2508
3 2467 2508 2468
3 2468 2508 2509
3 2468 2509 2469
3 2469 2509 2510
3 2469 2510 2470
3 2470 2510 2511
3 2470 2511 2471
3 2471 2511 2512
3 2471 2512 2472
3 2472 2512 2513
3 2472 2513 2473
3 2473 2513 2514
3 2473 2514 2474
3 2474 2514 2515
3 2474 2515 2475
3 2475 2515 2516
3 2475 2516 2476
3 2476 2516 2517
3 2476 2517 2477
3 2477 2517 2518
3 2477 2518 2478
3 2478 2518 2519
3 2478 2519 2479
3 2480 2520 2521
3 2480 2521 2481
3 2481 2521 2522
3 2481 2522 2482
3 2482 2522 2523
3 2482 2523 2483
3 2483 2523 2524
3 2483 2524 2484
3 2484 2524 2525
3 2484 2525 2485
3 2485 2525 2526
3 2485 2526 2486
3 2486 2526 2527
3 2486 2527 2487
3 2487 2527 2528
3 2487 2528 2488
3 2488 2528 2529
3 2488 2529 2489
3 2489 2529 2530
3 2489 2530 2490
3 2490 2530 2531
3 2490 2531 2491
3 2491 2531 2532
3 2491 2532 2492
3 2492 2532 2533
3 2492 2533 2493
3 2493 2533 2534
3 2493 2534 2494
3 2494 2534 2535
3 2494 2535 2495
3 2495 2535 2536
3 2495 2536 2496
3 2496 2536 2537
3 2496 2537 2497
3 2497 2537 2538
3 2497 2538 2498
3 2498 2538 2539
3 2498 2539 2499
3 2499 2539 2540
3 2499 2540 2500
3 2500 2540 2541
3 2500 2541 2501
3 2501 2541 2542
3 2501 2542 2502
3 2502 2542 2543
3 2502 2543 2503
3 2503 2543 2544
3 2503 2544 2504
3 2504 2544 2545
3 2504 2545 2505
3 2505 2545 2546
3 2505 2546 2506
3 2506 2546 2547
3 2506 2547 2507
3 2507 2547 2548
3 2507 2548 2508
3 2508 2548 2549
3 2508 2549 2509
3 2509 2549 2550
3 2509 2550 2510
3 2510 2550 2551
3 2510 2551 2511
3 2511 2551 2552
3 2511 2552 2512
3 2512 2552 2553
3 2512 2553 2513
3 2513 2553 2554
3 2513 2554 2514
3 2514 2554 2555
3 2514 2555 2515
3 2515 2555 2556
3 2515 2556 2516
3 2516 2556 2557
3 2516 2557 2517
3 2517 2557 2558
3 2517 2558 2518
3 2518 2558 2559
3 2518 2559 2519
3 2520 2560 2561
3 2520 2561 2521
3 2521 2561 2562
3 2521 2562 2522
3 2522 2562 2563
3 2522 2563 2523
3 2523 2563 2564
3 2523 2564 2524
3 2524 2564 2565
3 2524 2565 2525
3 2525 2565 2566
3 2525 2566 2526
3 2526 2566 2567
3 2526 2567 2527
3 2527 2567 2568
3 2527 2568 2528
3 2528 2568 2569
3 2528 2569 2529
3 2529 2569 2570
3 2529 2570 2530
3 2530 2570 2571
3 2530 2571 2531
3 2531 2571 2572
3 2531 2572 2532
3 2532 2572 2573
3 2532 2573 2533
3 2533 2573 2574
3 2533 2574 2534
3 2534 2574 2575
3 2534 2575 2535
3 2535 2575 2576
3 2535 2576 2536
3 2536 2576 2577
3 2536 2577 2537
3 2537 2577 2578
3 2537 2578 2538
3 2538 2578 2579
3 2538 2579 2539
3 2539 2579 2580
3 2539 2580 2540
3 2540 2580 2581
3 2540 2581 2541
3 2541 2581 2582
3 2541 2582 2542
3 2542 2582 2583
3 2542 2583 2543
3 2543 2583 2584
3 2543 2584 2544
3 2544 2584 2585
3 2544 2585 2545
3 2545 2585 2586
3 2545 2586 2546
3 2546 2586 2587
3 2546 2587 2547
3 2547 2587 2588
3 2547 2588 2548
3 2548 2588 2589
3 2548 2589 2549
3 2549 2589 2590
3 2549 2590 2550
3 2550 2590 2591
3 2550 2591 2551
3 2551 2591 2592
3 2551 2592 2552
3 2552 2592 2593
3 2552 2593 2553
3 2553 2593 2594
3 2553 2594 2554
3 2554 2594 2595
3 2554 2595 2555
3 2555 2595 2596
3 2555 2596 2556
3 2556 2596 2597
3 2556 2597 2557
3 2557 2597 2598
3 2557 2598 2558
3 2558 2598 2599
3 2558 2599 2559
3 2560 2600 2601
3 2560 2601 2561
3 2561 2601 2602
3 2561 2602 2562
3 2562 2602 2603
3 2562 2603 2563
3 2563 2603 2604
3 2563 2604 2564
3 2564 2604 2605
3 2564 2605 2565
3 2565 2605 2606
3 2565 2606 2566
3 2566 2606 2607
3 2566 2607 2567
3 2567 2607 2608
3 2567 2608 2568
3 2568 2608 2609
3 2568 2609 2569
3 2569 2609 2610
3 2569 2610 2570
3 2570 2610 2611
3 2570 2611 2571
3 2571 2611 2612
3 2571 2612 2572
3 2572 2612 2613
3 2572 2613 2573
3 2573 2613 2614
3 2573 2614 2574
3 2574 2614 2615
3 2574 2615 2575
3 2575 2615 2616
3 2575 2616 2576
3 2576 2616 2617
3 2576 2617 2577
3 2577 2617 2618
3 2577 2618 2578
3 2578 2618 2619
3 2578 2619 2579
3 2579 2619 2620
3 2579 2620 2580
3 2580 2620 2621
3 2580 2621 2581
3 2581 2621 2622
3 2581 2622 2582
3 2582 2622 2623
3 2582 2623 2583
3 2583 2623 2624
3 2583 2624 2584
3 2584 2624 2625
3 2584 2625 2585
3 2585 2625 2626
3 2585 2626 2586
3 2586 2626 2627
3 2586 2627 2587
3 2587 2627 2628
3 2587 2628 2588
3 2588 2628 2629
3 2588 2629 2589
3 2589 2629 2630
3 2589 2630 2590
3 2590 2630 2631
3 2590 2631 2591
3 2591 2631 2632
3 2591 2632 2592
3 2592 2632 2633
3 2592 2633 2593
3 2593 2633 2634
3 2593 2634 2594
3 2594 2634 2635
3 2594 2635 2595
3 2595 2635 2636
3 2595 2636 2596
3 2596 2636 2637
3 2596 2637 2597
3 2597 2637 2638
3 2597 2638 2598
3 2598 2638 2639
3 2598 2639 2599
3 2600 2640 2641
3 2600 2641 2601
3 2601 2641 2642
3 2601 2642 2602
3 2602 2642 2643
3 2602 2643 2603
3 2603 2643 2644
3 2603 2644 2604
3 2604 2644 2645
3 2604 2645 2605
3 2605 2645 2646
3 2605 2646 2606
3 2606 2646 2647
3 2606 2647 2607
3 2607 2647 2648
3 2607 2648 2608
3 2608 2648 2649
3 2608 2649 2609
3 2609 2649 2650
3 2609 2650 2610
3 2610 2650 2651
3 2610 2651 2611
3 2611 2651 2652
3 2611 2652 2612
3 2612 2652 2653
3 2612 2653 2613
3 2613 2653 2654
3 2613 2654 2614
3 2614 2654 2655
3 2614 2655 2615
3 2615 2655 2656
3 2615 2656 2616
3 2616 2656 2657
3 2616 2657 2617
3 2617 2657 2658
3 2617 2658 2618
3 2618 2658 2659
3 2618 2659 2619
3 2619 2659 2660
3 2619 2660 2620
3 2620 2660 2661
3 2620 2661 2621
3 2621 2661 2662
3 2621 2662 2622
3 2622 2662 2663
3 2622 2663 2623
3 2623 2663 2664
3 2623 2664 2624
3 2624 2664 2665
3 2624 2665 2625
3 2625 2665 2666
3 2625 2666 2626
3 2626 2666 2667
3 2626 2667 2627
3 2627 2667 2668
3 2627 2668 2628
3 2628 2668 2669
3 2628 2669 2629
3 2629 2669 2670
3 2629 2670 2630
3 2630 2670 2671
3 2630 2671 2631
3 2631 2671 2672
3 2631 2672 2632
3 2632 2672 2673
3 2632 2673 2633
3 2633 2673 2674
3 2633 2674 2634
3 2634 2674 2675
3 2634 2675 2635
3 2635 2675 2676
3 2635 2676 2636
3 2636 2676 2677
3 2636 2677 2637
3 2637 2677 2678
3 2637 2678 2638
3 2638 2678 2679
3 2638 2679 2639
3 2640 2680 2681
3 2640 2681 2641
3 2641 2681 2682
3 2641 2682 2642
3 2642 2682 2683
3 2642 2683 2643
3 2643 2683 2684
3 2643 2684 2644
3 2644 2684 2685
3 2644 2685 2645
3 2645 2685 2686
3 2645 2686 2646
3 2646 2686 2687
3 2646 2687 2647
3 2647 2687 2688
3 2647 2688 2648
3 2648 2688 2689
3 2648 2689 2649
3 2649 2689 2690
3 2649 2690 2650
3 2650 2690 2691
3 2650 2691 2651
3 2651 2691 2692
3 2651 2692 2652
3 2652 2692 2693
3 2652 2693 2653
3 2653 2693 2694
3 2653 2694 2654
3 2654 2694 2695
3 2654 2695 2655
3 2655 2695 2696
3 2655 2696 2656
3 2656 2696 2697
3 2656 2697 2657
3 2657 2697 2698
3 2657 2698 2658
3 2658 2698 2699
3 2658 2699 2659
3 2659 2699 2700
3 2659 2700 2660
3 2660 2700 2701
3 2660 2701 2661
3 2661 2701 2702
3 2661 2702 2662
3 2662 2702 2703
3 2662 2703 2663
3 2663 2703 2704
3 2663 2704 2664
3 2664 2704 2705
3 2664 2705 2665
3 2665 2705 2706
3 2665 2706 2666
3 2666 2706 2707
3 2666 2707 2667
3 2667 2707 2708
3 2667 2708 2668
3 2668 2708 2709
3 2668 2709 2669
3 2669 2709 2710
3 2669 2710 2670
3 2670 2710 2711
3 2670 2711 2671
3 2671 2711 2712
3 2671 2712 2672
3 2672 2712 2713
3 2672 2713 2673
3 2673 2713 2714
3 2673 2714 2674
3 2674 2714 2715
3 2674 2715 2675
3 2675 2715 2716
3 2675 2716 2676
3 2676 2716 2717
3 2676 2717 2677
3 2677 2717 2718
3 2677 2718 2678
3 2678 2718 2719
3 2678 2719 2679
3 2680 2720 2721
3 2680 2721 2681
3 2681 2721 2722
3 2681 2722 2682
3 2682 2722 2723
3 2682 2723 2683
3 2683 2723 2724
3 2683 2724 2684
3 2684 2724 2725
3 2684 2725 2685
3 2685 2725 2726
3 2685 2726 2686
3 2686 2726 2727
3 2686 2727 2687
3 2687 2727 2728
3 2687 2728 2688
3 2688 2728 2729
3 2688 2729 2689
3 2689 2729 2730
3 2689 2730 2690
3 2690 2730 2731
3 2690 2731 2691
3 2691 2731 2732
3 2691 2732 2692
3 2692 2732 2733
3 2692 2733 2693
3 2693 2733 2734
3 2693 2734 2694
3 2694 2734 2735
3 2694 2735 2695
3 2695 2735 2736
3 2695 2736 2696
3 2696 2736 2737
3 2696 2737 2697
3 2697 2737 2738
3 2697 2738 2698
3 2698 2738 2739
3 2698 2739 2699
3 2699 2739 2740
3 2699 2740 2700
3 2700 2740 2741
3 2700 2741 2701
3 2701 2741 2742
3 2701 2742 2702
3 2702 2742 2743
3 2702 2743 2703
3 2703 2743 2744
3 2703 2744 2704
3 2704 2744 2745
3 2704 2745 2705
3 2705 2745 2746
3 2705 2746 2706
3 2706 2746 2747
3 2706 2747 2707
3 2707 2747 2748
3 2707 2748 2708
3 2708 2748 2749
3 2708 2749 2709
3 2709 2749 2750
3 2709 2750 2710
3 2710 2750 2751
3 2710 2751 2711
3 2711 2751 2752
3 2711 2752 2712
3 2712 2752 2753
3 2712 2753 2713
3 2713 2753 2754
3 2713 2754 2714
3 2714 2754 2755
3 2714 2755 2715
3 2715 2755 2756
3 2715 2756 2716
3 2716 2756 2757
3 2716 2757 2717
3 2717 2757 2758
3 2717 2758 2718
3 2718 2758 2759
3 2718 2759 2719
3 2720 2760 2761
3 2720 2761 2721
3 2721 2761 2762
3 2721 2762 2722
3 2722 2762 2763
3 2722 2763 2723
3 2723 2763 2764
3 2723 2764 2724
3 2724 2764 2765
3 2724 2765 2725
3 2725 2765 2766
3 2725 2766 2726
3 2726 2766 2767
3 2726 2767 2727
3 2727 2767 2768
3 2727 2768 2728
3 2728 2768 2769
3 2728 2769 2729
3 2729 2769 2770
3 2729 2770 2730
3 2730 2770 2771
3 2730 2771 2731
3 2731 2771 2772
3 2731 2772 2732
3 2732 2772 2773
3 2732 2773 2733
3 2733 2773 2774
3 2733 2774 2734
3 2734 2774 2775
3 2734 2775 2735
3 2735 2775 2776
3 2735 2776 2736
3 2736 2776 2777
3 2736 2777 2737
3 2737 2777 2778
3 2737 2778 2738
3 2738 2778 2779
3 2738 2779 2739
3 2739 2779 2780
3 2739 2780 2740
3 2740 2780 2781
3 2740 2781 2741
3 2741 2781 2782
3 2741 2782 2742
3 2742 2782 2783
3 2742 2783 2743
3 2743 2783 2784
3 2743 2784 2744
3 2744 2784 2785
3 2744 2785 2745
3 2745 2785 2786
3 2745 2786 2746
3 2746 2786 2787
3 2746 2787 2747
3 2747 2787 2788
3 2747 2788 2748
3 2748 2788 2789
3 2748 2789 2749
3 2749 2789 2790
3 2749 2790 2750
3 2750 2790 2791
3 2750 2791 2751
3 2751 2791 2792
3 2751 2792 2752
3 2752 2792 2793
3 2752 2793 2753
3 2753 2793 2794
3 2753 2794 2754
3 2754 2794 2795
3 2754 2795 2755
3 2755 2795 2796
3 2755 2796 2756
3 2756 2796 2797
3 2756 2797 2757
3 2757 2797 2798
3 2757 2798 2758
3 2758 2798 2799
3 2758 2799 2759
3 2760 2800 2801
3 2760 2801 2761
3 2761 2801 2802
3 2761 2802 2762
3 2762 2802 2803
3 2762 2803 2763
3 2763 2803 2804
3 2763 2804 2764
3 2764 2804 2805
3 2764 2805 2765
3 2765 2805 2806
3 2765 2806 2766
3 2766 2806 2807
3 2766 2807 2767
3 2767 2807 2808
3 2767 2808 2768
3 2768 2808 2809
3 2768 2809 2769
3 2769 2809 2810
3 2769 2810 2770
3 2770 2810 2811
3 2770 2811 2771
3 2771 2811 2812
3 2771 2812 2772
3 2772 2812 2813
3 2772 2813 2773
3 2773 2813 2814
3 2773 2814 2774
3 2774 2814 2815
3 2774 2815 2775
3 2775 2815 2816
3 2775 2816 2776
3 2776 2816 2817
3 2776 2817 2777
3 2777 2817 2818
3 2777 2818 2778
3 2778 2818 2819
3 2778 2819 2779
3 2779 2819 2820
3 2779 2820 2780
3 2780 2820 2821
3 2780 2821 2781
3 2781 2821 2822
3 2781 2822 2782
3 2782 2822 2823
3 2782 2823 2783
3 2783 2823 2824
3 2783 2824 2784
3 2784 2824 2825
3 2784 2825 2785
3 2785 2825 2826
3 2785 2826 2786
3 2786 2826 2827
3 2786 2827 2787
3 2787 2827 2828
3 2787 2828 2788
3 2788 2828 2829
3 2788 2829 2789
3 2789 2829 2830
3 2789 2830 2790
3 2790 2830 2831
3 2790 2831 2791
3 2791 2831 2832
3 2791 2832 2792
3 2792 2832 2833
3 2792 2833 2793
3 2793 2833 2834
3 2793 2834 2794
3 2794 2834 2835
3 2794 2835 2795
3 2795 2835 2836
3 2795 2836 2796
3 2796 2836 2837
3 2796 2837 2797
3 2797 2837 2838
3 2797 2838 2798
3 2798 2838 2839
3 2798 2839 2799
3 2800 2840 2841
3 2800 2841 2801
3 2801 2841 2842
3 2801 2842 2802
3 2802 2842 2843
3 2802 2843 2803
3 2803 2843 2844
3 2803 2844 2804
3 2804 2844 2845
3 2804 2845 2805
3 2805 2845 2846
3 2805 2846 2806
3 2806 2846 2847
3 2806 2847 2807
3 2807 2847 2848
3 2807 2848 2808
3 2808 2848 2849
3 2808 2849 2809
3 2809 2849 2850
3 2809 2850 2810
3 2810 2850 2851
3 2810 2851 2811
3 2811 2851 2852
3 2811 2852 2812
3 2812 2852 2853
3 2812 2853 2813
3 2813 2853 2854
3 2813 2854 2814
3 2814 2854 2855
3 2814 2855 2815
3 2815 2855 2856
3 2815 2856 2816
3 2816 2856 2857
3 2816 2857 2817
3 2817 2857 2858
3 2817 2858 2818
3 2818 2858 2859
3 2818 2859 2819
3 2819 2859 2860
3 2819 2860 2820
3 2820 2860 2861
3 2820 2861 2821
3 2821 2861 2862
3 2821 2862 2822
3 2822 2862 2863
3 2822 2863 2823
3 2823 2863 2864
3 2823 2864 2824
3 2824 2864 2865
3 2824 2865 2825
3 2825 2865 2866
3 2825 2866 2826
3 2826 2866 2867
3 2826 2867 2827
3 2827 2867 2868
3 2827 2868 2828
3 2828 2868 2869
3 2828 2869 2829
3 2829 2869 2870
3 2829 2870 2830
3 2830 2870 2871
3 2830 2871 2831
3 2831 2871 2872
3 2831 2872 2832
3 2832 2872 2873
3 2832 2873 2833
3 2833 2873 2874
3 2833 2874 2834
3 2834 2874 2875
3 2834 2875 2835
3 2835 2875 2876
3 2835 2876 2836
3 2836 2876 2877
3 2836 2877 2837
3 2837 2877 2878
3 2837 2878 2838
3 2838 2878 2879
3 2838 2879 2839
3 2840 2880 2881
3 2840 2881 2841
3 2841 2881 2882
3 2841 2882 2842
3 2842 2882 2883
3 2842 2883 2843
3 2843 2883 2884
3 2843 2884 2844
3 2844 2884 2885
3 2844 2885 2845
3 2845 2885 2886
3 2845 2886 2846
3 2846 2886 2887
3 2846 2887 2847
3 2847 2887 2888
3 2847 2888 2848
3 2848 2888 2889
3 2848 2889 2849
3 2849 2889 2890
3 2849 2890 2850
3 2850 2890 2891
3 2850 2891 2851
3 2851 2891 2892
3 2851 2892 2852
3 2852 2892 2893
3 2852 2893 2853
3 2853 2893 2894
3 2853 2894 2854
3 2854 2894 2895
3 2854 2895 2855
3 2855 2895 2896
3 2855 2896 2856
3 2856 2896 2897
3 2856 2897 2857
3 2857 2897 2898
3 2857 2898 2858
3 2858 2898 2899
3 2858 2899 2859
3 2859 2899 2900
3 2859 2900 2860
3 2860 2900 2901
3 2860 2901 2861
3 2861 2901 2902
3 2861 2902 2862
3 2862 2902 2903
3 2862 2903 2863
3 2863 2903 2904
3 2863 2904 2864
3 2864 2904 2905
3 2864 2905 2865
3 2865 2905 2906
3 2865 2906 2866
3 2866 2906 2907
3 2866 2907 2867
3 2867 2907 2908
3 2867 2908 2868
3 2868 2908 2909
3 2868 2909 2869
3 2869 2909 2910
3 2869 2910 2870
3 2870 2910 2911
3 2870 2911 2871
3 2871 2911 2912
3 2871 2912 2872
3 2872 2912 2913
3 2872 2913 2873
3 2873 2913 2914
3 2873 2914 2874
3 2874 2914 2915
3 2874 2915 2875
3 2875 2915 2916
3 2875 2916 2876
3 2876 2916 2917
3 2876 2917 2877
3 2877 2917 2918
3 2877 2918 2878
3 2878 2918 2919
3 2878 2919 2879
3 2880 2920 2921
3 2880 2921 2881
3 2881 2921 2922
3 2881 2922 2882
3 2882 2922 2923
3 2882 2923 2883
3 2883 2923 2924
3 2883 2924 2884
3 2884 2924 2925
3 2884 2925 2885
3 2885 2925 2926
3 2885 2926 2886
3 2886 2926 2927
3 2886 2927 2887
3 2887 2927 2928
3 2887 2928 2888
3 2888 2928 2929
3 2888 2929 2889
3 2889 2929 2930
3 2889 2930 2890
3 2890 2930 2931
3 2890 2931 2891
3 2891 2931 2932
3 2891 2932 2892
3 2892 2932 2933
3 2892 2933 2893
3 2893 2933 2934
3 2893 2934 2894
3 2894 2934 2935
3 2894 2935 2895
3 2895 2935 2936
3 2895 2936 2896
3 2896 2936 2937
3 2896 2937 2897
3 2897 2937 2938
3 2897 2938 2898
3 2898 2938 2939
3 2898 2939 2899
3 2899 2939 2940
3 2899 2940 2900
3 2900 2940 2941
3 2900 2941 2901
3 2901 2941 2942
3 2901 2942 2902
3 2902 2942 2943
3 2902 2943 2903
3 2903 2943 2944
3 2903 2944 2904
3 2904 2944 2945
3 2904 2945 2905
3 2905 2945 2946
3 2905 2946 2906
3 2906 2946 2947
3 2906 2947 2907
3 2907 2947 2948
3 2907 2948 2908
3 2908 2948 2949
3 2908 2949 2909
3 2909 2949 2950
3 2909 2950 2910
3 2910 2950 2951
3 2910 2951 2911
3 2911 2951 2952
3 2911 2952 2912
3 2912 2952 2953
3 2912 2953 2913
3 2913 2953 2954
3 2913 2954 2914
3 2914 2954 2955
3 2914 2955 2915
3 2915 2955 2956
3 2915 2956 2916
3 2916 2956 2957
3 2916 2957 2917
3 2917 2957 2958
3 2917 2958 2918
3 2918 2958 2959
3 2918 2959 2919
3 2920 2960 2961
3 2920 2961 2921
3 2921 2961 2962
3 2921 2962 2922
3 2922 2962 2963
3 2922 2963 2923
3 2923 2963 2964
3 2923 2964 2924
3 2924 2964 2965
3 2924 2965 2925
3 2925 2965 2966
3 2925 2966 2926
3 2926 2966 2967
3 2926 2967 2927
3 2927 2967 2968
3 2927 2968 2928
3 2928 2968 2969
3 2928 2969 2929
3 2929 2969 2970
3 2929 2970 2930
3 2930 2970 2971
3 2930 2971 2931
3 2931 2971 2972
3 2931 2972 2932
3 2932 2972 2973
3 2932 2973 2933
3 2933 2973 2974
3 2933 2974 2934
3 2934 2974 2975
3 2934 2975 2935
3 2935 2975 2976
3 2935 2976 2936
3 2936 2976 2977
3 2936 2977 2937
3 2937 2977 2978
3 2937 2978 2938
3 2938 2978 2979
3 2938 2979 2939
3 2939 2979 2980
3 2939 2980 2940
3 2940 2980 2981
3 2940 2981 2941
3 2941 2981 2982
3 2941 2982 2942
3 2942 2982 2983
3 2942 2983 2943
3 2943 2983 2984
3 2943 2984 2944
3 2944 2984 2985
3 2944 2985 2945
3 2945 2985 2986
3 2945 2986 2946
3 2946 2986 2987
3 2946 2987 2947
3 2947 2987 2988
3 2947 2988 2948
3 2948 2988 2989
3 2948 2989 2949
3 2949 2989 2990
3 2949 2990 2950
3 2950 2990 2991
3 2950 2991 2951
3 2951 2991 2992
3 2951 2992 2952
3 2952 2992 2993
3 2952 2993 2953
3 2953 2993 2994
3 2953 2994 2954
3 2954 2994 2995
3 2954 2995 2955
3 2955 2995 2996
3 2955 2996 2956
3 2956 2996 2997
3 2956 2997 2957
3 2957 2997 2998
3 2957 2998 2958
3 2958 2998 2999
3 2958 2999 2959
3 2960 3000 3001
3 2960 3001 2961
3 2961 3001 3002
3 2961 3002 2962
3 2962 3002 3003
3 2962 3003 2963
3 2963 3003 3004
3 2963 3004 2964
3 2964 3004 3005
3 2964 3005 2965
3 2965 3005 3006
3 2965 3006 2966
3 2966 3006 3007
3 2966 3007 2967
3 2967 3007 3008
3 2967 3008 2968
3 2968 3008 3009
3 2968 3009 2969
3 2969 3009 3010
3 2969 3010 2970
3 2970 3010 3011
3 2970 3011 2971
3 2971 3011 3012
3 2971 3012 2972
3 2972 3012 3013
3 2972 3013 2973
3 2973 3013 3014
3 2973 3014 2974
3 2974 3014 3015
3 2974 3015 2975
3 2975 3015 3016
3 2975 3016 2976
3 2976 3016 3017
3 2976 3017 2977
3 2977 3017 3018
3 2977 3018 2978
3 2978 3018 3019
3 2978 3019 2979
3 2979 3019 3020
3 2979 3020 2980
3 2980 3020 3021
3 2980 3021 2981
3 2981 3021 3022
3 2981 3022 2982
3 2982 3022 3023
3 2982 3023 2983
3 2983 3023 3024
3 2983 3024 2984
3 2984 3024 3025
3 2984 3025 2985
3 2985 3025 3026
3 2985 3026 2986
3 2986 3026 3027
3 2986 3027 2987
3 2987 3027 3028
3 2987 3028 2988
3 2988 3028 3029
3 2988 3029 2989
3 2989 3029 3030
3 2989 3030 2990
3 2990 3030 3031
3 2990 3031 2991
3 2991 3031 3032
3 2991 3032 2992
3 2992 3032 3033
3 2992 3033 2993
3 2993 3033 3034
3 2993 3034 2994
3 2994 3034 3035
3 2994 3035 2995
3 2995 3035 3036
3 2995 3036 2996
3 2996 3036 3037
3 2996 3037 2997
3 2997 3037 3038
3 2997 3038 2998
3 2998 3038 3039
3 2998 3039 2999
3 3000 3040 3041
3 3000 3041 3001
3 3001 3041 3042
3 3001 3042 3002
3 3002 3042 3043
3 3002 3043 3003
3 3003 3043 3044
3 3003 3044 3004
3 3004 3044 3045
3 3004 3045 3005
3 3005 3045 3046
3 3005 3046 3006
3 3006 3046 3047
3 3006 3047 3007
3 3007 3047 3048
3 3007 3048 3008
3 3008 3048 3049
3 3008 3049 3009
3 3009 3049 3050
3 3009 3050 3010
3 3010 3050 3051
3 3010 3051 3011
3 3011 3051 3052
3 3011 3052 3012
3 3012 3052 3053
3 3012 3053 3013
3 3013 3053 3054
3 3013 3054 3014
3 3014 3054 3055
3 3014 3055 3015
3 3015 3055 3056
3 3015 3056 3016
3 3016 3056 3057
3 3016 3057 3017
3 3017 3057 3058
3 3017 3058 3018
3 3018 3058 3059
3 3018 3059 3019
3 3019 3059 3060
3 3019 3060 3020
3 3020 3060 3061
3 3020 3061 3021
3 3021 3061 3062
3 3021 3062 3022
3 3022 3062 3063
3 3022 3063 3023
3 3023 3063 3064
3 3023 3064 3024
3 3024 3064 3065
3 3024 3065 3025
3 3025 3065 3066
3 3025 3066 3026
3 3026 3066 3067
3 3026 3067 3027
3 3027 3067 3068
3 3027 3068 3028
3 3028 3068 3069
3 3028 3069 3029
3 3029 3069 3070
3 3029 3070 3030
3 3030 3070 3071
3 3030 3071 3031
3 3031 3071 3072
3 3031 3072 3032
3 3032 3072 3073
3 3032 3073 3033
3 3033 3073 3074
3 3033 3074 3034
3 3034 3074 3075
3 3034 3075 3035
3 3035 3075 3076
3 3035 3076 3036
3 3036 3076 3077
3 3036 3077 3037
3 3037 3077 3078
3 3037 3078 3038
3 3038 3078 3079
3 3038 3079 3039
3 3040 3080 3081
3 3040 3081 3041
3 3041 3081 3082
3 3041 3082 3042
3 3042 3082 3083
3 3042 3083 3043
3 3043 3083 3084
3 3043 3084 3044
3 3044 3084 3085
3 3044 3085 3045
3 3045 3085 3086
3 3045 3086 3046
3 3046 3086 3087
3 3046 3087 3047
3 3047 3087 3088
3 3047 3088 3048
3 3048 3088 3089
3 3048 3089 3049
3 3049 3089 3090
3 3049 3090 3050
3 3050 3090 3091
3 3050 3091 3051
3 3051 3091 3092
3 3051 3092 3052
3 3052 3092 3093
3 3052 3093 3053
3 3053 3093 3094
3 3053 3094 3054
3 3054 3094 3095
3 3054 3095 3055
3 3055 3095 3096
3 3055 3096 3056
3 3056 3096 3097
3 3056 3097 3057
3 3057 3097 3098
3 3057 3098 3058
3 3058 3098 3099
3 3058 3099 3059
3 3059 3099 3100
3 3059 3100 3060
3 3060 3100 3101
3 3060 3101 3061
3 3061 3101 3102
3 3061 3102 3062
3 3062 3102 3103
3 3062 3103 3063
3 3063 3103 3104
3 3063 3104 3064
3 3064 3104 3105
3 3064 3105 3065
3 3065 3105 3106
3 3065 3106 3066
3 3066 3106 3107
3 3066 3107 3067
3 3067 3107 3108
3 3067 3108 3068
3 3068 3108 3109
3 3068 3109 3069
3 3069 3109 3110
3 3069 3110 3070
3 3070 3110 3111
3 3070 3111 3071
3 3071 3111 3112
3 3071 3112 3072
3 3072 3112 3113
3 3072 3113 3073
3 3073 3113 3114
3 3073 3114 3074
3 3074 3114 3115
3 3074 3115 3075
3 3075 3115 3116
3 3075 3116 3076
3 3076 3116 3117
3 3076 3117 3077
3 3077 3117 3118
3 3077 3118 3078
3 3078 3118 3119
3 3078 3119 3079
3 3080 3120 3121
3 3080 3121 3081
3 3081 3121 3122
3 3081 3122 3082
3 3082 3122 3123
3 3082 3123 3083
3 3083 3123 3124
3 3083 3124 3084
3 3084 3124 3125
3 3084 3125 3085
3 3085 3125 3126
3 3085 3126 3086
3 3086 3126 3127
3 3086 3127 3087
3 3087 3127 3128
3 3087 3128 3088
3 3088 3128 3129
3 3088 3129 3089
3 3089 3129 3130
3 3089 3130 3090
3 3090 3130 3131
3 3090 3131 3091
3 3091 3131 3132
3 3091 3132 3092
3 3092 3132 3133
3 3092 3133 3093
3 3093 3133 3134
3 3093 3134 3094
3 3094 3134 3135
3 3094 3135 3095
3 3095 3135 3136
3 3095 3136 3096
3 3096 3136 3137
3 3096 3137 3097
3 3097 3137 3138
3 3097 3138 3098
3 3098 3138 3139
3 3098 3139 3099
3 3099 3139 3140
3 3099 3140 3100
3 3100 3140 3141
3 3100 3141 3101
3 3101 3141 3142
3 3101 3142 3102
3 3102 3142 3143
3 3102 3143 3103
3 3103 3143 3144
3 3103 3144 3104
3 3104 3144 3145
3 3104 3145 3105
3 3105 3145 3146
3 3105 3146 3106
3 3106 3146 3147
3 3106 3147 3107
3 3107 3147 3148
3 3107 3148 3108
3 3108 3148 3149
3 3108 3149 3109
3 3109 3149 3150
3 3109 3150 3110
3 3110 3150 3151
3 3110 3151 3111
3 3111 3151 3152
3 3111 3152 3112
3 3112 3152 3153
3 3112 3153 3113
3 3113 3153 3154
3 3113 3154 3114
3 3114 3154 3155
3 3114 3155 3115
3 3115 3155 3156
3 3115 3156 3116
3 3116 3156 3157
3 3116 3157 3117
3 3117 3157 3158
3 3117 3158 3118
3 3118 3158 3159
3 3118 3159 3119
3 3120 3160 3161
3 3120 3161 3121
3 3121 3161 3162
3 3121 3162 3122
3 3122 3162 3163
3 3122 3163 3123
3 3123 3163 3164
3 3123 3164 3124
3 3124 3164 3165
3 3124 3165 3125
3 3125 3165 3166
3 3125 3166 3126
3 3126 3166 3167
3 3126 3167 3127
3 3127 3167 3168
3 3127 3168 3128
3 3128 3168 3169
3 3128 3169 3129
3 3129 3169 3170
3 3129 3170 3130
3 3130 3170 3171
3 3130 3171 3131
3 3131 3171 3172
3 3131 3172 3132
3 3132 3172 3173
3 3132 3173 3133
3 3133 3173 3174
3 3133 3174 3134
3 3134 3174 3175
3 3134 3175 3135
3 3135 3175 3176
3 3135 3176 3136
3 3136 3176 3177
3 3136 3177 3137
3 3137 3177 3178
3 3137 3178 3138
3 3138 3178 3179
3 3138 3179 3139
3 3139 3179 3180
3 3139 3180 3140
3 3140 3180 3181
3 3140 3181 3141
3 3141 3181 3182
3 3141 3182 3142
3 3142 3182 3183
3 3142 3183 3143
3 3143 3183 3184
3 3143 3184 3144
3 3144 3184 3185
3 3144 3185 3145
3 3145 3185 3186
3 3145 3186 3146
3 3146 3186 3187
3 3146 3187 3147
3 3147 3187 3188
3 3147 3188 3148
3 3148 3188 3189
3 3148 3189 3149
3 3149 3189 3190
3 3149 3190 3150
3 3150 3190 3191
3 3150 3191 3151
3 3151 3191 3192
3 3151 3192 3152
3 3152 3192 3193
3 3152 3193 3153
3 3153 3193 3194
3 3153 3194 3154
3 3154 3194 3195
3 3154 3195 3155
3 3155 3195 3196
3 3155 3196 3156
3 3156 3196 3197
3 3156 3197 3157
3 3157 3197 3198
3 3157 3198 3158
3 3158 3198 3199
3 3158 3199 3159
3 3160 3200 3201
3 3160 3201 3161
3 3161 3201 3202
3 3161 3202 3162
3 3162 3202 3203
3 3162 3203 3163
3 3163 3203 3204
3 3163 3204 3164
3 3164 3204 3205
3 3164 3205 3165
3 3165 3205 3206
3 3165 3206 3166
3 3166 3206 3207
3 3166 3207 3167
3 3167 3207 3208
3 3167 3208 3168
3 3168 3208 3209
3 3168 3209 3169
3 3169 3209 3210
3 3169 3210 3170
3 3170 3210 3211
3 3170 3211 3171
3 3171 3211 3212
3 3171 3212 3172
3 3172 3212 3213
3 3172 3213 3173
3 3173 3213 3214
3 3173 3214 3174
3 3174 3214 3215
3 3174 3215 3175
3 3175 3215 3216
3 3175 3216 3176
3 3176 3216 3217
3 3176 3217 3177
3 3177 3217 3218
3 3177 3218 3178
3 3178 3218 3219
3 3178 3219 3179
3 3179 3219 3220
3 3179 3220 3180
3 3180 3220 3221
3 3180 3221 3181
3 3181 3221 3222
3 3181 3222 3182
3 3182 3222 3223
3 3182 3223 3183
3 3183 3223 3224
3 3183 3224 3184
3 3184 3224 3225
3 3184 3225 3185
3 3185 3225 3226
3 3185 3226 3186
3 3186 3226 3227
3 3186 3227 3187
3 3187 3227 3228
3 3187 3228 3188
3 3188 3228 3229
3 3188 3229 3189
3 3189 3229 3230
3 3189 3230 3190
3 3190 3230 3231
3 3190 3231 3191
3 3191 3231 3232
3 3191 3232 3192
3 3192 3232 3233
3 3192 3233 3193
3 3193 3233 3234
3 3193 3234 3194
3 3194 3234 3235
3 3194 3235 3195
3 3195 3235 3236
3 3195 3236 3196
3 3196 3236 3237
3 3196 3237 3197
3 3197 3237 3238
3 3197 3238 3198
3 3198 3238 3239
3 3198 3239 3199
3 3200 3240 3241
3 3200 3241 3201
3 3201 3241 3242
3 3201 3242 3202
3 3202 3242 3243
3 3202 3243 3203
3 3203 3243 3244
3 3203 3244 3204
3 3204 3244 3245
3 3204 3245 3205
3 3205 3245 3246
3 3205 3246 3206
3 3206 3246 3247
3 3206 3247 3207
3 3207 3247 3248
3 3207 3248 3208
3 3208 3248 3249
3 3208 3249 3209
3 3209 3249 3250
3 3209 3250 3210
3 3210 3250 3251
3 3210 3251 3211
3 3211 3251 3252
3 3211 3252 3212
3 3212 3252 3253
3 3212 3253 3213
3 3213 3253 3254
3 3213 3254 3214
3 3214 3254 3255
3 3214 3255 3215
3 3215 3255 3256
3 3215 3256 3216
3 3216 3256 3257
3 3216 3257 3217
3 3217 3257 3258
3 3217 3258 3218
3 3218 3258 3259
3 3218 3259 3219
3 3219 3259 3260
3 3219 3260 3220
3 3220 3260 3261
3 3220 3261 3221
3 3221 3261 3262
3 3221 3262 3222
3 3222 3262 3263
3 3222 3263 3223
3 3223 3263 3264
3 3223 3264 3224
3 3224 3264 3265
3 3224 3265 3225
3 3225 3265 3266
3 3225 3266 3226
3 3226 3266 3267
3 3226 3267 3227
3 3227 3267 3268
3 3227 3268 3228
3 3228 3268 3269
3 3228 3269 3229
3 3229 3269 3270
3 3229 3270 3230
3 3230 3270 3271
3 3230 3271 3231
3 3231 3271 3272
3 3231 3272 3232
3 3232 3272 3273
3 3232 3273 3233
3 3233 3273 3274
3 3233 3274 3234
3 3234 3274 3275
3 3234 3275 3235
3 3235 3275 3276
3 3235 3276 3236
3 3236 3276 3277
3 3236 3277 3237
3 3237 3277 3278
3 3237 3278 3238
3 3238 3278 3279
3 3238 3279 3239
3 3240 3280 3281
3 3240 3281 3241
3 3241 3281 3282
3 3241 3282 3242
3 3242 3282 3283
3 3242 3283 3243
3 3243 3283 3284
3 3243 3284 3244
3 3244 3284 3285
3 3244 3285 3245
3 3245 3285 3286
3 3245 3286 3246
3 3246 3286 3287
3 3246 3287 3247
3 3247 3287 3288
3 3247 3288 3248
3 3248 3288 3289
3 3248 3289 3249
3 3249 3289 3290
3 3249 3290 3250
3 3250 3290 3291
3 3250 3291 3251
3 3251 3291 3292
3 3251 3292 3252
3 3252 3292 3293
3 3252 3293 3253
3 3253 3293 3294
3 3253 3294 3254
3 3254 3294 3295
3 3254 3295 3255
3 3255 3295 3296
3 3255 3296 3256
3 3256 3296 3297
3 3256 3297 3257
3 3257 3297 3298
3 3257 3298 3258
3 3258 3298 3299
3 3258 3299 3259
3 3259 3299 3300
3 3259 3300 3260
3 3260 3300 3301
3 3260 3301 3261
3 3261 3301 3302
3 3261 3302 3262
3 3262 3302 3303
3 3262 3303 3263
3 3263 3303 3304
3 3263 3304 3264
3 3264 3304 3305
3 3264 3305 3265
3 3265 3305 3306
3 3265 3306 3266
3 3266 3306 3307
3 3266 3307 3267
3 3267 3307 3308
3 3267 3308 3268
3 3268 3308 3309
3 3268 3309 3269
3 3269 3309 3310
3 3269 3310 3270
3 3270 3310 3311
3 3270 3311 3271
3 3271 3311 3312
3 3271 3312 3272
3 3272 3312 3313
3 3272 3313 3273
3 3273 3313 3314
3 3273 3314 3274
3 3274 3314 3315
3 3274 3315 3275
3 3275 3315 3316
3 3275 3316 3276
3 3276 3316 3317
3 3276 3317 3277
3 3277 3317 3318
3 3277 3318 3278
3 3278 3318 3319
3 3278 3319 3279
3 3280 3320 3321
3 3280 3321 3281
3 3281 3321 3322
3 3281 3322 3282
3 3282 3322 3323
3 3282 3323 3283
3 3283 3323 3324
3 3283 3324 3284
3 3284 3324 3325
3 3284 3325 3285
3 3285 3325 3326
3 3285 3326 3286
3 3286 3326 3327
3 3286 3327 3287
3 3287 3327 3328
3 3287 3328 3288
3 3288 3328 3329
3 3288 3329 3289
3 3289 3329 3330
3 3289 3330 3290
3 3290 3330 3331
3 3290 3331 3291
3 3291 3331 3332
3 3291 3332 3292
3 3292 3332 3333
3 3292 3333 3293
3 3293 3333 3334
3 3293 3334 3294
3 3294 3334 3335
3 3294 3335 3295
3 3295 3335 3336
3 3295 3336 3296
3 3296 3336 3337
3 3296 3337 3297
3 3297 3337 3338
3 3297 3338 3298
3 3298 3338 3339
3 3298 3339 3299
3 3299 3339 3340
3 3299 3340 3300
3 3300 3340 3341
3 3300 3341 3301
3 3301 3341 3342
3 3301 3342 3302
3 3302 3342 3343
3 3302 3343 3303
3 3303 3343 3344
3 3303 3344 3304
3 3304 3344 3345
3 3304 3345 3305
3 3305 3345 3346
3 3305 3346 3306
3 3306 3346 3347
3 3306 3347 3307
3 3307 3347 3348
3 3307 3348 3308
3 3308 3348 3349
3 3308 3349 3309
3 3309 3349 3350
3 3309 3350 3310
3 3310 3350 3351
3 3310 3351 3311
3 3311 3351 3352
3 3311 3352 3312
3 3312 3352 3353
3 3312 3353 3313
3 3313 3353 3354
3 3313 3354 3314
3 3314 3354 3355
3 3314 3355 3315
3 3315 3355 3356
3 3315 3356 3316
3 3316 3356 3357
3 3316 3357 3317
3 3317 3357 3358
3 3317 3358 3318
3 3318 3358 3359
3 3318 3359 3319
3 3320 3360 3361
3 3320 3361 3321
3 3321 3361 3362
3 3321 3362 3322
3 3322 3362 3363
3 3322 3363 3323
3 3323 3363 3364
3 3323 3364 3324
3 3324 3364 3365
3 3324 3365 3325
3 3325 3365 3366
3 3325 3366 3326
3 3326 3366 3367
3 3326 3367 3327
3 3327 3367 3368
3 3327 3368 3328
3 3328 3368 3369
3 3328 3369 3329
3 3329 3369 3370
3 3329 3370 3330
3 3330 3370 3371
3 3330 3371 3331
3 3331 3371 3372
3 3331 3372 3332
3 3332 3372 3373
3 3332 3373 3333
3 3333 3373 3374
3 3333 3374 3334
3 3334 3374 3375
3 3334 3375 3335
3 3335 3375 3376
3 3335 3376 3336
3 3336 3376 3377
3 3336 3377 3337
3 3337 3377 3378
3 3337 3378 3338
3 3338 3378 3379
3 3338 3379 3339
3 3339 3379 3380
3 3339 3380 3340
3 3340 3380 3381
3 3340 3381 3341
3 3341 3381 3382
3 3341 3382 3342
3 3342 3382 3383
3 3342 3383 3343
3 3343 3383 3384
3 3343 3384 3344
3 3344 3384 3385
3 3344 3385 3345
3 3345 3385 3386
3 3345 3386 3346
3 3346 3386 3387
3 3346 3387 3347
3 3347 3387 3388
3 3347 3388 3348
3 3348 3388 3389
3 3348 3389 3349
3 3349 3389 3390
3 3349 3390 3350
3 3350 3390 3391
3 3350 3391 3351
3 3351 3391 3392
3 3351 3392 3352
3 3352 3392 3393
3 3352 3393 3353
3 3353 3393 3394
3 3353 3394 3354
3 3354 3394 3395
3 3354 3395 3355
3 3355 3395 3396
3 3355 3396 3356
3 3356 3396 3397
3 3356 3397 3357
3 3357 3397 3398
3 3357 3398 3358
3 3358 3398 3399
3 3358 3399 3359
3 3360 3400 3401
3 3360 3401 3361
3 3361 3401 3402
3 3361 3402 3362
3 3362 3402 3403
3 3362 3403 3363
3 3363 3403 3404
3 3363 3404 3364
3 3364 3404 3405
3 3364 3405 3365
3 3365 3405 3406
3 3365 3406 3366
3 3366 3406 3407
3 3366 3407 3367
3 3367 3407 3408
3 3367 3408 3368
3 3368 3408 3409
3 3368 3409 3369
3 3369 3409 3410
3 3369 3410 3370
3 3370 3410 3411
3 3370 3411 3371
3 3371 3411 3412
3 3371 3412 3372
3 3372 3412 3413
3 3372 3413 3373
3 3373 3413 3414
3 3373 3414 3374
3 3374 3414 3415
3 3374 3415 3375
3 3375 3415 3416
3 3375 3416 3376
3 3376 3416 3417
3 3376 3417 3377
3 3377 3417 3418
3 3377 3418 3378
3 3378 3418 3419
3 3378 3419 3379
3 3379 3419 3420
3 3379 3420 3380
3 3380 3420 3421
3 3380 3421 3381
3 3381 3421 3422
3 3381 3422 3382
3 3382 3422 3423
3 3382 3423 3383
3 3383 3423 3424
3 3383 3424 3384
3 3384 3424 3425
3 3384 3425 3385
3 3385 3425 3426
3 3385 3426 3386
3 3386 3426 3427
3 3386 3427 3387
3 3387 3427 3428
3 3387 3428 3388
3 3388 3428 3429
3 3388 3429 3389
3 3389 3429 3430
3 3389 3430 3390
3 3390 3430 3431
3 3390 3431 3391
3 3391 3431 3432
3 3391 3432 3392
3 3392 3432 3433
3 3392 3433 3393
3 3393 3433 3434
3 3393 3434 3394
3 3394 3434 3435
3 3394 3435 3395
3 3395 3435 3436
3 3395 3436 3396
3 3396 3436 3437
3 3396 3437 3397
3 3397 3437 3438
3 3397 3438 3398
3 3398 3438 3439
3 3398 3439 3399
3 3400 3440 3441
3 3400 3441 3401
3 3401 3441 3442
3 3401 3442 3402
3 3402 3442 3443
3 3402 3443 3403
3 3403 3443 3444
3 3403 3444 3404
3 3404 3444 3445
3 3404 3445 3405
3 3405 3445 3446
3 3405 3446 3406
3 3406 3446 3447
3 3406 3447 3407
3 3407 3447 3448
3 3407 3448 3408
3 3408 3448 3449
3 3408 3449 3409
3 3409 3449 3450
3 3409 3450 3410
3 3410 3450 3451
3 3410 3451 3411
3 3411 3451 3452
3 3411 3452 3412
3 3412 3452 3453
3 3412 3453 3413
3 3413 3453 3454
3 3413 3454 3414
3 3414 3454 3455
3 3414 3455 3415
3 3415 3455 3456
3 3415 3456 3416
3 3416 3456 3457
3 3416 3457 3417
3 3417 3457 3458
3 3417 3458 3418
3 3418 3458 3459
3 3418 3459 3419
3 3419 3459 3460
3 3419 3460 3420
3 3420 3460 3461
3 3420 3461 3421
3 3421 3461 3462
3 3421 3462 3422
3 3422 3462 3463
3 3422 3463 3423
3 3423 3463 3464
3 3423 3464 3424
3 3424 3464 3465
3 3424 3465 3425
3 3425 3465 3466
3 3425 3466 3426
3 3426 3466 3467
3 3426 3467 3427
3 3427 3467 3468
3 3427 3468 3428
3 3428 3468 3469
3 3428 3469 3429
3 3429 3469 3470
3 3429 3470 3430
3 3430 3470 3471
3 3430 3471 3431
3 3431 3471 3472
3 3431 3472 3432
3 3432 3472 3473
3 3432 3473 3433
3 3433 3473 3474
3 3433 3474 3434
3 3434 3474 3475
3 3434 3475 3435
3 3435 3475 3476
3 3435 3476 3436
3 3436 3476 3477
3 3436 3477 3437
3 3437 3477 3478
3 3437 3478 3438
3 3438 3478 3479
3 3438 3479 3439
3 3440 3480 3481
3 3440 3481 3441
3 3441 3481 3482
3 3441 3482 3442
3 3442 3482 3483
3 3442 3483 3443
3 3443 3483 3484
3 3443 3484 3444
3 3444 3484 3485
3 3444 3485 3445
3 3445 3485 3486
3 3445 3486 3446
3 3446 3486 3487
3 3446 3487 3447
3 3447 3487 3488
3 3447 3488 3448
3 3448 3488 3489
3 3448 3489 3449
3 3449 3489 3490
3 3449 3490 3450
3 3450 3490 3491
3 3450 3491 3451
3 3451 3491 3492
3 3451 3492 3452
3 3452 3492 3493
3 3452 3493 3453
3 3453 3493 3494
3 3453 3494 3454
3 3454 3494 3495
3 3454 3495 3455
3 3455 3495 3496
3 3455 3496 3456
3 3456 3496 3497
3 3456 3497 3457
3 3457 3497 3498
3 3457 3498 3458
3 3458 3498 3499
3 3458 3499 3459
3 3459 3499 3500
3 3459 3500 3460
3 3460 3500 3501
3 3460 3501 3461
3 3461 3501 3502
3 3461 3502 3462
3 3462 3502 3503
3 3462 3503 3463
3 3463 3503 3504
3 3463 3504 3464
3 3464 3504 3505
3 3464 3505 3465
3 3465 3505 3506
3 3465 3506 3466
3 3466 3506 3507
3 3466 3507 3467
3 3467 3507 3508
3 3467 3508 3468
3 3468 3508 3509
3 3468 3509 3469
3 3469 3509 3510
3 3469 3510 3470
3 3470 3510 3511
3 3470 3511 3471
3 3471 3511 3512
3 3471 3512 3472
3 3472 3512 3513
3 3472 3513 3473
3 3473 3513 3514
3 3473 3514 3474
3 3474 3514 3515
3 3474 3515 3475
3 3475 3515 3516
3 3475 3516 3476
3 3476 3516 3517
3 3476 3517 3477
3 3477 3517 3518
3 3477 3518 3478
3 3478 3518 3519
3 3478 3519 3479
3 3480 3520 3521
3 3480 3521 3481
3 3481 3521 3522
3 3481 3522 3482
3 3482 3522 3523
3 3482 3523 3483
3 3483 3523 3524
3 3483 3524 3484
3 3484 3524 3525
3 3484 3525 3485
3 3485 3525 3526
3 3485 3526 3486
3 3486 3526 3527
3 3486 3527 3487
3 3487 3527 3528
3 3487 3528 3488
3 3488 3528 3529
3 3488 3529 3489
3 3489 3529 3530
3 3489 3530 3490
3 3490 3530 3531
3 3490 3531 3491
3 3491 3531 3532
3 3491 3532 3492
3 3492 3532 3533
3 3492 3533 3493
3 3493 3533 3534
3 3493 3534 3494
3 3494 3534 3535
3 3494 3535 3495
3 3495 3535 3536
3 3495 3536 3496
3 3496 3536 3537
3 3496 3537 3497
3 3497 3537 3538
3 3497 3538 3498
3 3498 3538 3539
3 3498 3539 3499
3 3499 3539 3540
3 3499 3540 3500
3 3500 3540 3541
3 3500 3541 3501
3 3501 3541 3542
3 3501 3542 3502
3 3502 3542 3543
3 3502 3543 3503
3 3503 3543 3544
3 3503 3544 3504
3 3504 3544 3545
3 3504 3545 3505
3 3505 3545 3546
3 3505 3546 3506
3 3506 3546 3547
3 3506 3547 3507
3 3507 3547 3548
3 3507 3548 3508
3 3508 3548 3549
3 3508 3549 3509
3 3509 3549 3550
3 3509 3550 3510
3 3510 3550 3551
3 3510 3551 3511
3 3511 3551 3552
3 3511 3552 3512
3 3512 3552 3553
3 3512 3553 3513
3 3513 3553 3554
3 3513 3554 3514
3 3514 3554 3555
3 3514 3555 3515
3 3515 3555 3556
3 3515 3556 3516
3 3516 3556 3557
3 3516 3557 3517
3 3517 3557 3558
3 3517 3558 3518
3 3518 3558 3559
3 3518 3559 3519
3 3520 3560 3561
3 3520 3561 3521
3 3521 3561 3562
3 3521 3562 3522
3 3522 3562 3563
3 3522 3563 3523
3 3523 3563 3564
3 3523 3564 3524
3 3524 3564 3565
3 3524 3565 3525
3 3525 3565 3566
3 3525 3566 3526
3 3526 3566 3567
3 3526 3567 3527
3 3527 3567 3568
3 3527 3568 3528
3 3528 3568 3569
3 3528 3569 3529
3 3529 3569 3570
3 3529 3570 3530
3 3530 3570 3571
3 3530 3571 3531
3 3531 3571 3572
3 3531 3572 3532
3 3532 3572 3573
3 3532 3573 3533
3 3533 3573 3574
3 3533 3574 3534
3 3534 3574 3575
3 3534 3575 3535
3 3535 3575 3576
3 3535 3576 3536
3 3536 3576 3577
3 3536 3577 3537
3 3537 3577 3578
3 3537 3578 3538
3 3538 3578 3579
3 3538 3579 3539
3 3539 3579 3580
3 3539 3580 3540
3 3540 3580 3581
3 3540 3581 3541
3 3541 3581 3582
3 3541 3582 3542
3 3542 3582 3583
3 3542 3583 3543
3 3543 3583 3584
3 3543 3584 3544
3 3544 3584 3585
3 3544 3585 3545
3 3545 3585 3586
3 3545 3586 3546
3 3546 3586 3587
3 3546 3587 3547
3 3547 3587 3588
3 3547 3588 3548
3 3548 3588 3589
3 3548 3589 3549
3 3549 3589 3590
3 3549 3590 3550
3 3550 3590 3591
3 3550 3591 3551
3 3551 3591 3592
3 3551 3592 3552
3 3552 3592 3593
3 3552 3593 3553
3 3553 3593 3594
3 3553 3594 3554
3 3554 3594 3595
3 3554 3595 3555
3 3555 3595 3596
3 3555 3596 3556
3 3556 3596 3597
3 3556 3597 3557
3 3557 3597 3598
3 3557 3598 3558
3 3558 3598 3599
3 3558 3599 3559
3 3560 3600 3601
3 3560 3601 3561
3 3561 3601 3602
3 3561 3602 3562
3 3562 3602 3603
3 3562 3603 3563
3 3563 3603 3604
3 3563 3604 3564
3 3564 3604 3605
3 3564 3605 3565
3 3565 3605 3606
3 3565 3606 3566
3 3566 3606 3607
3 3566 3607 3567
3 3567 3607 3608
3 3567 3608 3568
3 3568 3608 3609
3 3568 3609 3569
3 3569 3609 3610
3 3569 3610 3570
3 3570 3610 3611
3 3570 3611 3571
3 3571 3611 3612
3 3571 3612 3572
3 3572 3612 3613
3 3572 3613 3573
3 3573 3613 3614
3 3573 3614 3574
3 3574 3614 3615
3 3574 3615 3575
3 3575 3615 3616
3 3575 3616 3576
3 3576 3616 3617
3 3576 3617 3577
3 3577 3617 3618
3 3577 3618 3578
3 3578 3618 3619
3 3578 3619 3579
3 3579 3619 3620
3 3579 3620 3580
3 3580 3620 3621
3 3580 3621 3581
3 3581 3621 3622
3 3581 3622 3582
3 3582 3622 3623
3 3582 3623 3583
3 3583 3623 3624
3 3583 3624 3584
3 3584 3624 3625
3 3584 3625 3585
3 3585 3625 3626
3 3585 3626 3586
3 3586 3626 3627
3 3586 3627 3587
3 3587 3627 3628
3 3587 3628 3588
3 3588 3628 3629
3 3588 3629 3589
3 3589 3629 3630
3 3589 3630 3590
3 3590 3630 3631
3 3590 3631 3591
3 3591 3631 3632
3 3591 3632 3592
3 3592 3632 3633
3 3592 3633 3593
3 3593 3633 3634
3 3593 3634 3594
3 3594 3634 3635
3 3594 3635 3595
3 3595 3635 3636
3 3595 3636 3596
3 3596 3636 3637
3 3596 3637 3597
3 3597 3637 3638
3 3597 3638 3598
3 3598 3638 3639
3 3598 3639 3599
3 3600 3640 3641
3 3600 3641 3601
3 3601 3641 3642
3 3601 3642 3602
3 3602 3642 3643
3 3602 3643 3603
3 3603 3643 3644
3 3603 3644 3604
3 3604 3644 3645
3 3604 3645 3605
3 3605 3645 3646
3 3605 3646 3606
3 3606 3646 3647
3 3606 3647 3607
3 3607 3647 3648
3 3607 3648 3608
3 3608 3648 3649
3 3608 3649 3609
3 3609 3649 3650
3 3609 3650 3610
3 3610 3650 3651
3 3610 3651 3611
3 3611 3651 3652
3 3611 3652 3612
3 3612 3652 3653
3 3612 3653 3613
3 3613 3653 3654
3 3613 3654 3614
3 3614 3654 3655
3 3614 3655 3615
3 3615 3655 3656
3 3615 3656 3616
3 3616 3656 3657
3 3616 3657 3617
3 3617 3657 3658
3 3617 3658 3618
3 3618 3658 3659
3 3618 3659 3619
3 3619 3659 3660
3 3619 3660 3620
3 3620 3660 3661
3 3620 3661 3621
3 3621 3661 3662
3 3621 3662 3622
3 3622 3662 3663
3 3622 3663 3623
3 3623 3663 3664
3 3623 3664 3624
3 3624 3664 3665
3 3624 3665 3625
3 3625 3665 3666
3 3625 3666 3626
3 3626 3666 3667
3 3626 3667 3627
3 3627 3667 3668
3 3627 3668 3628
3 3628 3668 3669
3 3628 3669 3629
3 3629 3669 3670
3 3629 3670 3630
3 3630 3670 3671
3 3630 3671 3631
3 3631 3671 3672
3 3631 3672 3632
3 3632 3672 3673
3 3632 3673 3633
3 3633 3673 3674
3 3633 3674 3634
3 3634 3674 3675
3 3634 3675 3635
3 3635 3675 3676
3 3635 3676 3636
3 3636 3676 3677
3 3636 3677 3637
3 3637 3677 3678
3 3637 3678 3638
3 3638 3678 3679
3 3638 3679 3639
3 3640 3680 3681
3 3640 3681 3641
3 3641 3681 3682
3 3641 3682 3642
3 3642 3682 3683
3 3642 3683 3643
3 3643 3683 3684
3 3643 3684 3644
3 3644 3684 3685
3 3644 3685 3645
3 3645 3685 3686
3 3645 3686 3646
3 3646 3686 3687
3 3646 3687 3647
3 3647 3687 3688
3 3647 3688 3648
3 3648 3688 3689
3 3648 3689 3649
3 3649 3689 3690
3 3649 3690 3650
3 3650 3690 3691
3 3650 3691 3651
3 3651 3691 3692
3 3651 3692 3652
3 3652 3692 3693
3 3652 3693 3653
3 3653 3693 3694
3 3653 3694 3654
3 3654 3694 3695
3 3654 3695 3655
3 3655 3695 3696
3 3655 3696 3656
3 3656 3696 3697
3 3656 3697 3657
3 3657 3697 3698
3 3657 3698 3658
3 3658 3698 3699
3 3658 3699 3659
3 3659 3699 3700
3 3659 3700 3660
3 3660 3700 3701
3 3660 3701 3661
3 3661 3701 3702
3 3661 3702 3662
3 3662 3702 3703
3 3662 3703 3663
3 3663 3703 3704
3 3663 3704 3664
3 3664 3704 3705
3 3664 3705 3665
3 3665 3705 3706
3 3665 3706 3666
3 3666 3706 3707
3 3666 3707 3667
3 3667 3707 3708
3 3667 3708 3668
3 3668 3708 3709
3 3668 3709 3669
3 3669 3709 3710
3 3669 3710 3670
3 3670 3710 3711
3 3670 3711 3671
3 3671 3711 3712
3 3671 3712 3672
3 3672 3712 3713
3 3672 3713 3673
3 3673 3713 3714
3 3673 3714 3674
3 3674 3714 3715
3 3674 3715 3675
3 3675 3715 3716
3 3675 3716 3676
3 3676 3716 3717
3 3676 3717 3677
3 3677 3717 3718
3 3677 3718 3678
3 3678 3718 3719
3 3678 3719 3679
3 3680 3720 3721
3 3680 3721 3681
3 3681 3721 3722
3 3681 3722 3682
3 3682 3722 3723
3 3682 3723 3683
3 3683 3723 3724
3 3683 3724 3684
3 3684 3724 3725
3 3684 3725 3685
3 3685 3725 3726
3 3685 3726 3686
3 3686 3726 3727
3 3686 3727 3687
3 3687 3727 3728
3 3687 3728 3688
3 3688 3728 3729
3 3688 3729 3689
3 3689 3729 3730
3 3689 3730 3690
3 3690 3730 3731
3 3690 3731 3691
3 3691 3731 3732
3 3691 3732 3692
3 3692 3732 3733
3 3692 3733 3693
3 3693 3733 3734
3 3693 3734 3694
3 3694 3734 3735
3 3694 3735 3695
3 3695 3735 3736
3 3695 3736 3696
3 3696 3736 3737
3 3696 3737 3697
3 3697 3737 3738
3 3697 3738 3698
3 3698 3738 3739
3 3698 3739 3699
3 3699 3739 3740
3 3699 3740 3700
3 3700 3740 3741
3 3700 3741 3701
3 3701 3741 3742
3 3701 3742 3702
3 3702 3742 3743
3 3702 3743 3703
3 3703 3743 3744
3 3703 3744 3704
3 3704 3744 3745
3 3704 3745 3705
3 3705 3745 3746
3 3705 3746 3706
3 3706 3746 3747
3 3706 3747 3707
3 3707 3747 3748
3 3707 3748 3708
3 3708 3748 3749
3 3708 3749 3709
3 3709 3749 3750
3 3709 3750 3710
3 3710 3750 3751
3 3710 3751 3711
3 3711 3751 3752
3 3711 3752 3712
3 3712 3752 3753
3 3712 3753 3713
3 3713 3753 3754
3 3713 3754 3714
3 3714 3754 3755
3 3714 3755 3715
3 3715 3755 3756
3 3715 3756 3716
3 3716 3756 3757
3 3716 3757 3717
3 3717 3757 3758
3 3717 3758 3718
3 3718 3758 3759
3 3718 3759 3719
3 3720 3760 3761
3 3720 3761 3721
3 3721 3761 3762
3 3721 3762 3722
3 3722 3762 3763
3 3722 3763 3723
3 3723 3763 3764
3 3723 3764 3724
3 3724 3764 3765
3 3724 3765 3725
3 3725 3765 3766
3 3725 3766 3726
3 3726 3766 3767
3 3726 3767 3727
3 3727 3767 3768
3 3727 3768 3728
3 3728 3768 3769
3 3728 3769 3729
3 3729 3769 3770
3 3729 3770 3730
3 3730 3770 3771
3 3730 3771 3731
3 3731 3771 3772
3 3731 3772 3732
3 3732 3772 3773
3 3732 3773 3733
3 3733 3773 3774
3 3733 3774 3734
3 3734 3774 3775
3 3734 3775 3735
3 3735 3775 3776
3 3735 3776 3736
3 3736 3776 3777
3 3736 3777 3737
3 3737 3777 3778
3 3737 3778 3738
3 3738 3778 3779
3 3738 3779 3739
3 3739 3779 3780
3 3739 3780 3740
3 3740 3780 3781
3 3740 3781 3741
3 3741 3781 3782
3 3741 3782 3742
3 3742 3782 3783
3 3742 3783 3743
3 3743 3783 3784
3 3743 3784 3744
3 3744 3784 3785
3 3744 3785 3745
3 3745 3785 3786
3 3745 3786 3746
3 3746 3786 3787
3 3746 3787 3747
3 3747 3787 3788
3 3747 3788 3748
3 3748 3788 3789
3 3748 3789 3749
3 3749 3789 3790
3 3749 3790 3750
3 3750 3790 3791
3 3750 3791 3751
3 3751 3791 3792
3 3751 3792 3752
3 3752 3792 3793
3 3752 3793 3753
3 3753 3793 3794
3 3753 3794 3754
3 3754 3794 3795
3 3754 3795 3755
3 3755 3795 3796
3 3755 3796 3756
3 3756 3796 3797
3 3756 3797 3757
3 3757 3797 3798
3 3757 3798 3758
3 3758 3798 3799
3 3758 3799 3759
3 3760 3800 3801
3 3760 3801 3761
3 3761 3801 3802
3 3761 3802 3762
3 3762 3802 3803
3 3762 3803 3763
3 3763 3803 3804
3 3763 3804 3764
3 3764 3804 3805
3 3764 3805 3765
3 3765 3805 3806
3 3765 3806 3766
3 3766 3806 3807
3 3766 3807 3767
3 3767 3807 3808
3 3767 3808 3768
3 3768 3808 3809
3 3768 3809 3769
3 3769 3809 3810
3 3769 3810 3770
3 3770 3810 3811
3 3770 3811 3771
3 3771 3811 3812
3 3771 3812 3772
3 3772 3812 3813
3 3772 3813 3773
3 3773 3813 3814
3 3773 3814 3774
3 3774 3814 3815
3 3774 3815 3775
3 3775 3815 3816
3 3775 3816 3776
3 3776 3816 3817
3 3776 3817 3777
3 3777 3817 3818
3 3777 3818 3778
3 3778 3818 3819
3 3778 3819 3779
3 3779 3819 3820
3 3779 3820 3780
3 3780 3820 3821
3 3780 3821 3781
3 3781 3821 3822
3 3781 3822 3782
3 3782 3822 3823
3 3782 3823 3783
3 3783 3823 3824
3 3783 3824 3784
3 3784 3824 3825
3 3784 3825 3785
3 3785 3825 3826
3 3785 3826 3786
3 3786 3826 3827
3 3786 3827 3787
3 3787 3827 3828
3 3787 3828 3788
3 3788 3828 3829
3 3788 3829 3789
3 3789 3829 3830
3 3789 3830 3790
3 3790 3830 3831
3 3790 3831 3791
3 3791 3831 3832
3 3791 3832 3792
3 3792 3832 3833
3 3792 3833 3793
3 3793 3833 3834
3 3793 3834 3794
3 3794 3834 3835
3 3794 3835 3795
3 3795 3835 3836
3 3795 3836 3796
3 3796 3836 3837
3 3796 3837 3797
3 3797 3837 3838
3 3797 3838 3798
3 3798 3838 3839
3 3798 3839 3799
