ply
format ascii 1.0
element vertex 1586
property float x
property float y
property float z
property float nx
property float ny
property float nz
property uchar red
property uchar green
property uchar blue
element face 0
property list uchar int vertex_indices
end_header
1.32121592 1.58027692 0.909047241 0.228374709 0.482698611 0.845486276 255 211 0
1.31496087 1.57925393 0.911998247 0.247045644 0.466628589 0.849250381 255 211 0
1.30927289 1.57684187 0.915822931 0.261008944 0.433817607 0.862366868 255 211 0
1.30423078 1.57287438 0.920622167 0.0694745995 0.801986797 0.593287837 255 211 0
1.30234815 1.56134249 0.930154458 -0.0157329647 0.819446173 0.572940175 255 211 0
1.29199668 1.57013815 0.926960321 -0.483113142 -0.221033087 -0.847198953 255 211 0
1.28623962 1.56790409 0.930671809 -0.449109208 -0.309922081 -0.838003116 255 211 0
1.28279203 1.56022066 0.937781431 0.32970107 0.445308147 0.832464929 255 211 0
1.27649954 1.55927852 0.940683118 -0.123597161 -0.809915614 -0.573376352 255 211 0
1.27020225 1.55833538 0.943587238 0.301688933 0.39165179 0.869248332 255 211 0
1.26389991 1.55739181 0.94649343 0.195917027 0.175892865 0.964716652 255 211 0
1.25546734 1.56135319 0.946358794 0.316589129 -0.0122895569 0.948483152 255 211 0
1.24712676 1.56503705 0.946406068 0.245596432 0.100492109 0.964149225 255 211 0
1.24072747 1.5642263 0.949243498 0.247378079 0.357946534 0.90037679 255 211 0
1.23432242 1.56341511 0.952083263 0.204635103 0.626056878 0.752447513 255 211 0
1.22791177 1.56260308 0.954925605 0.240115168 0.683117822 0.689706276 255 211 0
1.22149553 1.56179022 0.957770529 0.263231214 0.670584078 0.693560611 255 211 0
1.2150735 1.5609769 0.9606178 0.299918404 0.648827365 0.69933683 255 211 0
1.42638757 1.62614201 0.846706173 -0.092008439 -0.785983368 -0.611362898 255 211 0
1.42102894 1.62275817 0.851160974 0.0894172421 0.782724534 0.615911407 255 211 0
1.4156753 1.61937763 0.855611508 0.0895106597 0.781103391 0.617952534 255 211 0
1.41032673 1.61600019 0.860057905 -0.105008951 0.853926994 0.509687953 255 211 0
1.40498313 1.61262606 0.864500044 -0.104506445 0.853924787 0.509794921 255 211 0
1.39964465 1.60925482 0.868938181 -0.108531553 0.853198652 0.510169543 255 211 0
1.39431114 1.60588688 0.873372071 -0.0183155909 0.765914636 0.642681344 255 211 0
1.38898258 1.60252223 0.877801717 -0.266256008 0.837725801 0.476784249 255 211 0
1.38365905 1.59916066 0.882227251 -0.245933652 0.868173253 0.431035778 255 211 0
1.37834053 1.59580219 0.886648675 0.0851885542 0.807647661 0.583479362 255 211 0
1.37632015 1.58393455 0.896454783 -0.310281927 0.819808752 0.481288621 255 211 0
1.3738872 1.57324521 0.905499934 -0.306713121 0.937011559 0.167141855 255 211 0
1.3678255 1.57192717 0.908613612 -0.239370032 0.96977319 0.047349208 255 211 0
1.35014499 1.60009769 0.893132243 -0.0903067125 0.858788103 0.504309124 255 211 0
1.35301189 1.57605543 0.910584141 -0.476453538 0.228738558 -0.848923258 255 211 0
1.34749038 1.57331752 0.914599852 -0.222395687 0.945748053 0.23685603 255 211 0
1.34220331 1.57000328 0.918976428 -0.188689355 0.89764532 0.398282822 255 211 0
1.33548731 1.57024709 0.921118727 0.0198477704 0.877062492 0.479966094 255 211 0
1.33173006 1.56317126 0.92785076 -0.0710276323 -0.937292245 -0.3412306 255 211 0
1.3225935 1.56933692 0.926289093 0.130522914 0.865603682 0.483419109 255 211 0
1.31561658 1.57014605 0.928088152 0.159140067 0.810414586 0.563828554 255 211 0
1.30708696 1.574684 0.927564834 -0.338601953 0.938843034 0.0626296592 255 211 0
1.30145583 1.57216533 0.931450343 -0.408645116 -0.381936436 -0.828935298 255 211 0
1.29822818 1.56389616 0.93891428 -0.293885049 0.953548876 -0.0661522406 255 211 0
1.28404483 1.5817865 0.930107347 -0.619056464 0.282886264 -0.732628457 255 211 0
1.28434226 1.56516362 0.942757976 -0.0296179357 0.715827857 0.697648377 255 211 0
1.27927881 1.56132711 0.947457705 0.0222137516 -0.881200792 -0.472219984 255 211 0
1.27588107 1.55361091 0.954556363 -0.00581317048 0.985582965 0.169092949 255 211 0
1.25996147 1.57511185 0.943581424 0.0666618699 -0.162126969 0.984515638 255 211 0
1.25393656 1.57344222 0.946952101 0.269841963 0.0598900494 0.96104032 255 211 0
1.24791009 1.57177204 0.950323737 0.249499597 0.0810437887 0.964977645 255 211 0
1.23768662 1.57970783 0.947780938 -0.402653261 0.29331482 -0.867085214 255 211 0
1.2389782 1.56131219 0.961446895 0.249118917 0.664291832 0.704738339 255 211 0
1.23317701 1.5591585 0.965111361 -0.047591522 0.851015894 0.522978962 255 211 0
1.2273763 1.55700499 0.968775534 -0.0269746709 0.894624666 0.446003447 255 211 0
1.22157615 1.55485144 0.972439531 -0.0145739333 0.898157929 0.439431377 255 211 0
1.43597726 1.59111267 0.879476803 -0.234248326 0.501348446 0.832933045 255 211 0
1.42583341 1.60100306 0.875445623 0.123148796 0.7007799 0.702667706 255 211 0
1.42885423 1.57510485 0.894190052 0.0748980764 -0.921450472 -0.381207695 255 211 0
1.42314803 1.57298278 0.897796926 0.138119877 0.982661302 0.123691818 255 211 0
1.41284392 1.58315575 0.8936055 0.189062027 0.738557905 0.647138139 255 211 0
1.40071829 1.59801885 0.8864628 -0.0857372355 0.733673391 0.67407157 255 211 0
1.41293594 1.54838551 0.920150014 0.114091561 -0.946215583 -0.30275268 255 211 0
1.40061007 1.56375599 0.912689143 0.592410725 0.641659587 0.48715758 255 211 0
1.38649455 1.58358449 0.90244333 -0.120223129 0.769389419 0.627364584 255 211 0
1.37921017 1.58543506 0.903562696 -0.383631119 0.853037597 0.353771143 255 211 0
1.37641274 1.57567396 0.911996635 -0.422633809 0.892999497 -0.154701525 255 211 0
1.36859984 1.57885549 0.912282532 -0.364333393 0.317461784 -0.875487975 255 211 0
1.36219612 1.57838617 0.914868769 -0.351844308 0.669232048 -0.654472343 255 211 0
1.35595543 1.57748568 0.917727854 -0.239614791 0.848615558 0.471631623 255 211 0
1.35414623 1.56541938 0.92758002 -0.28867511 0.875452326 0.387620827 255 211 0
1.34746582 1.56565837 0.929721103 -0.316232408 0.882948436 0.346985769 255 211 0
1.34077452 1.56589804 0.931865459 0.0938516234 -0.945800565 -0.310890921 255 211 0
1.33407246 1.56613798 0.934013345 -0.0635020922 -0.944044343 -0.323647591 255 211 0
1.31389 1.59949089 0.915540553 0.487576132 -0.861891724 0.139327567 255 211 0
1.32372179 1.55907665 0.943011096 -0.0259233983 0.896065661 0.443163975 255 211 0
1.30709193 1.58340699 0.930198922 0.129116531 -0.940941228 0.312983269 255 211 0
1.31350833 1.55175309 0.952161555 0.242376843 0.618190158 0.747726149 255 211 0
1.30887564 1.54698066 0.957420803 0.252630087 0.616651667 0.745599598 255 211 0
1.28760355 1.58198534 0.938064516 0.116080037 0.60238518 0.7897199 255 211 0
1.29293913 1.55337425 0.958077348 0.0105547116 0.779837337 0.625893223 255 211 0
1.28733682 1.55089518 0.961920956 0.479849564 0.81068849 0.335452782 255 211 0
1.28173634 1.54841698 0.965763271 0.438010488 0.741378722 0.508433283 255 211 0
1.26151777 1.5800823 0.948592938 0.102475935 -0.0848095425 0.991113527 255 211 0
1.25497817 1.57960519 0.951232397 0.282010375 0.146979986 0.948085983 255 211 0
1.26577213 1.53907922 0.978453648 0.17082671 0.352036798 0.920265357 255 211 0
1.25997673 1.53707942 0.981998101 0.181390528 0.246761446 0.951948667 255 211 0
1.25418126 1.53507959 0.985542599 0.242605903 0.303622436 0.921387971 255 211 0
1.24838572 1.53307973 0.989087142 0.449412677 0.213085471 0.867538373 255 211 0
1.24259018 1.53107965 0.992631848 -0.259463325 -0.783918066 -0.564048977 255 211 0
1.23679449 1.52907975 0.99617648 0.209189237 0.801311154 0.560482201 255 211 0
1.44072301 1.58729404 0.889929026 0.397813807 -0.740377605 -0.541835008 255 211 0
1.43925325 1.57356619 0.900894931 -0.570186611 0.821514999 0.000579163246 255 211 0
1.41870648 1.61179878 0.878950264 0.13333953 0.74208158 0.656913616 255 211 0
1.41369669 1.60759409 0.883899633 0.0990992442 0.748869287 0.655266458 255 211 0
1.41634372 1.58287797 0.901796476 0.0222719413 0.998599853 0.0479822288 255 211 0
1.41053224 1.58099075 0.905260871 -0.0457105112 0.949763606 0.309612084 255 211 0
1.40433008 1.58013711 0.908074521 0.124326617 0.861328459 0.49260144 255 211 0
1.39890763 1.57721617 0.912190336 0.168379322 0.825033226 0.539415036 255 211 0
1.38876229 1.58666721 0.90853301 0.0248097478 0.934587563 0.354866965 255 211 0
1.38337889 1.58359181 0.912752816 -0.0759472695 0.869693507 0.487714277 255 211 0
1.37487227 1.58860488 0.911903146 -0.430497876 -0.131536055 -0.892955679 255 211 0
1.37259507 1.5775228 0.921136082 -0.573691186 0.103318441 -0.812529213 255 211 0
1.36034516 1.59202757 0.914364744 -0.382773586 0.780297959 -0.494590211 255 211 0
1.35914607 1.57827075 0.925258281 0.10410546 0.794929503 0.59770322 255 211 0
1.35353403 1.57579375 0.929102191 0.231397397 -0.863523371 -0.448087751 255 211 0
1.30764473 1.67440716 0.870020945 -0.268252333 0.960491861 -0.0741354902 255 211 0
1.34602956 1.56157543 0.942546793 -0.060665558 0.950297849 0.30537467 255 211 0
1.33935214 1.56181118 0.944696722 0.0243122553 0.980639169 0.194308348 255 211 0
1.332664 1.56204722 0.946850167 -0.0921516661 0.950549087 0.296588105 255 211 0
1.32596505 1.56228374 0.949007021 0.376341253 0.524385815 0.763797603 255 211 0
1.31925533 1.56252054 0.951167419 -0.512253875 -0.306599281 -0.802242388 255 211 0
1.31851482 1.54826448 0.962281121 -0.196502236 0.863101066 0.465234803 255 211 0
1.31274294 1.54627267 0.96581134 -0.129800608 0.887968235 0.441207678 255 211 0
1.30697099 1.54428084 0.969341603 -0.0231524199 0.935423191 0.352771058 255 211 0
1.30119896 1.54228898 0.972871911 0.0156914766 -0.917767885 -0.396807116 255 211 0
1.29542686 1.5402971 0.976402263 -0.148164855 -0.845997256 -0.512187289 255 211 0
1.28965469 1.53830519 0.979932659 0.319050506 0.832312609 0.45327971 255 211 0
1.28388245 1.53631325 0.983463099 0.221191657 0.89055859 0.397466538 255 211 0
1.27811014 1.53432129 0.986993584 0.0501156604 0.763588716 0.64375515 255 211 0
1.26441914 1.55067294 0.979318657 0.277772669 0.168499421 0.945753821 255 211 0
1.25671526 1.55302897 0.980212165 -0.101715938 0.678700529 0.72733724 255 211 0
1.25157562 1.54946204 0.984721215 0.393680848 -0.0270369268 0.918849495 255 211 0
1.24644164 1.5458991 0.989225249 0.475430868 0.159255286 0.86521861 255 211 0
1.24131332 1.54234014 0.993724276 0.452762751 0.191011877 0.87093074 255 211 0
1.24072068 1.52857582 1.00441196 -0.0858315421 0.787758734 0.609974691 255 211 0
1.44493691 1.58489056 0.899441723 -0.558849612 0.783372346 0.272056755 255 211 0
1.44174357 1.57589216 0.907384888 -0.468787386 0.875689187 0.115787887 255 211 0
1.43555921 1.57513156 0.910125511 -0.32015954 0.946383848 -0.0430752951 255 211 0
1.42936937 1.57437039 0.912868484 -0.299043314 0.93794461 -0.175593291 255 211 0
1.42317411 1.57360845 0.915613939 -0.123589032 0.977842154 0.168968852 255 211 0
1.41697334 1.57284593 0.918361753 -0.0325219256 0.934423802 0.35467518 255 211 0
1.41076714 1.57208264 0.921112056 0.164125672 -0.948978851 -0.269261775 255 211 0
1.40304023 1.57532147 0.921358489 -0.174891282 0.9340324 0.311442636 255 211 0
1.3975775 1.57255158 0.925370841 -0.116564118 0.947863267 0.296594056 255 211 0
1.39211784 1.56978297 0.929381144 -0.106213307 0.956681379 0.271070973 255 211 0
1.38666107 1.56701605 0.933389153 0.0268529221 0.849252043 0.52730436 255 211 0
1.38120729 1.56425061 0.937394994 0.0256783607 0.840608961 0.541033452 255 211 0
1.37471679 1.56415132 0.93974107 0.0362989038 -0.872490806 -0.487280395 255 211 0
1.36683802 1.5675662 0.939907088 0.00761357076 0.851825065 0.523771031 255 211 0
1.36393047 1.55832687 0.947933029 -0.0300282558 -0.923068111 -0.3834626 255 211 0
1.34519025 1.58903365 0.931196091 0.492537414 0.0385156259 0.869438579 255 211 0
1.34881825 1.5633721 0.949392989 0.043063432 0.933818381 0.355146129 255 211 0
1.33091885 1.59155147 0.934279106 0.204661679 0.346025205 0.915631014 255 211 0
1.32572352 1.58795307 0.938826394 0.179470738 -0.672375826 0.718123251 255 211 0
1.32053386 1.58435888 0.943368498 0.585970459 0.656989136 0.474345757 255 211 0
1.31535003 1.58076851 0.947905668 -0.38943884 0.855705878 0.340741603 255 211 0
1.31017192 1.57718215 0.952437788 0.121309207 0.783145127 0.609891618 255 211 0
1.30499961 1.57359961 0.956964986 0.34352431 0.536885478 0.770548527 255 211 0
1.29983293 1.57002127 0.961487028 -0.535704094 0.829350782 -0.158740052 255 211 0
1.29467203 1.56644674 0.96600416 -0.595146272 0.790827963 0.142800726 255 211 0
1.28951682 1.56287621 0.97051627 0.186896452 0.551395262 0.813039348 255 211 0
1.28436728 1.55930967 0.975023363 0.350143245 0.765273088 0.540145174 255 211 0
1.27922349 1.55574692 0.979525566 0.325631636 0.482605281 0.813053615 255 211 0
1.27408528 1.55218836 0.984022647 0.196670865 0.374313878 0.906206208 255 211 0
1.26895279 1.54863359 0.988514851 0.117854956 0.231313266 0.965714442 255 211 0
1.27189391 1.52643986 1.00432146 0.0535164767 0.908373948 0.414720094 255 211 0
1.26597849 1.52482082 1.00761918 0.0306157226 0.921949857 0.386097317 255 211 0
1.26006139 1.52320141 1.01091777 0.0240563061 0.907866151 0.418569404 255 211 0
1.2541426 1.52158163 1.01421723 -0.0440998178 0.916155925 0.398388663 255 211 0
1.24822221 1.5199613 1.01751767 -0.044103336 0.919061157 0.391639483 255 211 0
1.44668933 1.58925847 0.904658215 -0.344715935 0.920547092 0.183749765 255 211 0
1.441223 1.58648904 0.90866899 -0.407906875 0.891310238 0.197934434 255 211 0
1.43575971 1.58372089 0.912677721 -0.421192342 0.906962461 -0.00401320264 255 211 0
1.43029941 1.58095424 0.916684284 -0.336559787 0.938216679 -0.0804796499 255 211 0
1.42484208 1.57818907 0.920688681 -0.377557671 0.901638352 -0.210946643 255 211 0
1.41938764 1.57542558 0.924690789 -0.352676842 0.933361249 0.0667519661 255 211 0
1.41393618 1.57266358 0.928690734 0.186715113 -0.979183967 -0.079600413 255 211 0
1.40848776 1.56990286 0.932688641 -0.274068942 0.960150936 0.0547393316 255 211 0
1.40304222 1.56714382 0.936684266 0.215612619 -0.935753829 -0.279062662 255 211 0
1.39759965 1.56438626 0.940677731 -0.359195352 0.916480625 0.176187294 255 211 0
1.39216004 1.56163018 0.94466904 -0.325446827 0.926451233 0.189136129 255 211 0
1.38672338 1.55887559 0.948658194 -0.261094902 0.955496841 0.137314378 255 211 0
1.38128968 1.55612246 0.952645194 -0.239207189 0.873206388 0.424606318 255 211 0
1.38156851 1.53877869 0.96565401 0.147460616 0.779248582 0.609119869 255 211 0
1.36834123 1.55593019 0.957333605 0.0750367753 0.827771376 0.556025207 255 211 0
1.36340281 1.55192162 0.962095567 0.0439813416 0.8498706 0.525152936 255 211 0
1.35800324 1.54909449 0.966126517 0.142988318 0.860654829 0.488699914 255 211 0
1.35260694 1.54626895 0.970155126 -0.0665031265 -0.869490667 -0.489452056 255 211 0
1.34721381 1.54344519 0.974181275 -0.0303883763 0.913275988 0.406206249 255 211 0
1.33979552 1.54562718 0.975135137 -0.0831129391 0.930410362 0.356971703 255 211 0
1.33375676 1.54437722 0.9781985 -0.0207254015 0.942735732 0.332896075 255 211 0
1.32771475 1.54312656 0.981263521 -0.0363581349 0.928529233 0.369474695 255 211 0
1.32166957 1.54187503 0.984330321 -0.035146579 0.91858505 0.393657495 255 211 0
1.31562104 1.54062301 0.987398662 0.0430085376 -0.919497649 -0.390735638 255 211 0
1.30956926 1.5393703 0.990468666 0.0582599973 -0.916901765 -0.394837847 255 211 0
1.30402074 1.53690956 0.994275001 -0.108828181 0.883288837 0.456023307 255 211 0
1.29881683 1.53363722 0.998573752 -0.14671028 0.84001373 0.522353354 255 211 0
1.2936176 1.53036808 1.00286843 0.0846510867 -0.838753456 -0.537891099 255 211 0
1.2918601 1.51904669 1.01204061 0.0597738078 0.783076643 0.619046092 255 211 0
1.28527335 1.51908449 1.01432309 0.0781272622 0.81948168 0.567755147 255 211 0
1.27675061 1.52358695 1.01391089 -0.0787916002 -0.887276262 -0.45445871 255 211 0
1.27115978 1.52125972 1.01763117 0.060569087 0.913222667 0.402933924 255 211 0
1.26557024 1.51893316 1.0213505 0.0672430479 0.863277632 0.50023005 255 211 0
1.25998206 1.51660709 1.02506898 -0.0967587023 0.866865128 0.489062985 255 211 0
1.25439517 1.51428168 1.02878651 -0.142627057 0.870640385 0.470789595 255 211 0
1.45274859 1.58166529 0.917365146 -0.609404453 0.772701214 0.177648661 255 211 0
1.44681355 1.58026134 0.920510389 0.276977933 -0.960804062 0.0117804398 255 211 0
1.4415449 1.5770223 0.924802662 -0.213532612 0.976930547 0.0032449974 255 211 0
1.43628089 1.57378621 0.929091078 0.292313867 -0.954726052 -0.055233762 255 211 0
1.43102149 1.57055309 0.933375642 -0.253851875 0.962707533 -0.0935597709 255 211 0
1.42576678 1.56732271 0.937656483 -0.241099214 0.955503523 0.169953485 255 211 0
1.42792697 1.54427189 0.954249675 -0.119999458 0.887650721 0.444608061 255 211 0
1.415636 1.55990087 0.94680848 0.22798904 0.638244713 0.735299044 255 211 0
1.41248491 1.55116299 0.954495337 0.0663347227 0.654094293 0.753498746 255 211 0
1.40691766 1.54885299 0.95819327 0.0156797539 0.714701456 0.69925387 255 211 0
1.40135182 1.54654325 0.961890507 -0.072780912 0.570210969 0.818267921 255 211 0
1.39578716 1.54423438 0.965586678 0.0479033691 0.742678791 0.667932242 255 211 0
1.39022391 1.54192577 0.969282152 -0.0746767953 0.882081555 0.465140308 255 211 0
1.38466192 1.53961783 0.972976685 -0.130089466 0.967909325 0.215007601 255 211 0
1.37910119 1.53731055 0.976670277 -0.03467158 0.981053074 0.190611511 255 211 0
1.37354179 1.53500373 0.98036305 -0.193192358 -0.958731099 -0.208593848 255 211 0
1.35879792 1.55583257 0.969870338 0.00797551861 0.89758604 0.440767163 255 211 0
1.35902148 1.53891824 0.982525236 -0.191319204 -0.898126879 -0.395935692 255 211 0
1.35843221 1.52420136 0.993811846 -0.234858981 0.704431137 0.669789544 255 211 0
1.35247511 1.52291637 0.996875297 -0.137514324 0.691686242 0.708985157 255 211 0
1.346515 1.52163077 0.999940264 0.0810668374 0.809719083 0.581191169 255 211 0
1.34055186 1.52034457 1.00300675 0.248964761 0.893167027 0.374525312 255 211 0
1.32902009 1.53259451 0.99784225 0.139681349 0.825295243 0.547153437 255 211 0
1.32301038 1.53132778 1.00091046 0.16192693 0.849106663 0.502789762 255 211 0
1.31699752 1.5300604 1.00398027 -0.0455309836 0.805017493 0.591501281 255 211 0
1.3135935 1.52254726 1.01083411 -0.0822219718 0.792557044 0.604229161 255 211 0
1.3106913 1.51390331 1.01836268 -0.114192426 0.78646638 0.606984945 255 211 0
1.30471008 1.51261328 1.02143841 -0.0729919621 0.794890033 0.602347084 255 211 0
1.29699307 1.51539614 1.02205872 0.0365264828 0.851603715 0.52291197 255 211 0
1.2926221 1.51030359 1.02743051 -0.146903774 -0.898089425 -0.414553574 255 211 0
1.28674854 1.50873874 1.03067525 0.286823963 0.879191694 0.380465477 255 211 0
1.28075524 1.50744607 1.03375721 0.12608754 0.940852416 0.314481578 255 211 0
1.26511482 1.52832708 1.02354069 -0.0232812123 0.924900639 0.379495445 255 211 0
1.26875969 1.5048585 1.03992598 0.105937333 0.976090347 0.189802307 255 211 0
1.2611383 1.50724582 1.04081042 0.0854321964 0.958505115 0.271972949 255 211 0
1.46317288 1.5618314 0.93763602 -0.180199335 0.698698225 0.692350337 255 211 0
1.45761824 1.55952786 0.941323603 0.00349640142 0.778020418 0.628229261 255 211 0
1.452065 1.55722457 0.945010495 0.10198352 0.832210385 0.545000217 255 211 0
1.4351561 1.58597529 0.929414992 -0.189121016 0.977314615 0.0953382642 255 211 0
1.42972135 1.58316458 0.933440623 -0.22743484 0.956961143 0.180274135 255 211 0
1.42428975 1.58035543 0.937463976 -0.286590559 0.947324392 0.142976739 255 211 0
1.41886131 1.57754782 0.941485054 -0.274729557 0.921261505 0.27531965 255 211 0
1.41343602 1.57474177 0.945503858 -0.19727415 0.963827869 0.179217044 255 211 0
1.40801381 1.57193746 0.949520266 0.00167367557 0.850860925 0.525388319 255 211 0
1.40259467 1.5691349 0.953534281 0.0998968243 0.778085063 0.620164703 255 211 0
1.39717875 1.56633368 0.957546149 -0.151842595 -0.754440732 -0.638563237 255 211 0
1.3917659 1.56353421 0.961555627 -0.124101982 0.648507966 0.75102338 255 211 0
1.38635618 1.56073628 0.96556284 -0.143828102 0.694490882 0.704979356 255 211 0
1.38581498 1.54542653 0.977235557 0.163402089 -0.856437483 -0.489708684 255 211 0
1.38020735 1.54322815 0.980862961 0.0736922816 -0.975717518 -0.206263843 255 211 0
1.37460061 1.54103008 0.984489824 0.136525677 0.972837294 0.186944748 255 211 0
1.36899467 1.53883252 0.988116026 -0.191667666 -0.856430449 -0.47936457 255 211 0
1.35935409 1.54677114 0.985564127 0.0974065413 0.920499512 0.378408 255 211 0
1.353963 1.54398285 0.989557538 -0.0575685542 0.895923597 0.440461997 255 211 0
1.34974299 1.53829671 0.995311009 -0.0856582447 0.651753193 0.753578424 255 211 0
1.35219391 1.51618906 1.01102609 0.115570957 -0.924617513 -0.362940502 255 211 0
1.34641826 1.51450018 1.01433069 0.237313824 0.938519944 0.250723881 255 211 0
1.3350538 1.52644329 1.00938386 0.330863605 0.906336283 0.262838006 255 211 0
1.32906808 1.52517955 1.01244374 0.156227005 0.901920631 0.402656551 255 211 0
1.32307915 1.52391536 1.01550508 -0.0335005594 0.831409889 0.554648816 255 211 0
1.31708717 1.52265033 1.01856813 -0.131787114 0.791672724 0.596562197 255 211 0
1.31656774 1.50832647 1.02949379 0.212264967 -0.857315873 -0.468991555 255 211 0
1.31090764 1.50633168 1.03298703 -0.0640661576 0.917673031 0.392137395 255 211 0
1.30524763 1.50433691 1.03648022 0.00747442436 0.937027846 0.349174669 255 211 0
1.30038256 1.50047829 1.04109073 0.114299679 0.963382475 0.24254853 255 211 0
1.29457183 1.49884574 1.04436545 0.0763824618 0.955122783 0.286192573 255 211 0
1.28149037 1.51407032 1.0375635 -0.17930624 0.959602118 -0.216824924 255 211 0
1.27993604 1.50252116 1.0467734 0.219037214 0.966419434 0.134373273 255 211 0
1.27020691 1.50982649 1.0447277 0.0465923279 0.99175962 0.119339895 255 211 0
1.26428931 1.50833607 1.04793354 0.0414625216 0.973289546 0.225805932 255 211 0
1.45732391 1.58733607 0.929638305 0.375032563 0.871843511 0.315022968 255 211 0
1.45189972 1.58453365 0.933651389 0.140767383 0.721488594 0.677966631 255 211 0
1.44647866 1.58173278 0.937662208 0.146962448 0.53423813 0.832461206 255 211 0
1.44832104 1.55901707 0.953981304 -0.0125927371 0.937693957 0.347234021 255 211 0
1.44272938 1.55682579 0.957597061 -0.124103475 0.949583373 0.287905792 255 211 0
1.43713853 1.55463501 0.961212158 -0.107378959 0.939124554 0.326366099 255 211 0
1.43154862 1.55244434 0.964826842 0.123496021 -0.918915491 -0.374623882 255 211 0
1.42595951 1.55025417 0.968440867 -0.0908192555 0.930891944 0.353824888 255 211 0
1.42037128 1.5480643 0.972054356 -0.0133977777 0.952239493 0.305058105 255 211 0
1.41478391 1.54587474 0.975667309 -0.0927967595 0.90755313 0.409555951 255 211 0
1.40919742 1.54368549 0.979279726 -0.0938750187 0.907996688 0.408325231 255 211 0
1.40361173 1.54149673 0.982891486 -0.0415602063 0.928255039 0.369615113 255 211 0
1.39802698 1.53930808 0.986502832 0.000288331555 0.942374994 0.334558348 255 211 0
1.39244303 1.53711994 0.99011352 0.0115751207 0.929194881 0.369408839 255 211 0
1.38685995 1.53493209 0.993723674 0.0645097477 0.948809638 0.309190498 255 211 0
1.38127774 1.53274456 0.997333291 0.157873162 0.93749769 0.310119568 255 211 0
1.37569641 1.53055732 1.00094237 0.0827801749 -0.897016053 -0.434176972 255 211 0
1.36553486 1.53991259 0.997548721 0.050358642 0.907330737 0.417390634 255 211 0
1.36196873 1.53261511 1.0042626 0.347857485 -0.832113031 -0.431952628 255 211 0
1.35582363 1.53180173 1.00704477 0.431110184 -0.77482095 -0.462381342 255 211 0
1.35955889 1.50651347 1.02461602 -0.0247317396 0.783407148 0.62101657 255 211 0
1.34700178 1.52159739 1.01779014 -0.135049911 -0.902309045 -0.409389679 255 211 0
1.34104291 1.5203374 1.02084007 -0.0957887351 -0.973420078 -0.208033339 255 211 0
1.33508084 1.51907696 1.02389146 -0.11104445 -0.923549464 -0.367049749 255 211 0
1.34270373 1.48494071 1.04669744 -0.25207226 0.876568121 0.40998525 255 211 0
1.33538263 1.4871201 1.04765982 0.246983475 0.37239547 0.894606493 255 211 0
1.32970335 1.4853254 1.05101029 -0.534813276 -0.690724646 -0.486697259 255 211 0
1.3154353 1.50395828 1.0421384 -0.0699037368 0.964277087 0.255505709 255 211 0
1.31012586 1.50117066 1.04609982 -0.15172791 0.959077336 0.239059209 255 211 0
1.30015707 1.50935133 1.04351551 -0.287370558 -0.945968528 -0.15020555 255 211 0
1.29654644 1.50254738 1.04987642 0.168527098 0.877462359 0.449063944 255 211 0
1.28784103 1.5076476 1.04914648 0.274935822 0.957809782 -0.0837300188 255 211 0
1.27908492 1.51278708 1.04840514 -0.234389267 0.964288471 -0.123326465 255 211 0
1.27290876 1.51191314 1.05124354 -0.24763603 0.96290871 -0.107159752 255 211 0
1.26849984 1.50698371 1.05648646 -0.015975066 0.898141349 0.439416562 255 211 0
1.47135298 1.55722508 0.956116176 0.115293156 0.906930469 0.405197005 255 211 0
1.46578313 1.55504338 0.959716374 -0.0946630442 -0.905605588 -0.413421609 255 211 0
1.46021421 1.55286178 0.963316164 -0.0838378514 -0.905391311 -0.416218438 255 211 0
1.45464609 1.55068068 0.966915299 0.0545362824 0.868862237 0.49204086 255 211 0
1.44907883 1.54849989 0.970513903 -0.126356885 0.905330521 0.405475753 255 211 0
1.44351244 1.5463194 0.974111975 0.0159651205 0.843966515 0.53615822 255 211 0
1.43794691 1.54413921 0.977709515 0.0159646811 0.843966413 0.536158394 255 211 0
1.43238225 1.54195932 0.981306524 0.00847670543 0.883548061 0.468263781 255 211 0
1.42681846 1.53977973 0.984903002 0.00927078798 0.902203924 0.431210079 255 211 0
1.42125545 1.53760064 0.988498826 -0.0164987576 0.902680787 0.429994405 255 211 0
1.41569331 1.53542186 0.99209412 -0.064885397 0.9150843 0.398008302 255 211 0
1.41013203 1.53324337 0.995688883 -0.12037564 0.900245909 0.418410097 255 211 0
1.40457162 1.53106519 0.999283114 -0.09561774 0.908096104 0.407699293 255 211 0
1.39901207 1.5288873 1.00287682 -0.0351649178 0.929672202 0.36670564 255 211 0
1.39345331 1.52670992 1.00646986 -0.0130390573 0.939279454 0.342905365 255 211 0
1.38238033 1.53863773 1.00152178 0.165442467 0.886065973 0.43303104 255 211 0
1.37702209 1.53587215 1.00548144 0.114361588 0.87788708 0.465011507 255 211 0
1.37409089 1.52698171 1.01313833 0.0513206597 0.74165978 0.668810109 255 211 0
1.36797692 1.52616939 1.01591244 -0.0666181147 0.784885273 0.61604962 255 211 0
1.3618578 1.52535641 1.01868887 -0.250725603 0.809474305 0.530931277 255 211 0
1.36816777 1.49366285 1.04003785 0.128243603 0.944260246 0.303193283 255 211 0
1.35766917 1.50381503 1.03620747 -0.120396213 -0.777592275 -0.617134512 255 211 0
1.35619551 1.49167268 1.04576739 -0.331356188 0.525573233 -0.783566113 255 211 0
1.33961339 1.51652398 1.03315586 -0.109825057 -0.912550002 -0.393942826 255 211 0
1.33390253 1.51468605 1.03655024 -0.139242282 0.86763188 0.477311752 255 211 0
1.33161177 1.50459362 1.04487445 0.00925539846 0.629282415 0.777121599 255 211 0
1.32304766 1.50964556 1.04415349 0.177443788 -0.894000205 -0.41143327 255 211 0
1.31983885 1.50184115 1.0511006 0.131436275 0.981178019 0.141471558 255 211 0
1.31383143 1.500742 1.05405038 0.078352967 -0.978388458 -0.191355265 255 211 0
1.30704307 1.50147557 1.05591327 0.105326501 -0.969160753 -0.222786362 255 211 0
1.29305603 1.51906809 1.04778325 -0.355551766 -0.911088212 -0.208569441 255 211 0
1.29608877 1.49673454 1.06332892 -0.0769314647 0.976549593 0.201078197 255 211 0
1.29005708 1.49565734 1.06627097 0.156273313 -0.956957641 -0.244562312 255 211 0
1.28484143 1.49268734 1.07033218 0.976592785 -0.0934081954 -0.19375614 255 211 0
1.27725674 1.49516491 1.07117966 0.312263942 0.91481732 0.256125948 255 211 0
1.47986857 1.54240489 0.973000013 0.0411228147 0.742148657 0.668972559 255 211 0
1.48245259 1.51754287 0.990513441 -0.158253739 0.120025013 0.9800764 255 211 0
1.47676499 1.51595341 0.993715765 0.0936593809 0.165365568 0.981774999 255 211 0
1.47107596 1.51436346 0.996918957 0.281713677 0.22483614 0.932784066 255 211 0
1.46538546 1.51277322 1.00012289 0.261114318 0.350256171 0.899522055 255 211 0
1.45969354 1.51118248 1.0033277 0.271346985 0.421639901 0.865211308 255 211 0
1.4540002 1.50959125 1.00653337 -0.474167014 -0.148242192 -0.867865136 255 211 0
1.44830538 1.50799973 1.00973979 0.336804064 0.737634227 0.585199769 255 211 0
1.44260907 1.50640792 1.01294696 0.419747294 0.79466811 0.438537119 255 211 0
1.43691142 1.50481541 1.01615512 0.577477454 0.605335036 0.547804057 255 211 0
1.41817845 1.53768341 0.998452433 -0.0106605004 0.912931319 0.407973969 255 211 0
1.41197291 1.5372085 1.00101272 -0.0531288592 0.898346624 0.436062688 255 211 0
1.40576069 1.53673307 1.00357578 -0.0830106426 0.877651852 0.472055568 255 211 0
1.41410606 1.49844205 1.02899547 0.0123008959 0.488024598 0.872743193 255 211 0
1.40378832 1.50875289 1.02502239 0.373217071 0.0316569175 0.927203784 255 211 0
1.40176543 1.49763699 1.03398365 0.195581974 0.639086523 0.743852208 255 211 0
1.39633963 1.49530834 1.03764086 0.539506503 0.521296305 0.661198076 255 211 0
1.39091541 1.49298023 1.0412971 0.278145007 0.608804428 0.742961994 255 211 0
1.38549267 1.49065287 1.04495226 0.174561394 0.511077512 -0.8416223 255 211 0
1.37515347 1.50064949 1.04121978 0.102470589 0.45222979 0.885995483 255 211 0
1.36273141 1.51569609 1.03448437 0.241584965 0.793183778 0.559013595 255 211 0
1.35704418 1.51386521 1.03786555 0.225557811 0.831655504 0.507417773 255 211 0
1.35135642 1.51203414 1.04124706 -0.0724913988 -0.873488589 -0.481417367 255 211 0
1.35184258 1.49508555 1.05363991 0.560631995 -0.824784012 0.0736417037 255 211 0
1.34342184 1.49999092 1.05299947 -0.363902989 0.914778429 -0.175371149 255 211 0
1.3375721 1.49859508 1.05611594 -0.398868855 0.761129693 -0.511454032 255 211 0
1.33451611 1.49046887 1.06322823 -0.0890403388 0.960695485 -0.262937262 255 211 0
1.32877604 1.48883586 1.06648151 -0.211860018 0.830458138 0.515222878 255 211 0
1.32393481 1.48506021 1.07100352 -0.793339964 0.512599936 -0.328409817 255 211 0
1.31805437 1.48376418 1.07405691 -0.544836468 -0.239822111 -0.803516383 255 211 0
1.31217114 1.48246741 1.07711184 0.442172974 0.227826929 0.867512508 255 211 0
1.30628503 1.48117009 1.08016821 0.39238502 0.198189712 0.898195321 255 211 0
1.30039612 1.47987201 1.08322612 0.383477674 0.0300070866 0.923062537 255 211 0
1.29450434 1.47857339 1.08628548 0.322910103 -0.0813382083 0.942927972 255 211 0
1.28860975 1.47727401 1.08934638 0.533197024 0.84065868 -0.0948362672 255 211 0
1.49361736 1.51268575 0.998899644 0.24127867 -0.961798851 -0.12933512 255 211 0
1.48795355 1.51110186 1.00209047 0.207994337 -0.97638562 0.0583907183 255 211 0
1.48228835 1.50951749 1.00528217 -0.171487642 0.975279543 0.139362124 255 211 0
1.47277656 1.51858385 1.00198011 0.26290581 0.39068869 0.882180754 255 211 0
1.46766395 1.51540289 1.00615381 -0.290240683 0.809255062 0.510751007 255 211 0
1.462556 1.51222469 1.01032381 -0.0680764064 0.879542739 0.470924806 255 211 0
1.44957454 1.53046596 1.00148352 -0.499943648 0.100032994 -0.860261442 255 211 0
1.44614522 1.5226509 1.00847918 -0.53103598 -0.288326484 -0.796786437 255 211 0
1.44725974 1.50270736 1.02281119 0.0998329776 0.924429071 0.368054709 255 211 0
1.44972556 1.47937803 1.03916168 -0.180810733 0.50888242 0.841633032 255 211 0
1.44323605 1.48006233 1.04097193 -0.135729456 -0.305661246 0.942416425 255 211 0
1.43128072 1.49512465 1.03411337 -0.417313603 -0.641387075 -0.643794981 255 211 0
1.4302196 1.48143482 1.04460291 0.57943619 -0.214209356 0.786363818 255 211 0
1.42143075 1.48801429 1.04287964 -0.00683991085 0.842375884 0.538846997 255 211 0
1.40556256 1.51282094 1.03022043 0.00764909179 0.496997499 0.867718259 255 211 0
1.39957551 1.51187854 1.03305282 -0.485315785 0.0169805004 -0.874174039 255 211 0
1.40198937 1.48943133 1.04877033 0.330882624 0.898368209 0.2888793 255 211 0
1.3889722 1.50647181 1.04082965 -0.310159556 -0.1959787 -0.93026523 255 211 0
1.38429792 1.50219544 1.04565598 -0.0341318686 -0.588270691 0.807943445 255 211 0
1.37580359 1.50754831 1.04473354 0.0686845184 0.633970018 0.770301534 255 211 0
1.37203072 1.5010175 1.05090328 -0.185880163 0.678964275 -0.710250715 255 211 0
1.36394761 1.50524835 1.0506628 -0.234384038 -0.647399555 -0.725215788 255 211 0
1.35835149 1.50326469 1.05412473 0.180049052 0.85805354 0.480964095 255 211 0
1.35280751 1.50115334 1.05766238 0.152447502 0.858187498 0.490177496 255 211 0
1.33018793 1.54074028 1.03649597 -0.1078394 0.890151263 0.442720446 255 211 0
1.34587372 1.48684977 1.07070076 -0.482845897 0.822930126 -0.299409163 255 211 0
1.33261287 1.50343094 1.06318627 0.251506638 0.967439497 0.0283765813 255 211 0
1.32685015 1.5018031 1.06644486 0.571778692 0.805828481 -0.153979173 255 211 0
1.32108598 1.50017497 1.06970417 -0.483215248 -0.00303106319 -0.875496338 255 211 0
1.3229749 1.48037715 1.08365224 -0.530002524 -0.256219455 -0.808361872 255 211 0
1.31710897 1.47908318 1.08670107 -0.470585218 -0.113405565 -0.875036416 255 211 0
1.31124026 1.47778847 1.08975144 0.35662172 0.0537322477 0.932702415 255 211 0
1.29951176 1.49016524 1.08479541 -0.530538922 0.188379605 -0.826463294 255 211 0
1.29313071 1.48997017 1.08721643 0.929782093 -0.273130053 -0.246789857 255 211 0
1.28843382 1.48586746 1.09192257 -0.193245267 -0.0620205521 0.979188295 255 211 0
1.49390677 1.52086947 1.0015136 0.678900853 -0.436534561 -0.590365318 255 211 0
1.48175585 1.53751831 0.993612223 -0.269376844 0.571433862 0.775177049 255 211 0
1.47644116 1.53481284 0.997504423 -0.427609332 0.790205857 0.439004514 255 211 0
1.47112939 1.53210885 1.0013945 -0.0280614726 0.575618296 0.817236888 255 211 0
1.47463205 1.50507267 1.02003275 -0.290656622 0.937960866 0.189071791 255 211 0
1.46886563 1.50378731 1.02304176 -0.367239951 0.877350794 0.308853368 255 211 0
1.4630964 1.50250166 1.026052 -0.207296606 0.947405602 0.24382523 255 211 0
1.45732456 1.50121509 1.02906384 -0.228964607 0.970331958 0.0776601538 255 211 0
1.4446142 1.51861087 1.02081308 0.504236667 0.667860369 0.547455853 255 211 0
1.43931987 1.51591567 1.02469045 -0.536948552 -0.68947809 -0.486113377 255 211 0
1.44259715 1.49042189 1.04227454 -0.223545322 -0.145583717 0.963759757 255 211 0
1.4254989 1.51910113 1.02729217 0.0149829812 0.992558181 0.120846046 255 211 0
1.43211708 1.48506684 1.0499644 0.642717452 -0.448380185 0.62118394 255 211 0
1.41604187 1.51071404 1.03684677 -0.464502957 0.655935018 0.59496744 255 211 0
1.40902464 1.51250521 1.03803982 -0.0371869472 0.605829967 0.794724595 255 211 0
1.39998302 1.51947833 1.03614468 -0.196267357 0.96214878 0.189073665 255 211 0
1.40064446 1.50144322 1.04917713 0.0692259114 0.295726847 0.952760938 255 211 0
1.39502858 1.49961335 1.05253289 0.519191253 0.854635055 -0.00627421975 255 211 0
1.38550501 1.50769315 1.04999598 0.239628211 0.475961663 0.846190768 255 211 0
1.38925441 1.48218874 1.06741895 0.29095265 0.0555314673 0.9551245 255 211 0
1.38362923 1.48045849 1.07070475 -0.409264915 0.230619231 -0.882789329 255 211 0
1.37800323 1.47872794 1.07399106 0.388127706 -0.895165984 0.219168304 255 211 0
1.3723764 1.47699711 1.07727788 -0.624071597 0.549129202 -0.555870273 255 211 0
1.36674866 1.47526619 1.08056509 -0.648800236 0.380155242 -0.659196667 255 211 0
1.35049184 1.49956797 1.06850231 0.15545918 0.835438021 0.52713922 255 211 0
1.34616303 1.4945205 1.07376485 0.124343457 0.693540362 0.709605856 255 211 0
1.33754105 1.49990455 1.07288869 0.0643309048 0.0621131354 0.995993721 255 211 0
1.32710275 1.50957921 1.06950568 -0.299041045 -0.950315071 0.0864622362 255 211 0
1.32163632 1.50721846 1.07319856 -0.223833256 -0.968309191 -0.110797036 255 211 0
1.31617152 1.50485829 1.07689043 -0.529426332 0.0423079801 -0.847300297 255 211 0
1.31070836 1.50249869 1.08058129 -0.595379753 0.0987216262 -0.79735625 255 211 0
1.30524674 1.50013985 1.08427104 -0.585734927 0.14280696 -0.797822517 255 211 0
1.29978668 1.49778178 1.08795967 0.54745177 -0.160357031 0.821329521 255 211 0
1.29432825 1.49542428 1.0916473 0.38225615 -0.0630241655 0.921904654 255 211 0
1.28887136 1.49306754 1.09533381 0.468190611 -0.254475074 -0.846191461 255 211 0
1.49571598 1.52476139 1.00675412 0.905625846 0.390161727 -0.166179581 255 211 0
1.48966389 1.52425054 1.00930003 0.307750919 0.945198592 0.109036664 255 211 0
1.48693162 1.51440694 1.01749487 0.416528477 -0.879269005 -0.231062858 255 211 0
1.47922478 1.51853269 1.0172363 0.305232834 -0.897897228 -0.317196287 255 211 0
1.4772692 1.50664821 1.02664824 -0.43468841 0.874199431 0.216382393 255 211 0
1.47761712 1.48854629 1.03979053 -0.0694299645 0.72661225 0.683530627 255 211 0
1.46833336 1.4969986 1.03692677 0.171478548 0.783161975 0.597705972 255 211 0
1.46755749 1.4821886 1.04805959 -0.219838087 0.971250985 -0.0913386 255 211 0
1.45733338 1.49306986 1.04375301 -0.371395859 0.651058654 0.66195751 255 211 0
1.45437764 1.48427305 1.05126083 -0.0682759803 -0.960507505 0.269747517 255 211 0
1.43969686 1.50685838 1.03997526 -0.150162894 -0.945136125 -0.290118613 255 211 0
1.43533596 1.50176594 1.04527227 -0.055785919 -0.62361111 0.779741697 255 211 0
1.42954919 1.50047181 1.04829707 -0.00644768084 -0.813529146 0.581488397 255 211 0
1.42025225 1.50837076 1.0458436 0.644096623 0.576602052 -0.502662525 255 211 0
1.42404971 1.48203493 1.06378291 -0.144734096 0.880027665 0.452331018 255 211 0
1.41817816 1.48103213 1.0666246 -0.495010719 -0.630310748 -0.59805748 255 211 0
1.41230264 1.48002862 1.06946824 0.260939579 0.777165292 0.572647051 255 211 0
1.40642315 1.47902441 1.07231381 0.207610943 0.888562713 0.409089234 255 211 0
1.40053967 1.47801949 1.07516134 -0.169925932 0.828495552 0.533591883 255 211 0
1.39465221 1.47701386 1.07801081 0.168756766 -0.934902304 -0.31221601 255 211 0
1.38876077 1.47600752 1.08086223 -0.303442471 0.952517206 -0.0251722008 255 211 0
1.38286525 1.47500067 1.0837155 0.283603223 -0.956306386 0.0710444009 255 211 0
1.37696574 1.47399311 1.08657071 0.269871019 -0.959566768 0.0800078123 255 211 0
1.37106223 1.47298482 1.08942789 -0.175618542 0.975846755 -0.129927824 255 211 0
1.36515472 1.47197583 1.09228702 -0.14125906 0.989953613 -0.0061418755 255 211 0
1.3592432 1.47096611 1.09514812 -0.242624518 0.969912768 -0.0200640529 255 211 0
1.35332768 1.46995568 1.09801119 -0.174677261 0.967788542 0.18130966 255 211 0
1.34740814 1.46894453 1.10087622 -0.161167687 0.966878552 0.197916249 255 211 0
1.3414845 1.46793285 1.1037431 -0.146844703 0.965044753 0.217083529 255 211 0
1.33555684 1.46692045 1.10661196 -0.132026775 0.962263908 0.237943485 255 211 0
1.32962516 1.46590733 1.1094828 -0.103161163 0.980685195 0.166175576 255 211 0
1.32368945 1.46489348 1.11235561 -0.108618087 0.97237181 0.206628108 255 211 0
1.3177497 1.46387891 1.1152304 -0.143611515 0.917335603 0.371310012 255 211 0
1.31180584 1.4628638 1.11810705 0.721713414 -0.0417765831 0.690930145 255 211 0
1.30585794 1.46184797 1.12098569 0.746916601 0.512127377 0.42407681 255 211 0
1.5023705 1.51483756 1.02033724 0.128875054 0.959967548 0.248703693 255 211 0
1.49751423 1.51103289 1.02486221 -0.0980508279 0.886840341 0.451553147 255 211 0
1.48964534 1.51573246 1.0242622 -0.204901635 0.868148577 0.452032486 255 211 0
1.48444414 1.51288637 1.02821143 -0.275496787 0.943557045 0.18385218 255 211 0
1.48592919 1.4914673 1.04331503 -0.265401687 0.742273006 0.615298894 255 211 0
1.47349184 1.5087476 1.03517359 -0.251569449 0.964362863 0.0819578022 255 211 0
1.4673599 1.50848095 1.03757445 -0.432014448 0.901774371 -0.0129035255 255 211 0
1.46255104 1.50458452 1.04214936 0.0213967694 0.949719611 0.312369713 255 211 0
1.45704863 1.50259264 1.04558331 -0.0413011878 0.82157415 0.568603666 255 211 0
1.45154649 1.50060084 1.04901709 0.150468812 0.810193787 0.566520224 255 211 0
1.44604469 1.49860894 1.05245083 0.396380837 0.899606235 0.183278079 255 211 0
1.43921562 1.50015044 1.05378239 -0.142810763 0.98975001 -5.40763688e-05 255 211 0
1.43305238 1.49988851 1.05619107 0.349152379 0.93701516 0.00975735372 255 211 0
1.42582103 1.50241504 1.0569482 0.872582666 0.357783561 0.332551371 255 211 0
1.42996568 1.47515473 1.07535957 -0.319135429 0.92545759 0.204158829 255 211 0
1.42411966 1.4741536 1.07819379 -0.0994672391 0.989345511 0.106309588 255 211 0
1.41826971 1.47315178 1.08102995 -0.0450687788 -0.994585084 -0.0936446212 255 211 0
1.40363275 1.4946981 1.0705653 0.261171063 -0.409864501 0.873956959 255 211 0
1.39809605 1.49274229 1.07398524 0.103817249 -0.473543801 0.874630349 255 211 0
1.39255937 1.49078671 1.07740501 -0.653992297 0.710099716 -0.260868681 255 211 0
1.38702278 1.48883117 1.08082473 -0.486498201 0.873270935 -0.0267838689 255 211 0
1.38148636 1.48687546 1.0842445 0.386803185 -0.921677892 0.0298857772 255 211 0
1.37594995 1.48491998 1.0876641 -0.367332452 0.929326915 -0.0376610482 255 211 0
1.37041372 1.48296433 1.09108376 -0.345386651 0.938137749 0.0246094672 255 211 0
1.3648775 1.48100892 1.09450324 -0.204606997 0.978590236 0.0222963566 255 211 0
1.35934145 1.47905333 1.09792279 -0.235945612 0.968315803 0.0818179359 255 211 0
1.35380542 1.47709798 1.10134216 -0.211780566 0.970384184 0.116204681 255 211 0
1.34826956 1.47514247 1.10476159 -0.189838956 0.970590027 0.148041108 255 211 0
1.34273371 1.47318718 1.10818085 -0.169266986 0.969273909 0.178484668 255 211 0
1.33719803 1.47123173 1.11160016 -0.149623762 0.966614383 0.208012896 255 211 0
1.33166237 1.46927651 1.11501931 -0.130701663 0.962733755 0.236771602 255 211 0
1.32612679 1.46732132 1.11843839 -0.166185676 0.929140165 0.33027394 255 211 0
1.3205914 1.46536596 1.12185754 -0.150601066 0.967830533 0.201552422 255 211 0
1.31821245 1.4560165 1.12953942 0.580659143 0.775340106 0.248359981 255 211 0
1.31229075 1.45500236 1.13241038 0.686396684 0.719062859 0.10866553 255 211 0
1.50699004 1.51064322 1.03039941 0.0567593388 0.885148941 0.46183301 255 211 0
1.49960002 1.51408639 1.03056133 0.0671415785 0.88980032 0.451383871 255 211 0
1.49378129 1.5130238 1.03343333 0.0393498788 -0.895226528 -0.443870533 255 211 0
1.48795882 1.5119608 1.03630697 -0.0560980343 0.920515209 0.386658454 255 211 0
1.48559558 1.50124075 1.04495602 0.218385616 -0.665789796 -0.713464554 255 211 0
1.48134147 1.49587078 1.05039622 -0.0713880833 0.681894503 0.727958535 255 211 0
1.47568126 1.49441597 1.05349629 -0.176977528 -0.847738484 -0.500018416 255 211 0
1.47001926 1.49296032 1.05659761 0.182567045 0.855755797 0.484098431 255 211 0
1.46435527 1.49150442 1.05969983 -0.135905228 -0.835373454 -0.532617086 255 211 0
1.45868936 1.49004808 1.06280307 -0.293237135 -0.882091712 -0.368681697 255 211 0
1.45302158 1.48859109 1.06590744 -0.368474317 -0.871885801 -0.322555155 255 211 0
1.44735188 1.48713365 1.06901284 0.0977116208 0.654118728 0.750054084 255 211 0
1.44168025 1.48567577 1.07211926 -0.335877015 0.750359627 0.569339144 255 211 0
1.42209452 1.52091508 1.05355631 0.36781848 0.928010748 0.0592082542 255 211 0
1.42105297 1.50708573 1.06398987 -0.689898416 -0.421335234 -0.588656773 255 211 0
1.41531898 1.50562834 1.06711843 -0.526370377 0.845373264 0.090985003 255 211 0
1.41832032 1.48153434 1.0835587 0.0514238421 0.998451096 0.0212366932 255 211 0
1.41270439 1.47989584 1.08677639 0.208235721 0.977516102 0.0331685918 255 211 0
1.40708724 1.47825714 1.08999466 0.0929554068 0.989414078 0.111440906 255 211 0
1.40146894 1.47661804 1.09321363 0.073817958 0.963577897 0.257038024 255 211 0
1.39265042 1.48307295 1.09170053 0.389677185 0.862488505 -0.322901333 255 211 0
1.38713375 1.48112455 1.09510779 0.118628069 0.94096659 0.317031952 255 211 0
1.38161724 1.47917598 1.09851511 -0.193054088 0.927632549 0.319731094 255 211 0
1.37610083 1.47722744 1.10192238 0.113660242 -0.956737969 -0.267831678 255 211 0
1.37058443 1.47527913 1.10532947 -0.106767874 0.954740319 0.277617623 255 211 0
1.3650682 1.47333065 1.10873662 0.160955599 -0.902519651 -0.399439074 255 211 0
1.35955207 1.47138221 1.11214372 -0.148691427 0.904197049 0.400397997 255 211 0
1.35403594 1.469434 1.11555064 -0.0595741456 0.905671951 0.419772841 255 211 0
1.34851999 1.46748562 1.11895763 -0.056625378 0.904972932 0.421684193 255 211 0
1.34300405 1.46553747 1.12236444 -0.0174705686 0.879874688 0.474884525 255 211 0
1.33748829 1.46358915 1.12577131 -0.0607683405 0.913539486 0.402185053 255 211 0
1.33197261 1.46164087 1.12917812 0.192587528 -0.80472242 -0.561544184 255 211 0
1.33045945 1.45023577 1.13801871 -0.139187715 0.811498729 0.567535544 255 211 0
1.32456765 1.44922413 1.14088001 -0.053575855 0.842696224 0.535716997 255 211 0
1.30563437 1.47867719 1.12628991 -0.390206466 0.844693817 -0.366375858 255 211 0
1.51266252 1.5033731 1.04225728 -0.056212799 0.789825659 0.61074999 255 211 0
1.50708614 1.50173444 1.04546167 -0.0323274014 0.789785025 0.612531267 255 211 0
1.50150861 1.50009559 1.04866661 -0.119066748 0.739778815 0.662231391 255 211 0
1.50389398 1.4760348 1.06523508 0.0203324932 0.880079508 0.474390819 255 211 0
1.49833883 1.47446802 1.06837971 0.020333121 0.880078414 0.474392822 255 211 0
1.4927823 1.47290098 1.07152503 0.0203338453 0.880078691 0.474392276 255 211 0
1.48722444 1.47133347 1.07467117 0.0203327785 0.880078702 0.474392302 255 211 0
1.48166519 1.46976571 1.07781799 0.0203314848 0.880079196 0.474391441 255 211 0
1.47610462 1.46819749 1.08096563 0.0203310324 0.880078966 0.474391888 255 211 0
1.47054273 1.46662881 1.08411408 0.0203320484 0.88007874 0.474392263 255 211 0
1.46497945 1.46505987 1.08726322 0.0203308367 0.880079395 0.4743911 255 211 0
1.44582011 1.49990456 1.06895002 0.355082393 0.843782529 0.402427059 255 211 0
1.44014683 1.49839922 1.07209286 0.437496602 0.842624849 0.313974659 255 211 0
1.42602729 1.51923909 1.06210264 -0.531873742 -0.827734898 -0.178788314 255 211 0
1.42545631 1.50416894 1.07322709 -0.359554545 -0.253951708 -0.897902589 255 211 0
1.41973761 1.50271475 1.07634931 0.455984159 0.320876806 0.830130424 255 211 0
1.41401691 1.50126009 1.0794726 -0.601570446 -0.184246923 -0.777281204 255 211 0
1.40829421 1.49980496 1.08259696 0.17844088 0.446056793 0.877036025 255 211 0
1.40256958 1.49834916 1.0857225 -0.421002646 -0.208379748 -0.882799328 255 211 0
1.40756068 1.46952978 1.10479582 -0.0156783808 0.889459056 0.456745855 255 211 0
1.40196481 1.46789635 1.10800347 0.0692037223 0.872882329 0.482998223 255 211 0
1.39636781 1.46626253 1.11121181 -0.108959885 -0.847455121 -0.519564781 255 211 0
1.38724393 1.47347317 1.10928841 0.10062058 0.839820151 0.533458163 255 211 0
1.3817472 1.47153169 1.11268338 -0.134546843 -0.836253831 -0.531579417 255 211 0
1.37625056 1.46959024 1.11607828 0.0925231056 0.844182738 0.528010398 255 211 0
1.37075401 1.46764882 1.11947313 0.0407361363 0.837156439 0.545444464 255 211 0
1.36525747 1.46570763 1.12286781 0.0078937419 0.861063933 0.508435436 255 211 0
1.35976111 1.46376628 1.12626254 0.0105357665 0.861555168 0.507554618 255 211 0
1.35426483 1.46182495 1.12965722 0.0099246316 0.867101198 0.498033145 255 211 0
1.34876865 1.45988366 1.13305185 0.0123776747 0.872663867 0.488164489 255 211 0
1.34327256 1.4579424 1.13644642 -0.149313324 0.784328631 0.602108072 255 211 0
1.34260027 1.44450525 1.14642445 0.176086585 -0.812320626 -0.555993449 255 211 0
1.33673811 1.44349602 1.14927621 -0.068246819 0.870724749 0.487012097 255 211 0
1.31653916 1.476266 1.13284215 0.427082785 0.712461145 0.556775908 255 211 0
1.31114969 1.47394255 1.13647503 0.479938928 0.733841536 0.48076525 255 211 0
1.52575055 1.47467703 1.06681703 -0.546207402 0.442938723 0.710959044 255 211 0
1.52022044 1.47311665 1.069949 0.202069198 -0.902097389 -0.38129823 255 211 0
1.51468909 1.47155561 1.07308189 0.0203327426 0.88007845 0.474392771 255 211 0
1.50915636 1.46999431 1.07621547 0.0203325083 0.880078534 0.474392626 255 211 0
1.50362225 1.46843277 1.07934973 0.0203325834 0.880078859 0.47439202 255 211 0
1.49808683 1.46687076 1.08248479 0.0203339239 0.880079194 0.47439134 255 211 0
1.4925501 1.4653083 1.08562066 0.0203337735 0.880079052 0.474391611 255 211 0
1.48701198 1.46374559 1.08875721 0.0203311814 0.880078758 0.474392266 255 211 0
1.48147256 1.46218242 1.09189457 0.0203317201 0.880078893 0.474391994 255 211 0
1.47593182 1.46061879 1.09503274 0.0203312514 0.880079266 0.474391322 255 211 0
1.47038969 1.4590549 1.09817159 0.0203312743 0.880079463 0.474390955 255 211 0
1.46484626 1.45749056 1.10131125 0.0203306728 0.880079593 0.47439074 255 211 0
1.45930144 1.45592596 1.1044516 0.0203302469 0.880079508 0.474390915 255 211 0
1.4537553 1.4543609 1.10759275 0.0203292355 0.880079297 0.47439135 255 211 0
1.44820785 1.45279539 1.11073471 0.0203300218 0.880079246 0.474391412 255 211 0
1.43186676 1.47953474 1.09736497 0.43458499 -0.899490157 0.0453138363 255 211 0
1.42662847 1.47698642 1.10110405 0.381552045 -0.924326712 -0.00617789557 255 211 0
1.42139252 1.47443961 1.1048412 -0.398211242 0.911501601 0.102920538 255 211 0
1.41615907 1.47189388 1.10857665 -0.33516829 0.934799848 0.117522171 255 211 0
1.39667527 1.50585139 1.09113771 -0.510377591 0.841544147 -0.176969385 255 211 0
1.40388487 1.4714262 1.11336627 -0.220126411 0.927641608 0.301704177 255 211 0
1.38686196 1.49871663 1.09984614 -0.448268586 0.761285558 0.468507816 255 211 0
1.3952499 1.46172277 1.12350104 0.0749856963 0.817420961 0.571139316 255 211 0
1.39080815 1.457233 1.12835228 -0.0915965312 -0.861462567 -0.499492063 255 211 0
1.38513494 1.45583618 1.13141812 0.0845590683 0.860437735 0.502490466 255 211 0
1.37945966 1.45443863 1.13448523 0.0772944988 0.895371674 0.438560287 255 211 0
1.37563599 1.44848209 1.14017082 0.0673133794 0.903075364 0.424174251 255 211 0
1.36725265 1.45372025 1.1394314 0.149789699 0.852393796 0.500986888 255 211 0
1.35996868 1.4562047 1.14028049 0.117904496 0.852835162 0.508695111 255 211 0
1.35449203 1.45427042 1.1436629 -0.0344888848 0.820038151 0.571268718 255 211 0
1.34901547 1.45233617 1.14704526 -0.0523089061 0.820620884 0.569073934 255 211 0
1.34880346 1.43781751 1.15759985 -0.0435074752 0.898320507 0.43718116 255 211 0
1.34089705 1.44172994 1.15764418 0.0236664721 0.934627417 0.354840091 255 211 0
1.33258634 1.4465336 1.15719198 -0.00692085403 0.917454255 0.397781085 255 211 0
1.32816603 1.44211722 1.16198249 0.211143366 0.943243979 0.256338205 255 211 0
1.53091148 1.46866604 1.07774726 0.536133778 -0.704544593 -0.464948909 255 211 0
1.52540229 1.46711062 1.08086908 0.427915062 -0.789478684 -0.440013757 255 211 0
1.51989181 1.46555476 1.08399169 0.194452154 -0.902186515 -0.385029677 255 211 0
1.51438002 1.46399844 1.08711509 0.176148494 -0.915005318 -0.362955887 255 211 0
1.50886694 1.46244166 1.0902393 0.200469546 -0.883313446 -0.423756199 255 211 0
1.50335241 1.46088484 1.09336407 -0.0764931757 0.879877668 0.469003288 255 211 0
1.49783665 1.45932737 1.09648975 0.0203338857 0.88007854 0.474392555 255 211 0
1.49231952 1.45776964 1.09961612 0.02033321 0.880078867 0.474391978 255 211 0
1.48680109 1.45621146 1.10274328 0.0203327511 0.880078618 0.47439246 255 211 0
1.48128128 1.45465302 1.10587113 0.0203320335 0.880078973 0.474391831 255 211 0
1.47576017 1.45309414 1.10899977 0.0203322631 0.880079006 0.47439176 255 211 0
1.47023775 1.4515348 1.11212922 0.0203327076 0.880078464 0.474392747 255 211 0
1.46471396 1.4499752 1.11525935 0.0203311937 0.88007861 0.47439254 255 211 0
1.45918887 1.44841516 1.11839028 0.0203310432 0.880077983 0.47439371 255 211 0
1.45366247 1.44685465 1.12152201 0.0203310405 0.880078687 0.474392404 255 211 0
1.44813469 1.4452939 1.12465442 0.0203301961 0.880079157 0.474391569 255 211 0
1.44260561 1.44373269 1.12778763 0.0203306161 0.880079129 0.474391602 255 211 0
1.43707515 1.44217122 1.13092153 0.258277175 0.769624773 0.583926888 255 211 0
1.43154339 1.44060931 1.13405623 0.315670242 0.775139187 0.547276474 255 211 0
1.41935295 1.45614998 1.12731802 0.299397483 0.323080285 0.897764043 255 211 0
1.41371177 1.4547595 1.13036928 0.25373403 -0.190087263 -0.948412291 255 211 0
1.40806845 1.45336849 1.13342168 -0.158488259 0.784998765 0.598880965 255 211 0
1.402423 1.45197698 1.13647523 0.0563865158 0.858104329 0.510369985 255 211 0
1.39677542 1.45058494 1.13952993 0.129359254 0.894431814 0.428086338 255 211 0
1.39112578 1.44919219 1.14258589 0.0975025607 0.905755111 0.41243294 255 211 0
1.38547393 1.44779913 1.14564288 -0.112631522 -0.909134106 -0.400985432 255 211 0
1.37814267 1.45054272 1.14633692 0.0046902016 0.918825961 0.394635091 255 211 0
1.37235059 1.44945847 1.1492229 0.0317200688 -0.87888561 -0.475976809 255 211 0
1.36847576 1.44368949 1.15477934 0.092641262 0.91818663 0.385163483 255 211 0
1.36288011 1.44213693 1.15793055 -0.0343739462 0.894826576 0.445088566 255 211 0
1.35546335 1.44497155 1.15859025 -0.152120442 0.87209686 0.46508756 255 211 0
1.35082119 1.44110043 1.16306143 0.145337408 -0.91522502 -0.375819373 255 211 0
1.34596524 1.43776098 1.16722816 -0.0801116551 -0.951725339 -0.296312339 255 211 0
1.33990091 1.43730271 1.16976317 0.21954672 0.952025614 0.213181772 255 211 0
1.33402211 1.43639098 1.17255668 0.263861768 0.94442457 0.196059175 255 211 0
1.5360347 1.46269893 1.08859762 0.848903331 -0.486314835 0.207029021 255 211 0
1.53054629 1.46114843 1.09170936 -0.783315148 0.561415748 -0.266888997 255 211 0
1.52505659 1.45959748 1.09482188 -0.0525363874 0.998417547 -0.0200581555 255 211 0
1.51956553 1.45804628 1.09793509 -0.527963811 0.843959826 -0.0947946567 255 211 0
1.51407318 1.45649462 1.10104908 0.502249961 -0.863784678 0.0402617144 255 211 0
1.50857954 1.45494252 1.10416387 0.366586339 -0.929892367 0.0302430479 255 211 0
1.50308453 1.45339018 1.10727933 -0.259753862 0.95408895 -0.149138215 255 211 0
1.49758823 1.45183738 1.11039559 -0.26695518 0.949056799 -0.167410046 255 211 0
1.49209057 1.45028433 1.11351252 -0.358350134 0.926482067 -0.114961565 255 211 0
1.48659169 1.44873063 1.11663036 -0.294248628 0.947659598 -0.123931555 255 211 0
1.48109137 1.44717689 1.11974876 -0.304742622 0.941171353 0.146042521 255 211 0
1.47558983 1.44562249 1.12286808 -0.189943376 0.927678298 0.321456824 255 211 0
1.47008692 1.44406784 1.12598807 0.0203327372 0.880078319 0.474393014 255 211 0
1.46458265 1.44251295 1.12910874 0.0203315772 0.880078486 0.474392755 255 211 0
1.45907715 1.4409574 1.13223031 0.0203315163 0.880079063 0.474391686 255 211 0
1.45357021 1.4394018 1.13535246 0.0203316033 0.880078807 0.474392158 255 211 0
1.44806205 1.43784555 1.13847551 0.0203307488 0.880079371 0.474391148 255 211 0
1.44255252 1.43628906 1.14159924 0.020331725 0.880079542 0.474390789 255 211 0
1.4370417 1.4347321 1.14472377 0.348327831 0.790933046 0.503083133 255 211 0
1.4315295 1.4331749 1.14784897 0.408614634 0.776650709 0.479424402 255 211 0
1.41956237 1.44815092 1.14148887 0.449031931 0.653431657 0.609423822 255 211 0
1.41394232 1.4467641 1.1445314 -0.239415892 -0.837911263 -0.490494389 255 211 0
1.40832016 1.44537678 1.14757506 -0.0601153398 -0.879806251 -0.471515755 255 211 0
1.40269588 1.44398894 1.15061986 0.0644150392 0.887610941 0.456067452 255 211 0
1.39706948 1.4426006 1.15366579 -0.344606651 -0.858281879 -0.380261059 255 211 0
1.38591331 1.45496696 1.1488787 0.0638960466 0.997733249 0.0211106402 255 211 0
1.38361875 1.44524474 1.1566774 -0.301954812 0.817675115 0.490133346 255 211 0
1.37840727 1.44278755 1.16033741 0.212429022 -0.862717303 -0.458903874 255 211 0
1.37319792 1.44033155 1.1639958 0.0880096967 0.941585846 0.325069821 255 211 0
1.36799076 1.43787655 1.16765267 0.01306688 0.887289488 0.461027788 255 211 0
1.36177529 1.43786652 1.16992643 -0.0574058738 0.910969191 0.408460155 255 211 0
1.35799021 1.43199025 1.17551464 0.0708235465 0.810621588 0.581271594 255 211 0
1.35100652 1.43380817 1.17675958 -0.0500625185 -0.892219837 -0.448817899 255 211 0
1.34553327 1.43199255 1.18005563 0.259265168 0.898115212 0.355205066 255 211 0
1.33603525 1.43969507 1.17800357 0.192080607 0.946261955 0.260179464 255 211 0
1.53352135 1.4788726 1.08638541 0.97827135 0.0280581874 0.205421284 255 211 0
1.5283402 1.47635641 1.09007464 0.737892746 -0.0170596825 0.674702351 255 211 0
1.52316151 1.4738413 1.0937622 0.861700169 -0.153891682 0.483518529 255 211 0
1.51798519 1.47132748 1.09744797 0.927687818 -0.373348412 -0.00250489358 255 211 0
1.51281126 1.46881494 1.10113195 -0.590260653 0.807007859 0.0181845204 255 211 0
1.49150106 1.51175364 1.07829541 -0.340472315 0.909818677 -0.237294285 255 211 0
1.48622209 1.50926516 1.08200065 -0.430445417 0.882630403 -0.188892336 255 211 0
1.48094542 1.50677748 1.08570446 -0.550428167 0.827375215 -0.111709833 255 211 0
1.47567092 1.504291 1.08940663 -0.496267798 0.868117669 -0.00948611553 255 211 0
1.47039865 1.50180554 1.09310726 -0.080213257 0.876605323 0.474477545 255 211 0
1.46512861 1.49932107 1.09680635 -0.080213214 0.876605175 0.474477826 255 211 0
1.45986072 1.49683782 1.1005038 -0.0802139043 0.876605962 0.474476256 255 211 0
1.45459513 1.49435536 1.10419984 -0.0802133028 0.87660588 0.474476508 255 211 0
1.44933169 1.49187412 1.10789423 -0.0802127134 0.876606085 0.474476229 255 211 0
1.44407048 1.48939387 1.11158709 -0.0802140743 0.876605869 0.474476398 255 211 0
1.43881149 1.48691463 1.11527843 -0.318805239 0.927799867 0.193779839 255 211 0
1.43355465 1.48443659 1.11896812 -0.331998005 0.920873197 0.204376807 255 211 0
1.4283001 1.48195935 1.1226564 0.432060631 -0.886680989 -0.164682829 255 211 0
1.42304769 1.47948332 1.12634304 -0.626509221 0.763853982 0.154962226 255 211 0
1.43700845 1.42734558 1.1584285 -0.400115792 -0.792296505 -0.460623057 255 211 0
1.43151569 1.42579305 1.16154429 0.426458202 0.727070417 0.538053911 255 211 0
1.42602173 1.42423987 1.16466098 -0.368984953 -0.815424698 -0.446018684 255 211 0
1.41417116 1.43882828 1.15858801 0.169412158 0.84652511 0.504672923 255 211 0
1.40856992 1.43744478 1.16162289 -0.056781522 -0.885022782 -0.462072001 255 211 0
1.40150378 1.43973326 1.16257415 0.135076364 0.879849964 0.45565164 255 211 0
1.39635924 1.43717715 1.16627847 0.143770347 0.872485207 0.467011403 255 211 0
1.38988822 1.43792076 1.16811409 0.226157275 0.814367682 0.534469985 255 211 0
1.38381944 1.43764176 1.17053207 0.0455408289 0.770291749 0.636063405 255 211 0
1.37854192 1.43540304 1.17405861 -0.0578699347 -0.865577192 -0.497420541 255 211 0
1.37533825 1.42810871 1.18043307 -0.0617790762 0.816962129 0.573372676 255 211 0
1.36123402 1.44731948 1.17188698 -0.047494878 0.957628666 0.284062623 255 211 0
1.36485307 1.42353907 1.18752637 0.0275122289 0.870761103 0.490936022 255 211 0
1.35781667 1.42556403 1.18865473 0.216865484 0.841305321 0.495151208 255 211 0
1.3460637 1.43879677 1.18351309 0.0411728298 0.864321685 0.501251258 255 211 0
1.34094511 1.43612337 1.18729158 0.278302402 0.908303118 0.312303088 255 211 0
1.53213701 1.49183317 1.08611857 0.989179109 0.146584944 0.00612729057 255 211 0
1.52689764 1.48942535 1.08975016 0.857906455 -0.501409065 0.112184952 255 211 0
1.52166034 1.48701825 1.09338049 0.827145605 -0.426498448 0.365963415 255 211 0
1.5223326 1.46770734 1.10685496 -0.736586151 0.0745113765 -0.67222682 255 211 0
1.5167255 1.4664724 1.10978801 -0.709115166 0.291120916 -0.642187117 255 211 0
1.51111576 1.46523677 1.11272251 -0.624152072 0.481102961 -0.615608749 255 211 0
1.50550333 1.46400066 1.11565835 -0.539952646 0.571202281 -0.618206352 255 211 0
1.49988827 1.46276386 1.11859563 -0.397748415 0.862055412 -0.314096585 255 211 0
1.4942705 1.46152657 1.12153426 -0.449361134 0.891867667 -0.0514454692 255 211 0
1.48865002 1.4602888 1.12447422 -0.41089541 0.910308424 0.0500353442 255 211 0
1.47019721 1.49418256 1.10715668 -0.0802141797 0.876606048 0.47447605 255 211 0
1.46494581 1.49170868 1.11083963 -0.0802129858 0.876605534 0.474477201 255 211 0
1.45969669 1.48923559 1.11452117 -0.0802131233 0.876606248 0.474475859 255 211 0
1.45444972 1.48676371 1.11820108 -0.0802126775 0.876605827 0.474476713 255 211 0
1.44920495 1.48429283 1.12187947 -0.0802138853 0.876605726 0.474476695 255 211 0
1.44396238 1.48182294 1.12555634 -0.0802130962 0.876605548 0.474477156 255 211 0
1.43872203 1.47935405 1.12923169 -0.080214168 0.876605186 0.474477645 255 211 0
1.43348388 1.47688616 1.13290552 -0.576464086 0.808300424 0.119747999 255 211 0
1.42824786 1.47441946 1.13657773 -0.709887513 0.696983903 -0.10135659 255 211 0
1.42301411 1.47195356 1.14024853 -0.770582896 0.572373507 0.280340095 255 211 0
1.41778249 1.46948885 1.14391771 -0.674537608 0.575358783 0.462559495 255 211 0
1.42351799 1.43892441 1.16353191 0.408445308 0.795262037 0.448029825 255 211 0
1.41875757 1.43543657 1.16775531 0.355126782 0.807036383 0.471780928 255 211 0
1.41400293 1.43195281 1.17197369 0.254148817 0.786860107 0.562369586 255 211 0
1.40925398 1.42847331 1.17618695 0.250796711 0.727017227 0.639176784 255 211 0
1.39165719 1.45718065 1.16224068 0.329044471 0.884804422 0.329925552 255 211 0
1.38643867 1.45472211 1.16590067 -0.130449496 -0.855051413 -0.501866527 255 211 0
1.39149966 1.42682625 1.18386605 0.17479757 0.77451105 0.607929636 255 211 0
1.37979447 1.44048959 1.17844905 -0.107001141 0.772676283 0.625717283 255 211 0
1.37986266 1.42516556 1.18931219 0.110978241 0.786199639 0.607925947 255 211 0
1.37238088 1.42836477 1.18978192 0.0116479338 0.829101756 0.558976389 255 211 0
1.3701702 1.41875264 1.19742205 -0.00504454824 0.851217825 0.524788307 255 211 0
1.36113144 1.42565615 1.19583057 0.127008688 0.843833635 0.521357449 255 211 0
1.35756363 1.41937142 1.20160401 0.188639021 0.83289759 0.520285426 255 211 0
1.35254317 1.41659199 1.2054194 0.2040113 0.866176786 0.456198602 255 211 0
1.38369499 1.44006488 1.15803312 0.153336217 -0.984401946 -0.0862601538 255 211 0
1.37157677 1.44839784 1.13433386 0.0953841318 0.882154782 0.461199315 255 211 0
1.37767568 1.45205606 1.12659392 0.0977982463 0.885931762 0.45338771 255 211 0
1.38376821 1.4557108 1.11886123 -0.0502406554 -0.873189692 -0.484784116 255 211 0
1.38985508 1.45936187 1.1111364 0.0758070134 0.852014505 0.51800056 255 211 0
1.39593594 1.46300937 1.10341912 0.0847080457 0.856104626 0.509813119 255 211 0
1.40201081 1.4666533 1.09570937 -0.0382481559 0.895325302 0.443767598 255 211 0
1.40566082 1.47089058 1.08594768 -0.00902654061 0.895551778 0.444865748 255 211 0
1.41401684 1.47396135 1.08020578 -0.133456289 0.919476569 0.369800295 255 211 0
1.42237464 1.47703282 1.07446253 -0.0649759891 0.858748689 0.508260573 255 211 0
1.42961211 1.4803774 1.06777383 -0.0577474406 0.862535035 0.502691304 255 211 0
1.40218841 1.49208853 1.03204216 -0.0816122072 0.81458109 0.574279632 255 211 0
1.44745971 1.48625123 1.05722553 -0.176036383 0.912921211 0.368220117 255 211 0
1.4399563 1.49311485 1.0382833 0.310575454 0.675541476 0.668720122 255 211 0
1.49056738 1.48613653 1.06757048 -0.420261583 0.877368417 0.23152724 255 211 0
1.45357233 1.49996074 1.02431292 -0.61456151 -0.500689182 -0.609610116 255 211 0
1.46108105 1.50321484 1.01791415 -0.595045818 -0.438444518 -0.673562825 255 211 0
1.468692 1.50644405 1.01160156 -0.648704371 0.0174807899 -0.760839708 255 211 0
1.47630215 1.5096727 1.00529018 -0.497439798 0.832871543 -0.242649214 255 211 0
1.48391114 1.51290089 0.998979696 0.0549579333 0.748817397 0.660493854 255 211 0
1.49151933 1.51612853 0.992670409 -0.225769303 0.89043591 0.395160869 255 211 0
1.49912598 1.51935578 0.986361719 -0.084238145 0.91989135 0.383019371 255 211 0
1.50673146 1.52258257 0.980053928 -0.168724629 0.953303429 0.250488664 255 211 0
1.51433615 1.5258088 0.973747332 0.212736826 0.883556196 0.417218757 255 211 0
1.5219393 1.52903465 0.967441336 0.000671305036 0.932492076 0.361189809 255 211 0
1.52954166 1.53225995 0.961136535 0.093498048 0.89895111 0.427954457 255 211 0
1.53714286 1.53548479 0.95483263 0.217190512 0.721558807 0.657404874 255 211 0
1.54474289 1.53870916 0.948529622 0.131628732 0.696829243 0.705055234 255 211 0
1.55234175 1.54193306 0.942227511 0.12418273 0.698648416 0.704605593 255 211 0
1.55993945 1.54515649 0.935926297 0.111093709 0.698727861 0.706708967 255 211 0
1.58292923 1.54503551 0.941593196 0.239574796 0.643709063 0.726802971 255 211 0
1.32770105 1.46384434 1.11357854 0.0461489266 0.853153325 0.519614935 255 211 0
1.33723458 1.4665856 1.1089491 0.0462072232 0.85315483 0.519607283 255 211 0
1.34677649 1.46932928 1.10431556 0.0797371233 0.861138037 0.50207895 255 211 0
1.35632677 1.47207539 1.09967791 0.105412163 0.855459994 0.507027095 255 211 0
1.36588543 1.47482393 1.09503615 0.106053789 0.85889258 0.501055017 255 211 0
1.36499949 1.48015654 1.0814071 0.0777182652 0.838195792 0.539803376 255 211 0
1.33382199 1.49290584 1.04190841 0.0460823701 0.880478364 0.471841356 255 211 0
1.41382776 1.47839004 1.09746977 -0.0796407405 0.895542965 0.437790076 255 211 0
1.35168461 1.49860177 1.03182596 -0.00620281052 0.844002445 0.536303456 255 211 0
1.4438116 1.48135319 1.09714772 -0.310259181 0.947245257 -0.0804093541 255 211 0
1.56662193 1.45695566 1.18775862 -0.0880337454 0.995403317 0.0377133532 255 211 0
1.45929796 1.48785532 1.08447129 0.0591777633 0.837316476 0.543506312 255 211 0
1.44635823 1.49602069 1.0608463 0.340300895 0.808284352 0.480491111 255 211 0
1.4094028 1.50980702 1.01736343 -0.0550451755 0.898257629 0.436008327 255 211 0
1.4560554 1.50382565 1.04351418 -0.576237324 -0.475144521 -0.664972353 255 211 0
1.45151176 1.50991135 1.02711987 0.588680991 0.52504471 0.614640337 255 211 0
1.46475582 1.51183026 1.02544254 -0.652004137 0.0378911892 -0.757268026 255 211 0
1.47803681 1.51375443 1.02376077 -0.574448894 0.146066547 -0.805402404 255 211 0
1.61608918 1.48701205 1.12389844 0.0963494059 -0.908882816 -0.405769417 255 211 0
1.43430047 1.53371315 0.963133147 3.86162334e-05 0.891243696 0.453524721 255 211 0
1.50840298 1.52176355 1.01083268 -0.662148557 0.501319858 -0.556989845 255 211 0
1.51814229 1.52453096 1.00618642 -0.738416966 0.30431223 -0.60177608 255 211 0
1.64067365 1.50194974 1.09216063 -0.09915623 0.936319937 0.336857563 255 211 0
1.49419369 1.53978629 0.962101862 -0.678544576 -0.410762496 -0.608975723 255 211 0
1.50279763 1.54276524 0.956653154 -0.569260286 -0.483674422 -0.664832144 255 211 0
1.65904732 1.51311367 1.06844082 -0.0235758986 0.949568366 0.312672505 255 211 0
1.52001564 1.54872651 0.945749686 0.203263685 0.72246318 0.660856133 255 211 0
1.52862935 1.55170891 0.940294627 0.226600242 0.645538799 0.729336678 255 211 0
1.53724644 1.55469244 0.934837546 0.206876056 0.647862483 0.733127889 255 211 0
1.54586692 1.55767709 0.929378442 -0.128092308 -0.661561739 -0.738869695 255 211 0
1.5544908 1.56066286 0.923917314 0.0805556151 0.656455584 0.750051238 255 211 0
1.28773363 1.48331995 1.08305815 0.117817282 0.901441976 0.416559061 255 211 0
1.29603939 1.48631894 1.07749186 0.0619969841 0.901178833 0.428990774 255 211 0
1.30353084 1.48952171 1.07121293 0.112324571 0.890285464 0.441333188 255 211 0
1.28944717 1.49805658 1.04622126 0.0410088872 0.889465384 0.455158875 255 211 0
1.27318171 1.50706844 1.01949455 0.0109473169 0.849693187 0.527163773 255 211 0
1.31040058 1.50293984 1.03895986 -0.156166367 -0.84658781 -0.508823296 255 211 0
1.31941049 1.50574906 1.03404411 0.114265749 0.780181662 0.615028383 255 211 0
1.32842665 1.50856009 1.02912531 0.117768797 0.781412061 0.612801518 255 211 0
1.32810947 1.51361872 1.01626072 0.0876290659 0.819363367 0.566537571 255 211 0
1.33510539 1.51690708 1.00964521 0.0831165393 0.816813918 0.570882355 255 211 0
1.34209851 1.52019408 1.00303244 -0.0405983791 0.787759299 0.614643846 255 211 0
1.39249764 1.51321393 1.03290347 0.24354846 -0.864271949 -0.440134236 255 211 0
1.39846948 1.51679403 1.02530203 0.233878129 -0.87163621 -0.430756704 255 211 0
1.40443544 1.52037063 1.01770803 -0.242246956 0.90641058 0.346029295 255 211 0
1.41440441 1.52301136 1.01345087 -0.232678034 0.908791594 0.346350648 255 211 0
1.40988716 1.52900796 0.997196312 -0.365580632 0.882010892 0.297334135 255 211 0
1.40916768 1.53409924 0.984151586 -0.389056577 0.878172974 0.278293385 255 211 0
1.41613458 1.5374107 0.977470649 0.0374413086 -0.918149918 -0.394460234 255 211 0
1.42309883 1.54072063 0.970792916 0.163302488 -0.898813912 -0.406774938 255 211 0
1.4300597 1.54402921 0.964117785 -0.0904843258 0.897611952 0.431399317 255 211 0
1.49319128 1.53470402 1.0030055 0.139740625 0.650181248 0.746817851 255 211 0
1.10275663 1.6269433 0.675121965 0.0759784806 0.875064178 0.478006228 255 211 0
1.51889537 1.5388325 0.998804523 0.579866105 0.564040122 0.587889481 255 211 0
1.40542488 1.56884563 0.89540863 0.0114852052 0.854254575 0.519728016 255 211 0
1.44213309 1.56553817 0.91267433 -0.000359175342 0.619599209 0.78491827 255 211 0
1.44213299 1.57032772 0.900566835 -0.0793783785 0.627024699 0.774944578 255 211 0
1.4640329 1.57033768 0.905854227 0.0253705431 0.619916077 0.784257861 255 211 0
1.47698771 1.57231599 0.903995884 -0.0750246834 0.612896926 0.786593069 255 211 0
1.48492034 1.5753864 0.898158545 -0.13208537 0.581028593 0.803093537 255 211 0
1.50517448 1.57582433 0.901964832 -0.167101954 0.630286789 0.758165879 255 211 0
1.55257436 1.5705252 0.926858855 0.124736292 0.686608641 0.716246768 255 211 0
1.22313172 1.50872759 1.03078878 -0.02855465 0.872079995 0.488529542 255 211 0
1.23217439 1.51145877 1.02608867 -0.0274587224 0.872863312 0.487191602 255 211 0
1.25231265 1.5114639 1.03105536 0.00150100441 0.848857747 0.528619213 255 211 0
1.26280374 1.51386321 1.02755624 0.00365134928 0.850126494 0.526565866 255 211 0
1.27794132 1.51513949 1.02805814 0.0139647331 0.849473972 0.527445691 255 211 0
1.28445835 1.51852171 1.02108013 0.0416727794 0.856895975 0.513802167 255 211 0
1.29097143 1.52190166 1.01410691 0.0451122105 0.859866687 0.508521552 255 211 0
1.29748021 1.52527942 1.00713817 0.0158564407 0.847561669 0.530459979 255 211 0
1.29052974 1.53185689 0.988715291 0.00856644862 0.897231288 0.441477782 255 211 0
1.27675284 1.54001101 0.96460031 0.0519648015 0.909276738 0.412935193 255 211 0
1.34073616 1.52980927 1.00633028 0.143757977 0.849742607 0.507219031 255 211 0
1.41399609 1.5175845 1.05549183 -0.287211626 0.674630902 0.679987226 255 211 0
1.42112861 1.52091952 1.04878589 -0.0842492566 0.784844817 0.613938658 255 211 0
1.29510714 1.55506571 0.930905837 0.144158367 0.837216264 0.527529423 255 211 0
1.29526595 1.55982897 0.918848273 0.142643641 0.789254689 0.597268639 255 211 0
1.44250894 1.53091675 1.02868369 0.178299043 0.963262569 0.200834945 255 211 0
1.3031054 1.5675864 0.90108595 0.0397279002 0.764596646 0.643283501 255 211 0
1.33300531 1.56557278 0.913593289 -0.0839249846 0.796292976 0.59906101 255 211 0
1.34188619 1.56834498 0.908749013 -0.0979081437 0.783952446 0.61305184 255 211 0
1.38079155 1.56440351 0.928379169 0.0126222917 0.788242377 0.615235429 255 211 0
1.38831923 1.56752104 0.92232326 0.0171022177 0.791453769 0.610989727 255 211 0
1.48519363 1.5508757 0.988550625 -0.491755603 0.791227893 0.363503574 255 211 0
1.49229797 1.55419759 0.981871057 0.505842788 0.663431368 0.55134553 255 211 0
1.35434697 1.58923891 0.858767844 0.0738513678 0.911937963 0.40362746 255 211 0
1.43377422 1.57665056 0.91037778 0.0392874848 0.612536443 0.789465389 255 211 0
1.4444406 1.57910646 0.906778304 -0.0992768126 0.606619866 0.788768947 255 211 0
1.40601556 1.59212262 0.864220756 -0.130862997 0.741497409 0.658070261 255 211 0
1.46440288 1.58433293 0.898441305 0.0105185742 0.682754567 0.730572078 255 211 0
1.49296431 1.5830059 0.908873991 -0.116022791 0.560318404 0.820110967 255 211 0
1.50982898 1.5842011 0.910008862 -0.140546397 0.704794128 0.695350234 255 211 0
1.5267721 1.58540191 0.911148922 -0.0522037207 0.741804876 0.668580809 255 211 0
0.861410662 1.60697371 0.71682733 -0.461061272 0.882420586 0.0935757003 255 211 0
0.869053737 1.60955954 0.712155872 -0.45420402 0.884085431 0.109962074 255 211 0
1.18448416 1.53719877 0.976270348 0.0991662699 0.986922783 0.127080572 255 211 0
1.19311742 1.53996487 0.971388513 0.0252612397 0.989108297 0.14500568 255 211 0
1.16481804 1.5516276 0.934500203 0.143417566 0.78731039 0.599644687 255 211 0
1.43390691 1.4919788 1.15450253 -0.276281383 0.915075379 0.29377823 255 211 0
1.17934599 1.55772752 0.922597857 0.0171205215 0.855061711 0.518243532 255 211 0
1.20411622 1.55663102 0.931637805 0.00113258565 0.753716521 0.657198694 255 211 0
1.22479525 1.55654369 0.937071907 0.00526045538 0.817617732 0.575737415 255 211 0
1.23446061 1.55907005 0.933061832 -0.00635793855 0.725533739 0.688157228 255 211 0
1.24413692 1.56159942 0.929046839 0.0643227257 0.676859433 0.733296595 255 211 0
1.25382456 1.56413172 0.925027227 0.150831994 0.674956143 0.722276896 255 211 0
1.26352355 1.56666695 0.921002981 0.184341401 0.679371455 0.710262398 255 211 0
1.2791949 1.5678404 0.921958333 0.248157861 0.740434863 0.624639008 255 211 0
1.28290739 1.57175724 0.912900366 0.281495988 0.750439933 0.597996586 255 211 0
1.28615469 1.57576944 0.903481876 -0.274025426 -0.704884776 -0.654253406 255 211 0
1.29383056 1.57877374 0.897751003 0.301881759 0.687248034 0.660725014 255 211 0
1.30150689 1.58177822 0.892019783 0.0678196365 0.743275976 0.665538369 255 211 0
1.33248246 1.57959797 0.905388629 -0.0379668033 0.710913453 0.702253931 255 211 0
1.34213211 1.58219585 0.901192125 -0.0407948227 0.849579247 0.525881056 255 211 0
1.35127543 1.58491025 0.896570703 -0.0661467414 0.880555104 0.469305143 255 211 0
1.36042605 1.58762689 0.891945422 0.0137473758 0.87901781 0.476590704 255 211 0
1.36958397 1.59034577 0.887316278 0.0638306644 0.896657877 0.438098502 255 211 0
1.37874958 1.5930668 0.882683563 -0.0763259233 -0.839278293 -0.538318028 255 211 0
1.3879225 1.59579008 0.878046973 -0.0133404802 0.832703342 0.553558647 255 211 0
1.35033086 1.60851495 0.836106959 0.236506054 0.628369551 0.741091488 255 211 0
1.35879589 1.61133878 0.831035432 0.0184274095 0.838235683 0.544996671 255 211 0
1.45441527 1.59574612 0.894915867 -0.00931398724 0.700597861 0.71349554 255 211 0
1.46060995 1.59915783 0.887772245 0.00946918938 0.711231432 0.702894149 255 211 0
1.46370963 1.60321237 0.878208513 0.00451555519 0.701700649 0.712457584 255 211 0
1.46680188 1.60725728 0.868667488 -0.0418073831 0.634660372 0.771659481 255 211 0
1.14288156 1.55147419 0.956570789 0.0365141026 0.99290972 0.113123866 255 211 0
1.13809907 1.55743006 0.940075765 -0.0757558979 0.968371466 0.237734618 255 211 0
1.14272273 1.56109877 0.931858846 0.138506428 0.84514386 0.516282699 255 211 0
1.16793227 1.55985426 0.941522303 -0.0606235857 0.964202616 0.258143558 255 211 0
1.16837691 1.56452556 0.929662311 0.06353067 0.862708603 0.501694847 255 211 0
1.17593317 1.56750237 0.923972018 0.112479647 0.744126411 0.658501491 255 211 0
1.1796577 1.57137719 0.914995895 0.176981013 0.739448849 0.649533002 255 211 0
1.17325091 1.5776026 0.897392842 0.0352810531 0.795593752 0.604802306 255 211 0
1.20460473 1.57504329 0.912004313 -0.0550699078 0.798545841 0.59940958 255 211 0
1.23011758 1.57389211 0.921506404 -0.0447341114 0.758110259 0.650590267 255 211 0
1.24626298 1.57493365 0.922982407 0.105186291 0.702636185 0.70373165 255 211 0
1.2548849 1.57771116 0.918076642 0.14893308 0.706038747 0.692335342 255 211 0
1.25753424 1.58184409 0.908162793 0.169458481 0.717939467 0.675164236 255 211 0
1.26554189 1.58475777 0.90275022 0.235697532 0.710552113 0.662994998 255 211 0
1.27355146 1.58767222 0.89733617 0.241276379 0.718263945 0.652596824 255 211 0
1.28156295 1.59058744 0.891920642 -0.249184672 -0.704730375 -0.664275618 255 211 0
1.28957673 1.59350335 0.88650394 0.247637681 0.702561535 0.667145313 255 211 0
1.29759242 1.59642003 0.88108576 0.174131302 0.67161512 0.720146805 255 211 0
1.30395322 1.59970005 0.874311265 0.180074266 0.727138435 0.662452228 255 211 0
1.31079332 1.6028728 0.867934789 0.191049199 0.731589664 0.65442858 255 211 0
1.31763057 1.60604442 0.861560506 0.387510798 0.570991318 0.723743253 255 211 0
1.32446497 1.6092149 0.855188414 0.409905614 0.583749035 0.700866929 255 211 0
1.33129727 1.61238407 0.848819113 0.443068337 0.470945657 0.762824119 255 211 0
1.33812672 1.61555211 0.842452002 0.275870946 0.606329158 0.745828515 255 211 0
1.35375946 1.6168576 0.843119783 0.252305016 0.615035769 0.747042959 255 211 0
1.35177784 1.62188461 0.829724943 0.0148475793 0.826372591 0.562927961 255 211 0
1.38283743 1.61998502 0.842569781 -0.167764126 0.773276273 0.611472815 255 211 0
1.42636392 1.61555306 0.865107206 -0.134143962 0.736345756 0.663174431 255 211 0
1.38590017 1.62855253 0.821394706 -0.119083152 0.808468608 0.576365953 255 211 0
1.36115771 1.63820838 0.79029 0.00456696513 0.751615277 0.659585945 255 211 0
1.12702938 1.56424701 0.946968617 -0.219085809 0.951416767 0.21635051 255 211 0
1.17629705 1.55726293 0.977843351 -0.016386333 0.914359937 0.404570629 255 211 0
1.0801599 1.58487014 0.881595624 0.0117325799 0.697252587 0.7167295 255 211 0
1.08894402 1.58746102 0.877221029 0.00845458591 0.709135272 0.705021763 255 211 0
1.16562634 1.57413653 0.931596174 0.138885334 0.764504328 0.629479148 255 211 0
1.17912468 1.57572609 0.931033579 0.126192933 0.739095445 0.661674593 255 211 0
1.11574447 1.59515294 0.864422328 0.0365802476 0.73125145 0.681126421 255 211 0
1.15231479 1.59135509 0.883769778 -0.0469313805 0.872963304 0.485522929 255 211 0
0.245080639 1.80394377 0.0989478023 -0.327997565 0.823786398 0.462378165 255 211 0
1.14254269 1.60288311 0.85152453 -0.00110136541 0.878245838 0.47820815 255 211 0
1.20002732 1.59446682 0.888237254 0.031425293 0.846767867 0.53103355 255 211 0
1.12084574 1.61697041 0.809568716 0.101851055 0.939561578 0.326879802 255 211 0
0.666296382 1.72333639 0.41672937 -0.333557911 0.815176174 0.473526055 255 211 0
0.619163181 1.737776 0.367212243 -0.297244963 0.809707779 0.505982949 255 211 0
1.21633371 1.60939847 0.854048404 -0.0281937177 0.838712721 0.543843806 255 211 0
1.22190475 1.61278086 0.846794847 0.0612318258 0.91436475 0.40023464 255 211 0
1.24090997 1.61321765 0.850641601 0.113349786 0.879134495 0.462897792 255 211 0
1.2753641 1.61032121 0.867114035 -0.0176612583 0.842054368 0.539103442 255 211 0
1.2145039 1.62811806 0.805359847 0.133333737 0.911789842 0.388408804 255 211 0
1.27509682 1.61961408 0.843111533 -0.0186581096 0.873300681 0.486824194 255 211 0
1.31999686 1.61459939 0.867771797 0.34128201 0.631051467 0.696635225 255 211 0
1.23943661 1.63635753 0.790662434 0.0935910737 0.875949818 0.473236333 255 211 0
1.27591504 1.63315351 0.80845652 -0.0476574429 0.903644173 0.425624221 255 211 0
1.26812641 1.63932563 0.790523565 0.0196684939 0.913577586 0.406188558 255 211 0
1.26981054 1.64348098 0.780262557 -0.0691506905 -0.899381448 -0.43166097 255 211 0
1.31896714 1.63776033 0.807854453 -0.00110202423 0.898618943 0.438728595 255 211 0
1.36169203 1.63346959 0.830081274 0.0368797669 0.836732002 0.546369325 255 211 0
1.28255754 1.65428383 0.755775753 0.115077469 0.875600566 0.469127728 255 211 0
1.28759255 1.65770922 0.748271248 0.109883835 0.873999646 0.473339373 255 211 0
1.02469044 1.59746752 0.861185198 0.151310581 0.920053199 0.361396207 255 211 0
1.04027567 1.59840016 0.862924646 -0.10314103 0.821274535 0.561132842 255 211 0
1.05029188 1.60066165 0.859741876 -0.0461429604 0.705077486 0.70762742 255 211 0
1.06032431 1.60292668 0.856554242 -0.0487599651 0.699709355 0.712761731 255 211 0
1.07098974 1.60505223 0.8538962 -0.0319223726 0.681726064 0.730910757 255 211 0
1.09787317 1.60344639 0.865214355 0.131238874 0.66979763 0.730853948 255 211 0
1.10646829 1.60608587 0.860674877 0.0825279665 0.644203167 0.760388989 255 211 0
1.16712722 1.59685791 0.900714683 -0.0394650709 0.871087477 0.489539698 255 211 0
1.12367697 1.61137063 0.851585823 -0.169507759 -0.858334475 -0.484281994 255 211 0
1.13229091 1.61401584 0.847036548 0.0207968406 0.871126115 0.490618776 255 211 0
1.1409109 1.61666301 0.842483793 0.0249420371 0.871540796 0.489688202 255 211 0
1.14116299 1.62117804 0.830868353 -0.0334272778 -0.858012657 -0.512539655 255 211 0
1.10693123 1.63331437 0.790344628 0.116577263 0.928026485 0.353803031 255 211 0
1.1129056 1.63648873 0.783722853 0.085719384 0.915299346 0.393547067 255 211 0
1.17174596 1.62808285 0.821150987 -0.108470328 0.840519744 0.530811406 255 211 0
1.12484174 1.6428306 0.770493689 -0.0423005198 0.924709406 0.378316243 255 211 0
1.13080316 1.64599818 0.763885988 -0.217673092 0.924346051 0.313373264 255 211 0
1.13676052 1.64916346 0.757283171 0.195768063 -0.913402043 -0.356891542 255 211 0
1.14271382 1.65232644 0.750685235 -0.35999005 0.856212899 0.3705491 255 211 0
1.1486627 1.6554872 0.744091871 -0.31379291 0.87496384 0.368744205 255 211 0
1.15460717 1.65864573 0.737503078 -0.264681046 0.894173561 0.361106061 255 211 0
1.25342397 1.6422768 0.806187248 0.054630822 0.893236389 0.446255786 255 211 0
1.23355397 1.65093854 0.778480687 0.0926517291 0.8540003 0.511956194 255 211 0
1.23833945 1.65441074 0.77077148 0.104441291 0.871736122 0.478715103 255 211 0
1.24148305 1.65821581 0.761763481 -0.132423957 -0.836790724 -0.531267522 255 211 0
1.24077668 1.6628012 0.749710606 -0.102532935 -0.852229925 -0.51302159 255 211 0
1.25207292 1.66491714 0.747245506 0.116622658 0.872708526 0.474108622 255 211 0
1.27642246 1.664394 0.755087037 -0.157852418 -0.839125482 -0.520529577 255 211 0
1.26263887 1.67160367 0.732759427 0.121190984 0.853505328 0.506795225 255 211 0
1.01741638 1.60785882 0.858968208 0.0998967728 0.912697231 0.396237807 255 211 0
1.05955625 1.60260588 0.884058846 -0.0608057144 0.632517478 0.772155622 255 211 0
1.17953381 1.57938085 0.976992862 0.138134884 0.901432768 0.410289797 255 211 0
1.01371116 1.62240612 0.820143849 0.0929105978 0.871685249 0.481178186 255 211 0
1.01808736 1.62592304 0.812188299 0.0590968625 0.890181169 0.45175773 255 211 0
1.02245613 1.62943427 0.804245499 0.0573261272 0.888733063 0.454826624 255 211 0
1.02681822 1.63293968 0.796316048 0.0496952207 0.864692994 0.499836385 255 211 0
1.09915534 1.6211088 0.846701404 0.0459596938 0.87520326 0.481567192 255 211 0
1.03969746 1.63899698 0.784063452 0.000605999568 0.871891691 0.489698388 255 211 0
1.09111572 1.63199639 0.816215161 0.051147095 0.928494107 0.367807921 255 211 0
1.09799381 1.63498118 0.81032189 0.19127032 0.937433082 0.290920748 255 211 0
1.10487037 1.63796534 0.8044298 -0.162043931 -0.941706262 -0.294840771 255 211 0
1.1320817 1.6364939 0.815638808 -0.0508511081 0.904018644 0.424457838 255 211 0
1.07840127 1.65269097 0.758964984 0.0599919502 0.835111473 0.546799592 255 211 0
1.08832907 1.65496065 0.755758308 0.0753458225 0.781444818 0.619408592 255 211 0
1.09827261 1.65723392 0.752546562 0.0701279114 0.767690063 0.636972561 255 211 0
1.15837546 1.64877974 0.790833709 0.220751775 -0.903236789 -0.368010812 255 211 0
1.13209484 1.65883658 0.757557589 -0.177262973 0.896266141 0.406552386 255 211 0
1.20134142 1.64860498 0.802946669 -0.0796268733 -0.940553999 -0.33017834 255 211 0
1.13901605 1.66619253 0.740312198 0.201114748 0.750939478 0.629001398 255 211 0
1.1295161 1.67256571 0.72116592 0.0629688372 0.778954075 0.623911432 255 211 0
1.14004575 1.67473565 0.71838184 0.0603706304 0.772982845 0.631548026 255 211 0
1.15059569 1.67690966 0.715592703 -0.0397370466 0.741445291 0.669835687 255 211 0
1.17024816 1.67722273 0.72011142 -0.0137602473 0.74011711 0.672337207 255 211 0
1.17977953 1.67963219 0.716433768 -0.025170871 0.765923136 0.64243924 255 211 0
1.23891548 1.67198156 0.752369553 -0.0798994045 -0.861891347 -0.500758816 255 211 0
1.21466997 1.68127537 0.721629317 -0.0616097195 0.864228365 0.499313104 255 211 0
1.19477182 1.6896216 0.694532165 -0.0100551798 0.824369242 0.565963114 255 211 0
1.1993608 1.69302222 0.686936693 -0.108289463 0.802030732 0.587384114 255 211 0
0.978151297 1.62564796 0.828492105 0.0946373901 0.900244631 0.42497455 255 211 0
0.993035066 1.62672556 0.829789487 0.0567154968 0.864408949 0.499580346 255 211 0
0.975313867 1.63530868 0.802473801 0.0998479875 0.913607864 0.394145975 255 211 0
1.0005398 1.63402358 0.812800076 -0.0795357667 -0.883479842 -0.461668096 255 211 0
0.960954311 1.64749367 0.766678598 -0.0312150528 0.898671748 0.437509668 255 211 0
0.968335716 1.6502447 0.761532104 -0.00218474159 0.902509733 0.430663916 255 211 0
1.08457588 1.6285783 0.850241296 0.00909424936 0.844813565 0.53498349 255 211 0
1.03803799 1.64349717 0.798414661 -0.0290017039 0.876397267 0.480714813 255 211 0
1.02880242 1.65000614 0.778861232 -0.0272928488 0.87980491 0.474550757 255 211 0
1.02734294 1.65475873 0.766043952 0.0147464716 0.875410454 0.483155336 255 211 0
1.00526358 1.66400798 0.735784189 -0.0117135875 0.893960512 0.447992629 255 211 0
1.02886959 1.66322929 0.744340146 0.00658153151 0.890073967 0.4557686 255 211 0
1.06495252 1.65979032 0.763292066 0.0709483804 0.877739176 0.473856798 255 211 0
1.07325321 1.66240708 0.758750299 0.0657130928 0.862450959 0.501856685 255 211 0
1.1990725 1.63987047 0.852379091 -0.0799575198 0.873279598 0.480613711 255 211 0
1.21797327 1.64038505 0.856256944 0.0372365863 0.900991071 0.432236655 255 211 0
1.07850555 1.6744316 0.728792679 0.0435910638 0.84631929 0.530889329 255 211 0
1.07143494 1.68026799 0.711594203 0.0111116174 0.865745866 0.500360497 255 211 0
1.1675329 1.66450046 0.779330223 -0.128658763 0.9363078 0.326763868 255 211 0
1.10045925 1.68286432 0.712831396 0.0226230041 0.88070088 0.473132286 255 211 0
1.10777899 1.68567581 0.707509946 -0.00970728727 0.883000639 0.469271393 255 211 0
1.11509952 1.68848762 0.702187883 -0.000244904579 0.874124538 0.485701793 255 211 0
1.12242085 1.69129975 0.696865207 -0.00374097706 0.872994374 0.48771593 255 211 0
1.14774735 1.69045864 0.70605953 -0.0415554953 0.835202596 0.548370098 255 211 0
1.12433496 1.69949296 0.675992894 -0.153836487 0.892845214 0.423275039 255 211 0
1.13190005 1.70224228 0.670901635 0.146016189 -0.883379582 -0.445331098 255 211 0
1.13946701 1.70499234 0.66580894 -0.157643462 0.878043135 0.451872539 255 211 0
1.21085621 1.69510001 0.711371961 -0.037015955 0.880252271 0.473059995 255 211 0
1.21940407 1.69773531 0.706850064 0.00243252064 0.897024814 0.441973489 255 211 0
0.921364811 1.64726827 0.782431953 -0.0451122044 0.89449805 0.444789981 255 211 0
0.934412205 1.64871079 0.782315825 -0.0426826308 0.894376859 0.445273206 255 211 0
0.923602872 1.65558573 0.761232266 -0.0200371525 0.894145255 0.447328487 255 211 0
0.939772596 1.65632376 0.763843283 -0.0281576821 0.894921988 0.445333337 255 211 0
0.943061511 1.65997647 0.755181821 -0.0473542998 0.910609319 0.410546268 255 211 0
0.973295128 1.65760781 0.769902035 0.015063351 0.894748101 0.446317074 255 211 0
0.976253863 1.66134932 0.760914623 0.0259377218 0.897747494 0.439746145 255 211 0
0.988729717 1.66298155 0.760139888 -0.00779920878 0.898390771 0.439127766 255 211 0
0.966802434 1.67216971 0.729858162 -0.0134166635 0.899014448 0.437713394 255 211 0
0.975107048 1.67469468 0.725567191 -0.0238688555 0.906224734 0.422122032 255 211 0
0.974549727 1.67914298 0.713735863 -0.00893043966 0.910696512 0.412979551 255 211 0
0.989649367 1.68019971 0.715209503 0.0357953312 0.904257212 0.425485121 255 211 0
0.997270493 1.68287827 0.710323181 0.0360580799 0.904628882 0.42467211 255 211 0
1.00489412 1.68555783 0.705434935 -0.0452499082 0.901408066 0.430599518 255 211 0
1.01252061 1.68823831 0.70054507 -0.0233502115 0.880638842 0.473212423 255 211 0
1.00760333 1.69355883 0.685198318 -0.0550635153 0.890927294 0.450795481 255 211 0
1.0130015 1.69669264 0.678491951 -0.0731099328 0.892265653 0.445552401 255 211 0
1.06399647 1.69034506 0.709494305 -0.0513056798 0.878798332 0.474427254 255 211 0
1.07317675 1.69274596 0.70577525 -0.00770148339 -0.898046954 -0.439832191 255 211 0
1.10935674 1.68960676 0.724190248 -0.0184064421 0.798115408 0.602223379 255 211 0
1.06738725 1.70249361 0.678564157 -0.00552587536 0.893580936 0.448868105 255 211 0
1.07227661 1.70575118 0.671389859 0.0605037375 0.888037534 0.455772569 255 211 0
1.13824311 1.69668336 0.713742447 0.0299609426 0.836117749 0.547731186 255 211 0
1.09514689 1.70962574 0.667653699 0.067642665 0.897611998 0.435565347 255 211 0
1.08690955 1.71549955 0.649921008 0.0128554168 0.889230012 0.4572797 255 211 0
1.14743348 1.7077156 0.687373282 -0.125669138 0.862282326 0.49058787 255 211 0
1.09986935 1.72134157 0.638233794 -0.0640677713 0.864257129 0.498953841 255 211 0
1.1525318 1.71522275 0.669104768 0.0260511995 0.906531618 0.421333312 255 211 0
1.1597323 1.71805524 0.66369615 0.0584317888 0.930020673 0.362832294 255 211 0
1.6321613 1.54225554 0.983319879 -0.165941321 0.77535805 0.609330266 255 211 0
1.62576046 1.54565184 0.976727786 -0.151666684 0.747831482 0.646332183 255 211 0
1.60671005 1.5414723 0.975711997 -0.0345464532 0.870391333 0.491147097 255 211 0
1.60521663 1.54779656 0.966971022 -0.0313193714 0.868063943 0.495463508 255 211 0
1.60151784 1.55281126 0.959187605 -0.025132889 0.878507026 0.477067861 255 211 0
1.59781295 1.55783381 0.951391895 -0.0376806505 0.874318894 0.483887012 255 211 0
1.54571876 1.53351866 0.965392852 -0.102672388 -0.842008009 -0.52960447 255 211 0
1.55178449 1.54441739 0.953258005 -0.113332112 0.829945414 0.546210987 255 211 0
1.57287311 1.56453343 0.934214059 -0.0139341543 0.863252515 0.504579958 255 211 0
1.56842823 1.56912326 0.92673094 -0.0148452577 0.846142477 0.532749967 255 211 0
1.5639782 1.57371883 0.919238601 -0.0106975701 0.84496296 0.53471783 255 211 0
1.55952223 1.57831968 0.911737384 -0.0309850362 0.816551863 0.576439921 255 211 0
1.55506109 1.58292627 0.904226919 -0.0470364472 0.80443565 0.592174685 255 211 0
1.56779677 1.59820266 0.888653048 -0.157191086 0.795141199 0.585697392 255 211 0
1.56921687 1.60651804 0.878307111 -0.123336089 0.779703519 0.613881611 255 211 0
1.54751125 1.60043927 0.878864196 -0.127297712 0.80934109 0.573377967 255 211 0
1.47987182 1.56555803 0.901353404 -0.0448909255 0.736073363 0.675411585 255 211 0
1.51053778 1.59214812 0.877126327 -0.131272106 0.842785857 0.521995817 255 211 0
1.52347656 1.60772247 0.861233328 0.154482726 -0.845578482 -0.511010879 255 211 0
1.48862221 1.59318445 0.868347774 -0.0478776311 0.850729093 0.52341928 255 211 0
1.5783572 1.65748381 0.815043856 -0.359584362 0.637842581 0.681069694 255 211 0
1.51231559 1.62314605 0.837367053 -0.237868192 0.735719934 0.634141074 255 211 0
1.46669985 1.60159677 0.849962747 -0.0714013384 0.892708067 0.444942869 255 211 0
1.49577389 1.62766851 0.825870954 -0.278455327 0.728843477 0.625499654 255 211 0
1.48890524 1.63082074 0.819438083 -0.298145609 0.745043434 0.596673678 255 211 0
1.44319673 1.60897142 0.832392998 0.0104304068 0.941120224 0.337911129 255 211 0
1.43774209 1.6129575 0.825353717 0.0346647229 0.922346649 0.384805167 255 211 0
1.43809035 1.62070775 0.815380297 0.0183307473 0.860016783 0.509936386 255 211 0
1.46100391 1.64315012 0.793925906 -0.267373813 0.667993134 0.694475642 255 211 0
1.42662436 1.6283671 0.801520313 0.115333797 0.812428603 0.57153992 255 211 0
1.42088665 1.63220003 0.794584496 0.0776785018 0.799887294 0.59510198 255 211 0
1.43065655 1.64620992 0.779654332 -0.298940959 0.730503472 0.614002427 255 211 0
1.42945515 1.65306863 0.770316446 -0.434155283 0.768466321 0.470073083 255 211 0
1.44077869 1.6682188 0.754428209 -0.570465435 0.734158226 0.368213098 255 211 0
1.43971471 1.67524136 0.744923567 -0.524661326 0.613013584 0.590715531 255 211 0
1.42207835 1.67127872 0.744104708 -0.123028611 0.773950112 0.621180477 255 211 0
1.38639231 1.65524189 0.752888797 -0.112309357 0.921657196 0.371395504 255 211 0
1.37207552 1.65336933 0.750473767 -0.0254744019 0.920105675 0.39084089 255 211 0
1.36387657 1.65556779 0.744831824 0.314294799 0.698196209 0.643226891 255 211 0
1.39484219 1.68410953 0.718165106 -0.167479789 0.683861517 0.710129528 255 211 0
1.53333677 1.49891398 1.02228213 -0.0537314079 0.883623081 0.465105565 255 211 0
1.57400698 1.53044634 0.995211386 -0.0759195502 0.903435293 0.421948923 255 211 0
1.57031707 1.53540143 0.987521379 -0.0702754713 0.897261037 0.435871529 255 211 0
1.56662164 1.54036453 0.979819107 -0.0556554464 0.865036752 0.498611963 255 211 0
1.5629199 1.54533517 0.972104891 0.0911125009 -0.825967375 -0.556306038 255 211 0
1.55921298 1.55031406 0.964378188 -0.113418619 0.822563955 0.557247482 255 211 0
1.55549969 1.55530052 0.956639495 0.138676013 -0.832391353 -0.536557172 255 211 0
1.55178078 1.56029503 0.94888844 -0.10535124 0.831177707 0.545934736 255 211 0
1.54805584 1.56529736 0.941125174 -0.0932593528 0.831774082 0.547224424 255 211 0
1.54432523 1.57030777 0.933349496 -0.0837653238 0.862804716 0.498549288 255 211 0
1.51116492 1.55713202 0.939150787 0.0484173957 0.581059514 0.812419594 255 211 0
1.50469177 1.56040764 0.932692298 0.166156282 0.983851395 -0.066547151 255 211 0
1.4982178 1.56368364 0.92623304 0.193024473 0.948454224 0.251348639 255 211 0
1.5668549 1.61384254 0.884515047 -0.0610429152 0.824858017 0.562034709 255 211 0
1.51476195 1.588704 0.899392476 0.0959169488 -0.831728966 -0.54683349 255 211 0
1.50799653 1.59185746 0.892992944 0.0308119371 0.859602458 0.510033567 255 211 0
1.50880876 1.59978522 0.882978574 -0.0555127715 0.912152359 0.406074385 255 211 0
1.41755101 1.54955186 0.917083132 -0.134074204 0.852294187 0.505587507 255 211 0
1.44506473 1.57428611 0.894352865 0.470330057 0.571637789 -0.672324234 255 211 0
1.48326051 1.60595005 0.866267926 0.00277454164 0.891214771 0.453573075 255 211 0
1.40876861 1.5658984 0.892869877 0.0174761811 0.865998555 0.499741018 255 211 0
1.41799959 1.5791583 0.878803199 0.11237068 -0.1924827 -0.974845239 255 211 0
1.52054815 1.65239354 0.818687744 -0.148383344 0.721707882 0.676106586 255 211 0
1.51798304 1.6583728 0.810051626 -0.12189751 0.722385736 0.680661329 255 211 0
1.5154124 1.66436591 0.801395647 -0.191922628 0.702918074 0.684888229 255 211 0
1.51283579 1.67037264 0.792719942 -0.227835303 0.667044329 0.709325693 255 211 0
1.37740159 1.59002113 0.85086436 0.19468564 0.774178217 0.602283646 255 211 0
1.39539995 1.60920962 0.832089939 -0.113288819 0.890232122 0.441194303 255 211 0
1.39161206 1.61424598 0.824261045 -0.0671780051 0.810285181 0.58217269 255 211 0
1.38781869 1.61929074 0.816419367 -0.000501616676 0.867578936 0.497299245 255 211 0
1.41775487 1.6465544 0.7912313 0.0200556338 0.656395734 0.754150126 255 211 0
1.40797725 1.64774113 0.786358147 -0.0282065387 0.837628202 0.545512041 255 211 0
1.41058032 1.6571181 0.77507292 -0.345575911 0.703456366 0.621068782 255 211 0
1.41726614 1.66924789 0.761605767 -0.297558962 0.862501818 0.409327838 255 211 0
1.42766531 1.68391018 0.746116779 0.253257828 0.935023483 0.248176466 255 211 0
1.38308669 1.66187308 0.75952936 -0.0886724447 0.901321681 0.423976915 255 211 0
1.37516167 1.66426961 0.753717176 -0.0408837169 0.937912005 0.344455501 255 211 0
1.39213062 1.6834173 0.734644847 -0.174332685 0.826777781 0.53483326 255 211 0
1.39381607 1.69234643 0.723628206 -0.198666757 0.788778563 0.581687114 255 211 0
1.50892482 1.49269226 1.03795225 0.0514609065 0.919328623 0.390111084 255 211 0
1.50866253 1.49958759 1.02893861 0.0819011726 0.848021391 0.523595186 255 211 0
1.50253346 1.50295515 1.02248003 0.232115958 0.928733049 0.289097052 255 211 0
1.52876703 1.5259766 1.00167626 0.0431025312 0.776609814 0.628505663 255 211 0
1.52657895 1.53180952 0.993377612 0.0741611373 0.758663034 0.647248427 255 211 0
1.47803352 1.50933329 1.0058297 0.0442661276 0.939895485 0.338580843 255 211 0
1.47268661 1.51317571 0.999024604 -0.0130091341 0.966147146 0.257663454 255 211 0
1.46733647 1.51702089 0.992214829 -0.0025009289 0.967335489 0.253487273 255 211 0
1.46198234 1.52086837 0.985400718 0.0227953001 0.959202938 0.281797974 255 211 0
1.45662496 1.5247186 0.978581917 0.0816939721 -0.942355403 -0.324487888 255 211 0
1.45126396 1.52857137 0.971758599 -0.0436419656 0.909061356 0.414370403 255 211 0
1.44589933 1.53242667 0.964930758 0.109569848 0.870118366 0.480508561 255 211 0
1.44053106 1.53628451 0.958098391 0.118501439 0.837982504 0.532675072 255 211 0
1.43515916 1.54014489 0.951261494 0.121331085 0.846722384 0.518015417 255 211 0
1.46334119 1.56509643 0.928627568 0.381831848 0.69583158 -0.608295037 255 211 0
1.45689683 1.56835642 0.922200151 0.0404431236 -0.845963857 0.531704341 255 211 0
1.48149928 1.59125045 0.901002313 -0.0992073081 0.981432142 0.164161081 255 211 0
1.44400608 1.57487777 0.909342856 0.0279890751 0.38039599 0.924400077 255 211 0
1.45028471 1.5862366 0.896794175 0.0718880249 0.720921308 0.689278304 255 211 0
1.42324603 1.57637938 0.900285227 -0.174854322 0.955012278 0.23953604 255 211 0
1.37494526 1.55282566 0.91421563 0.0753562601 0.936828075 0.341576627 255 211 0
1.44872062 1.60752034 0.868713301 -0.20584219 -0.931135109 -0.301025584 255 211 0
1.44131483 1.61022862 0.862670432 -0.270152639 -0.893647451 -0.3583459 255 211 0
1.38025523 1.5782526 0.883128416 0.270558173 0.932606891 0.238836058 255 211 0
1.37293899 1.58090437 0.877189353 0.305542267 0.908841427 0.283991521 255 211 0
1.37200317 1.58770358 0.868069298 0.548459524 0.739292177 0.390690706 255 211 0
1.36823214 1.59267607 0.860341735 0.218476631 0.793827497 0.567543714 255 211 0
1.36445547 1.59765663 0.852601792 0.206444447 0.754439895 0.62305789 255 211 0
1.36067237 1.60264478 0.84484982 0.137101046 0.832108197 0.537400457 255 211 0
1.45177981 1.67014926 0.788708933 0.10266672 0.671872101 0.733517161 255 211 0
1.44538853 1.67363489 0.782007695 0.0925114343 0.843916556 0.528437774 255 211 0
1.34928803 1.61765737 0.821519608 0.167249559 0.80059187 0.575395726 255 211 0
1.34548123 1.62267749 0.813718151 -0.113535577 0.812100504 0.572365656 255 211 0
1.34166826 1.6277055 0.805904359 -0.0845646711 0.853577812 0.51405616 255 211 0
1.36630214 1.65178123 0.783187978 0.14799815 0.923430893 0.354078992 255 211 0
1.36325067 1.6574048 0.774864382 0.148562819 0.950105137 0.274279635 255 211 0
1.35898822 1.66222854 0.767160914 0.116522191 0.945958093 0.302631568 255 211 0
1.34889617 1.66312475 0.762542621 -0.0333108602 0.990333435 0.134647965 255 211 0
1.31657 1.64893905 0.769823515 0.0707000578 0.785188337 0.615207914 255 211 0
1.47534582 1.48083775 1.05754829 0.0447711063 0.374922447 0.925974463 255 211 0
1.45301003 1.4743187 1.05826399 -0.167046261 0.947802215 0.271599905 255 211 0
1.46448621 1.48828451 1.04419873 0.161989968 -0.679600503 -0.715473554 255 211 0
1.45164487 1.48749681 1.04079077 0.145125172 -0.677038052 -0.721497166 255 211 0
1.49125374 1.51875302 1.01410947 0.0644063762 0.941718306 0.330179422 255 211 0
1.48699502 1.52328091 1.00680016 0.133324409 0.933149881 0.333850118 255 211 0
1.48273072 1.52781432 0.999481796 0.0876358663 0.957473267 0.274890701 255 211 0
1.4784616 1.53235376 0.992154005 0.0561302058 0.981821535 0.181317054 255 211 0
1.51084121 1.55958968 0.968169107 0.119612855 0.806573269 0.578906147 255 211 0
1.42863652 1.5158213 0.996318373 0.0990496883 0.977715826 0.185097062 255 211 0
1.42330282 1.51964478 0.989547555 0.131989546 0.959210313 0.249988669 255 211 0
1.41796555 1.52347076 0.982772272 0.255432517 0.941715137 0.218921971 255 211 0
1.4126247 1.52729925 0.975992522 0.794564378 -0.170586759 -0.582724297 255 211 0
1.40728066 1.53113049 0.969208122 0.522013733 0.812189311 0.26048068 255 211 0
1.40193265 1.534964 0.962419423 0.241745469 0.855117333 0.458621277 255 211 0
1.39658106 1.53880003 0.955626245 0.186856927 0.858924556 0.476794606 255 211 0
1.44463857 1.57653933 0.923491069 -0.623162555 -0.325463983 0.711155134 255 211 0
1.44896612 1.58665363 0.91193222 -0.237668122 -0.403333773 0.8836491 255 211 0
1.43553038 1.58546678 0.908834476 0.47857854 0.718660595 -0.504469553 255 211 0
1.40593245 1.57389816 0.913563259 -0.19466565 0.970284255 0.143714126 255 211 0
1.39535178 1.57445955 0.909193541 -0.167361506 0.846856447 0.504801232 255 211 0
1.38108795 1.57263047 0.906639126 0.0620182115 0.904446755 0.422054273 255 211 0
1.38341531 1.58150041 0.895996666 0.277222258 -0.785998901 -0.552588044 255 211 0
1.37753673 1.58508299 0.889348932 -0.0610062406 0.872841936 0.484174755 255 211 0
1.35994287 1.58104437 0.888498036 0.250722839 0.874893013 0.414367318 255 211 0
1.40692799 1.61912061 0.855558649 0.00695892033 0.990926313 0.13422599 255 211 0
1.38792297 1.61420042 0.855358989 -0.486580766 0.830399463 0.271433032 255 211 0
1.36172852 1.60450642 0.858841681 0.198100002 0.782015688 0.590938112 255 211 0
1.4001979 1.63734658 0.829724125 -0.178337994 -0.853556353 -0.489527437 255 211 0
1.35283329 1.61362938 0.84400621 0.180946778 0.775299325 0.605119178 255 211 0
1.34837722 1.618199 0.83657507 0.157266965 0.923244713 0.350551425 255 211 0
1.29392963 1.58951983 0.854818953 -0.120665115 -0.754449214 -0.645171539 255 211 0
1.36554129 1.64476835 0.808207937 0.0975265803 -0.859482723 -0.501774864 255 211 0
1.36009544 1.64875799 0.801184091 -0.0199947589 0.777939286 0.628021239 255 211 0
1.34013872 1.64300759 0.801727704 -0.178918966 0.739830987 0.648566198 255 211 0
1.33450462 1.64685036 0.794828496 -0.162885143 0.792728676 0.587409292 255 211 0
1.32199466 1.64605062 0.791550258 0.0231259344 0.824679524 0.565127307 255 211 0
1.3392694 1.66541954 0.772511512 -0.081194294 0.957885298 0.275432829 255 211 0
1.31550805 1.65698142 0.775212094 0.0282851328 0.819887387 0.571825694 255 211 0
1.50837189 1.50921304 1.04820594 -0.350957506 -0.749054319 -0.561913211 255 211 0
1.48681716 1.50320046 1.04847404 0.0309695605 0.839550333 0.542398492 255 211 0
1.47995785 1.50609347 1.04237689 -0.209868826 -0.781608876 -0.587403303 255 211 0
1.47669146 1.51118334 1.03469837 0.0804642393 0.914124776 0.397368092 255 211 0
1.4464534 1.49973445 1.03895158 -0.0391823609 0.630404443 0.775277358 255 211 0
1.42195685 1.49172947 1.04076358 -0.107395155 0.851886842 0.51259642 255 211 0
1.45121831 1.51685016 1.01858594 -0.144954699 -0.916023448 -0.374017616 255 211 0
1.44607758 1.52079954 1.01172523 0.148899604 0.962857459 0.225243026 255 211 0
1.44093297 1.52475199 1.00485922 -0.0792628059 -0.98968089 -0.119369778 255 211 0
1.39874346 1.50562099 1.01485437 0.124615207 0.846830796 0.517057688 255 211 0
1.4142117 1.52239989 0.998629291 -0.0795531762 0.942701492 0.324014179 255 211 0
1.41336155 1.5290302 0.989806205 0.284350554 0.937555697 0.200334911 255 211 0
1.41250864 1.53568106 0.980955735 -0.675525755 -0.714740641 -0.181137432 255 211 0
1.41165364 1.54235299 0.972077436 0.283996324 0.837411895 0.466998294 255 211 0
1.41079531 1.54904531 0.963171749 0.23018054 0.848032013 0.477345393 255 211 0
1.39828992 1.54836396 0.959716673 0.250395055 0.888248317 0.385119778 255 211 0
1.47060746 1.60169298 0.916167807 0.130474615 0.875635037 -0.46501576 255 211 0
1.38497958 1.55440732 0.947332751 0.407666631 0.854966283 0.320687655 255 211 0
1.37832504 1.55742891 0.941141124 0.730576414 0.674994905 -0.103150287 255 211 0
1.37167043 1.56045012 0.93494996 0.677782342 0.735151373 -0.0127888995 255 211 0
1.36501649 1.56347143 0.928758898 0.687109739 0.72654583 -0.00337097314 255 211 0
1.35836248 1.56649236 0.9225683 -0.515112973 -0.847281642 0.129508469 255 211 0
1.35170913 1.56951339 0.916377802 -0.530850129 -0.84098903 -0.104573385 255 211 0
1.39963693 1.60807302 0.883379022 -0.564742089 0.623600108 0.540545352 255 211 0
1.35061561 1.58353166 0.897967223 -0.235610092 -0.904793039 -0.354735733 255 211 0
1.35043282 1.59081636 0.888533551 -0.251590636 -0.865977435 -0.432186573 255 211 0
1.34912485 1.5973879 0.879627487 -0.257841755 -0.817563258 -0.514886346 255 211 0
1.36702306 1.61664478 0.861056632 0.305730237 0.638715668 0.706095828 255 211 0
1.33471017 1.60279291 0.867682167 0.257823436 0.873247612 0.413479969 255 211 0
1.33071944 1.60762593 0.860083147 0.312199839 0.860743206 0.402060188 255 211 0
1.32672274 1.61246593 0.852473079 0.191750157 0.778107294 0.598147905 255 211 0
1.32272004 1.61731292 0.844851943 0.2400047 0.905687482 0.349468065 255 211 0
1.41843047 1.68895774 0.785845931 -0.410997667 0.809165588 0.419919003 255 211 0
1.30918338 1.62332358 0.832431686 0.109832244 0.98737322 0.114153418 255 211 0
1.30471931 1.62788113 0.825023047 -0.343966716 0.526711582 0.777342787 255 211 0
1.28464437 1.62189258 0.8257728 0.087176464 0.920683798 0.380449219 255 211 0
1.28024698 1.62648048 0.818348228 0.027378751 0.865922044 0.499429091 255 211 0
1.29129339 1.64158631 0.802743634 0.247040786 0.808727125 0.533789553 255 211 0
1.29550245 1.65210108 0.790676301 0.0706810203 0.900237937 0.429622916 255 211 0
1.42735955 1.46837547 1.08821282 0.0101188225 0.924925756 0.380013099 255 211 0
1.46985717 1.501267 1.06083082 -0.153834896 -0.371864961 -0.915451405 255 211 0
1.46375726 1.50459702 1.05443643 0.118270687 0.409668819 0.904534965 255 211 0
1.43390551 1.49334484 1.05847165 0.147114547 0.587489116 0.795747353 255 211 0
1.39850617 1.47858687 1.065071 0.0052114966 0.861742567 0.50731902 255 211 0
1.44995667 1.5173769 1.03324223 0.141797093 0.910802486 0.387727244 255 211 0
1.39082313 1.48785452 1.05051099 -0.00842508532 0.647790793 0.761771689 255 211 0
1.38445658 1.49093368 1.04434546 0.175614029 0.804726703 0.567075521 255 211 0
1.41625759 1.51781513 1.02094613 -0.0242841696 0.933546922 0.357631688 255 211 0
1.41355501 1.52326115 1.01302117 0.107590769 -0.924993795 -0.364432031 255 211 0
1.40842156 1.52719668 1.00618679 -0.0970458686 0.93379999 0.34438304 255 211 0
1.37497649 1.51331657 1.01234086 0.18315064 0.874219877 0.449661483 255 211 0
1.4878785 1.59173823 0.951086444 0.570027997 0.793627774 -0.212657092 255 211 0
1.4796338 1.59389637 0.94544803 0.426665621 0.482656312 -0.76485249 255 211 0
1.47139539 1.59605242 0.939814503 -0.334199929 -0.636383217 0.695217094 255 211 0
1.3867126 1.54947999 0.970051771 0.126551203 0.757738047 0.640170169 255 211 0
1.3729017 1.54790881 0.96725764 0.349596766 0.704379865 0.617762986 255 211 0
1.36739315 1.55163333 0.960563266 0.305816077 0.818215948 0.486825626 255 211 0
1.40755665 1.58474521 0.932085941 0.216916803 0.528779567 0.820572526 255 211 0
1.43030655 1.60680699 0.911715698 0.51351941 0.854671224 -0.0763866148 255 211 0
1.40506109 1.59791599 0.914326892 -0.380689855 0.404731769 0.831424939 255 211 0
1.41391837 1.61109647 0.900508495 -0.0204441943 0.805001659 0.5929202 255 211 0
1.40573458 1.6132387 0.894911704 0.38646064 -0.71003761 -0.58863806 255 211 0
1.30080152 1.55215012 0.936713151 -0.198581069 0.919555261 0.339092438 255 211 0
1.33091881 1.57918956 0.912524943 0.0564029682 0.932093985 0.35779814 255 211 0
1.31391795 1.57539491 0.911471425 -0.0185211805 0.917867579 0.396454377 255 211 0
1.30911963 1.5796067 0.90439948 -0.0713162026 0.915287249 0.396438206 255 211 0
1.29075783 1.5748503 0.904105409 0.0367169829 -0.931624751 -0.361562148 255 211 0
1.28837245 1.58065012 0.895837178 -0.00640070088 0.973384201 0.229089999 255 211 0
1.28598107 1.58646323 0.887549817 0.0647982858 0.776334271 0.626981884 255 211 0
1.35129382 1.63751986 0.844817353 0.0854913062 0.881196038 0.464956749 255 211 0
1.31716952 1.62224593 0.852522323 0.255550688 0.90226471 0.347292728 255 211 0
1.3090992 1.62436988 0.846988487 0.180931667 0.967632793 0.175927572 255 211 0
1.30103572 1.6264923 0.841458987 0.065142746 0.992838594 0.10013965 255 211 0
1.28218247 1.62130977 0.841540267 0.029663846 0.999329151 0.0214780146 255 211 0
1.27816482 1.6261423 0.833944111 0.0106696516 0.955859602 0.293630005 255 211 0
1.25737101 1.61956577 0.835137333 -0.153505613 -0.959043616 -0.23805749 255 211 0
1.25520774 1.6256507 0.826580825 0.422046549 0.806564264 0.413921248 255 211 0
1.26245548 1.63820161 0.813009336 0.381898416 0.642527725 0.66431297 255 211 0
1.40398724 1.46237939 1.10319223 -0.0694044919 0.890656708 0.449348022 255 211 0
1.39953648 1.46658748 1.09625435 -0.0989184305 0.867914903 0.486763666 255 211 0
1.39508075 1.4708 1.08930907 0.0954753128 -0.864344241 -0.493754491 255 211 0
1.59089405 1.59843996 0.994663871 -0.0258746044 0.854626411 0.518598305 255 211 0
1.39448038 1.48438535 1.07173027 0.111387761 0.87622968 0.468843593 255 211 0
1.39255707 1.4902068 1.06361441 -0.0145336954 0.779025058 0.626824322 255 211 0
1.38696515 1.4937637 1.05710964 -0.00235710736 0.630246352 0.776391641 255 211 0
1.36136963 1.4848424 1.05955618 0.10379005 0.837949214 0.535787962 255 211 0
1.3859266 1.50723752 1.03952005 -0.110962011 0.853007512 0.509966289 255 211 0
1.36348199 1.50024325 1.04060583 0.0364291097 0.718656155 0.694410722 255 211 0
1.37799456 1.51646243 1.02494968 0.155309721 0.825447342 0.542692893 255 211 0
1.37240462 1.52006374 1.01838883 0.215882405 0.882248419 0.418368874 255 211 0
1.36681186 1.52366678 1.01182476 0.222010977 0.877559013 0.424972122 255 211 0
1.36121627 1.52727157 1.00525747 0.158879501 0.907806906 0.388128747 255 211 0
1.35561823 1.53087834 0.998686786 0.183509298 0.863374826 0.470008774 255 211 0
1.35001698 1.53448661 0.992113058 0.253581525 0.812005386 0.525683996 255 211 0
1.44663066 1.60368774 0.937458175 -0.339783807 0.525594414 0.779934277 255 211 0
1.34323606 1.54455997 0.976860902 0.111931125 0.855109727 0.506220089 255 211 0
1.37619556 1.57308638 0.95192714 -0.596594831 -0.793362055 -0.121042375 255 211 0
1.36892993 1.57571775 0.946019793 0.456400481 0.855627868 0.244130195 255 211 0
1.3616668 1.57834795 0.94011481 0.499621684 0.863632662 0.0672071322 255 211 0
1.35440654 1.58097723 0.93421201 0.10947135 0.978256304 0.176155124 255 211 0
1.32280989 1.56769225 0.940136876 0.00903491669 0.978098828 0.207944833 255 211 0
1.31324282 1.56875313 0.935431796 -0.136486873 0.978245522 0.156227503 255 211 0
1.31063203 1.57437817 0.927326408 -0.0112408964 0.98214861 0.187770472 255 211 0
1.27790602 1.56014391 0.934069616 0.249656773 -0.912083118 -0.325232044 255 211 0
1.27890074 1.56812599 0.924212824 0.0838638616 -0.93777093 -0.33697557 255 211 0
1.25465841 1.5593785 0.926910824 -0.00258526896 0.921232105 0.389004789 255 211 0
1.26466667 1.57337522 0.912519412 -0.0736757842 0.912214512 0.403034195 255 211 0
1.25924844 1.57713127 0.905820825 -0.212382158 -0.833647204 -0.509829538 255 211 0
1.25683716 1.58290772 0.897591705 0.174196553 0.766586372 0.61806221 255 211 0
1.2999653 1.61932756 0.866125645 0.0519659376 0.518883932 0.853263738 255 211 0
1.29193515 1.62144428 0.860608662 0.0376165086 0.638737233 0.768504876 255 211 0
1.28391107 1.623559 0.855096353 0.0340614165 0.997360901 0.0641175015 255 211 0
1.27589377 1.62567222 0.849588336 -0.0183957456 0.989361163 0.144312461 255 211 0
1.26788289 1.6277837 0.844084793 0.0712799846 0.985595511 0.153364442 255 211 0
1.25987843 1.62989345 0.838585717 -0.379823013 -0.827748251 -0.412997956 255 211 0
1.27402342 1.647177 0.821440136 -0.265347835 -0.527832211 -0.806835599 255 211 0
1.2438887 1.63410772 0.827600948 0.487895971 0.777112207 0.397560234 255 211 0
1.43409439 1.4960736 1.08622501 0.0519751616 0.641146258 0.765656619 255 211 0
1.37199607 1.46481755 1.10421421 -0.161011565 -0.89085233 -0.42480278 255 211 0
1.3675484 1.46900779 1.09730845 -0.164897388 -0.891967176 -0.420955353 255 211 0
1.43786351 1.51959227 1.05757454 0.174701525 0.922286726 0.344770319 255 211 0
1.35863871 1.47740172 1.08347474 -0.240915317 -0.894097821 -0.377556481 255 211 0
1.40971765 1.51628026 1.05189282 0.186977586 -0.825411739 -0.532667667 255 211 0
1.34716265 1.48421849 1.07074829 0.0593318909 0.897859089 0.436266871 255 211 0
1.36399575 1.50180982 1.05424933 0.0429041907 0.724959666 0.68745379 255 211 0
1.3827267 1.52068782 1.03677816 0.00581841227 0.898366091 0.439208962 255 211 0
1.34203627 1.50210377 1.04614817 0.0980932259 0.801313054 0.590148378 255 211 0
1.35119686 1.51499446 1.03294102 0.00668948905 0.854020627 0.520196136 255 211 0
1.33475436 1.51166188 1.03140337 0.00836490863 0.84288682 0.53802587 255 211 0
1.34040223 1.52238403 1.01972424 0.0360214031 0.82978043 0.556926293 255 211 0
1.34404917 1.5318736 1.00891211 0.13124123 0.860791426 0.491745727 255 211 0
1.30641782 1.51490232 1.01730286 -0.01147984 0.923710869 0.382918326 255 211 0
1.33470812 1.54026082 0.994935196 -0.0847620277 0.806534167 0.585079512 255 211 0
1.29861357 1.52416461 1.0027513 0.0825403741 -0.87539618 -0.476307269 255 211 0
1.3453224 1.56160902 0.971459671 -0.0159985595 0.788634081 0.614654645 255 211 0
1.29142983 1.533871 0.987852039 0.0418232671 0.85024835 0.524717598 255 211 0
1.28602476 1.53755911 0.98124943 0.0409374104 0.780754681 0.623495194 255 211 0
1.28061668 1.54124947 0.97464289 0.0916681263 0.770470516 0.630850329 255 211 0
1.28039017 1.54834412 0.965520423 0.327790308 0.717556021 0.614546068 255 211 0
1.27017633 1.54889029 0.96123052 0.049396238 0.853498103 0.518749457 255 211 0
1.28861716 1.5683416 0.942926539 -0.119507263 0.912621575 0.390947406 255 211 0
1.29284053 1.57847872 0.931491875 -0.11509875 0.978760104 0.169649455 255 211 0
1.25982337 1.5639161 0.938436079 -0.0900075787 0.965581275 0.244031632 255 211 0
1.246745 1.56253277 0.935597599 -0.063108148 0.957373799 0.281873678 255 211 0
1.25707422 1.57677257 0.921082068 -0.129966646 -0.846380213 -0.516477691 255 211 0
1.22466726 1.56241883 0.927974733 0.0498352103 0.820360129 0.569671581 255 211 0
1.22098461 1.56728233 0.920480019 0.110754236 0.828883815 0.548347628 255 211 0
1.22262702 1.5757516 0.910263071 0.0203470297 0.868570506 0.495147731 255 211 0
1.22558365 1.585145 0.899330641 0.0454801625 -0.910012283 -0.412079117 255 211 0
1.25486095 1.61245544 0.87482233 -0.0754472577 0.803885248 0.589979846 255 211 0
1.25107025 1.6173884 0.867201063 -0.164070012 0.847136089 0.505412186 255 211 0
1.18465684 1.57953163 0.892085199 0.0135499069 0.916353304 0.400141252 255 211 0
1.29354663 1.66161133 0.825780397 0.0200970391 0.868956432 0.494480362 255 211 0
1.18001865 1.59121079 0.875567108 0.0988477086 -0.690625133 -0.71642589 255 211 0
1.17769075 1.5970711 0.867278548 -0.0902269199 0.644415176 0.75933404 255 211 0
1.35526868 1.4557725 1.12508653 -0.303709881 -0.893613347 -0.330477675 255 211 0
1.35180283 1.46053177 1.11781315 -0.426993484 -0.862198489 -0.272562525 255 211 0
1.34833106 1.46529843 1.11052827 0.40769675 0.764835164 0.498809114 255 211 0
1.34485373 1.47007274 1.1032317 -0.255170891 -0.894524574 -0.367033517 255 211 0
1.28440519 1.43927079 1.1209931 -0.102149949 0.850040545 0.516717002 255 211 0
1.33638073 1.47870348 1.08926795 0.136677545 0.938735699 0.316377207 255 211 0
1.32783421 1.48032227 1.0841883 0.0544296149 -0.962009153 -0.267536553 255 211 0
1.31929808 1.48193915 1.07911476 0.0237504747 0.921359581 0.387985099 255 211 0
1.31077233 1.48355412 1.07404732 0.236136552 0.804267476 0.545337837 255 211 0
1.29794605 1.4824323 1.07093656 0.215495902 0.801021006 0.558504131 255 211 0
1.30723867 1.49536113 1.05779435 0.37004989 0.781609299 0.502145381 255 211 0
1.31641631 1.5082785 1.04462604 0.0529242508 0.909055907 0.413299385 255 211 0
1.30810703 1.51005992 1.03942364 -0.0701271385 -0.941938549 -0.328380807 255 211 0
1.30246219 1.51354525 1.03299841 0.0585387769 0.924898025 0.375681854 255 211 0
1.29681499 1.51703211 1.0265704 0.0323507005 0.9402069 0.339064031 255 211 0
1.28114484 1.51404364 1.02482581 -0.0504388119 -0.922692558 -0.382222932 255 211 0
1.28081415 1.52096348 1.01591578 0.0525664682 0.915551624 0.398750536 255 211 0
1.27407442 1.52373945 1.01000471 -0.0567188954 -0.905550789 -0.420429228 255 211 0
1.26733628 1.5265151 1.00409462 -0.0549107884 -0.882997436 -0.466154838 255 211 0
1.26059899 1.52928992 0.998185857 0.0523776771 0.868352401 0.493174093 255 211 0
1.25386329 1.53206443 0.992278077 0.0326346287 0.862363111 0.505237415 255 211 0
1.27773119 1.55499174 0.971585574 -0.0134425638 0.710737076 0.703329301 255 211 0
1.29642467 1.57462544 0.953248248 0.0989491357 0.891707636 0.441663402 255 211 0
1.29040338 1.57798507 0.946849617 -0.0662404849 0.989597382 0.127707552 255 211 0
1.24077549 1.55235883 0.961861132 0.000465929786 0.93151767 0.363695771 255 211 0
1.23347514 1.5547787 0.956204278 0.0575282268 0.931281956 0.35972826 255 211 0
1.23614066 1.5638614 0.945605575 -0.000177051275 0.951128439 0.308795499 255 211 0
1.22603148 1.56441002 0.941333131 0.116463374 0.963777896 0.239934261 255 211 0
1.21923047 1.56717003 0.935420664 0.103860714 0.872466008 0.477510228 255 211 0
1.21653948 1.57270376 0.927437208 -0.0675836819 0.843104856 0.533485378 255 211 0
1.17733847 1.55352259 0.937946618 -0.0861139068 0.876398288 0.473825322 255 211 0
1.20961753 1.58277251 0.912194723 -0.121773939 0.875289761 0.468015964 255 211 0
1.18254866 1.57173398 0.916648002 0.056521478 -0.882902373 -0.466142383 255 211 0
1.18867569 1.58330571 0.904110693 -0.00655817404 0.93690766 0.349515417 255 211 0
1.17982239 1.58465592 0.899263841 -0.0394800578 -0.919562118 -0.39095631 255 211 0
1.17179715 1.58656545 0.893999112 -0.0371262911 -0.9200035 -0.390147663 255 211 0
1.15299773 1.58103103 0.894382954 0.105673005 0.868355349 0.484553612 255 211 0
1.24584634 1.6527525 0.836083841 0.0418326656 0.916125228 0.398703642 255 211 0
1.31437259 1.4386142 1.14747263 -0.365903937 0.899537762 0.238633869 255 211 0
1.34580292 1.46498226 1.12524166 0.522393217 0.650228103 0.55164186 255 211 0
1.3415651 1.46927153 1.11830142 0.508953763 0.836241913 0.204121363 255 211 0
1.33732252 1.47356598 1.11135292 -0.599077967 -0.756695624 -0.261758136 255 211 0
1.33307477 1.47786538 1.10439631 -0.00915181134 0.880373359 0.474192992 255 211 0
1.29307782 1.45969102 1.11320197 -0.40225379 0.714797887 0.572062819 255 211 0
1.30376588 1.47335913 1.09968621 -0.00153697876 0.885956822 0.463765186 255 211 0
1.30026914 1.47811778 1.09241477 0.0497754472 0.869936818 0.490644819 255 211 0
1.27562206 1.46946239 1.09461811 0.016766578 0.775469157 0.63116279 255 211 0
1.26886426 1.47212532 1.08884236 0.147845345 0.809596848 0.56806223 255 211 0
1.2750248 1.4830374 1.07720855 0.0270194044 0.701536919 0.712120709 255 211 0
1.30311386 1.50804823 1.05550921 -0.284183492 -0.850303024 -0.442972358 255 211 0
1.28405876 1.50289775 1.05526026 0.0854551859 0.912820424 0.399319778 255 211 0
1.27924086 1.506875 1.04850908 -0.0583330672 0.962644403 0.264410676 255 211 0
1.27565567 1.51165564 1.04117835 -0.0978961361 0.954081857 0.283097434 255 211 0
1.26218222 1.51003303 1.03844437 -0.0759528864 0.942863733 0.324405825 255 211 0
1.24863456 1.50833344 1.03578153 0.00887984348 0.896217724 0.443525579 255 211 0
1.24472558 1.51289629 1.02861159 0.0806370086 0.907882334 0.411396817 255 211 0
1.23223986 1.5118532 1.02549458 0.053471359 0.895142226 0.442562096 255 211 0
1.22940744 1.51712556 1.01780851 0.167693351 0.850442708 0.498624247 255 211 0
1.22656935 1.52240859 1.01010692 0.21697003 0.823607941 0.524017143 255 211 0
1.24027725 1.53864185 0.994415025 -0.116463897 -0.860474916 -0.496003104 255 211 0
1.22087564 1.53300645 0.994657214 0.0570493965 0.90586722 0.41970221 255 211 0
1.27406115 1.57559274 0.959614056 -0.179330715 0.857027957 0.483056492 255 211 0
1.24692832 1.5648423 0.963587835 -0.0422919185 0.930176109 0.364669438 255 211 0
1.20719483 1.5455727 0.97387464 -0.0155434688 0.859837812 0.510330616 255 211 0
1.19120888 1.54210612 0.972583499 -0.0592490213 0.862127151 0.503215987 255 211 0
1.18930543 1.54808285 0.964335356 -0.0315719188 0.875037692 0.48302407 255 211 0
1.18425075 1.55194958 0.957640023 -0.0632505748 0.874231057 0.481372437 255 211 0
1.23476718 1.59348087 0.922984559 0.0478584803 0.878095462 0.476086049 255 211 0
1.18795205 1.56908826 0.937243961 -0.104598663 0.874383578 0.473827477 255 211 0
1.17587556 1.56821286 0.934059976 -0.133466284 0.862381492 0.488349172 255 211 0
1.16383481 1.56733759 0.930888531 -0.00548840646 0.862106453 0.506697484 255 211 0
1.16021858 1.57221916 0.923418906 -0.0637528158 0.852067389 0.519535123 255 211 0
1.13897399 1.56497751 0.925040798 -0.0338692504 0.867184807 0.496833356 255 211 0
1.15272915 1.58184074 0.908567645 0.0282030489 0.876257395 0.481017219 255 211 0
1.15081269 1.58793525 0.900165661 0.0455375788 0.881741903 0.469529068 255 211 0
1.14889065 1.59404545 0.891741827 0.0193997919 0.897707212 0.440165208 255 211 0
1.31520166 1.44721435 1.15191241 -0.452897567 0.828265547 0.329939355 255 211 0
1.31042789 1.45110412 1.14529415 -0.423280864 0.821481749 0.382100832 255 211 0
1.31134805 1.45856041 1.13620587 -0.347022425 0.634746953 0.690414182 255 211 0
1.3071205 1.46281556 1.1293213 0.655188367 -0.488239635 -0.576498276 255 211 0
1.27678457 1.45065084 1.13384626 -0.131604096 0.931312922 0.339612431 255 211 0
1.34116333 1.49817353 1.09682843 -0.658783472 -0.732847745 -0.170113255 255 211 0
1.29440784 1.47561064 1.10861943 0.656205974 -0.483557551 -0.579280428 255 211 0
1.29016038 1.47988566 1.10170266 -0.119207737 0.794119579 0.595956046 255 211 0
1.28590781 1.48416559 1.09477785 -0.0450324444 0.747406233 0.662839348 255 211 0
1.2953896 1.49723042 1.08166513 0.152211259 0.776322414 0.611682305 255 211 0
1.28997732 1.50081063 1.0752097 0.215843197 0.799733845 0.560212006 255 211 0
1.28456204 1.50439268 1.06875087 0.0365974338 0.851814981 0.522562787 255 211 0
1.28334952 1.51068929 1.06036523 0.0285032327 -0.909185132 -0.415415407 255 211 0
1.25698712 1.50073436 1.06351901 -0.0474215321 0.921338309 0.385858676 255 211 0
1.24353933 1.49908082 1.06080264 0.0244101067 0.955341206 0.294495037 255 211 0
1.23841284 1.50281605 1.05425352 0.0423680437 0.957834699 0.284178884 255 211 0
1.23848975 1.50995431 1.04526561 0.0925742131 0.904863913 0.415513314 255 211 0
1.22102888 1.50562958 1.04448904 0.0556968369 0.878143542 0.47514396 255 211 0
1.21167778 1.5065887 1.03993666 0.0276065134 0.870691724 0.491053767 255 211 0
1.20524635 1.50946 1.03401242 0.0168551251 0.722959083 0.690685217 255 211 0
1.18645583 1.50415838 1.03399457 0.0453850119 0.988659078 0.143155262 255 211 0
1.18223237 1.50846775 1.02704299 0.118048124 0.980706988 0.155815419 255 211 0
1.17800398 1.51278238 1.02008299 -0.0107568681 0.920673626 0.390185038 255 211 0
1.17010055 1.51465263 1.01489712 -0.0491269038 0.920441642 0.38778052 255 211 0
1.16449062 1.51805179 1.00859973 0.0701322883 -0.826910824 -0.557942606 255 211 0
1.18095386 1.53627911 0.991461338 -0.0590639379 0.86676699 0.49520343 255 211 0
1.17627924 1.54036055 0.984636425 0.0311633167 0.782497195 0.621873772 255 211 0
1.15053199 1.53020692 0.988260933 -0.06825299 0.829537954 0.554263757 255 211 0
1.19467712 1.56735632 0.957115006 -0.0455590614 0.859238755 0.509542083 255 211 0
1.15951154 1.55078097 0.965484876 -0.00751069342 0.914738401 0.40397679 255 211 0
1.13235339 1.53954579 0.969971244 -0.00322654173 0.865102776 0.501584266 255 211 0
1.1321237 1.54665062 0.960916014 -0.04615028 0.857440085 0.512510148 255 211 0
1.12823082 1.55126669 0.953695187 -0.0417875156 0.900434849 0.432979083 255 211 0
1.12904486 1.55913477 0.9440489 -0.00440330203 0.866807382 0.498623679 255 211 0
1.12685772 1.56496039 0.935909891 0.0289845958 0.844281673 0.535115267 255 211 0
1.10411786 1.55656057 0.938393903 0.144435867 0.840696306 0.521888879 255 211 0
1.09738588 1.55921791 0.932632515 0.14213934 0.793827179 0.591299263 255 211 0
1.18716444 1.62917914 0.876350596 -0.0933042496 0.862356837 0.497629383 255 211 0
1.2846858 1.43627788 1.16972343 -0.136108825 0.943560583 0.301940084 255 211 0
1.27356962 1.43614878 1.16589427 -0.0342147039 0.894699314 0.445356588 255 211 0
1.26878598 1.43997527 1.15935851 0.0777563837 0.928508132 0.36307932 255 211 0
1.25159416 1.43599568 1.15819585 -0.01773511 0.893627719 0.448458432 255 211 0
1.24747625 1.44022972 1.151386 -0.0105081414 0.893464694 0.449010489 255 211 0
1.24335358 1.44446895 1.14456792 0.0175046806 0.886308261 0.462764793 255 211 0
1.23922613 1.44871337 1.13774158 0.02929136 0.885452745 0.463805404 255 211 0
1.23509351 1.45296274 1.13090714 0.0396176045 0.881303803 0.470886453 255 211 0
1.23095608 1.45721732 1.12406442 0.0517270532 0.885523611 0.4617058 255 211 0
1.22681346 1.46147687 1.11721358 0.0473046479 0.893285894 0.44699282 255 211 0
1.222666 1.46574164 1.11035444 0.0519891012 0.899482237 0.433853476 255 211 0
1.2571246 1.49492852 1.08597857 -0.247953824 0.651944076 0.716580647 255 211 0
1.25051052 1.49769065 1.08012568 -0.228433901 0.67632059 0.700291663 255 211 0
1.1973664 1.47023745 1.09560886 0.0680800977 0.882290589 0.465755749 255 211 0
1.19196948 1.4736961 1.08931603 0.0361021019 0.853752659 0.519425679 255 211 0
1.18656993 1.47715642 1.08302017 0.0162261777 0.810442154 0.58559391 255 211 0
1.20319227 1.49505375 1.06645429 0.130009159 0.786529756 0.603712317 255 211 0
0.0780699307 0.762390535 1.58494048 -0.145746317 0.819898244 0.553646891 255 211 0
1.21356013 1.51604121 1.04375168 -0.0538999618 -0.915406359 -0.398905994 255 211 0
1.22277573 1.5292728 1.03040083 -0.15772667 -0.866536021 -0.47353735 255 211 0
1.18977597 1.51455322 1.03708457 0.0514380806 0.987810067 0.146919693 255 211 0
1.2099979 1.53515277 1.01840886 -0.0403009769 0.893992109 0.44626667 255 211 0
1.17865708 1.52143028 1.02443287 0.1395231 -0.904717376 -0.402516799 255 211 0
1.16552565 1.51980126 1.02176861 -0.0464830603 0.97193478 0.230612463 255 211 0
1.13468747 1.50624559 1.02776306 -0.0516118419 0.877838101 0.476168549 255 211 0
1.14398143 1.51963791 1.01423796 -0.00647598115 0.871301842 0.49070476 255 211 0
1.1302435 1.51752251 1.01196834 0.00702542835 0.857611051 0.514250842 255 211 0
1.12425736 1.52063335 1.00590186 0.029664475 0.835661139 0.548443688 255 211 0
1.13396765 1.53442519 0.992023224 -0.0112103158 0.846328416 0.532543463 255 211 0
1.14326308 1.54800195 0.978266425 -0.0437614411 0.87552113 0.481194022 255 211 0
1.09510133 1.52230615 0.993325959 -0.157101927 0.825690718 0.541806075 255 211 0
1.08481561 1.52244456 0.989458178 -0.144705834 0.808064705 0.571044354 255 211 0
1.08204393 1.5277425 0.98179218 -0.139026372 0.791089712 0.595691812 255 211 0
1.09729572 1.54551211 0.964894979 0.0305088071 0.864605236 0.501524673 255 211 0
1.10645775 1.55915296 0.951009574 0.094467596 0.823118737 0.559956622 255 211 0
1.10189573 1.56331621 0.944129394 0.127108092 0.846078539 0.517681987 255 211 0
1.09732898 1.56748378 0.937242061 0.107365913 0.832313108 0.543808286 255 211 0
1.09275711 1.57165544 0.930347756 0.0766943988 0.845977128 0.527674775 255 211 0
1.24942087 1.42224126 1.18947723 -0.0160706241 0.897615956 0.440485335 255 211 0
1.2413954 1.42397862 1.18440007 -0.0108882308 0.899510261 0.436763937 255 211 0
1.32214241 1.48162676 1.14117656 -0.238424049 -0.646108252 -0.725050412 255 211 0
1.32003935 1.48726457 1.1333406 0.0569216378 0.660001831 0.749104472 255 211 0
1.23327164 1.43925853 1.16228786 0.000901616421 0.883950427 0.467579758 255 211 0
1.22734341 1.44233171 1.15629075 0.0157030125 0.883142225 0.468842432 255 211 0
1.31369988 1.5042582 1.10972111 -0.281318102 0.598402035 0.750183398 255 211 0
1.31157683 1.50994981 1.10181042 0.00670797905 -0.260118532 0.965553392 255 211 0
1.30944856 1.51565486 1.09388095 0.22012196 0.97082957 -0.0950592886 255 211 0
1.19958992 1.45203443 1.13409529 0.0512089247 0.896777709 0.43950812 255 211 0
1.19545561 1.45626323 1.12729498 0.0508769897 0.893624697 0.445922003 255 211 0
1.19131656 1.4604972 1.12048645 0.0497671301 0.900214818 0.432592781 255 211 0
1.18717238 1.46473612 1.11366987 0.0664711819 0.889427428 0.452217239 255 211 0
1.18302342 1.46898023 1.10684505 0.113248284 0.883388113 0.454752975 255 211 0
1.17886931 1.4732293 1.10001214 0.296809003 0.876382474 0.379286401 255 211 0
1.1747104 1.47748357 1.09317097 0.0813702941 0.855984953 0.510557182 255 211 0
1.17348013 1.48367261 1.08495804 0.025530671 0.813232454 0.581378673 255 211 0
1.16845384 1.48737735 1.07849365 -0.0530590545 0.793734921 0.605945222 255 211 0
1.18865762 1.50778627 1.0601662 -0.00273498288 0.882991138 0.469381689 255 211 0
1.15839079 1.4947947 1.06555123 -0.124464218 0.835108231 0.53581984 255 211 0
1.18433768 1.51914265 1.04435183 0.0275275239 0.979510719 0.199501847 255 211 0
1.15878435 1.50921777 1.04758837 -0.169184874 0.935994553 0.308691877 255 211 0
1.1357359 1.50089133 1.04972243 0.158971371 -0.862536954 -0.480372883 255 211 0
1.1129577 1.49267633 1.05181411 -0.135154455 0.847976392 0.512512744 255 211 0
1.10545401 1.49469233 1.04657549 0.114466967 -0.850465238 -0.513425937 255 211 0
1.09762149 1.49648037 1.04150436 -0.0728105892 0.858651034 0.50736281 255 211 0
1.11254298 1.51370181 1.02527173 -0.0840850911 0.853331352 0.51454378 255 211 0
1.09199532 1.50686905 1.0264333 -0.0986059269 0.834763909 0.541706643 255 211 0
1.1089977 1.52561554 1.00903731 -0.0862789728 0.81559157 0.572159357 255 211 0
1.08990452 1.519737 1.00952598 -0.14314469 0.825966316 0.54524237 255 211 0
1.1046504 1.53705455 0.993109344 -0.0530111146 0.864100468 0.500519932 255 211 0
1.0929706 1.53624809 0.989906561 -0.119988255 0.79110683 0.599793966 255 211 0
1.07524928 1.53124095 0.989796489 -0.211891012 0.750476577 0.626008871 255 211 0
1.08282236 1.54372814 0.976854687 -0.0777169554 0.802324667 0.591806728 255 211 0
1.07551963 1.54592524 0.971461261 -0.104595012 0.757495345 0.644407236 255 211 0
1.06829816 1.54817448 0.966031713 -0.00402587511 0.777292209 0.629126866 255 211 0
1.09002561 1.57068822 0.945612001 0.0244746142 0.860240505 0.509300763 255 211 0
1.05679852 1.55472743 0.953655894 0.34815338 0.701984925 0.621294125 255 211 0
