{
  "type": "visible_nurbs_intermediate",
  "iteration": 0,
  "parameter_domain": {
    "u": [
      0.0,
      1.0
    ],
    "v": [
      0.0,
      1.0
    ]
  },
  "degree_u": 2,
  "degree_v": 2,
  "observed_v_max": 1.0,
  "control_grid_shape": [
    8,
    4,
    3
  ],
  "control_grid": [
    [
      [
        1.4714025259017944,
        0.3597036600112915,
        0.16139298677444458
      ],
      [
        1.0678317546844482,
        0.7958788871765137,
        0.015852414071559906
      ],
      [
        0.5382431149482727,
        1.150549054145813,
        -0.08815369009971619
      ],
      [
        -0.11371396481990814,
        1.4079774618148804,
        -0.16281014680862427
      ]
    ],
    [
      [
        1.5023760795593262,
        -0.027291640639305115,
        0.22401562333106995
      ],
      [
        0.9738795161247253,
        0.5394325256347656,
        0.10151372104883194
      ],
      [
        0.28172940015792847,
        1.043186068534851,
        -0.04097016528248787
      ],
      [
        -0.42366155982017517,
        1.3600099086761475,
        -0.0665472075343132
      ]
    ],
    [
      [
        1.4232137203216553,
        -0.38233649730682373,
        0.21822232007980347
      ],
      [
        0.7998966574668884,
        0.17179207503795624,
        0.2308097928762436
      ],
      [
        -0.013485552743077278,
        0.7934359908103943,
        -0.009250758215785027
      ],
      [
        -0.6695955395698547,
        1.181345820426941,
        0.036515433341264725
      ]
    ],
    [
      [
        1.1810576915740967,
        -0.664520263671875,
        0.09403512626886368
      ],
      [
        0.5728599429130554,
        -0.22678576409816742,
        0.3060813546180725
      ],
      [
        -0.3069622814655304,
        0.46049395203590393,
        -0.16672739386558533
      ],
      [
        -0.8597457408905029,
        0.8516978621482849,
        -0.019405394792556763
      ]
    ],
    [
      [
        0.8903144598007202,
        -0.9659321308135986,
        -0.04512379318475723
      ],
      [
        0.3347015976905823,
        -0.5670834183692932,
        0.15150056779384613
      ],
      [
        -0.542519748210907,
        0.11413087695837021,
        -0.2712947428226471
      ],
      [
        -1.1284265518188477,
        0.5300612449645996,
        -0.1287602037191391
      ]
    ],
    [
      [
        0.7041064500808716,
        -1.2659239768981934,
        -0.04391184076666832
      ],
      [
        0.05623204633593559,
        -0.9021155834197998,
        0.01898938976228237
      ],
      [
        -0.7747791409492493,
        -0.29200562834739685,
        -0.1913059800863266
      ],
      [
        -1.406086802482605,
        0.26225802302360535,
        -0.19198735058307648
      ]
    ],
    [
      [
        0.40384235978126526,
        -1.3823484182357788,
        0.06302838772535324
      ],
      [
        -0.2787173092365265,
        -1.1038216352462769,
        0.053448259830474854
      ],
      [
        -0.9594094157218933,
        -0.6505672931671143,
        -0.06618808209896088
      ],
      [
        -1.4943509101867676,
        -0.10494071245193481,
        -0.17107053101062775
      ]
    ],
    [
      [
        0.02009373903274536,
        -1.3603955507278442,
        0.13895225524902344
      ],
      [
        -0.5871089100837708,
        -1.1698408126831055,
        0.08203903585672379
      ],
      [
        -1.0891419649124146,
        -0.8868467211723328,
        0.004918189253658056
      ],
      [
        -1.4721840620040894,
        -0.50056391954422,
        -0.10499431937932968
      ]
    ]
  ],
  "weights": [
    [
      1.0,
      1.0,
      1.0,
      1.0
    ],
    [
      1.0,
      1.0,
      1.0,
      1.0
    ],
    [
      1.0,
      1.0,
      1.0,
      1.0
    ],
    [
      1.0,
      1.0,
      1.0,
      1.0
    ],
    [
      1.0,
      1.0,
      1.0,
      1.0
    ],
    [
      1.0,
      1.0,
      1.0,
      1.0
    ],
    [
      1.0,
      1.0,
      1.0,
      1.0
    ],
    [
      1.0,
      1.0,
      1.0,
      1.0
    ]
  ],
  "base_curves": [
    [
      [
        0.8015291690826416,
        0.9773332476615906,
        -0.0349675789475441
      ],
      [
        0.45485422015190125,
        0.5768426060676575,
        0.06737223267555237
      ],
      [
        0.7840167880058289,
        -0.10098761320114136,
        0.18341240286827087
      ]
    ],
    [
      [
        -0.4662167727947235,
        0.7977333068847656,
        -0.02044942043721676
      ],
      [
        0.07799321413040161,
        0.17447172105312347,
        0.04318773001432419
      ],
      [
        -0.5784392356872559,
        0.42376554012298584,
        -0.14210005104541779
      ]
    ],
    [
      [
        -0.19838295876979828,
        0.12913310527801514,
        -0.08754441887140274
      ],
      [
        -0.11790277063846588,
        -0.14363256096839905,
        -0.05494946241378784
      ],
      [
        0.5770887136459351,
        -0.9478575587272644,
        -0.025694701820611954
      ]
    ],
    [
      [
        -0.843440055847168,
        0.09496472030878067,
        -0.16601991653442383
      ],
      [
        -0.49398791790008545,
        -0.5919414758682251,
        -0.060815587639808655
      ],
      [
        -0.9352763295173645,
        -0.9666998982429504,
        0.026378905400633812
      ]
    ]
  ],
  "occlusion_curves": [],
  "patches": [
    {
      "patch_id": 0,
      "control_grid_shape": [
        8,
        4,
        3
      ],