{
  "type": "visible_nurbs_intermediate",
  "iteration": 0,
  "parameter_domain": {
    "u": [
      0.0,
      1.0
    ],
    "v": [
      0.0,
      1.0
    ]
  },
  "degree_u": 2,
  "degree_v": 2,
  "observed_v_max": 1.0,
  "control_grid_shape": [
    8,
    4,
    3
  ],
  "control_grid": [
    [
      [
        1.487166166305542,
        -0.4744378924369812,
        0.0
      ],
      [
        0.920482873916626,
        -0.8248661756515503,
        -0.0
      ],
      [
        0.2900405526161194,
        -1.0926012992858887,
        0.0
      ],
      [
        -0.3951416313648224,
        -1.2421001195907593,
        0.0
      ]
    ],
    [
      [
        1.482416033744812,
        -0.1968085914850235,
        0.0
      ],
      [
        0.8245389461517334,
        -0.6482425928115845,
        0.0
      ],
      [
        0.016539784148335457,
        -1.0340551137924194,
        0.0
      ],
      [
        -0.6385251879692078,
        -1.2029972076416016,
        0.0
      ]
    ],
    [
      [
        1.3674160242080688,
        0.092915378510952,
        0.0
      ],
      [
        0.7135055661201477,
        -0.28759345412254333,
        -0.0
      ],
      [
        -0.19942902028560638,
        -0.7616183757781982,
        -0.0
      ],
      [
        -0.7613300681114197,
        -1.019643783569336,
        0.0
      ]
    ],
    [
      [
        1.139316439628601,
        0.3642180860042572,
        0.0
      ],
      [
        0.5431418418884277,
        0.066393181681633,
        0.0
      ],
      [
        -0.3801907002925873,
        -0.405728816986084,
        0.0
      ],
      [
        -0.9041382074356079,
        -0.6930246353149414,
        0.0
      ]
    ],
    [
      [
        0.9034886360168457,
        0.677776038646698,
        0.0
      ],
      [
        0.38382166624069214,
        0.399112343788147,
        0.0
      ],
      [
        -0.5331721305847168,
        -0.07207395881414413,
        0.0
      ],
      [
        -1.1165733337402344,
        -0.3589355945587158,
        0.0
      ]
    ],
    [
      [
        0.7730955481529236,
        1.0259244441986084,
        0.0
      ],
      [
        0.19670264422893524,
        0.7537528872489929,
        0.0
      ],
      [
        -0.7173494696617126,
        0.26807281374931335,
        0.0
      ],
      [
        -1.3478015661239624,
        -0.08597265928983688,
        0.0
      ]
    ],
    [
      [
        0.6716118454933167,
        1.2282075881958008,
        0.0
      ],
      [
        -0.0009656119509600103,
        1.032488465309143,
        0.0
      ],
      [
        -0.8279823064804077,
        0.636192798614502,
        0.0
      ],
      [
        -1.4973663091659546,
        0.18924705684185028,
        0.0
      ]
    ],
    [
      [
        0.44865882396698,
        1.276641845703125,
        0.0
      ],
      [
        -0.25792941451072693,
        1.1035197973251343,
        0.0
      ],
      [
        -0.9168179035186768,
        0.8175212740898132,
        -0.0
      ],
      [
        -1.522804856300354,
        0.44416359066963196,
        0.0
      ]
    ]
  ],
  "weights": [
    [
      1.0,
      1.0,
      1.0,
      1.0
    ],
    [
      1.0,
      1.0,
      1.0,
      1.0
    ],
    [
      1.0,
      1.0,
      1.0,
      1.0
    ],
    [
      1.0,
      1.0,
      1.0,
      1.0
    ],
    [
      1.0,
      1.0,
      1.0,
      1.0
    ],
    [
      1.0,
      1.0,
      1.0,
      1.0
    ],
    [
      1.0,
      1.0,
      1.0,
      1.0
    ],
    [
      1.0,
      1.0,
      1.0,
      1.0
    ]
  ],
  "base_curves": [
    [
      [
        0.8212332129478455,
        -0.8554503321647644,
        0.0
      ],
      [
        0.3519528806209564,
        -0.6540507674217224,
        0.0
      ],
      [
        -0.4857001304626465,
        -0.8156480193138123,
        0.0
      ]
    ],
    [
      [
        0.4911211133003235,
        -0.17135445773601532,
        0.0
      ],
      [
        -0.06613802164793015,
        -0.2806497812271118,
        0.0
      ],
      [
        -0.8271938562393188,
        -0.4933227598667145,
        0.0
      ]
    ],
    [
      [
        0.1726664900779724,
        0.14753946661949158,
        0.0
      ],
      [
        0.06051748991012573,
        0.2833634614944458,
        0.0
      ],
      [
        -0.4817945957183838,
        0.20099635422229767,
        0.0
      ]
    ],
    [
      [
        -0.8172111511230469,
        0.12504824995994568,
        0.0
      ],
      [
        -0.3517473340034485,
        0.645811140537262,
        0.0
      ],
      [
        -0.8410106301307678,
        0.8353387117385864,
        0.0
      ]
    ]
  ],
  "occlusion_curves": [],
  "patches": [
    {
      "patch_id": 0,
      "control_grid_shape": [
        8,
        4,
        3
      ],