{
  "type": "visible_nurbs_intermediate",
  "iteration": 0,
  "parameter_domain": {
    "u": [
      0.0,
      1.0
    ],
    "v": [
      0.0,
      1.0
    ]
  },
  "degree_u": 2,
  "degree_v": 2,
  "observed_v_max": 1.0,
  "control_grid_shape": [
    8,
    4,
    3
  ],
  "control_grid": [
    [
      [
        -1.229516863822937,
        0.8175901174545288,
        -0.11012902855873108
      ],
      [
        -1.1177072525024414,
        0.05160939693450928,
        -0.14890702068805695
      ],
      [
        -0.9790871143341064,
        -0.7062082886695862,
        -0.060735516250133514
      ],
      [
        -0.847598671913147,
        -1.3705534934997559,
        0.1511988788843155
      ]
    ],
    [
      [
        -1.0725163221359253,
        0.9139165282249451,
        0.012529974803328514
      ],
      [
        -0.9561599493026733,
        0.26076948642730713,
        -0.1983257383108139
      ],
      [
        -0.7711929678916931,
        -0.6616357564926147,
        -0.13057684898376465
      ],
      [
        -0.6007303595542908,
        -1.3714979887008667,
        0.17674995958805084
      ]
    ],
    [
      [
        -0.7772762179374695,
        0.9448907971382141,
        0.03517290949821472
      ],
      [
        -0.6095482707023621,
        0.37181758880615234,
        -0.24446317553520203
      ],
      [
        -0.41915392875671387,
        -0.6190827488899231,
        -0.13012570142745972
      ],
      [
        -0.3023555278778076,
        -1.279883623123169,
        0.14446210861206055
      ]
    ],
    [
      [
        -0.4033224284648895,
        1.0407297611236572,
        0.043936580419540405
      ],
      [
        -0.25182583928108215,
        0.43569767475128174,
        -0.13971059024333954
      ],
      [
        -0.062211520969867706,
        -0.5551781058311462,
        -0.019057659432291985
      ],
      [
        0.06014947220683098,
        -1.1814324855804443,
        0.022259976714849472
      ]
    ],
    [
      [
        -0.044669490307569504,
        1.129683017730713,
        -0.0218998771160841
      ],
      [
        0.07579491287469864,
        0.5017222166061401,
        0.040271829813718796
      ],
      [
        0.26535189151763916,
        -0.470475971698761,
        0.13012351095676422
      ],
      [
        0.4222758710384369,
        -1.0909068584442139,
        -0.06378847360610962
      ]
    ],
    [
      [
        0.3299218714237213,
        1.2226316928863525,
        -0.1379832923412323
      ],
      [
        0.42680227756500244,
        0.5742522478103638,
        0.1529865264892578
      ],
      [
        0.6271858215332031,
        -0.40906521677970886,
        0.2269304096698761
      ],
      [
        0.7975499033927917,
        -0.9899962544441223,
        -0.05063188448548317
      ]
    ],
    [
      [
        0.6386038661003113,
        1.2945663928985596,
        -0.1628909409046173
      ],
      [
        0.7890889048576355,
        0.6090184450149536,
        0.14594656229019165
      ],
      [
        0.9704409837722778,
        -0.2993529140949249,
        0.18562528491020203
      ],
      [
        1.0741348266601562,
        -0.9610142707824707,
        -0.016782576218247414
      ]
    ],
    [
      [
        0.8626508712768555,
        1.324916958808899,
        -0.13103023171424866
      ],
      [
        0.9887224435806274,
        0.6714684367179871,
        0.0727500319480896
      ],
      [
        1.118797779083252,
        -0.09234997630119324,
        0.12675713002681732
      ],
      [
        1.2225689888000488,
        -0.8770021796226501,
        0.0703008770942688
      ]
    ]
  ],
  "weights": [
    [
      1.0,
      1.0,
      1.0,
      1.0
    ],
    [
      1.0,
      1.0,
      1.0,
      1.0
    ],
    [
      1.0,
      1.0,
      1.0,
      1.0
    ],
    [
      1.0,
      1.0,
      1.0,
      1.0
    ],
    [
      1.0,
      1.0,
      1.0,
      1.0
    ],
    [
      1.0,
      1.0,
      1.0,
      1.0
    ],
    [
      1.0,
      1.0,
      1.0,
      1.0
    ],
    [
      1.0,
      1.0,
      1.0,
      1.0
    ]
  ],
  "base_curves": [
    [
      [
        -0.972541868686676,
        -0.6554895043373108,
        -0.05494830757379532
      ],
      [
        -0.755497395992279,
        -0.15187028050422668,
        -0.0841779038310051
      ],
      [
        -0.5141341686248779,
        -0.13066266477108002,
        -0.1760949343442917
      ]
    ],
    [
      [
        -0.4979192316532135,
        0.19243614375591278,
        -0.1694561392068863
      ],
      [
        -0.2624789774417877,
        0.08899694681167603,
        -0.06359541416168213
      ],
      [
        -0.17953826487064362,
        0.7837384939193726,
        -0.01311564352363348
      ]
    ],
    [
      [
        0.11626863479614258,
        -0.5383049249649048,
        0.028995051980018616
      ],
      [
        0.2615945339202881,
        -0.007255337666720152,
        0.0662444531917572
      ],
      [
        0.5383882522583008,
        -0.3625829219818115,
        0.14769196510314941
      ]
    ],
    [
      [
        0.4779583215713501,
        0.12830272316932678,
        0.1702992022037506
      ],
      [
        0.7395498752593994,
        0.16603867709636688,
        0.08313371986150742
      ],
      [
        0.9808606505393982,
        0.6404393315315247,
        0.057479675859212875
      ]
    ]
  ],
  "occlusion_curves": [],
  "patches": [
    {
      "patch_id": 0,
      "control_grid_shape": [
        8,
        4,
        3
      ],